{
"type": "FeatureCollection",
"name": "aoi",
"crs": { "type": "name", "properties": { "name": "urn:ogc:def:crs:OGC:1.3:CRS84" } },
"features": [
{ "type": "Feature", "properties": { "capa": "reserva" }, "geometry": { "type": "Polygon", "coordinates": [ [ [ -61.38642144, 6.81127963 ], [ -61.38624, 6.811392 ], [ -61.38548302, 6.97863502 ], [ -61.38320774, 7.24445868 ], [ -61.38009675, 7.60766536 ], [ -61.38346343, 7.60641207 ], [ -61.3860223, 7.60536764 ], [ -61.38602798, 7.60536763 ], [ -61.38838689, 7.60523219 ], [ -61.38922985, 7.60504004 ], [ -61.39081731, 7.60467863 ], [ -61.39270408, 7.60424795 ], [ -61.39310887, 7.6041556 ], [ -61.39515564, 7.60371475 ], [ -61.39541276, 7.60365939 ], [ -61.39560797, 7.60361782 ], [ -61.39567155, 7.6035731 ], [ -61.39609757, 7.60327409 ], [ -61.39713952, 7.60254292 ], [ -61.39922451, 7.60173632 ], [ -61.40081733, 7.60090775 ], [ -61.40102848, 7.60079857 ], [ -61.40102886, 7.60079769 ], [ -61.40103245, 7.6007958 ], [ -61.40103252, 7.60079569 ], [ -61.4010326, 7.60079562 ], [ -61.40151282, 7.59959129 ], [ -61.40197121, 7.59844182 ], [ -61.40253916, 7.59820441 ], [ -61.40368763, 7.59772893 ], [ -61.40627702, 7.59988876 ], [ -61.40706079, 7.60110324 ], [ -61.40830612, 7.6030406 ], [ -61.40836132, 7.60529763 ], [ -61.4084051, 7.60722977 ], [ -61.40815021, 7.60868219 ], [ -61.40806656, 7.60915861 ], [ -61.40806656, 7.60915869 ], [ -61.40806612, 7.60916131 ], [ -61.40812783, 7.60943205 ], [ -61.40833845, 7.61037268 ], [ -61.4083386, 7.61037269 ], [ -61.4083386, 7.61037287 ], [ -61.40834249, 7.6103737 ], [ -61.40834256, 7.61037396 ], [ -61.40844636, 7.61039566 ], [ -61.40886854, 7.61048492 ], [ -61.40966373, 7.61065319 ], [ -61.41035586, 7.61026977 ], [ -61.41104829, 7.60988655 ], [ -61.41254801, 7.60820261 ], [ -61.41271018, 7.60802096 ], [ -61.41487063, 7.60703417 ], [ -61.4176956, 7.60522693 ], [ -61.42041118, 7.60358213 ], [ -61.42213396, 7.60264948 ], [ -61.42406478, 7.60160778 ], [ -61.42560376, 7.60121566 ], [ -61.42705469, 7.60084836 ], [ -61.43059322, 7.59964948 ], [ -61.4344624, 7.59966346 ], [ -61.434666, 7.60013539 ], [ -61.43555682, 7.60220088 ], [ -61.43503494, 7.60340077 ], [ -61.43492536, 7.60365263 ], [ -61.4343072, 7.60507014 ], [ -61.43318526, 7.60708256 ], [ -61.43398793, 7.60815244 ], [ -61.43469328, 7.60832864 ], [ -61.43480713, 7.60835747 ], [ -61.43531329, 7.60848566 ], [ -61.43708177, 7.60782066 ], [ -61.43735979, 7.60771615 ], [ -61.437633, 7.607614 ], [ -61.43763375, 7.60761319 ], [ -61.43763748, 7.60761175 ], [ -61.43850831, 7.60664129 ], [ -61.43888467, 7.60622189 ], [ -61.44119058, 7.60365718 ], [ -61.44362125, 7.6031143 ], [ -61.44637488, 7.60599062 ], [ -61.4469425, 7.60893398 ], [ -61.44716029, 7.61006394 ], [ -61.44745971, 7.61161707 ], [ -61.4474888, 7.61204488 ], [ -61.44755552, 7.61304234 ], [ -61.44766668, 7.61470298 ], [ -61.4482104, 7.61724583 ], [ -61.44844901, 7.62019714 ], [ -61.44853035, 7.62121542 ], [ -61.44858982, 7.62262683 ], [ -61.44864696, 7.62398721 ], [ -61.44878166, 7.62479098 ], [ -61.44904748, 7.62639964 ], [ -61.44958924, 7.62948504 ], [ -61.44959198, 7.62948904 ], [ -61.44959209, 7.62948956 ], [ -61.4497902, 7.62977626 ], [ -61.45081537, 7.63126168 ], [ -61.45153369, 7.63218751 ], [ -61.45158553, 7.63225459 ], [ -61.45316267, 7.63287907 ], [ -61.45467724, 7.6334819 ], [ -61.45931705, 7.63360695 ], [ -61.46065301, 7.63441101 ], [ -61.46130077, 7.63480189 ], [ -61.46262701, 7.63560235 ], [ -61.4631108, 7.63660076 ], [ -61.46482148, 7.64013157 ], [ -61.46515134, 7.64187656 ], [ -61.46536375, 7.64300088 ], [ -61.46535316, 7.64597855 ], [ -61.46507778, 7.64628 ], [ -61.46365249, 7.64784044 ], [ -61.46324332, 7.64828768 ], [ -61.46147132, 7.64960154 ], [ -61.45880942, 7.65135526 ], [ -61.45801447, 7.65203619 ], [ -61.45725997, 7.65267676 ], [ -61.45683479, 7.6531381 ], [ -61.45612903, 7.65390368 ], [ -61.45492555, 7.65520253 ], [ -61.45237948, 7.65750822 ], [ -61.45216882, 7.65808184 ], [ -61.45173383, 7.65926234 ], [ -61.45103951, 7.66114604 ], [ -61.45071215, 7.66376152 ], [ -61.45058416, 7.66478369 ], [ -61.45066417, 7.66578081 ], [ -61.45079977, 7.66747147 ], [ -61.45085205, 7.66936859 ], [ -61.45091413, 7.67176271 ], [ -61.45076626, 7.67289963 ], [ -61.45063045, 7.67391377 ], [ -61.45057452, 7.67578718 ], [ -61.45046585, 7.67941675 ], [ -61.4501912, 7.68219978 ], [ -61.45017445, 7.68236952 ], [ -61.45017445, 7.6823696 ], [ -61.45017445, 7.68236967 ], [ -61.45097636, 7.68881151 ], [ -61.45110365, 7.69122729 ], [ -61.45109987, 7.69202958 ], [ -61.45109832, 7.69234744 ], [ -61.45108874, 7.69364583 ], [ -61.45108002, 7.69606005 ], [ -61.4532703, 7.70196353 ], [ -61.45395049, 7.70438033 ], [ -61.45546306, 7.70719791 ], [ -61.45746531, 7.70885822 ], [ -61.45933693, 7.7104153 ], [ -61.46376495, 7.71282851 ], [ -61.46586534, 7.71319707 ], [ -61.46833942, 7.71363147 ], [ -61.47018253, 7.71414848 ], [ -61.47137262, 7.71448254 ], [ -61.47263118, 7.71483702 ], [ -61.475405, 7.71483783 ], [ -61.47787396, 7.71515193 ], [ -61.47956834, 7.71536968 ], [ -61.48158708, 7.71582845 ], [ -61.48245064, 7.7160247 ], [ -61.4842828, 7.71644274 ], [ -61.48518864, 7.71684022 ], [ -61.48767373, 7.7179338 ], [ -61.48884884, 7.71845104 ], [ -61.49214492, 7.7201023 ], [ -61.49286267, 7.72046196 ], [ -61.4942871, 7.7215594 ], [ -61.49756308, 7.72408521 ], [ -61.50240534, 7.72622716 ], [ -61.50314864, 7.72659556 ], [ -61.50780613, 7.72890904 ], [ -61.50927061, 7.7301273 ], [ -61.51167524, 7.73212776 ], [ -61.512058, 7.73257417 ], [ -61.51443015, 7.73534782 ], [ -61.51580307, 7.73937656 ], [ -61.51648773, 7.74084512 ], [ -61.5165203, 7.74091504 ], [ -61.51656854, 7.74101854 ], [ -61.51749678, 7.74301359 ], [ -61.51786303, 7.74380099 ], [ -61.51795173, 7.74479471 ], [ -61.5179828, 7.74514227 ], [ -61.5182561, 7.74822865 ], [ -61.51834906, 7.75164755 ], [ -61.51837602, 7.75265871 ], [ -61.51760346, 7.75467235 ], [ -61.51683097, 7.75668591 ], [ -61.51682885, 7.75669249 ], [ -61.5154188, 7.76111353 ], [ -61.51499467, 7.76312857 ], [ -61.5159462, 7.76646284 ], [ -61.51595223, 7.76648423 ], [ -61.51597418, 7.7665671 ], [ -61.51676714, 7.76957304 ], [ -61.51717807, 7.77131963 ], [ -61.51793242, 7.77278773 ], [ -61.51855243, 7.77399876 ], [ -61.51915247, 7.77468797 ], [ -61.52007045, 7.77574265 ], [ -61.52066616, 7.77710149 ], [ -61.52089135, 7.77761716 ], [ -61.52185526, 7.7793657 ], [ -61.52292854, 7.78063906 ], [ -61.52300084, 7.78072502 ], [ -61.52307972, 7.78085241 ], [ -61.52421654, 7.78186636 ], [ -61.52424003, 7.78188788 ], [ -61.52517168, 7.78251501 ], [ -61.52639496, 7.78271826 ], [ -61.52797117, 7.78308538 ], [ -61.53051519, 7.78413407 ], [ -61.53287768, 7.78525457 ], [ -61.5337918, 7.78570976 ], [ -61.53518335, 7.78706197 ], [ -61.5364079, 7.78952581 ], [ -61.53738972, 7.7913829 ], [ -61.53827664, 7.7918381 ], [ -61.53954697, 7.7915621 ], [ -61.54047415, 7.79086903 ], [ -61.54151113, 7.78987792 ], [ -61.54276286, 7.78972849 ], [ -61.54364874, 7.79051821 ], [ -61.54443296, 7.79183213 ], [ -61.54562081, 7.79442242 ], [ -61.54692059, 7.79612688 ], [ -61.54755374, 7.79656311 ], [ -61.54904665, 7.79748158 ], [ -61.54985984, 7.79829812 ], [ -61.55107893, 7.79974013 ], [ -61.55265165, 7.80381474 ], [ -61.55396793, 7.80599849 ], [ -61.55480898, 7.80661624 ], [ -61.55838621, 7.80786726 ], [ -61.56125604, 7.80917019 ], [ -61.563467, 7.80958454 ], [ -61.56466561, 7.80908222 ], [ -61.56669314, 7.80743427 ], [ -61.56957255, 7.80592481 ], [ -61.57245129, 7.80461432 ], [ -61.57407714, 7.8037788 ], [ -61.57643926, 7.80237612 ], [ -61.57907784, 7.80235785 ], [ -61.58087865, 7.8034038 ], [ -61.58204492, 7.80442051 ], [ -61.58313922, 7.80525606 ], [ -61.58378538, 7.80722959 ], [ -61.58496625, 7.80931339 ], [ -61.58614674, 7.81148758 ], [ -61.58763172, 7.81480218 ], [ -61.58809053, 7.81587078 ], [ -61.58846605, 7.81746357 ], [ -61.58865869, 7.8194898 ], [ -61.58890613, 7.82141678 ], [ -61.58889452, 7.82757484 ], [ -61.58853845, 7.82830619 ], [ -61.58874712, 7.83095642 ], [ -61.58900539, 7.83235888 ], [ -61.58961763, 7.83365409 ], [ -61.58991193, 7.83512905 ], [ -61.59067027, 7.83611729 ], [ -61.59171213, 7.83641007 ], [ -61.59260016, 7.83658483 ], [ -61.59351638, 7.83647938 ], [ -61.59477795, 7.83615812 ], [ -61.59566574, 7.83640517 ], [ -61.59720166, 7.83807416 ], [ -61.59770489, 7.83944132 ], [ -61.5985623, 7.84066494 ], [ -61.60019975, 7.84180975 ], [ -61.60108349, 7.84327766 ], [ -61.60257503, 7.84470238 ], [ -61.60338904, 7.84533803 ], [ -61.60485499, 7.84625626 ], [ -61.60569504, 7.84724464 ], [ -61.60785443, 7.84962103 ], [ -61.60863998, 7.85063646 ], [ -61.60955113, 7.85205923 ], [ -61.61034312, 7.85387941 ], [ -61.61091635, 7.85603351 ], [ -61.61226801, 7.85862424 ], [ -61.61358566, 7.86052764 ], [ -61.61515747, 7.86235942 ], [ -61.61609472, 7.8641349 ], [ -61.61792017, 7.86606708 ], [ -61.61868708, 7.86726325 ], [ -61.62164261, 7.87302426 ], [ -61.62260402, 7.87572216 ], [ -61.62234239, 7.87806347 ], [ -61.62134563, 7.88057417 ], [ -61.61988773, 7.8826401 ], [ -61.61912296, 7.88355095 ], [ -61.61780443, 7.88461367 ], [ -61.61533035, 7.88681198 ], [ -61.61377365, 7.88857927 ], [ -61.61341542, 7.88995255 ], [ -61.61310391, 7.89091008 ], [ -61.61335208, 7.89262904 ], [ -61.61431668, 7.89437758 ], [ -61.61379832, 7.89753182 ], [ -61.61342352, 7.89841671 ], [ -61.61329165, 7.89988127 ], [ -61.61404714, 7.90179182 ], [ -61.61457722, 7.90328569 ], [ -61.6143896, 7.90515688 ], [ -61.61441062, 7.90702888 ], [ -61.61450499, 7.90864786 ], [ -61.61484579, 7.90978837 ], [ -61.61594472, 7.91207078 ], [ -61.6165746, 7.9135469 ], [ -61.61676637, 7.91588056 ], [ -61.61697142, 7.91694829 ], [ -61.61810797, 7.91882395 ], [ -61.61903157, 7.92201915 ], [ -61.61970985, 7.92532202 ], [ -61.61963167, 7.92701277 ], [ -61.61937381, 7.92817854 ], [ -61.61899325, 7.93079067 ], [ -61.6192412, 7.93532192 ], [ -61.61925647, 7.93890297 ], [ -61.61944792, 7.94133619 ], [ -61.62001332, 7.94314657 ], [ -61.61987276, 7.94720639 ], [ -61.62082999, 7.94847554 ], [ -61.62192357, 7.94967281 ], [ -61.62377757, 7.95127952 ], [ -61.62491675, 7.95239566 ], [ -61.62750387, 7.95452929 ], [ -61.62875315, 7.9552749 ], [ -61.63002232, 7.955478 ], [ -61.63393268, 7.95519248 ], [ -61.63642743, 7.95510123 ], [ -61.63834045, 7.95535159 ], [ -61.64003421, 7.95609863 ], [ -61.64094832, 7.95670758 ], [ -61.64175271, 7.95759633 ], [ -61.6424676, 7.9581051 ], [ -61.64339905, 7.9589763 ], [ -61.64383264, 7.95952934 ], [ -61.6440121, 7.96011768 ], [ -61.64423698, 7.96069717 ], [ -61.64451607, 7.96133107 ], [ -61.64479592, 7.96173893 ], [ -61.64514837, 7.96214704 ], [ -61.6455827, 7.96247404 ], [ -61.64603529, 7.96275578 ], [ -61.64641574, 7.96291075 ], [ -61.64724864, 7.96341987 ], [ -61.64764651, 7.963801 ], [ -61.64789653, 7.96499544 ], [ -61.64884632, 7.96581244 ], [ -61.64911734, 7.96613881 ], [ -61.64950628, 7.96650183 ], [ -61.64964145, 7.96676456 ], [ -61.64991967, 7.96766972 ], [ -61.64969985, 7.96832922 ], [ -61.64944328, 7.96910603 ], [ -61.6489313, 7.97032511 ], [ -61.64847181, 7.97215034 ], [ -61.64823064, 7.97376825 ], [ -61.64818025, 7.97531445 ], [ -61.64828268, 7.97726809 ], [ -61.64810748, 7.97814464 ], [ -61.64786646, 7.97971733 ], [ -61.64735198, 7.98169609 ], [ -61.64709128, 7.98372088 ], [ -61.64718623, 7.98519522 ], [ -61.64737652, 7.98802624 ], [ -61.64744921, 7.99073934 ], [ -61.64767009, 7.9925396 ], [ -61.64841707, 7.99434162 ], [ -61.64877115, 7.99702854 ], [ -61.64822896, 7.99913378 ], [ -61.64743857, 8.00000271 ], [ -61.64743827, 8.00000271 ], [ -61.64624419, 8.00131567 ], [ -61.64472542, 8.0024682 ], [ -61.64342603, 8.00311507 ], [ -61.64290778, 8.00348407 ], [ -61.64267955, 8.00390838 ], [ -61.64283237, 8.00434293 ], [ -61.64292206, 8.00463256 ], [ -61.64313009, 8.00481415 ], [ -61.64348268, 8.00520409 ], [ -61.64379901, 8.00554881 ], [ -61.64396157, 8.00577546 ], [ -61.64406059, 8.00600182 ], [ -61.64417766, 8.00625537 ], [ -61.64428564, 8.00653609 ], [ -61.64440275, 8.00678059 ], [ -61.64454688, 8.00707952 ], [ -61.64468219, 8.00731504 ], [ -61.64477209, 8.00756857 ], [ -61.6448439, 8.00779484 ], [ -61.64493398, 8.0080032 ], [ -61.64512293, 8.00848309 ], [ -61.64516658, 8.00898965 ], [ -61.64517473, 8.00926092 ], [ -61.64514656, 8.00954122 ], [ -61.64510052, 8.00976709 ], [ -61.64505418, 8.01006541 ], [ -61.64498973, 8.01034547 ], [ -61.64480653, 8.01086936 ], [ -61.64471503, 8.01112232 ], [ -61.64462321, 8.0114475 ], [ -61.64455818, 8.01190849 ], [ -61.64451179, 8.01222486 ], [ -61.6444384, 8.0124778 ], [ -61.64440114, 8.01277611 ], [ -61.64435473, 8.01307432 ], [ -61.64432679, 8.01330941 ], [ -61.64430773, 8.01358058 ], [ -61.64430693, 8.01381576 ], [ -61.64433327, 8.01408709 ], [ -61.64435064, 8.01431324 ], [ -61.6443771, 8.01454844 ], [ -61.64444875, 8.01481999 ], [ -61.64449266, 8.01528134 ], [ -61.64440023, 8.01578734 ], [ -61.64419924, 8.01620269 ], [ -61.6438986, 8.01659058 ], [ -61.64380725, 8.01679821 ], [ -61.64371543, 8.01712351 ], [ -61.64362391, 8.01734922 ], [ -61.6435325, 8.01757505 ], [ -61.64339481, 8.01806292 ], [ -61.6432852, 8.01827053 ], [ -61.64319379, 8.01849636 ], [ -61.64307512, 8.0187039 ], [ -61.64293822, 8.0189567 ], [ -61.64263735, 8.01939873 ], [ -61.64248256, 8.01957917 ], [ -61.64229104, 8.01987689 ], [ -61.64219952, 8.02011176 ], [ -61.64225313, 8.02036509 ], [ -61.64234316, 8.02059153 ], [ -61.64252394, 8.02077295 ], [ -61.64275969, 8.02081892 ], [ -61.64301389, 8.02077457 ], [ -61.64347615, 8.02088456 ], [ -61.64368321, 8.02136454 ], [ -61.64384498, 8.02182625 ], [ -61.64397935, 8.02235121 ], [ -61.64407828, 8.02260469 ], [ -61.64419558, 8.0228131 ], [ -61.64435807, 8.02303967 ], [ -61.64449324, 8.02332048 ], [ -61.64474564, 8.0238187 ], [ -61.64486268, 8.02407225 ], [ -61.64495252, 8.0243529 ], [ -61.64506881, 8.02485971 ], [ -61.64516686, 8.0253845 ], [ -61.6452113, 8.02565589 ], [ -61.64525541, 8.02602681 ], [ -61.64528165, 8.02632527 ], [ -61.64530814, 8.02655149 ], [ -61.6453527, 8.02678671 ], [ -61.64537909, 8.02704006 ], [ -61.64542369, 8.02726623 ], [ -61.64545002, 8.02753767 ], [ -61.64547633, 8.02781803 ], [ -61.64549342, 8.02811653 ], [ -61.6455197, 8.02841498 ], [ -61.64556433, 8.02864127 ], [ -61.64563609, 8.02889466 ], [ -61.6457079, 8.029121 ], [ -61.64582498, 8.02937454 ], [ -61.64603216, 8.02980931 ], [ -61.6461221, 8.03006288 ], [ -61.64616662, 8.03029809 ], [ -61.64623855, 8.03052436 ], [ -61.64619214, 8.03082268 ], [ -61.64614523, 8.03130181 ], [ -61.64617154, 8.03158217 ], [ -61.64617068, 8.03183539 ], [ -61.6462241, 8.03213394 ], [ -61.64624152, 8.03236013 ], [ -61.64634024, 8.03268595 ], [ -61.64640302, 8.03291226 ], [ -61.64652015, 8.03313871 ], [ -61.64680001, 8.03355561 ], [ -61.64691728, 8.03376405 ], [ -61.64712506, 8.03403595 ], [ -61.64726044, 8.03424438 ], [ -61.64742316, 8.03442581 ], [ -61.64774835, 8.03486097 ], [ -61.64802791, 8.03536829 ], [ -61.64816308, 8.03563998 ], [ -61.64826132, 8.03611959 ], [ -61.64825965, 8.036626 ], [ -61.6481952, 8.03690606 ], [ -61.6480757, 8.03736686 ], [ -61.64798334, 8.03787296 ], [ -61.6478274, 8.03837888 ], [ -61.64770843, 8.038695 ], [ -61.64761692, 8.0389298 ], [ -61.64757083, 8.03915578 ], [ -61.64755192, 8.03938173 ], [ -61.64753302, 8.03961685 ], [ -61.6475322, 8.03986999 ], [ -61.64754954, 8.04009619 ], [ -61.64764867, 8.04030446 ], [ -61.64781139, 8.04048581 ], [ -61.64829182, 8.04060494 ], [ -61.64852754, 8.04065102 ], [ -61.64875447, 8.04062462 ], [ -61.64896353, 8.04050769 ], [ -61.64919103, 8.04030048 ], [ -61.6494007, 8.04000271 ], [ -61.64955564, 8.03976813 ], [ -61.64973789, 8.03954261 ], [ -61.64992901, 8.03935336 ], [ -61.65011116, 8.03915508 ], [ -61.65054749, 8.03887611 ], [ -61.6510106, 8.03876012 ], [ -61.65128276, 8.03876099 ], [ -61.65149111, 8.03885208 ], [ -61.65171765, 8.03894326 ], [ -61.65220702, 8.03909866 ], [ -61.65232342, 8.03957829 ], [ -61.65220447, 8.03987629 ], [ -61.6520947, 8.04015631 ], [ -61.65195782, 8.04039092 ], [ -61.65188446, 8.04063489 ], [ -61.65195624, 8.0408702 ], [ -61.65210064, 8.0410967 ], [ -61.65228139, 8.04132344 ], [ -61.65246213, 8.04153199 ], [ -61.65269719, 8.041786 ], [ -61.65302251, 8.04217583 ], [ -61.65320308, 8.04244778 ], [ -61.65346465, 8.04290982 ], [ -61.65352728, 8.04318127 ], [ -61.65359885, 8.04347998 ], [ -61.65364327, 8.0437604 ], [ -61.65365075, 8.04426684 ], [ -61.65355917, 8.04451979 ], [ -61.65318605, 8.04486222 ], [ -61.65277701, 8.04509596 ], [ -61.65256799, 8.04520376 ], [ -61.65235881, 8.04536583 ], [ -61.65196773, 8.04564494 ], [ -61.65171313, 8.04582493 ], [ -61.65153101, 8.04601429 ], [ -61.65139423, 8.04622177 ], [ -61.65125744, 8.04642928 ], [ -61.65121124, 8.04670047 ], [ -61.65121044, 8.04693553 ], [ -61.65132747, 8.04720727 ], [ -61.65109942, 8.04759536 ], [ -61.65091739, 8.04775752 ], [ -61.65075335, 8.04796494 ], [ -61.65066191, 8.04819981 ], [ -61.65059755, 8.04845274 ], [ -61.65052409, 8.04872384 ], [ -61.65045943, 8.0490673 ], [ -61.65041329, 8.0493203 ], [ -61.65048507, 8.04955564 ], [ -61.65069306, 8.04975531 ], [ -61.65090133, 8.04987352 ], [ -61.65115505, 8.04996479 ], [ -61.65140019, 8.04992036 ], [ -61.65165457, 8.04980367 ], [ -61.65193645, 8.04961472 ], [ -61.65229913, 8.04968824 ], [ -61.65253438, 8.04988792 ], [ -61.65283255, 8.05025969 ], [ -61.65293041, 8.05085685 ], [ -61.65292934, 8.05117329 ], [ -61.65292859, 8.05140843 ], [ -61.65295484, 8.05170691 ], [ -61.65297203, 8.05197828 ], [ -61.65304375, 8.05223166 ], [ -61.65314288, 8.05244004 ], [ -61.65335109, 8.05257634 ], [ -61.65357788, 8.05259518 ], [ -61.65383167, 8.05268642 ], [ -61.65424805, 8.05296816 ], [ -61.65442883, 8.05316766 ], [ -61.65463664, 8.05342158 ], [ -61.65479928, 8.0536301 ], [ -61.65496201, 8.05381145 ], [ -61.65512425, 8.05413755 ], [ -61.65519611, 8.05436392 ], [ -61.65528595, 8.05463546 ], [ -61.65535759, 8.05491605 ], [ -61.65540098, 8.05551302 ], [ -61.65540905, 8.05581141 ], [ -61.65540813, 8.05608275 ], [ -61.65534294, 8.05661606 ], [ -61.65515984, 8.05709477 ], [ -61.65490403, 8.05764553 ], [ -61.65476716, 8.05788017 ], [ -61.65473912, 8.05813333 ], [ -61.65476558, 8.05835944 ], [ -61.65501809, 8.05882148 ], [ -61.65529804, 8.05922936 ], [ -61.65548798, 8.05939272 ], [ -61.65569613, 8.05955614 ], [ -61.65601222, 8.06000935 ], [ -61.65627386, 8.06044429 ], [ -61.65643565, 8.06090602 ], [ -61.65645302, 8.06115923 ], [ -61.65652475, 8.06141269 ], [ -61.65659581, 8.06187416 ], [ -61.65657694, 8.06210011 ], [ -61.65659399, 8.06242577 ], [ -61.65660124, 8.06296836 ], [ -61.65657331, 8.06320333 ], [ -61.6565544, 8.0634294 ], [ -61.65658001, 8.06391781 ], [ -61.6565792, 8.06417099 ], [ -61.65660566, 8.06439709 ], [ -61.65662304, 8.06462328 ], [ -61.65664935, 8.06490364 ], [ -61.65672041, 8.06535603 ], [ -61.65676477, 8.06565465 ], [ -61.65683661, 8.06590804 ], [ -61.65695366, 8.06616168 ], [ -61.65707083, 8.06641522 ], [ -61.65727799, 8.06687711 ], [ -61.65739489, 8.06717593 ], [ -61.65748478, 8.06744746 ], [ -61.65755651, 8.06770095 ], [ -61.65762833, 8.06792721 ], [ -61.65776281, 8.06841598 ], [ -61.65787983, 8.06871484 ], [ -61.6579968, 8.06900455 ], [ -61.65804131, 8.06925795 ], [ -61.65811281, 8.06960176 ], [ -61.65811206, 8.06983689 ], [ -61.65812013, 8.07013531 ], [ -61.65807366, 8.07045167 ], [ -61.65804573, 8.07068668 ], [ -61.65802663, 8.07095795 ], [ -61.65795315, 8.07123798 ], [ -61.6578427, 8.07171693 ], [ -61.65775103, 8.071997 ], [ -61.65765936, 8.07226793 ], [ -61.65756776, 8.072548 ], [ -61.65747612, 8.07281896 ], [ -61.65741167, 8.0730991 ], [ -61.6573836, 8.07335218 ], [ -61.65736473, 8.07357825 ], [ -61.65734488, 8.07408459 ], [ -61.65727079, 8.07454557 ], [ -61.65716095, 8.07484356 ], [ -61.65704234, 8.0750512 ], [ -61.65693273, 8.07525881 ], [ -61.65685943, 8.07548469 ], [ -61.65685857, 8.07573784 ], [ -61.65683946, 8.07603624 ], [ -61.6568657, 8.0763166 ], [ -61.65688307, 8.07656991 ], [ -61.65693678, 8.07679611 ], [ -61.65699949, 8.07702237 ], [ -61.65707136, 8.07725779 ], [ -61.65726037, 8.07771056 ], [ -61.65728668, 8.07799092 ], [ -61.65725855, 8.07826217 ], [ -61.65714792, 8.07879533 ], [ -61.65705619, 8.07909341 ], [ -61.65693697, 8.07948187 ], [ -61.65689971, 8.07978021 ], [ -61.65685337, 8.08006036 ], [ -61.65682546, 8.0802864 ], [ -61.65680628, 8.08058469 ], [ -61.65671393, 8.08106365 ], [ -61.65666776, 8.08131675 ], [ -61.65666679, 8.08161514 ], [ -61.65667486, 8.0819136 ], [ -61.65664686, 8.08216669 ], [ -61.65664592, 8.08244707 ], [ -61.6566721, 8.08274551 ], [ -61.65669844, 8.08301694 ], [ -61.65676957, 8.08346028 ], [ -61.65678653, 8.08382198 ], [ -61.65679476, 8.08407527 ], [ -61.65683896, 8.08441898 ], [ -61.65691062, 8.08471768 ], [ -61.65699973, 8.08519725 ], [ -61.65709763, 8.08577632 ], [ -61.65711496, 8.08602952 ], [ -61.6571413, 8.08630095 ], [ -61.6571404, 8.08658132 ], [ -61.65713954, 8.08683446 ], [ -61.65714786, 8.08706055 ], [ -61.6571652, 8.08728673 ], [ -61.65723688, 8.08756724 ], [ -61.65730784, 8.08807388 ], [ -61.65730681, 8.08839042 ], [ -61.65730587, 8.08867069 ], [ -61.65716826, 8.08913145 ], [ -61.6568493, 8.08953736 ], [ -61.65666699, 8.08979 ], [ -61.65650303, 8.08997934 ], [ -61.65634822, 8.09015967 ], [ -61.65597483, 8.09057443 ], [ -61.65577458, 8.09076365 ], [ -61.65553798, 8.0909709 ], [ -61.65531057, 8.0911329 ], [ -61.65510144, 8.09126783 ], [ -61.65487427, 8.0913576 ], [ -61.65517332, 8.09147611 ], [ -61.65542737, 8.09147696 ], [ -61.65569957, 8.09149592 ], [ -61.65618915, 8.09160602 ], [ -61.65666951, 8.09177035 ], [ -61.65711367, 8.09190754 ], [ -61.65736745, 8.09199877 ], [ -61.65784759, 8.09222639 ], [ -61.65808323, 8.09231756 ], [ -61.65833702, 8.09238171 ], [ -61.65860885, 8.09250024 ], [ -61.6588173, 8.09259132 ], [ -61.65905294, 8.09268249 ], [ -61.65930664, 8.09277375 ], [ -61.65975988, 8.09291086 ], [ -61.66029486, 8.09302119 ], [ -61.66054898, 8.09302204 ], [ -61.66080308, 8.09299576 ], [ -61.66132939, 8.09299747 ], [ -61.6616287, 8.09301652 ], [ -61.66216381, 8.0930906 ], [ -61.66268997, 8.09313753 ], [ -61.6629441, 8.09311124 ], [ -61.6632437, 8.09306699 ], [ -61.66372482, 8.09299626 ], [ -61.66423304, 8.09297079 ], [ -61.66453264, 8.09292646 ], [ -61.66485954, 8.09285521 ], [ -61.66536785, 8.09280261 ], [ -61.66589418, 8.0927772 ], [ -61.66619359, 8.09277819 ], [ -61.6666742, 8.09287017 ], [ -61.66716401, 8.09293506 ], [ -61.66764467, 8.09300903 ], [ -61.66789853, 8.09305508 ], [ -61.66813441, 8.09307391 ], [ -61.66843355, 8.09316532 ], [ -61.66891392, 8.09332964 ], [ -61.66935787, 8.09353008 ], [ -61.66961165, 8.0936213 ], [ -61.66983831, 8.09369439 ], [ -61.67006504, 8.09371319 ], [ -61.67061812, 8.09385062 ], [ -61.67085384, 8.09391469 ], [ -61.6711077, 8.09396071 ], [ -61.67133436, 8.09403387 ], [ -61.67158831, 8.0940528 ], [ -61.67188776, 8.09405375 ], [ -61.67221437, 8.09407288 ], [ -61.67251372, 8.094101 ], [ -61.67278574, 8.09416515 ], [ -61.67303964, 8.09421121 ], [ -61.67343883, 8.09423057 ], [ -61.67380179, 8.09423174 ], [ -61.67403801, 8.09411497 ], [ -61.67423826, 8.09393472 ], [ -61.67465578, 8.09390893 ], [ -61.67486407, 8.09402724 ], [ -61.67507239, 8.0941364 ], [ -61.67550707, 8.09440906 ], [ -61.67587811, 8.09470872 ], [ -61.67602247, 8.09496237 ], [ -61.67615728, 8.09535167 ], [ -61.67629257, 8.09560526 ], [ -61.67652712, 8.09602204 ], [ -61.67673449, 8.09642966 ], [ -61.67694161, 8.09690961 ], [ -61.67704061, 8.09716308 ], [ -61.67711242, 8.09739849 ], [ -61.67720241, 8.09764292 ], [ -61.67731941, 8.09794173 ], [ -61.67740936, 8.09817712 ], [ -61.67752644, 8.09844881 ], [ -61.67764346, 8.0987295 ], [ -61.67773342, 8.09897401 ], [ -61.67782345, 8.09920937 ], [ -61.67794052, 8.099463 ], [ -61.67817514, 8.09987071 ], [ -61.67842781, 8.10028744 ], [ -61.6787079, 8.10067721 ], [ -61.67905143, 8.10106719 ], [ -61.67921418, 8.10124857 ], [ -61.679377, 8.10141183 ], [ -61.67979305, 8.10182013 ], [ -61.6800283, 8.10202895 ], [ -61.68023638, 8.10221044 ], [ -61.68064367, 8.10252829 ], [ -61.68105999, 8.10285514 ], [ -61.68147621, 8.10323632 ], [ -61.68184691, 8.10365351 ], [ -61.68221745, 8.10410687 ], [ -61.68240736, 8.10429734 ], [ -61.68258815, 8.10452399 ], [ -61.68275075, 8.10473253 ], [ -61.6829135, 8.1049139 ], [ -61.68313962, 8.10514074 ], [ -61.68334775, 8.10532226 ], [ -61.68355574, 8.10553088 ], [ -61.68392683, 8.10583052 ], [ -61.68413477, 8.10605726 ], [ -61.68441487, 8.10644702 ], [ -61.68439519, 8.10690818 ], [ -61.68436723, 8.1071341 ], [ -61.68434804, 8.10745963 ], [ -61.68434694, 8.1078033 ], [ -61.68437345, 8.10802943 ], [ -61.68446346, 8.10823766 ], [ -61.68465362, 8.10837399 ], [ -61.68487997, 8.10851033 ], [ -61.68511567, 8.10858344 ], [ -61.68534239, 8.10862936 ], [ -61.68559648, 8.10863019 ], [ -61.68585063, 8.1086039 ], [ -61.68635892, 8.10856032 ], [ -61.68674834, 8.1088057 ], [ -61.6872295, 8.1087349 ], [ -61.68743849, 8.10864517 ], [ -61.68764762, 8.10851022 ], [ -61.68785679, 8.1083662 ], [ -61.68803883, 8.10820397 ], [ -61.68824796, 8.10806902 ], [ -61.68842997, 8.10790686 ], [ -61.68882129, 8.10756443 ], [ -61.68907561, 8.10747485 ], [ -61.68934793, 8.10744858 ], [ -61.6896293, 8.10742237 ], [ -61.6900656, 8.10719764 ], [ -61.69047482, 8.10691868 ], [ -61.69091121, 8.10666682 ], [ -61.69137452, 8.10650554 ], [ -61.69171944, 8.10647954 ], [ -61.69220924, 8.10652632 ], [ -61.69268988, 8.10663636 ], [ -61.69319758, 8.10677368 ], [ -61.69363244, 8.10697399 ], [ -61.69400324, 8.10736405 ], [ -61.6941204, 8.10761758 ], [ -61.69428228, 8.10807932 ], [ -61.69439865, 8.10855897 ], [ -61.69446985, 8.10899329 ], [ -61.69449589, 8.10936407 ], [ -61.69452222, 8.10964453 ], [ -61.69678161, 8.1096608 ], [ -61.83347488, 8.11007434 ], [ -61.83671623, 8.11008361 ], [ -61.84610115, 8.11011023 ], [ -61.85332341, 8.11013061 ], [ -61.88043085, 8.11020584 ], [ -61.88540722, 8.11021947 ], [ -61.95380474, 8.11040048 ], [ -61.98073324, 8.11046858 ], [ -61.99830432, 8.11051206 ], [ -62.0022305, 8.11052168 ], [ -62.00558141, 8.11052987 ], [ -62.00558149, 8.11052987 ], [ -62.00558372, 8.11052986 ], [ -62.01069309, 8.11054229 ], [ -62.01274655, 8.1081302 ], [ -62.10902239, 7.99499233 ], [ -62.17592891, 8.11360918 ], [ -62.17589227, 8.11362792 ], [ -62.17606649, 8.11385287 ], [ -62.19564622, 8.14855158 ], [ -62.19683806, 8.15066355 ], [ -62.21046283, 8.17480501 ], [ -62.22141513, 8.19420898 ], [ -62.22431487, 8.19934596 ], [ -62.2243374, 8.19938588 ], [ -62.22495584, 8.20048146 ], [ -62.22511743, 8.20076777 ], [ -62.22571382, 8.20182425 ], [ -62.23101966, 8.21122344 ], [ -62.23266397, 8.21413613 ], [ -62.23279493, 8.21436805 ], [ -62.23285953, 8.21448249 ], [ -62.23489049, 8.21808011 ], [ -62.24618604, 8.23808758 ], [ -62.24746271, 8.24034871 ], [ -62.25352898, 8.25109272 ], [ -62.25406388, 8.25203996 ], [ -62.25444154, 8.25270885 ], [ -62.25709873, 8.25741479 ], [ -62.25973201, 8.26207833 ], [ -62.26827434, 8.2772057 ], [ -62.27659913, 8.29194659 ], [ -62.34354809, 8.41045227 ], [ -62.40457237, 8.51840321 ], [ -62.40338112, 8.51908875 ], [ -62.40219898, 8.51977441 ], [ -62.40134451, 8.52001725 ], [ -62.40049012, 8.52026009 ], [ -62.39967216, 8.52042172 ], [ -62.39885425, 8.52058323 ], [ -62.39744556, 8.52087956 ], [ -62.39617313, 8.52114887 ], [ -62.39478279, 8.52130948 ], [ -62.39372913, 8.52114507 ], [ -62.39294792, 8.52106249 ], [ -62.39233866, 8.52138718 ], [ -62.39189246, 8.52203768 ], [ -62.39017433, 8.52268618 ], [ -62.38842921, 8.52309047 ], [ -62.38651167, 8.52341303 ], [ -62.38475782, 8.5236093 ], [ -62.38341289, 8.52381517 ], [ -62.38145824, 8.52458088 ], [ -62.38019493, 8.52485921 ], [ -62.37860409, 8.52538128 ], [ -62.37606753, 8.52639927 ], [ -62.37439443, 8.52724682 ], [ -62.37231188, 8.52846446 ], [ -62.37068377, 8.52955623 ], [ -62.36872774, 8.53117204 ], [ -62.36786161, 8.53296152 ], [ -62.36766019, 8.53389274 ], [ -62.36659606, 8.53457843 ], [ -62.36554079, 8.5353907 ], [ -62.3632575, 8.53705115 ], [ -62.36166547, 8.53826058 ], [ -62.35338849, 8.54352896 ], [ -62.34445727, 8.54874176 ], [ -62.34168335, 8.55028372 ], [ -62.33939961, 8.55210679 ], [ -62.33718855, 8.55392997 ], [ -62.33621462, 8.5548961 ], [ -62.33474172, 8.55546339 ], [ -62.33311486, 8.55570485 ], [ -62.33152375, 8.55627189 ], [ -62.33066948, 8.55638798 ], [ -62.32952538, 8.5559428 ], [ -62.32830892, 8.55533473 ], [ -62.32545759, 8.55435295 ], [ -62.32330435, 8.55423166 ], [ -62.32163251, 8.55422875 ], [ -62.32028725, 8.55450679 ], [ -62.31930516, 8.55499349 ], [ -62.31853181, 8.55556192 ], [ -62.3178405, 8.55595863 ], [ -62.31677741, 8.55595675 ], [ -62.31559627, 8.55591848 ], [ -62.31421495, 8.55607892 ], [ -62.31208818, 8.55640069 ], [ -62.31017973, 8.55659635 ], [ -62.30887034, 8.55712762 ], [ -62.30765081, 8.55825602 ], [ -62.307077, 8.55902372 ], [ -62.30625856, 8.5593931 ], [ -62.30511296, 8.55979811 ], [ -62.30336821, 8.55991253 ], [ -62.29973498, 8.55920959 ], [ -62.29819087, 8.55888114 ], [ -62.2962744, 8.55851586 ], [ -62.29460308, 8.55818729 ], [ -62.2916327, 8.55777486 ], [ -62.28877994, 8.55760684 ], [ -62.28617252, 8.5574392 ], [ -62.28392838, 8.55735368 ], [ -62.28156584, 8.55743068 ], [ -62.27851152, 8.55819385 ], [ -62.2764659, 8.55880505 ], [ -62.27434786, 8.55932567 ], [ -62.27259343, 8.55972938 ], [ -62.27075688, 8.5603319 ], [ -62.26832041, 8.56109606 ], [ -62.26693748, 8.56202503 ], [ -62.26554559, 8.56291781 ], [ -62.26399847, 8.56420822 ], [ -62.2628146, 8.5655898 ], [ -62.26174857, 8.56712531 ], [ -62.26101019, 8.56834487 ], [ -62.26028046, 8.56979966 ], [ -62.25970502, 8.57138133 ], [ -62.2596199, 8.57309054 ], [ -62.25986246, 8.574511 ], [ -62.26071479, 8.57548039 ], [ -62.26136783, 8.57609667 ], [ -62.26164849, 8.57662175 ], [ -62.26164722, 8.57727296 ], [ -62.2607082, 8.57889007 ], [ -62.2596064, 8.58006375 ], [ -62.25773175, 8.58152536 ], [ -62.25692115, 8.58250061 ], [ -62.25667328, 8.58380249 ], [ -62.25618068, 8.58481451 ], [ -62.25540755, 8.58517482 ], [ -62.25475379, 8.58493838 ], [ -62.25373591, 8.58501787 ], [ -62.25308046, 8.58562257 ], [ -62.25263377, 8.58635427 ], [ -62.25145201, 8.58663241 ], [ -62.25006182, 8.58658449 ], [ -62.24561847, 8.58653969 ], [ -62.24297429, 8.5864892 ], [ -62.24110274, 8.5863318 ], [ -62.23987604, 8.58632941 ], [ -62.23853029, 8.58676994 ], [ -62.23730197, 8.58758153 ], [ -62.23600147, 8.58813971 ], [ -62.23506443, 8.58867148 ], [ -62.2338374, 8.58883182 ], [ -62.23294734, 8.58862206 ], [ -62.23221245, 8.58805074 ], [ -62.23155973, 8.58728072 ], [ -62.23057895, 8.58699833 ], [ -62.22887235, 8.58614482 ], [ -62.22565945, 8.58426616 ], [ -62.22174814, 8.58179832 ], [ -62.21747219, 8.57991746 ], [ -62.21535622, 8.57930723 ], [ -62.213076, 8.57905834 ], [ -62.21104081, 8.57897282 ], [ -62.20945014, 8.57921382 ], [ -62.20830446, 8.5796185 ], [ -62.20777608, 8.58026859 ], [ -62.20757481, 8.5809103 ], [ -62.20675593, 8.58144223 ], [ -62.20483797, 8.5818001 ], [ -62.20178403, 8.58220073 ], [ -62.20002928, 8.58268551 ], [ -62.19876526, 8.58317128 ], [ -62.19840074, 8.58365891 ], [ -62.19839999, 8.58402071 ], [ -62.19799051, 8.58430019 ], [ -62.19680938, 8.58426156 ], [ -62.19392156, 8.58344161 ], [ -62.19156176, 8.58214332 ], [ -62.18874729, 8.58103402 ], [ -62.18537015, 8.57960704 ], [ -62.1831731, 8.57871604 ], [ -62.18015797, 8.5779771 ], [ -62.17804167, 8.57761082 ], [ -62.17678007, 8.57691174 ], [ -62.17401492, 8.5740659 ], [ -62.17043284, 8.57081139 ], [ -62.166858, 8.56845225 ], [ -62.16319122, 8.56661735 ], [ -62.16152117, 8.56576357 ], [ -62.15878946, 8.56431968 ], [ -62.15800845, 8.56414609 ], [ -62.15565627, 8.5636436 ], [ -62.1541483, 8.56347747 ], [ -62.15227696, 8.5633106 ], [ -62.15142288, 8.56330872 ], [ -62.14908744, 8.56345734 ], [ -62.1463141, 8.56442803 ], [ -62.14501312, 8.56515769 ], [ -62.14383038, 8.56588771 ], [ -62.14240105, 8.56714164 ], [ -62.14084367, 8.56875711 ], [ -62.13945839, 8.57061716 ], [ -62.13835261, 8.57345455 ], [ -62.13744875, 8.57536086 ], [ -62.13662635, 8.57743015 ], [ -62.13548619, 8.57937205 ], [ -62.13413783, 8.58095175 ], [ -62.13208896, 8.58290072 ], [ -62.12985057, 8.58427043 ], [ -62.12793107, 8.58527903 ], [ -62.12560322, 8.58600634 ], [ -62.12307547, 8.58676931 ], [ -62.11936494, 8.58818083 ], [ -62.11577424, 8.58882377 ], [ -62.1126382, 8.58934115 ], [ -62.10893026, 8.58962204 ], [ -62.10545823, 8.59001199 ], [ -62.10403107, 8.5902528 ], [ -62.10284866, 8.59077462 ], [ -62.1019478, 8.59130613 ], [ -62.10122016, 8.59163005 ], [ -62.10044778, 8.59162826 ], [ -62.09869482, 8.59129855 ], [ -62.09641525, 8.59080486 ], [ -62.09486205, 8.59055706 ], [ -62.09315438, 8.5903088 ], [ -62.09164652, 8.59010633 ], [ -62.08972936, 8.59005659 ], [ -62.08769328, 8.59034115 ], [ -62.08495762, 8.5906151 ], [ -62.08190447, 8.59064403 ], [ -62.07949755, 8.59024034 ], [ -62.07664674, 8.58925674 ], [ -62.07474028, 8.58855584 ], [ -62.07274259, 8.58801744 ], [ -62.07156222, 8.58765281 ], [ -62.0704992, 8.58761408 ], [ -62.06997168, 8.58781184 ], [ -62.06928026, 8.58817189 ], [ -62.06858048, 8.58825158 ], [ -62.06777198, 8.58816826 ], [ -62.06675567, 8.58760506 ], [ -62.06574068, 8.58649927 ], [ -62.06447826, 8.58626111 ], [ -62.06333417, 8.58593272 ], [ -62.06240055, 8.58498984 ], [ -62.06150174, 8.58470737 ], [ -62.06068405, 8.5846692 ], [ -62.05946652, 8.58466625 ], [ -62.05791246, 8.58477999 ], [ -62.0560844, 8.58546287 ], [ -62.05355504, 8.58684043 ], [ -62.05147137, 8.58801099 ], [ -62.04991578, 8.58873978 ], [ -62.04914313, 8.58885546 ], [ -62.04825328, 8.588609 ], [ -62.04584106, 8.58670389 ], [ -62.04360264, 8.58434688 ], [ -62.04234345, 8.58284245 ], [ -62.04141202, 8.5810495 ], [ -62.0404032, 8.57751984 ], [ -62.03972174, 8.57390963 ], [ -62.03920194, 8.57102335 ], [ -62.03860036, 8.56453738 ], [ -62.03860963, 8.56084749 ], [ -62.0389886, 8.55463525 ], [ -62.0389156, 8.5511079 ], [ -62.03851409, 8.54818577 ], [ -62.03699057, 8.54344297 ], [ -62.03609593, 8.54153246 ], [ -62.03557199, 8.5403193 ], [ -62.03439327, 8.53937578 ], [ -62.03268009, 8.53783403 ], [ -62.03081084, 8.53693401 ], [ -62.02853174, 8.53644003 ], [ -62.02608867, 8.5361083 ], [ -62.02498913, 8.53618689 ], [ -62.02404304, 8.53667289 ], [ -62.02298776, 8.53724 ], [ -62.0215972, 8.53744449 ], [ -62.01936254, 8.53735746 ], [ -62.01597464, 8.53702337 ], [ -62.01235117, 8.53644443 ], [ -62.01028128, 8.53586942 ], [ -62.00711325, 8.5348484 ], [ -62.00291997, 8.53330021 ], [ -61.99868261, 8.53125443 ], [ -61.99473498, 8.5296254 ], [ -61.99221149, 8.52880488 ], [ -61.99005044, 8.52839229 ], [ -61.98663516, 8.5281483 ], [ -61.9841086, 8.52854869 ], [ -61.98199042, 8.52906769 ], [ -61.97946371, 8.52950422 ], [ -61.97762732, 8.52998776 ], [ -61.97628077, 8.53071674 ], [ -61.97522371, 8.53193483 ], [ -61.97382965, 8.53346861 ], [ -61.9724476, 8.5339081 ], [ -61.97056622, 8.53419258 ], [ -61.96775964, 8.53397706 ], [ -61.9639719, 8.53372286 ], [ -61.96161013, 8.53363515 ], [ -61.95895759, 8.53354659 ], [ -61.9561885, 8.53288804 ], [ -61.95296625, 8.5318303 ], [ -61.95036158, 8.53084652 ], [ -61.94763955, 8.52961829 ], [ -61.94559851, 8.5285185 ], [ -61.94369387, 8.52738287 ], [ -61.94148944, 8.52623741 ], [ -61.93921139, 8.52541723 ], [ -61.93567998, 8.52452126 ], [ -61.93209266, 8.52414976 ], [ -61.92895916, 8.5238969 ], [ -61.92476241, 8.52380394 ], [ -61.91962963, 8.5238259 ], [ -61.91323207, 8.52454065 ], [ -61.911232, 8.52505958 ], [ -61.9093151, 8.52509944 ], [ -61.90638017, 8.52533531 ], [ -61.90495345, 8.52549407 ], [ -61.90160909, 8.52593681 ], [ -61.89945564, 8.52609358 ], [ -61.89688417, 8.5262852 ], [ -61.89504785, 8.52672314 ], [ -61.89201977, 8.52774549 ], [ -61.88889091, 8.52905688 ], [ -61.88729189, 8.52911558 ], [ -61.88562037, 8.52911079 ], [ -61.88369388, 8.52929524 ], [ -61.88195636, 8.5301222 ], [ -61.88061089, 8.53043487 ], [ -61.87900264, 8.53055684 ], [ -61.87753031, 8.53075158 ], [ -61.87650305, 8.53100182 ], [ -61.87483022, 8.53144013 ], [ -61.87348402, 8.53201497 ], [ -61.87199954, 8.53328576 ], [ -61.87097057, 8.53411482 ], [ -61.87000664, 8.53442859 ], [ -61.86891574, 8.53468762 ], [ -61.86807939, 8.53487505 ], [ -61.86763196, 8.53564249 ], [ -61.86750318, 8.53621184 ], [ -61.86633708, 8.53729367 ], [ -61.86518148, 8.53793236 ], [ -61.86370695, 8.53888666 ], [ -61.86190386, 8.54035547 ], [ -61.85997278, 8.54206803 ], [ -61.8590706, 8.54302399 ], [ -61.8584233, 8.54379076 ], [ -61.85753204, 8.54411371 ], [ -61.85642935, 8.54525898 ], [ -61.85328151, 8.54677802 ], [ -61.8501981, 8.54798974 ], [ -61.84765438, 8.54957419 ], [ -61.8467303, 8.55014983 ], [ -61.84370948, 8.55167823 ], [ -61.84151528, 8.5532633 ], [ -61.83945665, 8.55504779 ], [ -61.83701344, 8.55785293 ], [ -61.83533243, 8.56091358 ], [ -61.83359098, 8.56295213 ], [ -61.83102338, 8.56479825 ], [ -61.82381207, 8.56995823 ], [ -61.82226236, 8.5716717 ], [ -61.82123389, 8.57224735 ], [ -61.81963449, 8.57236915 ], [ -61.81635377, 8.57267558 ], [ -61.81314447, 8.57337116 ], [ -61.80806856, 8.57539933 ], [ -61.80633107, 8.57609934 ], [ -61.80511266, 8.57641201 ], [ -61.80382013, 8.57717676 ], [ -61.80259911, 8.57832145 ], [ -61.79885866, 8.58322933 ], [ -61.79673374, 8.58578194 ], [ -61.79423063, 8.58723916 ], [ -61.79293887, 8.58775059 ], [ -61.79178462, 8.58787356 ], [ -61.78998589, 8.58780464 ], [ -61.78812413, 8.58754562 ], [ -61.78562782, 8.58683237 ], [ -61.78242413, 8.58573711 ], [ -61.78069089, 8.58508958 ], [ -61.77863914, 8.58457668 ], [ -61.77767652, 8.58444704 ], [ -61.77645867, 8.58456977 ], [ -61.77530031, 8.58596784 ], [ -61.77387867, 8.5873107 ], [ -61.77253117, 8.5882017 ], [ -61.77156664, 8.58864178 ], [ -61.77085799, 8.5886395 ], [ -61.76970699, 8.58774053 ], [ -61.76862024, 8.5866519 ], [ -61.76740554, 8.58581604 ], [ -61.76638047, 8.58530644 ], [ -61.76502841, 8.58478664 ], [ -61.76278453, 8.58471608 ], [ -61.75771328, 8.58520624 ], [ -61.75450618, 8.58519589 ], [ -61.75142706, 8.58493279 ], [ -61.74879355, 8.58454442 ], [ -61.74699736, 8.58370667 ], [ -61.74559151, 8.58299671 ], [ -61.74238372, 8.58042709 ], [ -61.7407245, 8.57939981 ], [ -61.73867293, 8.57888679 ], [ -61.73629224, 8.57900558 ], [ -61.73211856, 8.58007709 ], [ -61.73018845, 8.58128247 ], [ -61.72941238, 8.58242837 ], [ -61.72774712, 8.58325489 ], [ -61.72626406, 8.58389202 ], [ -61.72330901, 8.58458758 ], [ -61.71772729, 8.58559095 ], [ -61.71502593, 8.58647726 ], [ -61.71110552, 8.58786586 ], [ -61.70834039, 8.5888152 ], [ -61.70519359, 8.58976314 ], [ -61.7026841, 8.59033344 ], [ -61.70024906, 8.59038861 ], [ -61.69767921, 8.59000014 ], [ -61.69383792, 8.5894717 ], [ -61.69114066, 8.58914602 ], [ -61.68825445, 8.58830435 ], [ -61.685368, 8.58752583 ], [ -61.68287241, 8.58668542 ], [ -61.6801331, 8.58541907 ], [ -61.67852045, 8.58411142 ], [ -61.67685055, 8.58359929 ], [ -61.67402737, 8.58294762 ], [ -61.67121279, 8.5824225 ], [ -61.66851717, 8.58165355 ], [ -61.66607467, 8.58125627 ], [ -61.66408601, 8.58099623 ], [ -61.66037404, 8.57989825 ], [ -61.65851298, 8.57950294 ], [ -61.65639825, 8.57892591 ], [ -61.65280445, 8.57782827 ], [ -61.65037308, 8.57686124 ], [ -61.6476329, 8.57590217 ], [ -61.6466357, 8.5752928 ], [ -61.64570002, 8.57528051 ], [ -61.64496664, 8.57457263 ], [ -61.64315484, 8.57311036 ], [ -61.63902214, 8.57030168 ], [ -61.63722797, 8.56903846 ], [ -61.6347884, 8.56785426 ], [ -61.63372775, 8.5672085 ], [ -61.63288508, 8.56659062 ], [ -61.63212531, 8.56566557 ], [ -61.63123808, 8.56482152 ], [ -61.63048557, 8.56437577 ], [ -61.62968621, 8.56437291 ], [ -61.62871571, 8.56392639 ], [ -61.6277362, 8.56347983 ], [ -61.62661969, 8.56324982 ], [ -61.62551407, 8.5624953 ], [ -61.6236543, 8.5617834 ], [ -61.62236498, 8.561598 ], [ -61.62049583, 8.56097638 ], [ -61.61894304, 8.56079 ], [ -61.6148503, 8.55961794 ], [ -61.61254354, 8.55942877 ], [ -61.61094449, 8.55946834 ], [ -61.60987196, 8.55964531 ], [ -61.60902598, 8.55994967 ], [ -61.6081335, 8.56057049 ], [ -61.60728627, 8.5612275 ], [ -61.60666728, 8.56157799 ], [ -61.60613109, 8.56162123 ], [ -61.60528771, 8.56122033 ], [ -61.60422666, 8.56072818 ], [ -61.60169262, 8.56058344 ], [ -61.59937698, 8.56035799 ], [ -61.59688958, 8.55990586 ], [ -61.59435832, 8.5590106 ], [ -61.59125849, 8.55710036 ], [ -61.58845855, 8.55518225 ], [ -61.58672794, 8.55398227 ], [ -61.58207693, 8.5514877 ], [ -61.57732487, 8.54934532 ], [ -61.57488491, 8.54836877 ], [ -61.57364148, 8.54809289 ], [ -61.57177155, 8.54773342 ], [ -61.57012814, 8.5475103 ], [ -61.56808699, 8.54678844 ], [ -61.56506857, 8.54505018 ], [ -61.55867929, 8.54109302 ], [ -61.55371323, 8.53797299 ], [ -61.54951071, 8.53472013 ], [ -61.54591592, 8.53169557 ], [ -61.5429933, 8.52871879 ], [ -61.54149173, 8.5270765 ], [ -61.54055814, 8.52653949 ], [ -61.53922378, 8.52631741 ], [ -61.5378542, 8.52577876 ], [ -61.53624836, 8.52528443 ], [ -61.53394243, 8.52496834 ], [ -61.53189978, 8.52468931 ], [ -61.52945708, 8.52450831 ], [ -61.52603313, 8.52440495 ], [ -61.52069968, 8.52482776 ], [ -61.51807321, 8.52521555 ], [ -61.51580944, 8.52574042 ], [ -61.51398202, 8.5261765 ], [ -61.51179834, 8.52714474 ], [ -61.50881032, 8.5293938 ], [ -61.50666946, 8.53102218 ], [ -61.50435306, 8.53340048 ], [ -61.50359609, 8.53419322 ], [ -61.50278559, 8.53472357 ], [ -61.50190197, 8.53538033 ], [ -61.50118298, 8.53573919 ], [ -61.50061043, 8.53581842 ], [ -61.50016656, 8.53550923 ], [ -61.50002628, 8.5342157 ], [ -61.49962007, 8.53356303 ], [ -61.49917704, 8.53303688 ], [ -61.49802069, 8.53143192 ], [ -61.49726548, 8.52943068 ], [ -61.49601671, 8.52821423 ], [ -61.49556033, 8.52647637 ], [ -61.49591541, 8.5239369 ], [ -61.49604248, 8.52162262 ], [ -61.49691429, 8.51933829 ], [ -61.49679742, 8.51669753 ], [ -61.49679551, 8.51486199 ], [ -61.49604057, 8.51279744 ], [ -61.49488582, 8.51079463 ], [ -61.49442746, 8.50953604 ], [ -61.49381571, 8.50803266 ], [ -61.49332855, 8.50719887 ], [ -61.49286146, 8.50586789 ], [ -61.49124652, 8.50540954 ], [ -61.4899152, 8.50443687 ], [ -61.4888754, 8.50323023 ], [ -61.48782512, 8.50239425 ], [ -61.48699163, 8.5018485 ], [ -61.48604907, 8.50134751 ], [ -61.48506864, 8.50122617 ], [ -61.48442558, 8.50077154 ], [ -61.48292303, 8.49945463 ], [ -61.48153588, 8.49882536 ], [ -61.47963063, 8.49831155 ], [ -61.47859549, 8.49825327 ], [ -61.47657823, 8.49848949 ], [ -61.47530673, 8.49849357 ], [ -61.47322578, 8.49877482 ], [ -61.47057002, 8.49969566 ], [ -61.46911834, 8.49933739 ], [ -61.46739379, 8.49905027 ], [ -61.46610675, 8.49838517 ], [ -61.46391924, 8.49804193 ], [ -61.46252211, 8.49765672 ], [ -61.46078946, 8.49714355 ], [ -61.45820492, 8.49616583 ], [ -61.45658147, 8.49559882 ], [ -61.45494872, 8.49509504 ], [ -61.4523265, 8.49444266 ], [ -61.45116631, 8.49386832 ], [ -61.44937964, 8.49323735 ], [ -61.44747449, 8.49272341 ], [ -61.44522256, 8.492615 ], [ -61.44348836, 8.4924996 ], [ -61.44239106, 8.49210638 ], [ -61.44103549, 8.49041918 ], [ -61.43917703, 8.48959795 ], [ -61.43777121, 8.48912221 ], [ -61.43592773, 8.48683621 ], [ -61.43361392, 8.48408723 ], [ -61.43291481, 8.48178783 ], [ -61.43222857, 8.48081758 ], [ -61.43141562, 8.47972929 ], [ -61.43190733, 8.47939667 ], [ -61.43086901, 8.47789154 ], [ -61.42915486, 8.47734213 ], [ -61.42845858, 8.47659794 ], [ -61.42740024, 8.47556288 ], [ -61.42500319, 8.47543571 ], [ -61.42350565, 8.47520358 ], [ -61.41996631, 8.4746106 ], [ -61.41787851, 8.47436713 ], [ -61.41556465, 8.4738966 ], [ -61.41219784, 8.47330426 ], [ -61.40976544, 8.47295077 ], [ -61.40697895, 8.47258676 ], [ -61.4032647, 8.4725716 ], [ -61.39954757, 8.4732527 ], [ -61.39675629, 8.47404594 ], [ -61.39327674, 8.47438431 ], [ -61.39094948, 8.47495338 ], [ -61.38757866, 8.47534638 ], [ -61.38521578, 8.47574355 ], [ -61.38200534, 8.47687853 ], [ -61.37944868, 8.47802525 ], [ -61.37617361, 8.47937702 ], [ -61.37380597, 8.48093136 ], [ -61.37241928, 8.48241738 ], [ -61.37126819, 8.48403106 ], [ -61.36986486, 8.48517355 ], [ -61.36714379, 8.48651837 ], [ -61.36457251, 8.48680601 ], [ -61.36223137, 8.48635314 ], [ -61.3589191, 8.48362677 ], [ -61.35680854, 8.48233395 ], [ -61.35508011, 8.48088912 ], [ -61.35365458, 8.47870401 ], [ -61.35221993, 8.47650992 ], [ -61.35056734, 8.47432393 ], [ -61.34899465, 8.47259037 ], [ -61.34734437, 8.46987094 ], [ -61.34570995, 8.46769408 ], [ -61.34467177, 8.46626108 ], [ -61.34308889, 8.46478965 ], [ -61.34187203, 8.46266877 ], [ -61.34193707, 8.4623255 ], [ -61.34223992, 8.46156725 ], [ -61.34277015, 8.46074677 ], [ -61.3433036, 8.45916677 ], [ -61.34384639, 8.4569811 ], [ -61.3438487, 8.45697191 ], [ -61.34379428, 8.45481979 ], [ -61.34280136, 8.45343227 ], [ -61.34083183, 8.45108213 ], [ -61.33864543, 8.44847795 ], [ -61.33826692, 8.44792859 ], [ -61.3374271, 8.44670972 ], [ -61.33641496, 8.44557526 ], [ -61.33516865, 8.44397863 ], [ -61.3342375, 8.44300725 ], [ -61.33340762, 8.44172891 ], [ -61.33289093, 8.43939394 ], [ -61.33273652, 8.43517091 ], [ -61.33260305, 8.4345284 ], [ -61.33262997, 8.43249418 ], [ -61.33169392, 8.43063708 ], [ -61.33167554, 8.43060047 ], [ -61.33134804, 8.42861899 ], [ -61.33105847, 8.42628498 ], [ -61.32978654, 8.42432668 ], [ -61.32781986, 8.42346838 ], [ -61.32616082, 8.42286462 ], [ -61.32471796, 8.42265956 ], [ -61.32321122, 8.42254458 ], [ -61.32200379, 8.42249422 ], [ -61.3204957, 8.42268678 ], [ -61.31832612, 8.42256891 ], [ -61.31583172, 8.42196151 ], [ -61.31453552, 8.42145868 ], [ -61.31348581, 8.42063146 ], [ -61.31295499, 8.41949901 ], [ -61.31266687, 8.41685769 ], [ -61.31214799, 8.41505618 ], [ -61.31146431, 8.41318587 ], [ -61.31140322, 8.41301865 ], [ -61.31049817, 8.41233668 ], [ -61.30838106, 8.41270735 ], [ -61.30694352, 8.41337022 ], [ -61.30543211, 8.41434924 ], [ -61.3033613, 8.41449399 ], [ -61.30158184, 8.41237064 ], [ -61.29796802, 8.41032975 ], [ -61.29638209, 8.40964481 ], [ -61.29487783, 8.40896021 ], [ -61.29336362, 8.40850156 ], [ -61.29208708, 8.40766418 ], [ -61.29111306, 8.40615918 ], [ -61.29089398, 8.40434993 ], [ -61.29100066, 8.40279525 ], [ -61.29077009, 8.40153753 ], [ -61.29098249, 8.40073375 ], [ -61.29099171, 8.39862716 ], [ -61.2906293, 8.3963743 ], [ -61.28892159, 8.39447722 ], [ -61.28834505, 8.393444 ], [ -61.28788428, 8.39292674 ], [ -61.28649054, 8.39191709 ], [ -61.28475747, 8.3916835 ], [ -61.28323997, 8.39197529 ], [ -61.28211153, 8.39257615 ], [ -61.28104702, 8.39309591 ], [ -61.28006321, 8.393842 ], [ -61.27930434, 8.39505026 ], [ -61.27846339, 8.39633044 ], [ -61.27747927, 8.39714893 ], [ -61.27644056, 8.39799423 ], [ -61.27546551, 8.39879467 ], [ -61.27475437, 8.39946962 ], [ -61.27384014, 8.40089417 ], [ -61.27323517, 8.40220245 ], [ -61.27289468, 8.40323168 ], [ -61.272688, 8.40480395 ], [ -61.27154481, 8.40667955 ], [ -61.27003029, 8.40832745 ], [ -61.26820812, 8.40975701 ], [ -61.26661628, 8.41041906 ], [ -61.2655584, 8.41147219 ], [ -61.26464862, 8.41188413 ], [ -61.26384527, 8.41285693 ], [ -61.26305324, 8.41334167 ], [ -61.26237564, 8.41462259 ], [ -61.26130299, 8.41695046 ], [ -61.26016435, 8.41778627 ], [ -61.25958094, 8.4183081 ], [ -61.25835425, 8.41851057 ], [ -61.25669271, 8.4185032 ], [ -61.25556082, 8.41782917 ], [ -61.25418686, 8.41645783 ], [ -61.251492, 8.41607522 ], [ -61.2496724, 8.41689886 ], [ -61.24838315, 8.41891835 ], [ -61.24784101, 8.42035353 ], [ -61.24753431, 8.42192533 ], [ -61.24775045, 8.42434019 ], [ -61.24781399, 8.42636572 ], [ -61.24833818, 8.42892669 ], [ -61.24892404, 8.43189483 ], [ -61.24853529, 8.43354764 ], [ -61.24777425, 8.43519876 ], [ -61.24656253, 8.43609747 ], [ -61.24489655, 8.4370664 ], [ -61.24391052, 8.43826452 ], [ -61.243177, 8.43984341 ], [ -61.24276299, 8.44104402 ], [ -61.24230289, 8.44239815 ], [ -61.24214771, 8.44457636 ], [ -61.24198421, 8.44660989 ], [ -61.24183504, 8.4474771 ], [ -61.24189228, 8.44886068 ], [ -61.24150121, 8.45300878 ], [ -61.24074251, 8.45412646 ], [ -61.23915273, 8.45428206 ], [ -61.2379427, 8.45481002 ], [ -61.23513711, 8.45675028 ], [ -61.23278825, 8.45809581 ], [ -61.23059244, 8.45974048 ], [ -61.22885059, 8.46138711 ], [ -61.22687159, 8.46325859 ], [ -61.22542764, 8.46528629 ], [ -61.22429196, 8.4673877 ], [ -61.22417671, 8.46876147 ], [ -61.22358989, 8.47197736 ], [ -61.22169225, 8.47392163 ], [ -61.218892, 8.47465924 ], [ -61.21572118, 8.47502452 ], [ -61.21234529, 8.47455705 ], [ -61.20922547, 8.47371095 ], [ -61.20658517, 8.4732468 ], [ -61.20190214, 8.47270089 ], [ -61.1981486, 8.47341598 ], [ -61.19471714, 8.47515405 ], [ -61.19174335, 8.4761167 ], [ -61.18833785, 8.47811707 ], [ -61.18544852, 8.48041805 ], [ -61.18291223, 8.4829377 ], [ -61.18077525, 8.48552247 ], [ -61.17821407, 8.4894613 ], [ -61.17715327, 8.4910385 ], [ -61.17593523, 8.49321162 ], [ -61.1747867, 8.49606315 ], [ -61.17334092, 8.49838885 ], [ -61.17083224, 8.50079101 ], [ -61.16856969, 8.50107868 ], [ -61.16622896, 8.50061569 ], [ -61.16427149, 8.49978374 ], [ -61.16200882, 8.49819096 ], [ -61.15922085, 8.49629729 ], [ -61.15704142, 8.4944066 ], [ -61.15539046, 8.49213865 ], [ -61.15222669, 8.49099352 ], [ -61.14920722, 8.49007521 ], [ -61.1451312, 8.48982978 ], [ -61.14112633, 8.48989206 ], [ -61.13840293, 8.48972541 ], [ -61.13500397, 8.4903149 ], [ -61.13220762, 8.49022014 ], [ -61.12925611, 8.49028737 ], [ -61.12608775, 8.49011848 ], [ -61.12238443, 8.48980229 ], [ -61.11725445, 8.48969624 ], [ -61.11438355, 8.48998978 ], [ -61.11097556, 8.49056995 ], [ -61.10719487, 8.49122963 ], [ -61.10395095, 8.49166592 ], [ -61.10024321, 8.49225355 ], [ -61.0978246, 8.49291082 ], [ -61.09539867, 8.49320629 ], [ -61.09207457, 8.49333468 ], [ -61.08913369, 8.49309429 ], [ -61.08679246, 8.49278442 ], [ -61.08165164, 8.49305754 ], [ -61.07749667, 8.49409481 ], [ -61.07454075, 8.49505659 ], [ -61.07166504, 8.49632604 ], [ -61.06879078, 8.49728818 ], [ -61.06610414, 8.49886591 ], [ -61.06494863, 8.49932123 ], [ -61.06333666, 8.5002715 ], [ -61.06106923, 8.50153488 ], [ -61.0590205, 8.50265466 ], [ -61.05591619, 8.50422122 ], [ -61.05372321, 8.5051143 ], [ -61.05076419, 8.50668152 ], [ -61.04818801, 8.50794332 ], [ -61.04523792, 8.50951055 ], [ -61.04220613, 8.51107731 ], [ -61.03910398, 8.5121917 ], [ -61.0369863, 8.51255158 ], [ -61.03464241, 8.51276582 ], [ -61.03305645, 8.51216117 ], [ -61.03102748, 8.51116552 ], [ -61.02921711, 8.51003541 ], [ -61.02642965, 8.50821324 ], [ -61.02432085, 8.5068466 ], [ -61.02184331, 8.5048 ], [ -61.02053871, 8.50423291 ], [ -61.018451, 8.50230579 ], [ -61.01710697, 8.50056328 ], [ -61.01562157, 8.49983247 ], [ -61.01424348, 8.49941875 ], [ -61.01257456, 8.50083845 ], [ -61.01075423, 8.50166089 ], [ -61.00870696, 8.50248212 ], [ -61.00613111, 8.50367125 ], [ -61.00342932, 8.50463371 ], [ -61.00083484, 8.50589501 ], [ -60.99901691, 8.50626534 ], [ -60.99736032, 8.50702517 ], [ -60.99438145, 8.50888113 ], [ -60.99252018, 8.51058003 ], [ -60.98986897, 8.51227484 ], [ -60.98893736, 8.51331866 ], [ -60.98704583, 8.51559602 ], [ -60.98549572, 8.51855298 ], [ -60.98538374, 8.51913093 ], [ -60.98468346, 8.5210799 ], [ -60.98411053, 8.52297534 ], [ -60.98364782, 8.52463625 ], [ -60.98346837, 8.52595507 ], [ -60.98381693, 8.52875925 ], [ -60.98356645, 8.53150603 ], [ -60.98398883, 8.53581114 ], [ -60.9845867, 8.53782111 ], [ -60.98497307, 8.54032713 ], [ -60.98561593, 8.54243675 ], [ -60.98646402, 8.54521633 ], [ -60.98755752, 8.5479701 ], [ -60.98813215, 8.55094719 ], [ -60.98767521, 8.55323187 ], [ -60.98771016, 8.55522083 ], [ -60.98723634, 8.55898791 ], [ -60.98646367, 8.56259078 ], [ -60.98644706, 8.56575462 ], [ -60.9864281, 8.56936142 ], [ -60.98505243, 8.57191242 ], [ -60.98316241, 8.57381902 ], [ -60.98107573, 8.57513699 ], [ -60.97824735, 8.57588151 ], [ -60.97369955, 8.57546895 ], [ -60.96992556, 8.57469888 ], [ -60.96553766, 8.57497404 ], [ -60.96214713, 8.57553471 ], [ -60.95822145, 8.57599307 ], [ -60.95399887, 8.57590748 ], [ -60.95105149, 8.57683196 ], [ -60.94814447, 8.57698826 ], [ -60.9440572, 8.57877448 ], [ -60.94102257, 8.5807108 ], [ -60.93875475, 8.58191002 ], [ -60.93496715, 8.58368861 ], [ -60.93027291, 8.58517307 ], [ -60.92684227, 8.58642916 ], [ -60.92274799, 8.58780827 ], [ -60.91970257, 8.59002459 ], [ -60.91739224, 8.59067207 ], [ -60.91430458, 8.59230955 ], [ -60.91205352, 8.5937436 ], [ -60.90935682, 8.59529279 ], [ -60.90768995, 8.59618772 ], [ -60.90556804, 8.59723378 ], [ -60.90329598, 8.59751976 ], [ -60.89811881, 8.59761809 ], [ -60.89458139, 8.59843943 ], [ -60.89331777, 8.59866753 ], [ -60.89151757, 8.59902832 ], [ -60.89007634, 8.59851421 ], [ -60.88719788, 8.59842613 ], [ -60.88546549, 8.59801888 ], [ -60.88333511, 8.59732021 ], [ -60.88143173, 8.59664079 ], [ -60.87942638, 8.59633152 ], [ -60.87792557, 8.59512098 ], [ -60.87513322, 8.59424693 ], [ -60.87386719, 8.59163668 ], [ -60.87207361, 8.59083131 ], [ -60.86973282, 8.59041167 ], [ -60.86655443, 8.5903941 ], [ -60.86384079, 8.59008074 ], [ -60.86296583, 8.58901833 ], [ -60.86082773, 8.58810254 ], [ -60.85795465, 8.5886922 ], [ -60.85522949, 8.58882175 ], [ -60.85221367, 8.58895859 ], [ -60.85164133, 8.59061858 ], [ -60.85036982, 8.59062955 ], [ -60.84869548, 8.5896169 ], [ -60.84708064, 8.58931868 ], [ -60.8451753, 8.59061863 ], [ -60.84251707, 8.59176074 ], [ -60.84055888, 8.59115324 ], [ -60.83889038, 8.59071911 ], [ -60.83745427, 8.59094603 ], [ -60.83587472, 8.59082874 ], [ -60.83406678, 8.59096319 ], [ -60.83224539, 8.59185685 ], [ -60.83073059, 8.59155 ], [ -60.82983924, 8.59018922 ], [ -60.82105667, 8.59194741 ], [ -60.81743333, 8.5919269 ], [ -60.81508758, 8.59241078 ], [ -60.81243686, 8.59223305 ], [ -60.81048635, 8.59188751 ], [ -60.80867447, 8.59112703 ], [ -60.80701356, 8.59096386 ], [ -60.80621569, 8.5907334 ], [ -60.80482529, 8.59090622 ], [ -60.80338564, 8.59016592 ], [ -60.80240456, 8.59022361 ], [ -60.80051069, 8.59108056 ], [ -60.79933864, 8.59119133 ], [ -60.79813208, 8.59096747 ], [ -60.79671928, 8.59030865 ], [ -60.79567824, 8.58973326 ], [ -60.79251183, 8.58922705 ], [ -60.79128405, 8.58954543 ], [ -60.7893203, 8.58994094 ], [ -60.78843542, 8.58905006 ], [ -60.78662285, 8.58843409 ], [ -60.7837515, 8.58872485 ], [ -60.78147606, 8.58961566 ], [ -60.7799687, 8.589607 ], [ -60.77814726, 8.59050039 ], [ -60.77663905, 8.59063627 ], [ -60.77595726, 8.59075885 ], [ -60.77452215, 8.59081385 ], [ -60.77196895, 8.59106126 ], [ -60.7703727, 8.59227221 ], [ -60.76870213, 8.59221734 ], [ -60.76651896, 8.59283737 ], [ -60.76410809, 8.59359174 ], [ -60.76347143, 8.59376877 ], [ -60.76023715, 8.59400313 ], [ -60.75781519, 8.59509173 ], [ -60.75501515, 8.59562676 ], [ -60.7513866, 8.59650937 ], [ -60.74849907, 8.59800194 ], [ -60.74607743, 8.59903624 ], [ -60.74365927, 8.59947399 ], [ -60.74062737, 8.60081203 ], [ -60.73729847, 8.60169626 ], [ -60.73442086, 8.60303513 ], [ -60.73184567, 8.60392379 ], [ -60.72896535, 8.60571443 ], [ -60.7273018, 8.60600292 ], [ -60.72518422, 8.60628861 ], [ -60.72245191, 8.60762823 ], [ -60.72032612, 8.60926964 ], [ -60.71911841, 8.6092625 ], [ -60.71776174, 8.60835058 ], [ -60.71443669, 8.60857492 ], [ -60.71217642, 8.60690751 ], [ -60.71157363, 8.60596396 ], [ -60.71030042, 8.60476338 ], [ -60.70829045, 8.60376623 ], [ -60.70644411, 8.60273392 ], [ -60.70495992, 8.6018935 ], [ -60.70253721, 8.60158084 ], [ -60.70103164, 8.60128262 ], [ -60.69970082, 8.60059684 ], [ -60.69819727, 8.59996424 ], [ -60.69617743, 8.59910255 ], [ -60.69382808, 8.59718141 ], [ -60.69146289, 8.59637194 ], [ -60.6892789, 8.59563577 ], [ -60.6853572, 8.59394922 ], [ -60.68355661, 8.59288998 ], [ -60.6805448, 8.59091069 ], [ -60.677533, 8.58894034 ], [ -60.67603673, 8.58712369 ], [ -60.67467192, 8.58756736 ], [ -60.67406728, 8.5869672 ], [ -60.67332094, 8.58575165 ], [ -60.67309521, 8.58555149 ], [ -60.67338261, 8.58457711 ], [ -60.67178271, 8.58486568 ], [ -60.67010954, 8.5852623 ], [ -60.66858209, 8.58408719 ], [ -60.66645427, 8.58310725 ], [ -60.66383277, 8.58118436 ], [ -60.65916325, 8.5785984 ], [ -60.65510599, 8.57391025 ], [ -60.65250304, 8.57193319 ], [ -60.64829332, 8.56844608 ], [ -60.64573679, 8.56632471 ], [ -60.64333279, 8.56450255 ], [ -60.64091607, 8.56328581 ], [ -60.63881982, 8.56161912 ], [ -60.63685801, 8.56025144 ], [ -60.636203, 8.55899122 ], [ -60.63453004, 8.55789649 ], [ -60.6325874, 8.5563753 ], [ -60.63108905, 8.55493813 ], [ -60.62958309, 8.55328407 ], [ -60.62837763, 8.55294226 ], [ -60.62618685, 8.55190756 ], [ -60.62135532, 8.55067591 ], [ -60.61788925, 8.54885616 ], [ -60.61518033, 8.54793569 ], [ -60.61408118, 8.5465823 ], [ -60.61235155, 8.5473218 ], [ -60.61110595, 8.54760328 ], [ -60.6100284, 8.54714474 ], [ -60.6088763, 8.54553798 ], [ -60.60654704, 8.544891 ], [ -60.60458392, 8.54523135 ], [ -60.60296956, 8.54495925 ], [ -60.60151906, 8.54461593 ], [ -60.60032411, 8.54406631 ], [ -60.5990573, 8.54338058 ], [ -60.59737907, 8.54317139 ], [ -60.59599465, 8.54243078 ], [ -60.59385737, 8.54158606 ], [ -60.5921212, 8.54192774 ], [ -60.58863266, 8.5408487 ], [ -60.58501228, 8.54051884 ], [ -60.58213254, 8.54080821 ], [ -60.57944696, 8.54197532 ], [ -60.57806199, 8.54278008 ], [ -60.57713338, 8.54318088 ], [ -60.57593358, 8.54197141 ], [ -60.57095149, 8.54164206 ], [ -60.5676308, 8.54131394 ], [ -60.56506067, 8.54145142 ], [ -60.56131957, 8.54157246 ], [ -60.55998872, 8.54099472 ], [ -60.55600122, 8.53988515 ], [ -60.55353621, 8.54063781 ], [ -60.55186865, 8.54017542 ], [ -60.5479905, 8.54044013 ], [ -60.54503874, 8.54063831 ], [ -60.54319696, 8.54046402 ], [ -60.5396831, 8.5405411 ], [ -60.53507221, 8.54039435 ], [ -60.52912538, 8.5390732 ], [ -60.52609845, 8.53826771 ], [ -60.52408228, 8.53698056 ], [ -60.52106619, 8.53590397 ], [ -60.51685276, 8.53467513 ], [ -60.51352709, 8.53375012 ], [ -60.50855318, 8.53221805 ], [ -60.50508822, 8.53038844 ], [ -60.49649202, 8.52751363 ], [ -60.49487838, 8.52716883 ], [ -60.4928613, 8.52745406 ], [ -60.49083247, 8.52813675 ], [ -60.48894507, 8.52802517 ], [ -60.48684845, 8.52935803 ], [ -60.48560705, 8.53040728 ], [ -60.48453607, 8.53175591 ], [ -60.48165777, 8.53324638 ], [ -60.47966614, 8.53241107 ], [ -60.47759298, 8.53154817 ], [ -60.47577283, 8.53086756 ], [ -60.4741611, 8.52885994 ], [ -60.47338695, 8.52924353 ], [ -60.471895, 8.52697465 ], [ -60.46955348, 8.52552256 ], [ -60.46808734, 8.52622695 ], [ -60.46631038, 8.52588095 ], [ -60.46327292, 8.52672867 ], [ -60.46205694, 8.52666644 ], [ -60.46015175, 8.52787399 ], [ -60.4598417, 8.5278163 ], [ -60.45723239, 8.52733073 ], [ -60.45576472, 8.52826999 ], [ -60.45414703, 8.52854849 ], [ -60.45646115, 8.53002761 ], [ -60.45387434, 8.53272162 ], [ -60.45159011, 8.53632124 ], [ -60.45005427, 8.53932034 ], [ -60.44853445, 8.54126217 ], [ -60.44808481, 8.54199123 ], [ -60.44767963, 8.54422958 ], [ -60.44623004, 8.54651527 ], [ -60.44496074, 8.54628102 ], [ -60.44320527, 8.54679357 ], [ -60.44076143, 8.54707556 ], [ -60.43966941, 8.54884861 ], [ -60.4396282, 8.54957121 ], [ -60.43875925, 8.55191499 ], [ -60.43773469, 8.55172744 ], [ -60.43664748, 8.55413298 ], [ -60.43704515, 8.55710856 ], [ -60.43677969, 8.55878767 ], [ -60.43695745, 8.55936715 ], [ -60.43654995, 8.56056626 ], [ -60.43637463, 8.56234524 ], [ -60.43585488, 8.56269425 ], [ -60.43449018, 8.56313703 ], [ -60.43438751, 8.56490746 ], [ -60.43267052, 8.56373039 ], [ -60.43175771, 8.56447432 ], [ -60.43084294, 8.56551644 ], [ -60.43056046, 8.56431277 ], [ -60.42983454, 8.56427177 ], [ -60.42862246, 8.56495952 ], [ -60.4284583, 8.56777781 ], [ -60.42788694, 8.56903906 ], [ -60.42752555, 8.57148555 ], [ -60.42683238, 8.57062244 ], [ -60.42521956, 8.57149729 ], [ -60.4244216, 8.57000999 ], [ -60.42343134, 8.57012084 ], [ -60.42234589, 8.57223714 ], [ -60.4205485, 8.57356256 ], [ -60.4191682, 8.57361658 ], [ -60.41673155, 8.57550697 ], [ -60.41425289, 8.57688192 ], [ -60.41315335, 8.57704632 ], [ -60.41142589, 8.57742321 ], [ -60.40929599, 8.5769029 ], [ -60.40809028, 8.58066291 ], [ -60.40799279, 8.58299364 ], [ -60.40696004, 8.58534511 ], [ -60.4090298, 8.58804277 ], [ -60.41116748, 8.59010839 ], [ -60.41509086, 8.59258356 ], [ -60.41774432, 8.5935592 ], [ -60.41941341, 8.59511561 ], [ -60.41970022, 8.59700609 ], [ -60.41837006, 8.597693 ], [ -60.41715561, 8.598715 ], [ -60.41698131, 8.6003223 ], [ -60.41640579, 8.60084255 ], [ -60.4159971, 8.60221325 ], [ -60.41570783, 8.60335891 ], [ -60.41460731, 8.60364974 ], [ -60.41391945, 8.60467525 ], [ -60.41298952, 8.60524732 ], [ -60.41218302, 8.60501604 ], [ -60.41160285, 8.60622296 ], [ -60.41068125, 8.60690351 ], [ -60.40975401, 8.60707804 ], [ -60.40934753, 8.60810536 ], [ -60.40981182, 8.60925615 ], [ -60.40974871, 8.61052076 ], [ -60.40853698, 8.61114509 ], [ -60.40847511, 8.61222904 ], [ -60.40876458, 8.61372198 ], [ -60.40789769, 8.61435767 ], [ -60.40685403, 8.61429643 ], [ -60.40598683, 8.61497739 ], [ -60.40564007, 8.61790273 ], [ -60.40627452, 8.619398 ], [ -60.40661606, 8.62123464 ], [ -60.4061524, 8.62265923 ], [ -60.40626652, 8.62455764 ], [ -60.40661054, 8.62604192 ], [ -60.40597147, 8.62788095 ], [ -60.40493135, 8.62862388 ], [ -60.40377079, 8.62839017 ], [ -60.40325867, 8.62759146 ], [ -60.40186794, 8.62781704 ], [ -60.40169483, 8.62924364 ], [ -60.40186693, 8.63062726 ], [ -60.40065268, 8.63159496 ], [ -60.4003002, 8.63268595 ], [ -60.40099194, 8.63377496 ], [ -60.40053124, 8.63474777 ], [ -60.39995446, 8.63412039 ], [ -60.39886213, 8.63320028 ], [ -60.39747731, 8.63388673 ], [ -60.39603098, 8.6356028 ], [ -60.39233205, 8.63743001 ], [ -60.38966663, 8.63817096 ], [ -60.38239035, 8.63999177 ], [ -60.38077259, 8.64021571 ], [ -60.3721154, 8.6408341 ], [ -60.36939785, 8.64123115 ], [ -60.36541631, 8.64190854 ], [ -60.36333512, 8.64219245 ], [ -60.36149157, 8.64225204 ], [ -60.35894776, 8.64246942 ], [ -60.35623095, 8.64275794 ], [ -60.35386362, 8.64240725 ], [ -60.35161795, 8.6415424 ], [ -60.34954113, 8.6411937 ], [ -60.34768737, 8.6414248 ], [ -60.34549884, 8.64147296 ], [ -60.34416258, 8.64169859 ], [ -60.34278167, 8.64181549 ], [ -60.34104631, 8.64198422 ], [ -60.34070096, 8.64203604 ], [ -60.33626068, 8.63951134 ], [ -60.33332045, 8.638009 ], [ -60.3308896, 8.63766686 ], [ -60.32818237, 8.63789194 ], [ -60.32512436, 8.63765377 ], [ -60.3222911, 8.63644125 ], [ -60.32067907, 8.63586978 ], [ -60.31894096, 8.63643588 ], [ -60.31322967, 8.63522133 ], [ -60.31091589, 8.63630742 ], [ -60.30884181, 8.63688019 ], [ -60.30618334, 8.63664467 ], [ -60.30352892, 8.63583087 ], [ -60.30087613, 8.63480032 ], [ -60.28424832, 8.63413168 ], [ -60.2811933, 8.63349562 ], [ -60.27790146, 8.63297536 ], [ -60.27397411, 8.63245049 ], [ -60.27068224, 8.63193014 ], [ -60.26740034, 8.6312924 ], [ -60.26427858, 8.6311166 ], [ -60.26029811, 8.63167545 ], [ -60.25694605, 8.63195872 ], [ -60.25423117, 8.63201158 ], [ -60.25163595, 8.6318304 ], [ -60.24511323, 8.62993138 ], [ -60.24148152, 8.62872171 ], [ -60.23761135, 8.62785357 ], [ -60.23385763, 8.62721216 ], [ -60.23051808, 8.62703453 ], [ -60.22779634, 8.62679798 ], [ -60.22439748, 8.62604162 ], [ -60.22203361, 8.62529272 ], [ -60.21937952, 8.62448741 ], [ -60.21152658, 8.62206341 ], [ -60.20818247, 8.62005141 ], [ -60.20582376, 8.61861577 ], [ -60.20293929, 8.61705888 ], [ -60.20057019, 8.61579486 ], [ -60.19861368, 8.6152114 ], [ -60.19629905, 8.6164142 ], [ -60.19341115, 8.61657376 ], [ -60.1878777, 8.61358808 ], [ -60.1849969, 8.61278092 ], [ -60.18205108, 8.61219921 ], [ -60.17922712, 8.61230504 ], [ -60.17575614, 8.61275831 ], [ -60.17015849, 8.61354834 ], [ -60.1668707, 8.61256645 ], [ -60.16214022, 8.60906241 ], [ -60.15920213, 8.60745065 ], [ -60.15597192, 8.60606253 ], [ -60.15343549, 8.60536623 ], [ -60.15026105, 8.60501747 ], [ -60.14732056, 8.60495049 ], [ -60.14414663, 8.6045475 ], [ -60.14166506, 8.60379732 ], [ -60.13964791, 8.60286983 ], [ -60.13676091, 8.60171907 ], [ -60.13486167, 8.6008015 ], [ -60.13323996, 8.60039199 ], [ -60.13174579, 8.59992915 ], [ -60.13029775, 8.59935824 ], [ -60.12903309, 8.59855373 ], [ -60.12770318, 8.59797467 ], [ -60.12297595, 8.59653002 ], [ -60.11956791, 8.59589024 ], [ -60.11628574, 8.595423 ], [ -60.11391801, 8.59525171 ], [ -60.1112085, 8.5946713 ], [ -60.10889697, 8.59426546 ], [ -60.10642134, 8.59396686 ], [ -60.1034758, 8.59459515 ], [ -60.10151181, 8.59505014 ], [ -60.09838959, 8.59503566 ], [ -60.09637378, 8.59394544 ], [ -60.09401315, 8.59285259 ], [ -60.09181896, 8.59255594 ], [ -60.08506409, 8.59162866 ], [ -60.08275967, 8.59150275 ], [ -60.07992792, 8.59149936 ], [ -60.07624011, 8.59068549 ], [ -60.07330005, 8.58941655 ], [ -60.06995427, 8.58780117 ], [ -60.06695552, 8.58590835 ], [ -60.0640213, 8.58388955 ], [ -60.06159961, 8.58250708 ], [ -60.05312343, 8.57653433 ], [ -60.05030822, 8.57439896 ], [ -60.04799925, 8.57371286 ], [ -60.04534236, 8.57341255 ], [ -60.04315721, 8.5719775 ], [ -60.04165844, 8.56979799 ], [ -60.03947041, 8.56755901 ], [ -60.03745864, 8.56599884 ], [ -60.03607885, 8.56370271 ], [ -60.0348736, 8.56112805 ], [ -60.0329679, 8.55877372 ], [ -60.03100926, 8.55739469 ], [ -60.02945908, 8.55600965 ], [ -60.02824735, 8.55428401 ], [ -60.02617856, 8.55307566 ], [ -60.02450584, 8.55227693 ], [ -60.02295376, 8.54997958 ], [ -60.02179744, 8.54813684 ], [ -60.01978178, 8.54710056 ], [ -60.0183433, 8.54652941 ], [ -60.01420066, 8.54245056 ], [ -60.01275331, 8.54187029 ], [ -60.01028046, 8.54129114 ], [ -60.00814687, 8.54025392 ], [ -60.00641183, 8.53932824 ], [ -60.00491932, 8.53755515 ], [ -60.00347904, 8.53606255 ], [ -60.00227208, 8.53490603 ], [ -60.00117435, 8.53370517 ], [ -60.00012087, 8.53265817 ], [ -59.99985077, 8.53238516 ], [ -59.81679319, 8.30139276 ], [ -59.81674684, 8.30038983 ], [ -59.8159779, 8.29904706 ], [ -59.81476525, 8.29762835 ], [ -59.81370669, 8.29621994 ], [ -59.81256543, 8.29494642 ], [ -59.81225949, 8.29352597 ], [ -59.81178979, 8.2910566 ], [ -59.81125599, 8.28978781 ], [ -59.8095893, 8.28845589 ], [ -59.80807202, 8.2865922 ], [ -59.80663208, 8.28413317 ], [ -59.80556695, 8.28241757 ], [ -59.8047909, 8.27971994 ], [ -59.80500542, 8.27785211 ], [ -59.80439249, 8.27627569 ], [ -59.80355106, 8.27493222 ], [ -59.80429936, 8.27433312 ], [ -59.80654921, 8.27304153 ], [ -59.80789289, 8.27168844 ], [ -59.80961384, 8.27077192 ], [ -59.81089234, 8.27076404 ], [ -59.81201413, 8.26993308 ], [ -59.81320435, 8.26849749 ], [ -59.81439986, 8.26752253 ], [ -59.81628651, 8.26742919 ], [ -59.81793554, 8.26756876 ], [ -59.82003289, 8.26605905 ], [ -59.82084949, 8.26485529 ], [ -59.82114136, 8.26350278 ], [ -59.82103763, 8.26174077 ], [ -59.82084273, 8.26117026 ], [ -59.81988988, 8.26128007 ], [ -59.81931344, 8.2608058 ], [ -59.81987793, 8.25937422 ], [ -59.82034034, 8.25823088 ], [ -59.82032769, 8.25642444 ], [ -59.81994085, 8.25491302 ], [ -59.81983283, 8.25367486 ], [ -59.82088155, 8.25404439 ], [ -59.82173996, 8.25328354 ], [ -59.82176036, 8.25299461 ], [ -59.82156243, 8.2528034 ], [ -59.82139263, 8.25249497 ], [ -59.82134043, 8.25221462 ], [ -59.82117919, 8.25197846 ], [ -59.82106406, 8.25163438 ], [ -59.82122023, 8.25138267 ], [ -59.82145709, 8.25124006 ], [ -59.82169418, 8.25107037 ], [ -59.82193163, 8.25085543 ], [ -59.82207064, 8.25047728 ], [ -59.82216427, 8.25009864 ], [ -59.82220775, 8.2491958 ], [ -59.82220576, 8.24831061 ], [ -59.82209944, 8.24800276 ], [ -59.82191165, 8.24767608 ], [ -59.82190564, 8.24729674 ], [ -59.82190925, 8.24684517 ], [ -59.82195117, 8.24613193 ], [ -59.82199034, 8.24577103 ], [ -59.82203172, 8.24513004 ], [ -59.82208141, 8.24458852 ], [ -59.82217433, 8.24430029 ], [ -59.822721, 8.24396136 ], [ -59.82307573, 8.24381968 ], [ -59.82336542, 8.24386715 ], [ -59.82383693, 8.24386183 ], [ -59.8241728, 8.24381032 ], [ -59.82458245, 8.24359676 ], [ -59.82488489, 8.24319277 ], [ -59.82506997, 8.24271556 ], [ -59.82506569, 8.24211942 ], [ -59.82501581, 8.24155002 ], [ -59.82500385, 8.24078215 ], [ -59.82490647, 8.2404834 ], [ -59.82480492, 8.23957936 ], [ -59.82468403, 8.23881971 ], [ -59.8246885, 8.23825976 ], [ -59.82487496, 8.23761095 ], [ -59.8250511, 8.23712464 ], [ -59.82541904, 8.23645919 ], [ -59.82569653, 8.23576596 ], [ -59.82582946, 8.23501733 ], [ -59.93693657, 8.21504793 ], [ -59.93693687, 8.21504801 ], [ -59.93693664, 8.21504793 ], [ -59.9433284, 8.21389808 ], [ -59.9444312, 8.21195541 ], [ -59.94410819, 8.21032705 ], [ -59.94428672, 8.20832308 ], [ -59.94487382, 8.20505764 ], [ -59.94510853, 8.2040026 ], [ -59.9454312, 8.20211713 ], [ -59.94569264, 8.19993317 ], [ -59.94586608, 8.19858852 ], [ -59.94633733, 8.19741785 ], [ -59.94679962, 8.19624709 ], [ -59.94789558, 8.19518951 ], [ -59.94899157, 8.19413192 ], [ -59.95119071, 8.19345302 ], [ -59.95251523, 8.19333648 ], [ -59.95442996, 8.19309808 ], [ -59.95614378, 8.19305684 ], [ -59.95879054, 8.19312195 ], [ -59.9617382, 8.19296345 ], [ -59.96421587, 8.19262082 ], [ -59.96732587, 8.1913705 ], [ -59.96992522, 8.19052291 ], [ -59.97304005, 8.18984163 ], [ -59.97488606, 8.18909673 ], [ -59.97667421, 8.1876106 ], [ -59.97852534, 8.18498678 ], [ -59.97956884, 8.18246527 ], [ -59.9802716, 8.17943545 ], [ -59.98103478, 8.17559297 ], [ -59.98208124, 8.17267406 ], [ -59.98351871, 8.17078777 ], [ -59.9854271, 8.16895925 ], [ -59.98704376, 8.1673634 ], [ -59.9888948, 8.16593184 ], [ -59.99137649, 8.16381842 ], [ -59.99253893, 8.16233657 ], [ -59.99329002, 8.16130331 ], [ -59.99375313, 8.15998785 ], [ -59.99261071, 8.15637514 ], [ -59.99117692, 8.15414224 ], [ -59.98974104, 8.15218951 ], [ -59.98807605, 8.15057825 ], [ -59.98577077, 8.14851054 ], [ -59.98387954, 8.14684345 ], [ -59.98198225, 8.14477879 ], [ -59.98101084, 8.1425494 ], [ -59.98089989, 8.14042576 ], [ -59.981536, 8.13779279 ], [ -59.98304544, 8.1359612 ], [ -59.98506803, 8.1345941 ], [ -59.98714375, 8.13339907 ], [ -59.98915952, 8.13173385 ], [ -59.99083647, 8.13053584 ], [ -59.99268895, 8.12887838 ], [ -59.99395268, 8.1271623 ], [ -59.99500091, 8.12516463 ], [ -59.99662148, 8.1217801 ], [ -59.9969726, 8.11965987 ], [ -59.99738114, 8.11714256 ], [ -59.99779131, 8.11439043 ], [ -59.99832015, 8.11153079 ], [ -59.99901441, 8.10958468 ], [ -60.00000644, 8.10782141 ], [ -60.00104731, 8.10558878 ], [ -60.00099089, 8.10341136 ], [ -60.00036298, 8.10129291 ], [ -60.00020549, 8.09808494 ], [ -60.00061009, 8.0960825 ], [ -60.00089612, 8.09470362 ], [ -60.00101422, 8.0941343 ], [ -60.00114246, 8.09149749 ], [ -60.00103341, 8.08909376 ], [ -60.00097437, 8.08725954 ], [ -60.00144768, 8.08577258 ], [ -60.00231148, 8.08417097 ], [ -60.003818, 8.08268244 ], [ -60.00554901, 8.08148459 ], [ -60.00866324, 8.07953817 ], [ -60.00831682, 8.07856903 ], [ -60.00821294, 8.07668025 ], [ -60.007756, 8.07472574 ], [ -60.00718366, 8.07243604 ], [ -60.00638131, 8.06939499 ], [ -60.00576434, 8.06578614 ], [ -60.00616971, 8.06366627 ], [ -60.00692763, 8.06166634 ], [ -60.00831003, 8.05977939 ], [ -60.01004091, 8.05858154 ], [ -60.01246435, 8.05686482 ], [ -60.01494863, 8.05550073 ], [ -60.01823353, 8.053727 ], [ -60.02111784, 8.05218514 ], [ -60.02343326, 8.05035906 ], [ -60.02527819, 8.04842113 ], [ -60.02650175, 8.04469914 ], [ -60.02690648, 8.04263336 ], [ -60.02783391, 8.04097791 ], [ -60.02979582, 8.0391493 ], [ -60.03164269, 8.03817797 ], [ -60.03424095, 8.03732041 ], [ -60.0357351, 8.0375029 ], [ -60.03866729, 8.03933975 ], [ -60.04108505, 8.03962823 ], [ -60.04356842, 8.03837227 ], [ -60.04460577, 8.03654595 ], [ -60.04559335, 8.03408678 ], [ -60.04686635, 8.0322531 ], [ -60.04830821, 8.03088123 ], [ -60.04986545, 8.02985351 ], [ -60.05200189, 8.02893834 ], [ -60.05448222, 8.02808892 ], [ -60.05684441, 8.02729271 ], [ -60.05914807, 8.02706531 ], [ -60.06168067, 8.02776091 ], [ -60.06347228, 8.02816219 ], [ -60.06593505, 8.03103441 ], [ -60.06743167, 8.03212915 ], [ -60.06973413, 8.03207332 ], [ -60.07164036, 8.03293603 ], [ -60.07404951, 8.03443477 ], [ -60.0762425, 8.03575129 ], [ -60.07894671, 8.03655645 ], [ -60.08062001, 8.03576433 ], [ -60.08223002, 8.03496265 ], [ -60.08413291, 8.03502133 ], [ -60.08505157, 8.03583191 ], [ -60.08591315, 8.0370305 ], [ -60.08666341, 8.03858062 ], [ -60.08769756, 8.03972624 ], [ -60.08924492, 8.04008054 ], [ -60.09046186, 8.0397368 ], [ -60.0913193, 8.04024876 ], [ -60.09293507, 8.03990784 ], [ -60.09403291, 8.039744 ], [ -60.09500692, 8.04042839 ], [ -60.09633672, 8.0395164 ], [ -60.09651084, 8.03797277 ], [ -60.09709325, 8.03636883 ], [ -60.09933801, 8.03551735 ], [ -60.10170555, 8.03523588 ], [ -60.10412682, 8.03506325 ], [ -60.10614434, 8.03558337 ], [ -60.10689557, 8.03444133 ], [ -60.10776112, 8.03381503 ], [ -60.10943165, 8.03341119 ], [ -60.11090273, 8.03135834 ], [ -60.11186658, 8.03001329 ], [ -60.11549014, 8.02514215 ], [ -60.12170898, 8.01594357 ], [ -60.12769553, 8.0075111 ], [ -60.13139004, 8.00279371 ], [ -60.13366355, 8.00039725 ], [ -60.13587034, 7.99845208 ], [ -60.13657907, 7.99819504 ], [ -60.1372163, 7.99779285 ], [ -60.13776372, 7.99727266 ], [ -60.13880447, 7.99617767 ], [ -60.13934297, 7.99563933 ], [ -60.13990841, 7.99513733 ], [ -60.14050078, 7.99466259 ], [ -60.14231385, 7.99329282 ], [ -60.14290623, 7.99282708 ], [ -60.14466527, 7.99139381 ], [ -60.14526662, 7.99093717 ], [ -60.14589502, 7.99050782 ], [ -60.14653216, 7.99010566 ], [ -60.14718746, 7.98971273 ], [ -60.14915288, 7.98857882 ], [ -60.1498259, 7.98824022 ], [ -60.15052586, 7.98793781 ], [ -60.15122558, 7.9876626 ], [ -60.15406957, 7.9866161 ], [ -60.15478731, 7.98635901 ], [ -60.1562048, 7.98582666 ], [ -60.15761334, 7.9852762 ], [ -60.15831324, 7.98498282 ], [ -60.16109487, 7.98377324 ], [ -60.1617768, 7.98345265 ], [ -60.16244992, 7.98309594 ], [ -60.1631051, 7.98271189 ], [ -60.16502558, 7.98151443 ], [ -60.1662822, 7.9806557 ], [ -60.16691933, 7.98026248 ], [ -60.16759238, 7.97991481 ], [ -60.16827435, 7.97958517 ], [ -60.16966517, 7.97898031 ], [ -60.17036498, 7.97868691 ], [ -60.17107378, 7.97841173 ], [ -60.1717736, 7.97812737 ], [ -60.17315545, 7.97750436 ], [ -60.17383746, 7.97717472 ], [ -60.17451043, 7.976827 ], [ -60.1751476, 7.97642477 ], [ -60.17575794, 7.97596814 ], [ -60.17633225, 7.97548417 ], [ -60.17689763, 7.97498208 ], [ -60.17747191, 7.97448906 ], [ -60.17807321, 7.97403238 ], [ -60.1787105, 7.97361217 ], [ -60.17934759, 7.97320992 ], [ -60.17995787, 7.9727623 ], [ -60.18044227, 7.97217836 ], [ -60.18089051, 7.97156707 ], [ -60.18149168, 7.97111938 ], [ -60.18214687, 7.97073534 ], [ -60.18281089, 7.97037843 ], [ -60.18417485, 7.9697101 ], [ -60.18485674, 7.96938952 ], [ -60.18625655, 7.96879364 ], [ -60.18693844, 7.96847305 ], [ -60.18760253, 7.96809806 ], [ -60.18823963, 7.96770485 ], [ -60.18885891, 7.96726631 ], [ -60.18941518, 7.96675508 ], [ -60.18987255, 7.96614383 ], [ -60.19044674, 7.96566888 ], [ -60.1911821, 7.9654751 ], [ -60.19194336, 7.96548025 ], [ -60.19259336, 7.96584607 ], [ -60.19298778, 7.96649023 ], [ -60.19359459, 7.9678767 ], [ -60.19395262, 7.96853864 ], [ -60.19432878, 7.96919169 ], [ -60.19512663, 7.97048002 ], [ -60.19558468, 7.9710795 ], [ -60.19614316, 7.97158922 ], [ -60.19677473, 7.97200904 ], [ -60.19741071, 7.97176942 ], [ -60.19772359, 7.97108493 ], [ -60.19792787, 7.9703544 ], [ -60.198087, 7.96961466 ], [ -60.19819179, 7.96886543 ], [ -60.19819689, 7.96811558 ], [ -60.19815676, 7.96735632 ], [ -60.19817995, 7.96660662 ], [ -60.19828471, 7.96585746 ], [ -60.19845291, 7.9651177 ], [ -60.1986572, 7.96439632 ], [ -60.19888862, 7.96367511 ], [ -60.19922854, 7.96299971 ], [ -60.19975786, 7.96246121 ], [ -60.20035912, 7.96199542 ], [ -60.20099625, 7.96159322 ], [ -60.2016693, 7.96124536 ], [ -60.20237795, 7.9609881 ], [ -60.20310434, 7.96077617 ], [ -60.20382191, 7.96053702 ], [ -60.20450392, 7.96019836 ], [ -60.20513208, 7.95978694 ], [ -60.20571543, 7.95929394 ], [ -60.20620859, 7.95872808 ], [ -60.20657565, 7.95806196 ], [ -60.20698772, 7.95743229 ], [ -60.20746302, 7.95683911 ], [ -60.20799233, 7.95630056 ], [ -60.20867419, 7.95597994 ], [ -60.20942653, 7.95595791 ], [ -60.21017796, 7.95607137 ], [ -60.2109202, 7.95620282 ], [ -60.21167168, 7.95630723 ], [ -60.21242305, 7.9564298 ], [ -60.21316529, 7.95656125 ], [ -60.21391705, 7.95663857 ], [ -60.21469683, 7.95658057 ], [ -60.21544928, 7.95654045 ], [ -60.21592437, 7.95597442 ], [ -60.21618292, 7.95526234 ], [ -60.21626958, 7.95451306 ], [ -60.21593871, 7.95385129 ], [ -60.21535286, 7.95336848 ], [ -60.21482184, 7.95283186 ], [ -60.21445472, 7.95216976 ], [ -60.21433282, 7.95142812 ], [ -60.21469066, 7.95077098 ], [ -60.21520199, 7.95020521 ], [ -60.21574026, 7.94967575 ], [ -60.21630552, 7.94918259 ], [ -60.21685277, 7.94866222 ], [ -60.21731896, 7.94806 ], [ -60.21764079, 7.94737543 ], [ -60.21788123, 7.94666331 ], [ -60.21805839, 7.94592362 ], [ -60.21817213, 7.94518348 ], [ -60.21820442, 7.94442478 ], [ -60.21824573, 7.9436751 ], [ -60.21843186, 7.94294452 ], [ -60.21902391, 7.94250573 ], [ -60.21978537, 7.94246566 ], [ -60.22049983, 7.94268724 ], [ -60.221168, 7.94305315 ], [ -60.22184552, 7.94337394 ], [ -60.22258752, 7.9435415 ], [ -60.2233486, 7.94356465 ], [ -60.22409248, 7.94345219 ], [ -60.2247206, 7.94304075 ], [ -60.22501519, 7.94234704 ], [ -60.22495687, 7.94159668 ], [ -60.22469879, 7.94089022 ], [ -60.22440438, 7.94019259 ], [ -60.22419177, 7.93946829 ], [ -60.22406083, 7.93872659 ], [ -60.22401147, 7.93797628 ], [ -60.22415237, 7.93723637 ], [ -60.22463657, 7.93665234 ], [ -60.22521981, 7.93616832 ], [ -60.22570401, 7.93558429 ], [ -60.22607093, 7.93492715 ], [ -60.22641076, 7.93425173 ], [ -60.22665118, 7.93353959 ], [ -60.22649277, 7.93283382 ], [ -60.22577853, 7.93258505 ], [ -60.22503654, 7.93241752 ], [ -60.22429489, 7.93219578 ], [ -60.22453506, 7.93151966 ], [ -60.2249742, 7.93089918 ], [ -60.22543128, 7.9303059 ], [ -60.22632763, 7.92908313 ], [ -60.2268208, 7.92850809 ], [ -60.22737699, 7.92799687 ], [ -60.22804107, 7.92762178 ], [ -60.22874965, 7.92736445 ], [ -60.22949357, 7.9272429 ], [ -60.23024516, 7.92732921 ], [ -60.23083104, 7.92779392 ], [ -60.23172917, 7.92901057 ], [ -60.23228764, 7.92952026 ], [ -60.23289171, 7.92997604 ], [ -60.23357833, 7.93029687 ], [ -60.23433015, 7.93034703 ], [ -60.23508319, 7.93021653 ], [ -60.23576495, 7.92990477 ], [ -60.23624009, 7.92932067 ], [ -60.23647149, 7.92859939 ], [ -60.23656711, 7.92785004 ], [ -60.23645422, 7.92710845 ], [ -60.2361961, 7.92640193 ], [ -60.2360289, 7.92565997 ], [ -60.2361969, 7.92492926 ], [ -60.23672546, 7.92449003 ], [ -60.23732013, 7.92499993 ], [ -60.23836985, 7.9252237 ], [ -60.23911382, 7.92509313 ], [ -60.23979556, 7.9247814 ], [ -60.24041476, 7.92433371 ], [ -60.24098891, 7.92384961 ], [ -60.24152718, 7.92331103 ], [ -60.24202941, 7.92274514 ], [ -60.24249546, 7.9221519 ], [ -60.24295264, 7.92154959 ], [ -60.24338265, 7.920929 ], [ -60.24376762, 7.92028104 ], [ -60.24421571, 7.9196696 ], [ -60.24472687, 7.91911272 ], [ -60.24580327, 7.91804464 ], [ -60.24691566, 7.91702194 ], [ -60.24748994, 7.91651975 ], [ -60.24857523, 7.91547887 ], [ -60.24922125, 7.91508556 ], [ -60.24997375, 7.9150273 ], [ -60.25072533, 7.91511353 ], [ -60.25147713, 7.91516367 ], [ -60.25223835, 7.91516869 ], [ -60.25299029, 7.91520074 ], [ -60.25374167, 7.9153141 ], [ -60.25450278, 7.91533716 ], [ -60.25523788, 7.91517034 ], [ -60.25591965, 7.91484954 ], [ -60.25652087, 7.91438364 ], [ -60.25691472, 7.91374472 ], [ -60.25718223, 7.91303273 ], [ -60.25725968, 7.91228323 ], [ -60.25756326, 7.91159855 ], [ -60.25802935, 7.91100529 ], [ -60.25858549, 7.91049392 ], [ -60.25918665, 7.91003706 ], [ -60.25982373, 7.90962559 ], [ -60.26117837, 7.90894782 ], [ -60.26181545, 7.90853635 ], [ -60.26301769, 7.90761356 ], [ -60.26363681, 7.90718396 ], [ -60.26492885, 7.90638825 ], [ -60.26558383, 7.90600397 ], [ -60.26691163, 7.90528084 ], [ -60.26750368, 7.90481483 ], [ -60.26791563, 7.90418506 ], [ -60.2682012, 7.90348221 ], [ -60.26846865, 7.9027701 ], [ -60.26869989, 7.90205784 ], [ -60.26914441, 7.90060601 ], [ -60.2694209, 7.89990307 ], [ -60.27008443, 7.89960015 ], [ -60.27083599, 7.89968636 ], [ -60.27158819, 7.89967321 ], [ -60.27217115, 7.89921617 ], [ -60.27263727, 7.89861385 ], [ -60.27307627, 7.89800233 ], [ -60.27358744, 7.89743641 ], [ -60.27425126, 7.89707931 ], [ -60.27496879, 7.89683104 ], [ -60.27567737, 7.89656452 ], [ -60.27639481, 7.89632529 ], [ -60.27709441, 7.89604968 ], [ -60.27774044, 7.89564735 ], [ -60.27832355, 7.89516322 ], [ -60.27942674, 7.89413131 ], [ -60.28000993, 7.89363813 ], [ -60.28121209, 7.8927243 ], [ -60.28184937, 7.89226762 ], [ -60.28307851, 7.89139009 ], [ -60.28368848, 7.89094236 ], [ -60.28428959, 7.89048542 ], [ -60.28542891, 7.8894808 ], [ -60.28605689, 7.8890602 ], [ -60.28677432, 7.88882081 ], [ -60.28750941, 7.88865394 ], [ -60.28821811, 7.88836943 ], [ -60.28886398, 7.88798506 ], [ -60.28947405, 7.88753722 ], [ -60.29004809, 7.88704397 ], [ -60.29070298, 7.88667771 ], [ -60.29145586, 7.88655612 ], [ -60.2921999, 7.88640735 ], [ -60.29285472, 7.88604109 ], [ -60.29345587, 7.88557509 ], [ -60.29397592, 7.8850273 ], [ -60.2943698, 7.8843793 ], [ -60.29458291, 7.88365784 ], [ -60.2946512, 7.88290826 ], [ -60.29454728, 7.88215768 ], [ -60.2941218, 7.88070918 ], [ -60.29387267, 7.87999379 ], [ -60.29382313, 7.87924346 ], [ -60.29387345, 7.87848484 ], [ -60.29423089, 7.87785468 ], [ -60.2950014, 7.87781447 ], [ -60.29574368, 7.87793668 ], [ -60.2964762, 7.87816728 ], [ -60.29722798, 7.87821728 ], [ -60.29775686, 7.87769662 ], [ -60.29823189, 7.87711238 ], [ -60.29885088, 7.87667361 ], [ -60.29958557, 7.87656992 ], [ -60.30029044, 7.87687269 ], [ -60.30093125, 7.87726529 ], [ -60.30157199, 7.87767604 ], [ -60.30218526, 7.87812273 ], [ -60.30278036, 7.87858739 ], [ -60.30340282, 7.87901612 ], [ -60.30409874, 7.87930064 ], [ -60.30484989, 7.87945009 ], [ -60.30560162, 7.87950916 ], [ -60.3063629, 7.87949597 ], [ -60.30710666, 7.87939225 ], [ -60.30789194, 7.87846669 ], [ -60.30838493, 7.87789155 ], [ -60.3088149, 7.87727078 ], [ -60.30923577, 7.87664098 ], [ -60.30967467, 7.87602938 ], [ -60.31016769, 7.87545427 ], [ -60.31070581, 7.87491557 ], [ -60.31169045, 7.87399117 ], [ -60.31217445, 7.87340696 ], [ -60.31266754, 7.87283185 ], [ -60.31310636, 7.87222021 ], [ -60.31335561, 7.87151696 ], [ -60.31336052, 7.87075803 ], [ -60.31353738, 7.87002729 ], [ -60.31384991, 7.86933346 ], [ -60.31440563, 7.86886717 ], [ -60.3151384, 7.86906164 ], [ -60.31583417, 7.86936423 ], [ -60.31656699, 7.8695497 ], [ -60.31731829, 7.86967193 ], [ -60.31806205, 7.86955926 ], [ -60.31870796, 7.86916577 ], [ -60.31930906, 7.86869975 ], [ -60.31992798, 7.86826996 ], [ -60.32121086, 7.86746495 ], [ -60.32182085, 7.86701706 ], [ -60.32236795, 7.86648744 ], [ -60.32268036, 7.86581165 ], [ -60.32255825, 7.86506997 ], [ -60.32224552, 7.86438127 ], [ -60.3217963, 7.86377302 ], [ -60.32128336, 7.86321859 ], [ -60.32069757, 7.8627269 ], [ -60.32071925, 7.8621668 ], [ -60.32146342, 7.86199078 ], [ -60.32220736, 7.86185097 ], [ -60.32294265, 7.86164788 ], [ -60.32357953, 7.86124529 ], [ -60.32411752, 7.86071561 ], [ -60.32462856, 7.8601496 ], [ -60.32512157, 7.85958348 ], [ -60.32556049, 7.85896271 ], [ -60.32610744, 7.85845117 ], [ -60.32681581, 7.85819365 ], [ -60.32830358, 7.85793199 ], [ -60.32902999, 7.85770171 ], [ -60.32970272, 7.85736259 ], [ -60.33009093, 7.85713479 ], [ -60.33035758, 7.8569783 ], [ -60.3322503, 7.8557252 ], [ -60.3328783, 7.85529545 ], [ -60.3334883, 7.85484758 ], [ -60.33406229, 7.85435424 ], [ -60.33452817, 7.85376075 ], [ -60.33493094, 7.85312177 ], [ -60.33544195, 7.85256479 ], [ -60.33617632, 7.85250618 ], [ -60.33687213, 7.85279981 ], [ -60.33749471, 7.85321931 ], [ -60.33805313, 7.85374695 ], [ -60.33876087, 7.85359782 ], [ -60.33937088, 7.85314087 ], [ -60.33994491, 7.85264748 ], [ -60.34050995, 7.85214504 ], [ -60.34104788, 7.85161531 ], [ -60.3416219, 7.85112196 ], [ -60.34226773, 7.85072851 ], [ -60.34300114, 7.85082351 ], [ -60.34368772, 7.85114406 ], [ -60.34440193, 7.85140161 ], [ -60.34514558, 7.85130691 ], [ -60.34582732, 7.85096782 ], [ -60.34643721, 7.8505289 ], [ -60.3470023, 7.85001741 ], [ -60.34749522, 7.84944222 ], [ -60.34797013, 7.84885785 ], [ -60.34849914, 7.84831905 ], [ -60.34908213, 7.84783475 ], [ -60.34970099, 7.84740488 ], [ -60.35036487, 7.84702962 ], [ -60.35108225, 7.84679014 ], [ -60.35182455, 7.84690319 ], [ -60.35254809, 7.84711564 ], [ -60.35329179, 7.84701181 ], [ -60.35395556, 7.84665459 ], [ -60.35456549, 7.84620662 ], [ -60.35514847, 7.84572232 ], [ -60.35571333, 7.8452289 ], [ -60.35619729, 7.84464457 ], [ -60.35664522, 7.84403297 ], [ -60.35721905, 7.84354861 ], [ -60.35788287, 7.84318226 ], [ -60.35857349, 7.84287038 ], [ -60.35997259, 7.84228269 ], [ -60.36065424, 7.8419617 ], [ -60.3613449, 7.84164973 ], [ -60.36202656, 7.84131974 ], [ -60.3626903, 7.84095335 ], [ -60.36331823, 7.84053257 ], [ -60.36452902, 7.83962746 ], [ -60.36512103, 7.83915224 ], [ -60.36579376, 7.8388041 ], [ -60.36653631, 7.83888104 ], [ -60.36727842, 7.8390302 ], [ -60.36796008, 7.8387002 ], [ -60.36908092, 7.83768611 ], [ -60.36973574, 7.83731065 ], [ -60.37116159, 7.83679544 ], [ -60.3725607, 7.83620779 ], [ -60.37324229, 7.83588667 ], [ -60.37392399, 7.8355475 ], [ -60.37659693, 7.83412747 ], [ -60.37729647, 7.83382454 ], [ -60.37799602, 7.83353976 ], [ -60.3786776, 7.83321868 ], [ -60.38003196, 7.83254035 ], [ -60.38069567, 7.83217397 ], [ -60.38134148, 7.83178036 ], [ -60.38200521, 7.8314231 ], [ -60.3827226, 7.83117449 ], [ -60.38348399, 7.83114307 ], [ -60.38499659, 7.83123378 ], [ -60.38637404, 7.83121518 ], [ -60.3913389, 7.8313182 ], [ -60.39393666, 7.83032219 ], [ -60.3966887, 7.82781807 ], [ -60.40018245, 7.82552625 ], [ -60.40398089, 7.8252334 ], [ -60.40735016, 7.82547095 ], [ -60.41081921, 7.82717301 ], [ -60.41386366, 7.82866467 ], [ -60.41702468, 7.82889184 ], [ -60.42103166, 7.82860013 ], [ -60.42792711, 7.83011522 ], [ -60.43234515, 7.83224767 ], [ -60.44011606, 7.83586434 ], [ -60.44663649, 7.83800945 ], [ -60.45211361, 7.83888309 ], [ -60.45652254, 7.83807826 ], [ -60.46085001, 7.837264 ], [ -60.46402072, 7.8359185 ], [ -60.46961918, 7.83321396 ], [ -60.47342669, 7.83145654 ], [ -60.47712866, 7.82916519 ], [ -60.48124699, 7.82844879 ], [ -60.48556222, 7.82815821 ], [ -60.4907216, 7.82913782 ], [ -60.49598732, 7.83053376 ], [ -60.49973998, 7.83036617 ], [ -60.50513197, 7.82882562 ], [ -60.50840542, 7.82694723 ], [ -60.51326583, 7.82487926 ], [ -60.51622489, 7.82405616 ], [ -60.51939308, 7.82312585 ], [ -60.52486878, 7.82273322 ], [ -60.53026997, 7.81961083 ], [ -60.53365698, 7.81690135 ], [ -60.53535473, 7.81480554 ], [ -60.53610351, 7.81228854 ], [ -60.53612503, 7.80861046 ], [ -60.53574428, 7.80245376 ], [ -60.53545908, 7.79698454 ], [ -60.53600986, 7.79267684 ], [ -60.53739832, 7.78921461 ], [ -60.53932078, 7.78585477 ], [ -60.54175906, 7.78261545 ], [ -60.54526661, 7.7778007 ], [ -60.5499326, 7.77320046 ], [ -60.55459665, 7.76891646 ], [ -60.55840646, 7.7650432 ], [ -60.56156604, 7.76236813 ], [ -60.56358176, 7.760066 ], [ -60.56412847, 7.75639087 ], [ -60.56403608, 7.75355255 ], [ -60.56449207, 7.7482953 ], [ -60.56482009, 7.74640827 ], [ -60.56535638, 7.74452253 ], [ -60.5668453, 7.74242526 ], [ -60.56863858, 7.74096234 ], [ -60.57487193, 7.7378437 ], [ -60.57900079, 7.73513777 ], [ -60.58101748, 7.73261861 ], [ -60.58019472, 7.72914343 ], [ -60.57852094, 7.72713669 ], [ -60.57653391, 7.72445032 ], [ -60.57349456, 7.72201093 ], [ -60.57045872, 7.71894799 ], [ -60.56836223, 7.71641457 ], [ -60.56785063, 7.71398966 ], [ -60.56744641, 7.7102006 ], [ -60.5686228, 7.70726098 ], [ -60.5694743, 7.70569324 ], [ -60.57160193, 7.70275909 ], [ -60.57393733, 7.69993444 ], [ -60.57543256, 7.69668034 ], [ -60.57607192, 7.6941624 ], [ -60.57673236, 7.6895388 ], [ -60.57695498, 7.68701862 ], [ -60.57792046, 7.68450253 ], [ -60.58110286, 7.68084211 ], [ -60.58523591, 7.6772864 ], [ -60.58863065, 7.67289504 ], [ -60.58865493, 7.66858419 ], [ -60.58758759, 7.66668022 ], [ -60.58737153, 7.66644408 ], [ -60.58689414, 7.66596241 ], [ -60.58621835, 7.66531687 ], [ -60.58588581, 7.6648451 ], [ -60.58587049, 7.66433892 ], [ -60.58601814, 7.66386977 ], [ -60.58618431, 7.66331036 ], [ -60.58662361, 7.66251747 ], [ -60.58710784, 7.66179718 ], [ -60.58775531, 7.66102352 ], [ -60.58873953, 7.65998062 ], [ -60.58953217, 7.6591898 ], [ -60.59003471, 7.65841531 ], [ -60.59041058, 7.65762211 ], [ -60.5905776, 7.65691807 ], [ -60.5905874, 7.65517385 ], [ -60.59041011, 7.65448602 ], [ -60.59012713, 7.65324618 ], [ -60.59006842, 7.6524054 ], [ -60.59015534, 7.65145691 ], [ -60.59016393, 7.64992051 ], [ -60.59002252, 7.64929615 ], [ -60.58956403, 7.64866998 ], [ -60.5889903, 7.64760033 ], [ -60.5886586, 7.64697489 ], [ -60.58859866, 7.6463599 ], [ -60.58874879, 7.64542992 ], [ -60.58907166, 7.64440143 ], [ -60.58944748, 7.64360815 ], [ -60.58957973, 7.64263278 ], [ -60.58955609, 7.64200905 ], [ -60.58934973, 7.64164646 ], [ -60.58880041, 7.64107392 ], [ -60.58695215, 7.63950912 ], [ -60.58621356, 7.63876393 ], [ -60.5860284, 7.63786815 ], [ -60.58607712, 7.63725386 ], [ -60.58632542, 7.63658647 ], [ -60.58674484, 7.63610979 ], [ -60.58714551, 7.6357234 ], [ -60.58760012, 7.63542772 ], [ -60.58820789, 7.63527743 ], [ -60.59010134, 7.63523377 ], [ -60.59121476, 7.63535751 ], [ -60.59204709, 7.63555193 ], [ -60.59295966, 7.63596373 ], [ -60.59360027, 7.63641919 ], [ -60.59404165, 7.63686442 ], [ -60.59421996, 7.63737152 ], [ -60.5945868, 7.63818704 ], [ -60.59502396, 7.63940051 ], [ -60.59561544, 7.64053349 ], [ -60.5962367, 7.64121487 ], [ -60.59692197, 7.64177903 ], [ -60.59748176, 7.64211648 ], [ -60.59843135, 7.64239292 ], [ -60.59903805, 7.64243246 ], [ -60.59963702, 7.64222795 ], [ -60.60040745, 7.64215081 ], [ -60.60125882, 7.64217362 ], [ -60.60196465, 7.64231314 ], [ -60.60279661, 7.64257077 ], [ -60.60358241, 7.64298186 ], [ -60.60418617, 7.64355461 ], [ -60.6050604, 7.64435474 ], [ -60.60652983, 7.64562823 ], [ -60.60734216, 7.64615696 ], [ -60.60856481, 7.64621795 ], [ -60.60954221, 7.64637698 ], [ -60.61079139, 7.64654663 ], [ -60.61205977, 7.64652653 ], [ -60.61332944, 7.64626236 ], [ -60.61449057, 7.64597955 ], [ -60.61548861, 7.64569589 ], [ -60.61601609, 7.64532822 ], [ -60.61666334, 7.64459069 ], [ -60.61764742, 7.64354773 ], [ -60.61895993, 7.64209982 ], [ -60.61988127, 7.64093902 ], [ -60.62070174, 7.64000359 ], [ -60.62135057, 7.6389768 ], [ -60.62208188, 7.6377788 ], [ -60.62250311, 7.63696765 ], [ -60.62289706, 7.63615647 ], [ -60.62336455, 7.63516483 ], [ -60.62364144, 7.63423545 ], [ -60.62376431, 7.63330516 ], [ -60.62376873, 7.63250085 ], [ -60.62354667, 7.62842346 ], [ -60.62369653, 7.62752949 ], [ -60.62384634, 7.62665372 ], [ -60.62389493, 7.62604843 ], [ -60.62350009, 7.62536837 ], [ -60.62318527, 7.62496903 ], [ -60.62287856, 7.62474135 ], [ -60.6223548, 7.62444026 ], [ -60.62192106, 7.624248 ], [ -60.62138037, 7.62373892 ], [ -60.6207673, 7.62321136 ], [ -60.62010003, 7.62265637 ], [ -60.61933251, 7.62222735 ], [ -60.61862868, 7.62173543 ], [ -60.61819568, 7.62140773 ], [ -60.61784495, 7.62095389 ], [ -60.61757563, 7.62050954 ], [ -60.61756062, 7.61994008 ], [ -60.61762621, 7.61955176 ], [ -60.61785447, 7.6192277 ], [ -60.61820944, 7.61891329 ], [ -60.61864657, 7.6184909 ], [ -60.6193199, 7.61795232 ], [ -60.62000202, 7.61744993 ], [ -60.62054799, 7.61700103 ], [ -60.62088588, 7.61650586 ], [ -60.62096977, 7.61607249 ], [ -60.62095374, 7.61568376 ], [ -60.62105531, 7.61533181 ], [ -60.62103959, 7.61490698 ], [ -60.62116933, 7.61438349 ], [ -60.62129012, 7.61382373 ], [ -60.62162795, 7.61333761 ], [ -60.62198276, 7.61305029 ], [ -60.62249962, 7.61296278 ], [ -60.62339588, 7.61304903 ], [ -60.62403857, 7.61312484 ], [ -60.62472692, 7.61314666 ], [ -60.6250808, 7.61303114 ], [ -60.62541848, 7.61257203 ], [ -60.62566628, 7.61198594 ], [ -60.62586025, 7.61130915 ], [ -60.62581916, 7.61053161 ], [ -60.62595063, 7.60969187 ], [ -60.62614587, 7.60878005 ], [ -60.62610545, 7.60788505 ], [ -60.62623674, 7.60707241 ], [ -60.6265935, 7.60645064 ], [ -60.62703021, 7.60608255 ], [ -60.62759398, 7.60569697 ], [ -60.62836602, 7.60531251 ], [ -60.6292545, 7.60516375 ], [ -60.63013386, 7.60503302 ], [ -60.63162838, 7.60504115 ], [ -60.63249881, 7.60489221 ], [ -60.63346037, 7.60462633 ], [ -60.63408703, 7.60433145 ], [ -60.6350669, 7.60402957 ], [ -60.63600095, 7.60383574 ], [ -60.63689932, 7.60353342 ], [ -60.63760753, 7.60322992 ], [ -60.63806343, 7.60269012 ], [ -60.6382099, 7.60240174 ], [ -60.63833841, 7.60209511 ], [ -60.63811442, 7.60164196 ], [ -60.63761908, 7.60111508 ], [ -60.63720426, 7.60077845 ], [ -60.63687134, 7.6003699 ], [ -60.63695557, 7.5998823 ], [ -60.63739289, 7.59940566 ], [ -60.63803899, 7.59885787 ], [ -60.638812, 7.5983017 ], [ -60.63946669, 7.59783527 ], [ -60.64000428, 7.59725976 ], [ -60.64042428, 7.59663843 ], [ -60.6405917, 7.59584392 ], [ -60.64062164, 7.59533797 ], [ -60.64050424, 7.59360203 ], [ -60.64019981, 7.59295867 ], [ -60.63976022, 7.59217896 ], [ -60.63916777, 7.5911906 ], [ -60.63862846, 7.59042852 ], [ -60.63821524, 7.58980266 ], [ -60.63805515, 7.58925949 ], [ -60.63801383, 7.58853617 ], [ -60.63791994, 7.58748724 ], [ -60.63748138, 7.58651786 ], [ -60.63707723, 7.58589194 ], [ -60.63651957, 7.58516589 ], [ -60.63596187, 7.58446698 ], [ -60.63571162, 7.58384192 ], [ -60.6357327, 7.58329975 ], [ -60.63592628, 7.58267717 ], [ -60.636265, 7.58201927 ], [ -60.63670325, 7.58137995 ], [ -60.63743193, 7.58064274 ], [ -60.63864222, 7.57960089 ], [ -60.63964224, 7.57892847 ], [ -60.64044181, 7.57846281 ], [ -60.64124845, 7.57836778 ], [ -60.64189134, 7.57840739 ], [ -60.64257985, 7.57837496 ], [ -60.64305996, 7.57835951 ], [ -60.64358642, 7.57816353 ], [ -60.64410559, 7.57762405 ], [ -60.64452657, 7.57682191 ], [ -60.64483911, 7.57599213 ], [ -60.64501604, 7.57509828 ], [ -60.64534555, 7.57445837 ], [ -60.64616463, 7.57373968 ], [ -60.6470555, 7.57314799 ], [ -60.64788992, 7.57293563 ], [ -60.64916197, 7.57220129 ], [ -60.65064274, 7.5713778 ], [ -60.65176985, 7.57064268 ], [ -60.65362467, 7.56933315 ], [ -60.65516826, 7.56861833 ], [ -60.6562116, 7.56829861 ], [ -60.65695472, 7.56822127 ], [ -60.65744327, 7.56833236 ], [ -60.6579578, 7.56865139 ], [ -60.65827332, 7.56892428 ], [ -60.6589148, 7.56921699 ], [ -60.65933122, 7.56927347 ], [ -60.66008279, 7.56930459 ], [ -60.66040787, 7.56947804 ], [ -60.66064136, 7.56984988 ], [ -60.66083633, 7.57064626 ], [ -60.66086036, 7.57123386 ], [ -60.6610388, 7.57173191 ], [ -60.66151565, 7.57234004 ], [ -60.66218339, 7.57279553 ], [ -60.66292402, 7.57318818 ], [ -60.66354852, 7.57328189 ], [ -60.66438236, 7.57316888 ], [ -60.66563287, 7.57306716 ], [ -60.66719222, 7.57279526 ], [ -60.66846151, 7.57257612 ], [ -60.66979389, 7.57240243 ], [ -60.67037384, 7.5723513 ], [ -60.67079162, 7.57213667 ], [ -60.67110236, 7.57163216 ], [ -60.67129513, 7.57114512 ], [ -60.67117076, 7.5706835 ], [ -60.67125487, 7.57021394 ], [ -60.67146577, 7.56972699 ], [ -60.67180391, 7.56916844 ], [ -60.67236884, 7.56852975 ], [ -60.67309639, 7.56799134 ], [ -60.67372205, 7.56785913 ], [ -60.6742013, 7.5680153 ], [ -60.67440871, 7.56818809 ], [ -60.67463297, 7.56857796 ], [ -60.67490283, 7.56893192 ], [ -60.67531805, 7.56920526 ], [ -60.67589628, 7.56947953 ], [ -60.67634836, 7.5696175 ], [ -60.67688984, 7.56999095 ], [ -60.67751339, 7.57026538 ], [ -60.67846249, 7.57062296 ], [ -60.67951966, 7.57109862 ], [ -60.6802052, 7.5716265 ], [ -60.68076348, 7.57225309 ], [ -60.68106789, 7.57291448 ], [ -60.68144374, 7.57376614 ], [ -60.6817919, 7.57472608 ], [ -60.68207528, 7.57592965 ], [ -60.68234377, 7.57653662 ], [ -60.68269507, 7.5769091 ], [ -60.68301892, 7.57731758 ], [ -60.68314388, 7.57767066 ], [ -60.68339555, 7.57804262 ], [ -60.68357421, 7.57850452 ], [ -60.68369551, 7.57953558 ], [ -60.68386356, 7.58029566 ], [ -60.68412336, 7.58083932 ], [ -60.68450113, 7.58132944 ], [ -60.68511525, 7.58166715 ], [ -60.68588481, 7.58174352 ], [ -60.68679991, 7.58169417 ], [ -60.68755263, 7.58151742 ], [ -60.68813406, 7.5811951 ], [ -60.68884306, 7.58072885 ], [ -60.68967908, 7.58022713 ], [ -60.69005355, 7.57965067 ], [ -60.69016605, 7.57892823 ], [ -60.69023444, 7.57799762 ], [ -60.69002902, 7.57745422 ], [ -60.68967895, 7.57684679 ], [ -60.68936526, 7.57622142 ], [ -60.68885202, 7.57564022 ], [ -60.68843895, 7.57496922 ], [ -60.68817065, 7.57432607 ], [ -60.68802037, 7.5736384 ], [ -60.68783946, 7.57189297 ], [ -60.68763923, 7.57037344 ], [ -60.68748352, 7.5689898 ], [ -60.68748922, 7.56792327 ], [ -60.6875759, 7.56694756 ], [ -60.68774407, 7.56598133 ], [ -60.68776752, 7.56498724 ], [ -60.68752973, 7.56372064 ], [ -60.68742406, 7.56314162 ], [ -60.68703839, 7.5624345 ], [ -60.68668843, 7.56180901 ], [ -60.68625646, 7.56130059 ], [ -60.68613232, 7.56079375 ], [ -60.68627875, 7.56050536 ], [ -60.68661487, 7.56031727 ], [ -60.68700516, 7.56015667 ], [ -60.68785621, 7.56023349 ], [ -60.68848138, 7.56019159 ], [ -60.68898076, 7.55996833 ], [ -60.68946326, 7.55950088 ], [ -60.69015231, 7.55936898 ], [ -60.69073063, 7.55962507 ], [ -60.69153414, 7.56011739 ], [ -60.69300553, 7.56105615 ], [ -60.69402396, 7.56201058 ], [ -60.69466061, 7.56322508 ], [ -60.69502864, 7.56385066 ], [ -60.69563415, 7.56410689 ], [ -60.69754511, 7.56413513 ], [ -60.69854292, 7.5638692 ], [ -60.6994602, 7.56340402 ], [ -60.70214802, 7.56211668 ], [ -60.70390084, 7.56123107 ], [ -60.70483791, 7.56044058 ], [ -60.70536788, 7.55956667 ], [ -60.70580729, 7.55869221 ], [ -60.70636381, 7.5579269 ], [ -60.70728216, 7.55725377 ], [ -60.70811892, 7.55659837 ], [ -60.70860172, 7.55607665 ], [ -60.70878591, 7.55549013 ], [ -60.70878931, 7.55484844 ], [ -60.70887558, 7.55393596 ], [ -60.70890649, 7.55323115 ], [ -60.70900979, 7.55253564 ], [ -60.70915742, 7.55203025 ], [ -60.70962233, 7.55145424 ], [ -60.70993417, 7.55071475 ], [ -60.71004583, 7.5501459 ], [ -60.70990593, 7.5491961 ], [ -60.70976368, 7.54868921 ], [ -60.70957728, 7.54796517 ], [ -60.70947185, 7.54735001 ], [ -60.70956519, 7.54682625 ], [ -60.70968776, 7.54590496 ], [ -60.70999204, 7.54487615 ], [ -60.71059384, 7.54411999 ], [ -60.71122121, 7.54365336 ], [ -60.71178346, 7.54352065 ], [ -60.7124532, 7.54362355 ], [ -60.71324014, 7.54381754 ], [ -60.71389948, 7.54415535 ], [ -60.71466766, 7.5444848 ], [ -60.71548236, 7.54457039 ], [ -60.71609914, 7.5444019 ], [ -60.71637217, 7.54415019 ], [ -60.7167094, 7.54374528 ], [ -60.71702104, 7.54304184 ], [ -60.71790323, 7.54235048 ], [ -60.71877616, 7.54169525 ], [ -60.71903166, 7.54134403 ], [ -60.71898866, 7.54089188 ], [ -60.71884573, 7.54052061 ], [ -60.71834907, 7.54022876 ], [ -60.71774395, 7.53990017 ], [ -60.71729452, 7.53925609 ], [ -60.71667359, 7.5384756 ], [ -60.71555391, 7.53782793 ], [ -60.71468553, 7.53762458 ], [ -60.71258429, 7.53761362 ], [ -60.71181511, 7.53749212 ], [ -60.71098418, 7.53704487 ], [ -60.71030811, 7.53643575 ], [ -60.70975074, 7.53563742 ], [ -60.7093754, 7.53467742 ], [ -60.70910786, 7.5338806 ], [ -60.7089936, 7.5332202 ], [ -60.70896919, 7.53269583 ], [ -60.70920714, 7.53222705 ], [ -60.70968076, 7.53172337 ], [ -60.7106096, 7.53076107 ], [ -60.71136668, 7.52973465 ], [ -60.71151571, 7.52895816 ], [ -60.71141096, 7.52819829 ], [ -60.71120673, 7.52741996 ], [ -60.71075741, 7.52675782 ], [ -60.71026081, 7.52645691 ], [ -60.70952759, 7.52638077 ], [ -60.70867661, 7.5263131 ], [ -60.70826092, 7.52613913 ], [ -60.70762036, 7.52566585 ], [ -60.70662888, 7.52476584 ], [ -60.70588176, 7.5238761 ], [ -60.70524358, 7.52295083 ], [ -60.70492145, 7.52221703 ], [ -60.70479811, 7.52155662 ], [ -60.70475637, 7.52088748 ], [ -60.70496893, 7.52007518 ], [ -60.7055535, 7.51912915 ], [ -60.7060561, 7.51828222 ], [ -60.70666563, 7.51776115 ], [ -60.70771013, 7.51717903 ], [ -60.70812034, 7.51667501 ], [ -60.7081887, 7.51572636 ], [ -60.70798367, 7.51510156 ], [ -60.7075789, 7.51457524 ], [ -60.70691259, 7.51383063 ], [ -60.70619137, 7.51320321 ], [ -60.70558614, 7.51291078 ], [ -60.70486279, 7.51269012 ], [ -60.70401328, 7.51233313 ], [ -60.70345408, 7.51190538 ], [ -60.70275072, 7.51132323 ], [ -60.70241837, 7.51079729 ], [ -60.70232138, 7.51029062 ], [ -60.70234234, 7.50975744 ], [ -60.7024922, 7.50880925 ], [ -60.70259641, 7.50793303 ], [ -60.7026011, 7.5070382 ], [ -60.7025068, 7.50602539 ], [ -60.70228437, 7.50526504 ], [ -60.70209851, 7.50445054 ], [ -60.70206902, 7.50316695 ], [ -60.70225426, 7.50237248 ], [ -60.7024297, 7.50173168 ], [ -60.7028054, 7.50089313 ], [ -60.70324374, 7.50019939 ], [ -60.70350014, 7.49965843 ], [ -60.70350322, 7.49907092 ], [ -60.70346017, 7.49864586 ], [ -60.70331865, 7.49800344 ], [ -60.70305123, 7.49718859 ], [ -60.70249467, 7.49624568 ], [ -60.70200056, 7.4954838 ], [ -60.70080316, 7.49413991 ], [ -60.70005944, 7.49262658 ], [ -60.69944082, 7.49143028 ], [ -60.69841654, 7.48988838 ], [ -60.69750669, 7.48897071 ], [ -60.69659561, 7.48828808 ], [ -60.69603637, 7.48786031 ], [ -60.69547826, 7.48721571 ], [ -60.69508272, 7.48666229 ], [ -60.69495845, 7.48618261 ], [ -60.69493003, 7.48470011 ], [ -60.69501566, 7.48390511 ], [ -60.69512881, 7.4830471 ], [ -60.69510535, 7.48235106 ], [ -60.69489947, 7.48187995 ], [ -60.69443113, 7.48140752 ], [ -60.69302508, 7.48013472 ], [ -60.69248521, 7.47947211 ], [ -60.6920263, 7.47890931 ], [ -60.69153284, 7.47802999 ], [ -60.69095595, 7.4775208 ], [ -60.69031352, 7.47741805 ], [ -60.68909111, 7.47739354 ], [ -60.68784127, 7.47742316 ], [ -60.68708855, 7.4776362 ], [ -60.68650766, 7.47788618 ], [ -60.68571729, 7.47837014 ], [ -60.68517164, 7.47881016 ], [ -60.68463593, 7.47907846 ], [ -60.6839024, 7.47907461 ], [ -60.68334172, 7.4789361 ], [ -60.68297206, 7.4786269 ], [ -60.68263905, 7.47823648 ], [ -60.68239759, 7.47764772 ], [ -60.68212969, 7.47693223 ], [ -60.68186131, 7.47630718 ], [ -60.68128466, 7.47576184 ], [ -60.68070678, 7.47544253 ], [ -60.68005663, 7.47509564 ], [ -60.67923622, 7.4744044 ], [ -60.67875882, 7.47391385 ], [ -60.67836354, 7.47332427 ], [ -60.67787161, 7.47215566 ], [ -60.67713094, 7.47009099 ], [ -60.67676273, 7.46951063 ], [ -60.6759332, 7.46882839 ], [ -60.67535514, 7.46854521 ], [ -60.67474892, 7.46845157 ], [ -60.67410589, 7.46846626 ], [ -60.67346318, 7.46842673 ], [ -60.67199014, 7.46784955 ], [ -60.67106046, 7.46728427 ], [ -60.67016738, 7.46663786 ], [ -60.66911351, 7.46558385 ], [ -60.66708476, 7.46393722 ], [ -60.66543233, 7.46305177 ], [ -60.66424903, 7.46250323 ], [ -60.66218826, 7.46177833 ], [ -60.66103129, 7.46138354 ], [ -60.65889701, 7.46086612 ], [ -60.65777651, 7.46041728 ], [ -60.65681903, 7.45997845 ], [ -60.65582715, 7.45919586 ], [ -60.65504365, 7.4583783 ], [ -60.65434148, 7.45759725 ], [ -60.65378363, 7.45693454 ], [ -60.65290997, 7.45605315 ], [ -60.65183523, 7.45552324 ], [ -60.65092204, 7.45526535 ], [ -60.65000753, 7.45526052 ], [ -60.64872144, 7.4553079 ], [ -60.64764331, 7.45541962 ], [ -60.64682875, 7.45534303 ], [ -60.6460785, 7.45510398 ], [ -60.64567282, 7.45476746 ], [ -60.64511375, 7.45432162 ], [ -60.64468122, 7.45392161 ], [ -60.64265413, 7.4520038 ], [ -60.64167955, 7.45137491 ], [ -60.64062202, 7.4510259 ], [ -60.63991773, 7.45065156 ], [ -60.63927704, 7.45024138 ], [ -60.63888059, 7.4498688 ], [ -60.63867538, 7.44929818 ], [ -60.63839106, 7.44829351 ], [ -60.63804683, 7.44661955 ], [ -60.63760269, 7.44501744 ], [ -60.63722775, 7.44402125 ], [ -60.63706928, 7.44317087 ], [ -60.6369778, 7.44165194 ], [ -60.6368406, 7.44022317 ], [ -60.63657648, 7.4388209 ], [ -60.63614753, 7.43775213 ], [ -60.63604504, 7.43660364 ], [ -60.63634184, 7.43527669 ], [ -60.63658224, 7.434347 ], [ -60.63710284, 7.43350024 ], [ -60.63775027, 7.43264505 ], [ -60.63881581, 7.43150287 ], [ -60.63998978, 7.43037933 ], [ -60.64071851, 7.42956975 ], [ -60.64084896, 7.42886548 ], [ -60.64087217, 7.42791657 ], [ -60.64074874, 7.4272923 ], [ -60.64050768, 7.42664935 ], [ -60.64023017, 7.42606029 ], [ -60.63937124, 7.42413068 ], [ -60.63908804, 7.42289088 ], [ -60.63900215, 7.42203187 ], [ -60.63911471, 7.42129128 ], [ -60.63939015, 7.42057873 ], [ -60.63972952, 7.41975802 ], [ -60.63991317, 7.41927103 ], [ -60.63983309, 7.41901749 ], [ -60.63956266, 7.41879015 ], [ -60.63917418, 7.41862534 ], [ -60.63863094, 7.41862243 ], [ -60.63786118, 7.41864545 ], [ -60.6371553, 7.41859653 ], [ -60.63661325, 7.41835868 ], [ -60.63619863, 7.41801302 ], [ -60.63547777, 7.4173675 ], [ -60.63435922, 7.41658432 ], [ -60.63301395, 7.41587213 ], [ -60.63131646, 7.41498643 ], [ -60.62963693, 7.41414596 ], [ -60.62811077, 7.41339672 ], [ -60.62697366, 7.41271273 ], [ -60.62593676, 7.41190288 ], [ -60.62517154, 7.41108532 ], [ -60.62451526, 7.41022328 ], [ -60.62399466, 7.40937086 ], [ -60.62360978, 7.4085463 ], [ -60.62326202, 7.40754123 ], [ -60.62309398, 7.40679924 ], [ -60.6227898, 7.4061198 ], [ -60.62229604, 7.40533079 ], [ -60.62159284, 7.40478476 ], [ -60.62082427, 7.40459087 ], [ -60.62019988, 7.40452431 ], [ -60.61955685, 7.40456603 ], [ -60.6188326, 7.40456217 ], [ -60.61804559, 7.40444049 ], [ -60.61752178, 7.4041846 ], [ -60.61699188, 7.40338646 ], [ -60.6164534, 7.40250683 ], [ -60.61562549, 7.40157149 ], [ -60.61490552, 7.40076328 ], [ -60.61420379, 7.399928 ], [ -60.61358355, 7.39910227 ], [ -60.61265387, 7.39857309 ], [ -60.61182116, 7.39853249 ], [ -60.61111407, 7.39870037 ], [ -60.61036087, 7.39903071 ], [ -60.60963477, 7.39936126 ], [ -60.60880142, 7.39944716 ], [ -60.60809625, 7.39925359 ], [ -60.60739166, 7.39896057 ], [ -60.60679746, 7.39833377 ], [ -60.60623989, 7.3976439 ], [ -60.60594342, 7.39721752 ], [ -60.60589992, 7.39689189 ], [ -60.60607449, 7.3964139 ], [ -60.60646557, 7.39608155 ], [ -60.60726447, 7.39567911 ], [ -60.60850682, 7.39529712 ], [ -60.60961364, 7.39487833 ], [ -60.61027691, 7.39442997 ], [ -60.61059684, 7.39387136 ], [ -60.61063693, 7.39314847 ], [ -60.61041538, 7.39225257 ], [ -60.60984097, 7.39131858 ], [ -60.6093664, 7.39033991 ], [ -60.60918107, 7.38944413 ], [ -60.60879849, 7.38820391 ], [ -60.60869554, 7.38714591 ], [ -60.60884419, 7.38643272 ], [ -60.60891042, 7.38590889 ], [ -60.60881374, 7.38536608 ], [ -60.60838233, 7.38477623 ], [ -60.60784084, 7.38445706 ], [ -60.60721919, 7.38388435 ], [ -60.60624719, 7.38283074 ], [ -60.60556506, 7.38171541 ], [ -60.60526122, 7.38098164 ], [ -60.60531063, 7.38020468 ], [ -60.60558063, 7.3788233 ], [ -60.60596618, 7.37783119 ], [ -60.60627873, 7.37695623 ], [ -60.60697192, 7.37599284 ], [ -60.6078917, 7.37498552 ], [ -60.60889237, 7.37407799 ], [ -60.6095837, 7.37347616 ], [ -60.60976796, 7.37287162 ], [ -60.60975342, 7.37221178 ], [ -60.60952991, 7.37168638 ], [ -60.60927909, 7.37117891 ], [ -60.60876558, 7.37071521 ], [ -60.60839525, 7.37055963 ], [ -60.60760095, 7.37012155 ], [ -60.60700699, 7.36945853 ], [ -60.60655048, 7.3684891 ], [ -60.60623004, 7.36747511 ], [ -60.60563081, 7.36610715 ], [ -60.60476872, 7.36480109 ], [ -60.60403942, 7.36405604 ], [ -60.60296597, 7.36335439 ], [ -60.60213725, 7.36257266 ], [ -60.6015164, 7.36186438 ], [ -60.60083294, 7.36102027 ], [ -60.59942677, 7.35988291 ], [ -60.59810019, 7.35911667 ], [ -60.59700692, 7.35872213 ], [ -60.5957154, 7.35815489 ], [ -60.59453408, 7.35730806 ], [ -60.5937776, 7.3565809 ], [ -60.59315722, 7.35578231 ], [ -60.59234659, 7.35501872 ], [ -60.59150018, 7.35418275 ], [ -60.59094397, 7.35324883 ], [ -60.59064355, 7.35188243 ], [ -60.5906233, 7.35059901 ], [ -60.59090086, 7.34948884 ], [ -60.5913403, 7.34857835 ], [ -60.59211521, 7.34755217 ], [ -60.59294396, 7.34663472 ], [ -60.59451863, 7.34503442 ], [ -60.59558295, 7.34406401 ], [ -60.59629393, 7.34315506 ], [ -60.59650459, 7.34269524 ], [ -60.59638078, 7.34216136 ], [ -60.59606645, 7.34168063 ], [ -60.59518273, 7.34105232 ], [ -60.59438856, 7.34059616 ], [ -60.59342512, 7.33964201 ], [ -60.59267683, 7.33907766 ], [ -60.59122451, 7.33812989 ], [ -60.59000773, 7.33713825 ], [ -60.58924316, 7.33623944 ], [ -60.58894076, 7.33524365 ], [ -60.58885566, 7.33423096 ], [ -60.58895119, 7.33330054 ], [ -60.58957197, 7.33232776 ], [ -60.59028594, 7.33085838 ], [ -60.59029318, 7.32951181 ], [ -60.59035556, 7.32800281 ], [ -60.59019876, 7.3268542 ], [ -60.58951677, 7.32574791 ], [ -60.58829221, 7.32453936 ], [ -60.58824327, 7.32353586 ], [ -60.58797847, 7.32227816 ], [ -60.58707892, 7.32122491 ], [ -60.58633113, 7.32057022 ], [ -60.58601119, 7.3194659 ], [ -60.58607251, 7.3181647 ], [ -60.58640484, 7.31696448 ], [ -60.58710633, 7.31611873 ], [ -60.58807016, 7.31531949 ], [ -60.58887894, 7.31471828 ], [ -60.5893076, 7.31412408 ], [ -60.58931268, 7.31317512 ], [ -60.58940026, 7.31202779 ], [ -60.58990879, 7.31172317 ], [ -60.59086765, 7.31184576 ], [ -60.59161831, 7.31196732 ], [ -60.59247782, 7.31203516 ], [ -60.593765, 7.31168955 ], [ -60.59499714, 7.3114973 ], [ -60.59655432, 7.31144237 ], [ -60.5981638, 7.31175816 ], [ -60.59953726, 7.31221739 ], [ -60.60081427, 7.31208864 ], [ -60.60237224, 7.31188898 ], [ -60.60365862, 7.31169703 ], [ -60.60463032, 7.31109664 ], [ -60.60522321, 7.31025021 ], [ -60.60555015, 7.30834498 ], [ -60.60582752, 7.30725283 ], [ -60.6063645, 7.3067044 ], [ -60.60716218, 7.30650068 ], [ -60.60775049, 7.30650378 ], [ -60.60818602, 7.3063073 ], [ -60.60834279, 7.30575684 ], [ -60.60840268, 7.30470874 ], [ -60.60867664, 7.30425826 ], [ -60.60963739, 7.30401023 ], [ -60.61028137, 7.30376968 ], [ -60.61081756, 7.30336577 ], [ -60.61119927, 7.30306956 ], [ -60.61178798, 7.30301847 ], [ -60.61226769, 7.30302103 ], [ -60.61252991, 7.3030766 ], [ -60.61317257, 7.30308 ], [ -60.61349968, 7.30282861 ], [ -60.61371026, 7.30237783 ], [ -60.61350525, 7.30178026 ], [ -60.61329255, 7.30092961 ], [ -60.61281763, 7.30002327 ], [ -60.61234587, 7.29852045 ], [ -60.6120825, 7.29696449 ], [ -60.61218838, 7.29577206 ], [ -60.6120295, 7.29502101 ], [ -60.61128327, 7.29405912 ], [ -60.61069948, 7.29320642 ], [ -60.61049556, 7.29240089 ], [ -60.61060017, 7.29145253 ], [ -60.61109313, 7.2906507 ], [ -60.61189498, 7.28965172 ], [ -60.61259639, 7.28880589 ], [ -60.61372274, 7.28806163 ], [ -60.61458521, 7.28756906 ], [ -60.6150125, 7.2872189 ], [ -60.61528802, 7.28647016 ], [ -60.61507447, 7.28576407 ], [ -60.61470815, 7.28485832 ], [ -60.61449384, 7.28430585 ], [ -60.61417091, 7.28375284 ], [ -60.61369384, 7.28325322 ], [ -60.61343374, 7.28279996 ], [ -60.61364505, 7.28220457 ], [ -60.61461756, 7.28145054 ], [ -60.61638591, 7.28080901 ], [ -60.61826187, 7.2803761 ], [ -60.61986563, 7.2800501 ], [ -60.62072657, 7.27983765 ], [ -60.62126119, 7.27973203 ], [ -60.62200624, 7.27919362 ], [ -60.62298026, 7.27814128 ], [ -60.62373595, 7.27729573 ], [ -60.62497318, 7.27610007 ], [ -60.62540152, 7.27555099 ], [ -60.62607299, 7.27522919 ], [ -60.62652568, 7.27520445 ], [ -60.62695079, 7.2752609 ], [ -60.62738627, 7.27505524 ], [ -60.62770862, 7.2740085 ], [ -60.6284147, 7.27225882 ], [ -60.62932797, 7.27070902 ], [ -60.62992156, 7.26970889 ], [ -60.63067799, 7.26871864 ], [ -60.63121641, 7.26786286 ], [ -60.63197058, 7.26731548 ], [ -60.63272305, 7.26707534 ], [ -60.63325868, 7.26677089 ], [ -60.63368694, 7.2662218 ], [ -60.63385718, 7.26482174 ], [ -60.63338325, 7.26371661 ], [ -60.63300942, 7.26251259 ], [ -60.63248511, 7.26065698 ], [ -60.63226386, 7.25968873 ], [ -60.63196026, 7.25890087 ], [ -60.63179969, 7.25844812 ], [ -60.63163911, 7.25799537 ], [ -60.63170337, 7.25609765 ], [ -60.63192343, 7.25554748 ], [ -60.63277767, 7.25490117 ], [ -60.63369546, 7.25420101 ], [ -60.63412263, 7.25385072 ], [ -60.63428821, 7.25334544 ], [ -60.63396754, 7.25234956 ], [ -60.6338621, 7.25174348 ], [ -60.63381998, 7.25114675 ], [ -60.63386862, 7.25049627 ], [ -60.63451435, 7.24989406 ], [ -60.63505095, 7.24939975 ], [ -60.63506218, 7.24897501 ], [ -60.63383671, 7.24793829 ], [ -60.63298101, 7.24713842 ], [ -60.63261366, 7.24643155 ], [ -60.63282811, 7.2452306 ], [ -60.63305106, 7.24412912 ], [ -60.63310905, 7.24342438 ], [ -60.63300352, 7.24282731 ], [ -60.63214978, 7.24166601 ], [ -60.62933349, 7.23849705 ], [ -60.6284872, 7.23764299 ], [ -60.62790104, 7.23724233 ], [ -60.62736118, 7.23663399 ], [ -60.62683088, 7.2359262 ], [ -60.62630343, 7.23467623 ], [ -60.62610262, 7.23327424 ], [ -60.62578149, 7.23236872 ], [ -60.62552455, 7.23131893 ], [ -60.62568464, 7.23011773 ], [ -60.62600673, 7.22910713 ], [ -60.6257931, 7.22841012 ], [ -60.62537386, 7.22725106 ], [ -60.62510515, 7.22669833 ], [ -60.62457439, 7.22609908 ], [ -60.62420599, 7.22559101 ], [ -60.62426465, 7.22474169 ], [ -60.62426879, 7.22394639 ], [ -60.62394804, 7.22298668 ], [ -60.62331022, 7.22207953 ], [ -60.62305006, 7.22163527 ], [ -60.62294384, 7.22118281 ], [ -60.62290053, 7.21907671 ], [ -60.62242663, 7.21797159 ], [ -60.62226794, 7.21716641 ], [ -60.6221648, 7.21611744 ], [ -60.62185283, 7.21521197 ], [ -60.62152989, 7.21465898 ], [ -60.6208455, 7.2140047 ], [ -60.61929266, 7.21329157 ], [ -60.61838922, 7.21298865 ], [ -60.61795896, 7.21219104 ], [ -60.61743264, 7.21073324 ], [ -60.61674294, 7.20937386 ], [ -60.61578858, 7.20841987 ], [ -60.61498708, 7.20766556 ], [ -60.6135506, 7.20720617 ], [ -60.61194916, 7.20714358 ], [ -60.61092674, 7.20709309 ], [ -60.61013255, 7.2066822 ], [ -60.60938148, 7.20667828 ], [ -60.60846325, 7.2074778 ], [ -60.60781629, 7.20832404 ], [ -60.6068533, 7.20902393 ], [ -60.60561811, 7.2098671 ], [ -60.60471105, 7.21026003 ], [ -60.60321045, 7.20995388 ], [ -60.6018745, 7.20929615 ], [ -60.60059423, 7.2083856 ], [ -60.59926977, 7.20727602 ], [ -60.5983419, 7.20646684 ], [ -60.59765918, 7.20551425 ], [ -60.59696867, 7.20430858 ], [ -60.59638626, 7.2032028 ], [ -60.59596037, 7.20159182 ], [ -60.595812, 7.20054263 ], [ -60.59560068, 7.19943891 ], [ -60.59544329, 7.19838968 ], [ -60.59572107, 7.19718911 ], [ -60.59626005, 7.1962339 ], [ -60.59642795, 7.19528578 ], [ -60.59643239, 7.19443628 ], [ -60.59621912, 7.19368495 ], [ -60.59633149, 7.19298061 ], [ -60.59681583, 7.19207933 ], [ -60.59671015, 7.19152747 ], [ -60.59665925, 7.19087647 ], [ -60.59683003, 7.18937705 ], [ -60.5969966, 7.188673 ], [ -60.59689138, 7.18802175 ], [ -60.59625181, 7.18746706 ], [ -60.59480743, 7.18680868 ], [ -60.59326476, 7.18590591 ], [ -60.59267924, 7.1853967 ], [ -60.59215479, 7.18359536 ], [ -60.59188809, 7.18269022 ], [ -60.59104196, 7.18183619 ], [ -60.59003087, 7.18137897 ], [ -60.58890106, 7.18112002 ], [ -60.58833169, 7.18098139 ], [ -60.58719854, 7.17965595 ], [ -60.58602635, 7.17885441 ], [ -60.58456091, 7.17875633 ], [ -60.58270223, 7.17945158 ], [ -60.58153244, 7.17991529 ], [ -60.58072677, 7.17996539 ], [ -60.58008691, 7.17947396 ], [ -60.57971934, 7.17882123 ], [ -60.57897098, 7.17831115 ], [ -60.57793931, 7.1783329 ], [ -60.57720727, 7.17815726 ], [ -60.57634848, 7.17799912 ], [ -60.57570602, 7.17799571 ], [ -60.5747468, 7.17799064 ], [ -60.57416186, 7.17738206 ], [ -60.57395049, 7.17627832 ], [ -60.57353267, 7.17487521 ], [ -60.57337564, 7.17377181 ], [ -60.57284648, 7.17287422 ], [ -60.57194745, 7.17176686 ], [ -60.57012816, 7.17014853 ], [ -60.56725766, 7.16712375 ], [ -60.56623996, 7.16622369 ], [ -60.5654469, 7.16561396 ], [ -60.56480844, 7.16486038 ], [ -60.56443269, 7.16405408 ], [ -60.56373884, 7.16349912 ], [ -60.56337087, 7.16294588 ], [ -60.56321458, 7.16169778 ], [ -60.56301318, 7.1604405 ], [ -60.56258229, 7.15978752 ], [ -60.56184192, 7.15948532 ], [ -60.55975175, 7.15947422 ], [ -60.55911092, 7.15917256 ], [ -60.55831495, 7.15911412 ], [ -60.55761667, 7.1594087 ], [ -60.5570285, 7.15940557 ], [ -60.55611698, 7.15895787 ], [ -60.55542513, 7.1580504 ], [ -60.5552383, 7.15744391 ], [ -60.55528218, 7.15599806 ], [ -60.55485697, 7.15428771 ], [ -60.55477239, 7.15318466 ], [ -60.55486843, 7.15212775 ], [ -60.55488978, 7.15152238 ], [ -60.55476722, 7.15074442 ], [ -60.55381303, 7.14982663 ], [ -60.55264156, 7.14891661 ], [ -60.55194935, 7.14806336 ], [ -60.55041532, 7.14559703 ], [ -60.55020503, 7.14429442 ], [ -60.5500851, 7.14303758 ], [ -60.55013273, 7.14258594 ], [ -60.55000936, 7.14196171 ], [ -60.54967673, 7.14155323 ], [ -60.54909869, 7.14136038 ], [ -60.5483871, 7.14076014 ], [ -60.54835314, 7.14034419 ], [ -60.54799517, 7.13960115 ], [ -60.54760964, 7.13893939 ], [ -60.54686435, 7.13787802 ], [ -60.54649844, 7.1369271 ], [ -60.54596993, 7.13592109 ], [ -60.54548615, 7.13501482 ], [ -60.54480252, 7.13426103 ], [ -60.54448054, 7.1335544 ], [ -60.54423177, 7.13270352 ], [ -60.54427142, 7.13205301 ], [ -60.54417905, 7.13070597 ], [ -60.54321711, 7.12954396 ], [ -60.54268843, 7.12859229 ], [ -60.54221283, 7.12783958 ], [ -60.54189891, 7.12733181 ], [ -60.54151998, 7.127131 ], [ -60.54061361, 7.12742437 ], [ -60.53969847, 7.12767261 ], [ -60.53894623, 7.1279216 ], [ -60.53828644, 7.12778255 ], [ -60.53773635, 7.12744518 ], [ -60.53740255, 7.12726271 ], [ -60.53684823, 7.12772066 ], [ -60.53660637, 7.12895749 ], [ -60.53631814, 7.13041104 ], [ -60.53636627, 7.13155905 ], [ -60.53689579, 7.13236627 ], [ -60.53790323, 7.13347423 ], [ -60.5384325, 7.1343266 ], [ -60.53842714, 7.1353297 ], [ -60.53805379, 7.13577957 ], [ -60.53751942, 7.13587614 ], [ -60.53687812, 7.13567391 ], [ -60.53629164, 7.1353726 ], [ -60.53532224, 7.13561141 ], [ -60.53478569, 7.13611464 ], [ -60.53403953, 7.13690595 ], [ -60.53312111, 7.13775962 ], [ -60.53081498, 7.13924757 ], [ -60.52957998, 7.14009054 ], [ -60.52904402, 7.14048522 ], [ -60.52834567, 7.14078881 ], [ -60.52775682, 7.14093022 ], [ -60.52695211, 7.14082654 ], [ -60.52615674, 7.14067771 ], [ -60.52540496, 7.14081825 ], [ -60.52486959, 7.14111365 ], [ -60.52454302, 7.1412655 ], [ -60.52406247, 7.14146171 ], [ -60.52362646, 7.14177572 ], [ -60.52353127, 7.14264278 ], [ -60.52358627, 7.14419751 ], [ -60.52319148, 7.14527088 ], [ -60.52302268, 7.1463726 ], [ -60.52269098, 7.14747341 ], [ -60.52226123, 7.14832055 ], [ -60.52160906, 7.15012461 ], [ -60.52121939, 7.15192093 ], [ -60.52126633, 7.15327684 ], [ -60.52153159, 7.15442602 ], [ -60.52158179, 7.15518542 ], [ -60.52136073, 7.15590727 ], [ -60.51986148, 7.15707407 ], [ -60.51921529, 7.15777546 ], [ -60.51904941, 7.15832586 ], [ -60.5187841, 7.15887571 ], [ -60.51818342, 7.15952315 ], [ -60.5174909, 7.1604232 ], [ -60.51732511, 7.16096455 ], [ -60.51732234, 7.16147064 ], [ -60.51838541, 7.16232593 ], [ -60.51897005, 7.16297977 ], [ -60.5193912, 7.16373208 ], [ -60.51938252, 7.1653408 ], [ -60.51927324, 7.16713864 ], [ -60.51915682, 7.16859305 ], [ -60.51882871, 7.1690432 ], [ -60.51808404, 7.16953613 ], [ -60.51695002, 7.17008138 ], [ -60.51626154, 7.17023127 ], [ -60.51556755, 7.16972143 ], [ -60.51476578, 7.16906641 ], [ -60.5140729, 7.16836674 ], [ -60.51359526, 7.16801174 ], [ -60.51306301, 7.16771059 ], [ -60.5122037, 7.16765173 ], [ -60.51107877, 7.16819694 ], [ -60.51070645, 7.16844791 ], [ -60.51011782, 7.16854422 ], [ -60.50910357, 7.16869235 ], [ -60.50855885, 7.16903284 ], [ -60.50860878, 7.16983739 ], [ -60.50929537, 7.17169381 ], [ -60.50929131, 7.17244386 ], [ -60.50891651, 7.17314671 ], [ -60.50874924, 7.17395019 ], [ -60.50885057, 7.17529727 ], [ -60.5090587, 7.17695231 ], [ -60.5085721, 7.17825102 ], [ -60.50792371, 7.17934103 ], [ -60.5071154, 7.1798879 ], [ -60.5059912, 7.18028853 ], [ -60.50481029, 7.18113165 ], [ -60.50379281, 7.18187619 ], [ -60.50239392, 7.18287171 ], [ -60.50137778, 7.18336324 ], [ -60.49992944, 7.18346379 ], [ -60.49460591, 7.18897467 ], [ -60.49019498, 7.1897458 ], [ -60.48490316, 7.18945478 ], [ -60.48358043, 7.18975473 ], [ -60.47974955, 7.19036627 ], [ -60.47736363, 7.19147375 ], [ -60.47565563, 7.19272057 ], [ -60.47307378, 7.19490236 ], [ -60.47061928, 7.19695834 ], [ -60.46727419, 7.19969617 ], [ -60.46531697, 7.20181808 ], [ -60.46392457, 7.20487395 ], [ -60.46202955, 7.20718593 ], [ -60.46107147, 7.21025324 ], [ -60.45898429, 7.21293471 ], [ -60.45753205, 7.21373999 ], [ -60.45476661, 7.21472772 ], [ -60.45188047, 7.21464839 ], [ -60.44756223, 7.21337712 ], [ -60.4456231, 7.21223667 ], [ -60.44268388, 7.21034061 ], [ -60.43980764, 7.20850805 ], [ -60.43696969, 7.2062962 ], [ -60.43323311, 7.20138634 ], [ -60.43061044, 7.19792853 ], [ -60.42837364, 7.19503327 ], [ -60.42663491, 7.19207744 ], [ -60.42570887, 7.1894335 ], [ -60.42253021, 7.18509606 ], [ -60.42091399, 7.18289105 ], [ -60.41835132, 7.18005709 ], [ -60.41666292, 7.17942407 ], [ -60.41215172, 7.17876613 ], [ -60.40920466, 7.17831571 ], [ -60.40240371, 7.17778931 ], [ -60.39681219, 7.17938424 ], [ -60.39033625, 7.18216698 ], [ -60.38498066, 7.18520894 ], [ -60.37830596, 7.18949932 ], [ -60.3752259, 7.19173175 ], [ -60.37246354, 7.19222196 ], [ -60.36608576, 7.19204985 ], [ -60.3615154, 7.19070422 ], [ -60.35670327, 7.18735114 ], [ -60.35289328, 7.18438329 ], [ -60.35140229, 7.18249517 ], [ -60.34786059, 7.17696251 ], [ -60.34586772, 7.17425823 ], [ -60.34612782, 7.17309405 ], [ -60.34677163, 7.1712815 ], [ -60.34608988, 7.16870224 ], [ -60.3450434, 7.16662688 ], [ -60.34556119, 7.16312374 ], [ -60.3444431, 7.1609215 ], [ -60.34213868, 7.15890214 ], [ -60.34001022, 7.15776033 ], [ -60.33806555, 7.15769488 ], [ -60.33542427, 7.15917962 ], [ -60.33299038, 7.15922879 ], [ -60.33085685, 7.15896337 ], [ -60.32873962, 7.15745116 ], [ -60.32567002, 7.15636707 ], [ -60.3233509, 7.15535059 ], [ -60.32066962, 7.15283196 ], [ -60.31942499, 7.15062897 ], [ -60.31807924, 7.14869641 ], [ -60.31627007, 7.14712267 ], [ -60.31338796, 7.14648242 ], [ -60.31094016, 7.14583564 ], [ -60.30882605, 7.14381729 ], [ -60.3077703, 7.1418051 ], [ -60.30589783, 7.14023094 ], [ -60.30314762, 7.13871489 ], [ -60.29894858, 7.13743441 ], [ -60.29619914, 7.13579184 ], [ -60.29340611, 7.13540499 ], [ -60.29121278, 7.13457895 ], [ -60.28934674, 7.13193858 ], [ -60.28754404, 7.12928953 ], [ -60.28680504, 7.12728821 ], [ -60.28745403, 7.12459032 ], [ -60.28890374, 7.12265609 ], [ -60.28841315, 7.12146952 ], [ -60.28665967, 7.11969719 ], [ -60.2859814, 7.11813009 ], [ -60.28643305, 7.11669601 ], [ -60.28845073, 7.11507236 ], [ -60.29045601, 7.11401786 ], [ -60.29128797, 7.11252272 ], [ -60.29116719, 7.11151904 ], [ -60.2901097, 7.10982316 ], [ -60.28930389, 7.10840881 ], [ -60.28837014, 7.10721063 ], [ -60.28862935, 7.10620917 ], [ -60.28977057, 7.10439956 ], [ -60.29003528, 7.10245845 ], [ -60.29010559, 7.10126608 ], [ -60.28911328, 7.09925436 ], [ -60.28824729, 7.09730658 ], [ -60.2874992, 7.09530527 ], [ -60.28750842, 7.09373305 ], [ -60.28789742, 7.09217213 ], [ -60.2887814, 7.0910478 ], [ -60.28985267, 7.09036735 ], [ -60.2908611, 7.08961416 ], [ -60.29212421, 7.08861853 ], [ -60.29307472, 7.08693435 ], [ -60.29322405, 7.0830498 ], [ -60.29348662, 7.07989782 ], [ -60.29376467, 7.07563445 ], [ -60.29340852, 7.07155718 ], [ -60.29347949, 7.07024742 ], [ -60.29461925, 7.06868179 ], [ -60.29700738, 7.06706918 ], [ -60.29802264, 7.06513228 ], [ -60.29916664, 7.06281668 ], [ -60.30018839, 7.05975036 ], [ -60.30139601, 7.05738082 ], [ -60.30297373, 7.05513096 ], [ -60.30512265, 7.05264035 ], [ -60.30757664, 7.05058525 ], [ -60.31009887, 7.04921731 ], [ -60.31241969, 7.04829088 ], [ -60.31524183, 7.04824388 ], [ -60.31736579, 7.05008131 ], [ -60.31830428, 7.05045721 ], [ -60.32144269, 7.0504752 ], [ -60.324413, 7.04984165 ], [ -60.32636257, 7.04897626 ], [ -60.32889371, 7.04604488 ], [ -60.33203423, 7.0441201 ], [ -60.33530106, 7.04382238 ], [ -60.33631067, 7.04282513 ], [ -60.33644694, 7.04113612 ], [ -60.33575977, 7.03950569 ], [ -60.33577515, 7.036813 ], [ -60.33837174, 7.03350245 ], [ -60.33851263, 7.03258151 ], [ -60.33876089, 7.03186899 ], [ -60.33918954, 7.03124794 ], [ -60.33977998, 7.03079045 ], [ -60.34051376, 7.03058683 ], [ -60.34126474, 7.03053686 ], [ -60.34201601, 7.0304327 ], [ -60.34348307, 7.03009763 ], [ -60.34363204, 7.0293575 ], [ -60.34387124, 7.02864493 ], [ -60.34414656, 7.0279417 ], [ -60.34444892, 7.02724763 ], [ -60.34476038, 7.0265626 ], [ -60.34564946, 7.02447121 ], [ -60.34593382, 7.02377704 ], [ -60.34623624, 7.02308297 ], [ -60.34655665, 7.02239795 ], [ -60.34724261, 7.02104644 ], [ -60.34757209, 7.02037059 ], [ -60.34785642, 7.01966733 ], [ -60.3480866, 7.01894573 ], [ -60.34829872, 7.01822399 ], [ -60.34854692, 7.01751155 ], [ -60.34884029, 7.01681743 ], [ -60.34916069, 7.0161324 ], [ -60.34949913, 7.0154566 ], [ -60.35022115, 7.01412336 ], [ -60.35060467, 7.01347485 ], [ -60.35101525, 7.01283558 ], [ -60.35143486, 7.01221446 ], [ -60.35188146, 7.01160251 ], [ -60.35234607, 7.0109997 ], [ -60.35281967, 7.01041501 ], [ -60.35331136, 7.00983939 ], [ -60.3538389, 7.00930017 ], [ -60.35492117, 7.00823998 ], [ -60.35544878, 7.00770076 ], [ -60.35646792, 7.00658599 ], [ -60.35778778, 7.00508432 ], [ -60.3582254, 7.00446326 ], [ -60.35993968, 7.00196987 ], [ -60.36054072, 7.00124122 ], [ -60.36134058, 7.00054092 ], [ -60.36181384, 7.00001042 ], [ -60.36237534, 6.99665194 ], [ -60.36375287, 6.99290952 ], [ -60.36430797, 6.9906897 ], [ -60.36438193, 6.98878335 ], [ -60.36406406, 6.9857906 ], [ -60.36441077, 6.98363279 ], [ -60.36354634, 6.98134169 ], [ -60.36274849, 6.97847271 ], [ -60.36276594, 6.97535521 ], [ -60.36352096, 6.97294667 ], [ -60.36483188, 6.96977314 ], [ -60.36531807, 6.96692036 ], [ -60.36696463, 6.96355894 ], [ -60.36740489, 6.96081424 ], [ -60.36808344, 6.95751971 ], [ -60.36871071, 6.95530022 ], [ -60.36932118, 6.95448126 ], [ -60.36924694, 6.95319772 ], [ -60.36995025, 6.95193654 ], [ -60.36988434, 6.95077942 ], [ -60.36901352, 6.949636 ], [ -60.36943531, 6.94696352 ], [ -60.37018564, 6.94537726 ], [ -60.37094284, 6.94417964 ], [ -60.37108658, 6.94271649 ], [ -60.37204313, 6.94144767 ], [ -60.37265606, 6.94017687 ], [ -60.37280711, 6.93903912 ], [ -60.37321969, 6.93802025 ], [ -60.37356064, 6.93687453 ], [ -60.37323233, 6.93573411 ], [ -60.37310133, 6.934902 ], [ -60.37310587, 6.93407974 ], [ -60.37385016, 6.93357779 ], [ -60.37452659, 6.93389775 ], [ -60.37561065, 6.93409356 ], [ -60.37676774, 6.93416323 ], [ -60.37723793, 6.9341658 ], [ -60.37805211, 6.93410707 ], [ -60.37880758, 6.93321658 ], [ -60.38018796, 6.93215789 ], [ -60.38221781, 6.9346632 ], [ -60.38558885, 6.93830547 ], [ -60.39099328, 6.94382042 ], [ -60.3943217, 6.94701056 ], [ -60.39663705, 6.94860472 ], [ -60.3984401, 6.94963575 ], [ -60.40030919, 6.9501521 ], [ -60.40256873, 6.95039036 ], [ -60.40454977, 6.95029278 ], [ -60.40670509, 6.94973526 ], [ -60.40795771, 6.94889263 ], [ -60.40960197, 6.94754614 ], [ -60.41102791, 6.94642434 ], [ -60.41216232, 6.94568945 ], [ -60.41680875, 6.9443593 ], [ -60.42310202, 6.94286627 ], [ -60.42843455, 6.94176561 ], [ -60.4353493, 6.94072764 ], [ -60.43554112, 6.94069595 ], [ -60.44101556, 6.93979122 ], [ -60.44413126, 6.93890429 ], [ -60.44753967, 6.93739536 ], [ -60.45213827, 6.93487155 ], [ -60.4550358, 6.93250136 ], [ -60.45782689, 6.92974191 ], [ -60.45936704, 6.92754501 ], [ -60.46108491, 6.92421948 ], [ -60.46250805, 6.92190457 ], [ -60.46332055, 6.920973 ], [ -60.46467354, 6.91942182 ], [ -60.46660809, 6.9178506 ], [ -60.46836844, 6.91673032 ], [ -60.47138064, 6.91487556 ], [ -60.47411067, 6.91336275 ], [ -60.47660884, 6.91122513 ], [ -60.47912146, 6.90806632 ], [ -60.48237604, 6.90310401 ], [ -60.48591327, 6.89769124 ], [ -60.48932963, 6.89290127 ], [ -60.49246744, 6.88946548 ], [ -60.49581779, 6.88688027 ], [ -60.49843004, 6.88536662 ], [ -60.5014416, 6.88356584 ], [ -60.50461301, 6.88233517 ], [ -60.50768078, 6.88189927 ], [ -60.51175107, 6.88169454 ], [ -60.51554831, 6.88183174 ], [ -60.520303, 6.8821908 ], [ -60.52658493, 6.88273844 ], [ -60.52862832, 6.88281226 ], [ -60.53117223, 6.88225605 ], [ -60.53350265, 6.88102077 ], [ -60.53526533, 6.87938501 ], [ -60.53766075, 6.87606245 ], [ -60.53857699, 6.87374453 ], [ -60.53979236, 6.86951206 ], [ -60.54252293, 6.86428417 ], [ -60.54474147, 6.86191858 ], [ -60.54712998, 6.85989726 ], [ -60.55121995, 6.85759546 ], [ -60.55439089, 6.85641867 ], [ -60.5583642, 6.85570675 ], [ -60.56357487, 6.85528129 ], [ -60.57200534, 6.85475459 ], [ -60.57744294, 6.85415843 ], [ -60.58084576, 6.85361519 ], [ -60.58464732, 6.85289323 ], [ -60.58680116, 6.85256056 ], [ -60.58934126, 6.85274503 ], [ -60.59103956, 6.853097 ], [ -60.59301844, 6.85338717 ], [ -60.59517086, 6.8533436 ], [ -60.59749741, 6.85284007 ], [ -60.59942773, 6.8520002 ], [ -60.60169593, 6.85048406 ], [ -60.6042052, 6.84778512 ], [ -60.60562235, 6.84649065 ], [ -60.60852614, 6.84446245 ], [ -60.6124926, 6.84329817 ], [ -60.61673773, 6.84246966 ], [ -60.62109932, 6.84186752 ], [ -60.62427691, 6.84114212 ], [ -60.63079756, 6.83914059 ], [ -60.63583819, 6.83837006 ], [ -60.64026084, 6.83821994 ], [ -60.64552718, 6.83751362 ], [ -60.65142108, 6.83606911 ], [ -60.65419943, 6.83563072 ], [ -60.65686179, 6.83484831 ], [ -60.66168268, 6.83278384 ], [ -60.66554876, 6.8299102 ], [ -60.66861775, 6.82733094 ], [ -60.66927699, 6.82652306 ], [ -60.67151955, 6.82377481 ], [ -60.67841925, 6.81436266 ], [ -60.68348709, 6.80787006 ], [ -60.68548391, 6.80442689 ], [ -60.68737672, 6.80002509 ], [ -60.68824644, 6.79588951 ], [ -60.689397, 6.79164681 ], [ -60.69088641, 6.78837279 ], [ -60.69254611, 6.7854341 ], [ -60.69487369, 6.78273354 ], [ -60.70085653, 6.77573871 ], [ -60.70375489, 6.77279678 ], [ -60.70540895, 6.77099679 ], [ -60.70637756, 6.76885012 ], [ -60.70707833, 6.7659701 ], [ -60.70844391, 6.76398796 ], [ -60.71389843, 6.75965689 ], [ -60.71633777, 6.75814075 ], [ -60.71838562, 6.75719221 ], [ -60.72059424, 6.75668731 ], [ -60.72177943, 6.75653019 ], [ -60.72387707, 6.75653996 ], [ -60.7258556, 6.7568836 ], [ -60.72862691, 6.75786371 ], [ -60.73360017, 6.75974894 ], [ -60.73727491, 6.76089587 ], [ -60.74338007, 6.7624518 ], [ -60.75135458, 6.76453152 ], [ -60.75780085, 6.7666583 ], [ -60.76513432, 6.77053366 ], [ -60.76959589, 6.77367267 ], [ -60.77411103, 6.77697455 ], [ -60.77828723, 6.77926251 ], [ -60.78224906, 6.78097102 ], [ -60.78450626, 6.78173151 ], [ -60.7881796, 6.78327591 ], [ -60.79207493, 6.78572527 ], [ -60.80070945, 6.79199251 ], [ -60.80398118, 6.79438473 ], [ -60.80753477, 6.79644374 ], [ -60.80760279, 6.79647215 ], [ -60.80985445, 6.79741242 ], [ -60.81273605, 6.79810336 ], [ -60.81602694, 6.79828994 ], [ -60.81732908, 6.79829579 ], [ -60.81959367, 6.79745634 ], [ -60.82215146, 6.79576834 ], [ -60.8253367, 6.79329685 ], [ -60.82851385, 6.7905901 ], [ -60.83050467, 6.78827587 ], [ -60.83238359, 6.78670233 ], [ -60.83550063, 6.78529699 ], [ -60.83908086, 6.78345086 ], [ -60.84134512, 6.78266539 ], [ -60.84309998, 6.78255567 ], [ -60.84582153, 6.78263102 ], [ -60.84802548, 6.78320126 ], [ -60.85040356, 6.78393802 ], [ -60.85175516, 6.78435674 ], [ -60.85531815, 6.78640643 ], [ -60.85983568, 6.78937337 ], [ -60.8735604, 6.7962226 ], [ -60.87582479, 6.79748 ], [ -60.87880911, 6.79953606 ], [ -60.88371697, 6.8043125 ], [ -60.89064986, 6.81135768 ], [ -60.89381398, 6.81370382 ], [ -60.8975947, 6.81569994 ], [ -60.90149424, 6.81741648 ], [ -60.90438402, 6.81839622 ], [ -60.90658811, 6.81902055 ], [ -60.90987076, 6.81909804 ], [ -60.91275866, 6.81843246 ], [ -60.91486126, 6.81742008 ], [ -60.91702126, 6.81567556 ], [ -60.91895762, 6.81336066 ], [ -60.9212955, 6.81019767 ], [ -60.92306557, 6.80658016 ], [ -60.9242201, 6.80098024 ], [ -60.92457414, 6.79645273 ], [ -60.92447991, 6.79311646 ], [ -60.92359324, 6.78898144 ], [ -60.92067258, 6.78255945 ], [ -60.91831234, 6.77830957 ], [ -60.91690061, 6.77643228 ], [ -60.91544196, 6.77495245 ], [ -60.91414361, 6.77404285 ], [ -60.90961912, 6.77260423 ], [ -60.90627542, 6.77208359 ], [ -60.90384651, 6.77122334 ], [ -60.90255144, 6.7695725 ], [ -60.90036233, 6.76554929 ], [ -60.89895923, 6.76169225 ], [ -60.89880228, 6.76033561 ], [ -60.89936803, 6.75914474 ], [ -60.9006807, 6.75671868 ], [ -60.90210948, 6.75461851 ], [ -60.90409729, 6.75287324 ], [ -60.90914447, 6.75046319 ], [ -60.91277837, 6.74867069 ], [ -60.91398499, 6.74845115 ], [ -60.91583716, 6.74811424 ], [ -60.92110094, 6.74791071 ], [ -60.92552208, 6.74810126 ], [ -60.92954225, 6.74687084 ], [ -60.932153, 6.74535411 ], [ -60.93443165, 6.74326643 ], [ -60.93664903, 6.74067219 ], [ -60.93700503, 6.74010336 ], [ -60.93841524, 6.73785013 ], [ -60.93888355, 6.73400092 ], [ -60.9397588, 6.72801096 ], [ -60.94095267, 6.72580119 ], [ -60.94248729, 6.7242798 ], [ -60.94527107, 6.72242915 ], [ -60.94884178, 6.7205186 ], [ -60.95196585, 6.71945588 ], [ -60.95587641, 6.71845066 ], [ -60.96126055, 6.71751479 ], [ -60.96487867, 6.71724049 ], [ -60.96742838, 6.7173143 ], [ -60.96985938, 6.71765893 ], [ -60.97150317, 6.71811774 ], [ -60.97382614, 6.71835333 ], [ -60.97648484, 6.71831008 ], [ -60.97829352, 6.71826328 ], [ -60.97982213, 6.7181521 ], [ -60.98163825, 6.71850314 ], [ -60.98406624, 6.71958895 ], [ -60.98807668, 6.72288707 ], [ -60.99297522, 6.72794265 ], [ -60.99501115, 6.72982243 ], [ -60.99754473, 6.73164088 ], [ -61.00020725, 6.7328994 ], [ -61.00246588, 6.73341491 ], [ -61.00473586, 6.73336993 ], [ -61.0069982, 6.73298134 ], [ -61.00955128, 6.73225938 ], [ -61.01198772, 6.73131108 ], [ -61.01420264, 6.72922264 ], [ -61.016818, 6.72651195 ], [ -61.01932686, 6.72329459 ], [ -61.02171259, 6.72144191 ], [ -61.02392265, 6.72054675 ], [ -61.02636564, 6.720213 ], [ -61.02907796, 6.72034153 ], [ -61.03140104, 6.72057681 ], [ -61.03440341, 6.7205256 ], [ -61.03666752, 6.7196848 ], [ -61.03899332, 6.71924216 ], [ -61.04345954, 6.71948598 ], [ -61.04459898, 6.71949054 ], [ -61.04731021, 6.71989914 ], [ -61.05030952, 6.72064337 ], [ -61.05393277, 6.72139004 ], [ -61.0578873, 6.72299698 ], [ -61.06257933, 6.72561924 ], [ -61.06868028, 6.72869916 ], [ -61.0719563, 6.73041174 ], [ -61.07393087, 6.73189322 ], [ -61.07545673, 6.732523 ], [ -61.07658784, 6.73235573 ], [ -61.07823683, 6.73156663 ], [ -61.07954613, 6.72976353 ], [ -61.08057729, 6.72738987 ], [ -61.08132137, 6.72444538 ], [ -61.08234117, 6.71695354 ], [ -61.08266209, 6.71459596 ], [ -61.08340762, 6.71126278 ], [ -61.08415685, 6.70928569 ], [ -61.08501175, 6.70804141 ], [ -61.08637391, 6.70657301 ], [ -61.08773275, 6.70595449 ], [ -61.08948726, 6.70590709 ], [ -61.09113152, 6.70631132 ], [ -61.09282847, 6.70710443 ], [ -61.09513601, 6.70903914 ], [ -61.09913814, 6.71472342 ], [ -61.10065758, 6.71699858 ], [ -61.10228851, 6.71853285 ], [ -61.10410219, 6.71955248 ], [ -61.10618084, 6.71997216 ], [ -61.10670463, 6.72007788 ], [ -61.10840611, 6.71974085 ], [ -61.10959164, 6.71951943 ], [ -61.11101075, 6.71969666 ], [ -61.11287122, 6.72032763 ], [ -61.11660835, 6.72209594 ], [ -61.12061919, 6.72323246 ], [ -61.12469278, 6.72454099 ], [ -61.12804616, 6.72499684 ], [ -61.13029751, 6.72512295 ], [ -61.1321505, 6.72537409 ], [ -61.13374175, 6.72547064 ], [ -61.13507079, 6.72555706 ], [ -61.13593929, 6.725479 ], [ -61.13678148, 6.72518382 ], [ -61.13820504, 6.72420372 ], [ -61.14240875, 6.71983469 ], [ -61.14653972, 6.71553764 ], [ -61.14955474, 6.71219463 ], [ -61.14979465, 6.7109298 ], [ -61.15020105, 6.70868007 ], [ -61.15092962, 6.70492163 ], [ -61.15164584, 6.70204008 ], [ -61.15149563, 6.70109017 ], [ -61.15133593, 6.70026687 ], [ -61.15074215, 6.69946897 ], [ -61.14944426, 6.69831583 ], [ -61.14873177, 6.69780685 ], [ -61.14818228, 6.69724423 ], [ -61.14810383, 6.69645738 ], [ -61.14854193, 6.69539214 ], [ -61.14961508, 6.69377772 ], [ -61.15041677, 6.6921985 ], [ -61.15093419, 6.69168515 ], [ -61.15168607, 6.69133536 ], [ -61.15243692, 6.6912568 ], [ -61.15382047, 6.69126199 ], [ -61.15570879, 6.69170306 ], [ -61.16108414, 6.69310645 ], [ -61.1640836, 6.69386814 ], [ -61.16460007, 6.69358975 ], [ -61.16471942, 6.69312001 ], [ -61.16455931, 6.69240519 ], [ -61.16385879, 6.69110055 ], [ -61.16137272, 6.68847834 ], [ -61.16055471, 6.68717338 ], [ -61.16016196, 6.68578854 ], [ -61.16020195, 6.68476701 ], [ -61.16048817, 6.68318583 ], [ -61.16104409, 6.68203966 ], [ -61.16179654, 6.6815271 ], [ -61.1623934, 6.68152935 ], [ -61.16325937, 6.68208409 ], [ -61.16499093, 6.68335638 ], [ -61.16633666, 6.68378624 ], [ -61.167124, 6.68363552 ], [ -61.16804041, 6.68280715 ], [ -61.16887862, 6.68111041 ], [ -61.16999152, 6.67851061 ], [ -61.1704281, 6.67783414 ], [ -61.17109859, 6.677484 ], [ -61.17204848, 6.67737001 ], [ -61.17323263, 6.67749189 ], [ -61.17465903, 6.67813015 ], [ -61.17667266, 6.67892415 ], [ -61.17757687, 6.67892752 ], [ -61.17888154, 6.67826329 ], [ -61.17988057, 6.67708256 ], [ -61.18122623, 6.6751074 ], [ -61.18174645, 6.67380731 ], [ -61.18194918, 6.67277732 ], [ -61.18233743, 6.67048225 ], [ -61.18347519, 6.66847015 ], [ -61.18378625, 6.66748578 ], [ -61.18378804, 6.66700667 ], [ -61.18399115, 6.66586809 ], [ -61.18414754, 6.66513635 ], [ -61.18381102, 6.66075001 ], [ -61.18389643, 6.65964726 ], [ -61.18436933, 6.65891658 ], [ -61.18503105, 6.65848501 ], [ -61.18565565, 6.65829745 ], [ -61.18628106, 6.65790191 ], [ -61.18687145, 6.65717176 ], [ -61.18761538, 6.65651446 ], [ -61.18882962, 6.65582264 ], [ -61.18933757, 6.65539048 ], [ -61.18945791, 6.65462244 ], [ -61.18895584, 6.65344525 ], [ -61.18840958, 6.65198755 ], [ -61.18846307, 6.64971832 ], [ -61.1883114, 6.64916626 ], [ -61.18776165, 6.64864887 ], [ -61.18636402, 6.6475859 ], [ -61.18495839, 6.64622451 ], [ -61.18351752, 6.64460981 ], [ -61.18223662, 6.64376425 ], [ -61.1816964, 6.64313841 ], [ -61.18141839, 6.64251355 ], [ -61.18150505, 6.64108529 ], [ -61.18166116, 6.64042584 ], [ -61.18213373, 6.63977661 ], [ -61.18260555, 6.63933529 ], [ -61.1826811, 6.6384585 ], [ -61.18261172, 6.63765361 ], [ -61.18214275, 6.63731733 ], [ -61.18136699, 6.63680816 ], [ -61.18066373, 6.63625407 ], [ -61.18031234, 6.6359183 ], [ -61.18031448, 6.63533964 ], [ -61.18129397, 6.6345385 ], [ -61.18215587, 6.63373701 ], [ -61.18355787, 6.63358838 ], [ -61.18508618, 6.63355781 ], [ -61.18719335, 6.633448 ], [ -61.18816272, 6.63294518 ], [ -61.18902445, 6.63217986 ], [ -61.18961684, 6.63089804 ], [ -61.19036216, 6.62983388 ], [ -61.19097391, 6.62946048 ], [ -61.19097398, 6.62946048 ], [ -61.19097413, 6.62946041 ], [ -61.19097488, 6.62945994 ], [ -61.19192928, 6.62907108 ], [ -61.19270741, 6.62892918 ], [ -61.19314039, 6.62919303 ], [ -61.19356304, 6.62984553 ], [ -61.19403069, 6.63054338 ], [ -61.19449966, 6.63087969 ], [ -61.19527806, 6.63066552 ], [ -61.1971628, 6.62956931 ], [ -61.19911326, 6.62778612 ], [ -61.19963646, 6.62715337 ], [ -61.19990336, 6.62683054 ], [ -61.19982573, 6.62580854 ], [ -61.19975181, 6.62375584 ], [ -61.20019009, 6.62255492 ], [ -61.2005812, 6.62193247 ], [ -61.20042995, 6.62123575 ], [ -61.19976357, 6.62050091 ], [ -61.1990713, 6.61940441 ], [ -61.19887703, 6.61811983 ], [ -61.19923477, 6.61669253 ], [ -61.19978276, 6.61519359 ], [ -61.20092463, 6.6144654 ], [ -61.20178574, 6.61388079 ], [ -61.20221267, 6.61333082 ], [ -61.20213713, 6.61172112 ], [ -61.20148089, 6.61065187 ], [ -61.20124935, 6.60966548 ], [ -61.2017623, 6.60783182 ], [ -61.20430768, 6.60403453 ], [ -61.20584538, 6.60133662 ], [ -61.20663205, 6.59880778 ], [ -61.20633423, 6.59613943 ], [ -61.20637369, 6.59522633 ], [ -61.20700032, 6.59446009 ], [ -61.20809863, 6.59325247 ], [ -61.20934923, 6.5924522 ], [ -61.21036084, 6.59274522 ], [ -61.21129932, 6.59326394 ], [ -61.21269659, 6.59440819 ], [ -61.2139495, 6.59550671 ], [ -61.21523167, 6.5959905 ], [ -61.2162443, 6.5959941 ], [ -61.21750289, 6.59548322 ], [ -61.21839979, 6.59497107 ], [ -61.21910594, 6.59472034 ], [ -61.21972972, 6.59475874 ], [ -61.2205421, 6.59513236 ], [ -61.22140089, 6.5951716 ], [ -61.2222248, 6.59484002 ], [ -61.22320429, 6.59400262 ], [ -61.22320666, 6.59333354 ], [ -61.22262109, 6.59274377 ], [ -61.22199888, 6.59227138 ], [ -61.22153077, 6.59171818 ], [ -61.22157016, 6.59080508 ], [ -61.2215446, 6.58925317 ], [ -61.22156279, 6.59035937 ], [ -61.22156272, 6.59035937 ], [ -61.22154036, 6.58901476 ], [ -61.22228923, 6.58689252 ], [ -61.22221324, 6.58539141 ], [ -61.22187292, 6.58447697 ], [ -61.22073815, 6.58322522 ], [ -61.22008054, 6.58256274 ], [ -61.21984756, 6.58197423 ], [ -61.21957943, 6.58109628 ], [ -61.21907571, 6.58036208 ], [ -61.21884312, 6.57966506 ], [ -61.21868286, 6.57896823 ], [ -61.21958984, 6.57816678 ], [ -61.22037128, 6.57707551 ], [ -61.22107687, 6.57696955 ], [ -61.22205285, 6.57708147 ], [ -61.22282936, 6.57737352 ], [ -61.22435372, 6.57840968 ], [ -61.22551921, 6.57863087 ], [ -61.22661336, 6.57859861 ], [ -61.22727517, 6.57808557 ], [ -61.2280195, 6.57724728 ], [ -61.22861051, 6.57629997 ], [ -61.22900272, 6.57534301 ], [ -61.22947619, 6.57439528 ], [ -61.23022093, 6.57344851 ], [ -61.22987138, 6.57257019 ], [ -61.22886204, 6.57164442 ], [ -61.22835733, 6.57119959 ], [ -61.2278887, 6.57076392 ], [ -61.22703101, 6.57042632 ], [ -61.22574759, 6.5703133 ], [ -61.22460838, 6.57030926 ], [ -61.22293507, 6.5705203 ], [ -61.22199495, 6.57048079 ], [ -61.22074883, 6.57004243 ], [ -61.21950259, 6.5696311 ], [ -61.21852824, 6.56903995 ], [ -61.21814171, 6.56842377 ], [ -61.21842692, 6.56703233 ], [ -61.21838629, 6.56574822 ], [ -61.218392, 6.56413882 ], [ -61.21886901, 6.56220563 ], [ -61.2196965, 6.56085228 ], [ -61.22094998, 6.55921114 ], [ -61.22196463, 6.55862703 ], [ -61.22282642, 6.55778916 ], [ -61.22357244, 6.55647177 ], [ -61.22357466, 6.55584792 ], [ -61.22303299, 6.55562893 ], [ -61.22190304, 6.55558878 ], [ -61.2203033, 6.55543849 ], [ -61.21951747, 6.55524587 ], [ -61.21865886, 6.5551704 ], [ -61.21803463, 6.55527677 ], [ -61.21725544, 6.5557532 ], [ -61.21607805, 6.55633673 ], [ -61.21510069, 6.55662253 ], [ -61.21447738, 6.55647567 ], [ -61.21362099, 6.55577646 ], [ -61.21245683, 6.55518453 ], [ -61.21128565, 6.55401402 ], [ -61.20938467, 6.55217184 ], [ -61.20860217, 6.55103886 ], [ -61.20853273, 6.55023385 ], [ -61.20923194, 6.54935928 ], [ -61.21068704, 6.54694133 ], [ -61.21120021, 6.54500822 ], [ -61.21132188, 6.54382423 ], [ -61.21098034, 6.54327144 ], [ -61.21046506, 6.54326964 ], [ -61.20976825, 6.54344795 ], [ -61.208908, 6.5438518 ], [ -61.2083212, 6.54362371 ], [ -61.20769891, 6.54318748 ], [ -61.20743097, 6.54227327 ], [ -61.2075874, 6.54150533 ], [ -61.20829499, 6.54081157 ], [ -61.20950616, 6.54088822 ], [ -61.21102299, 6.54144516 ], [ -61.21179828, 6.54206281 ], [ -61.21238473, 6.54239937 ], [ -61.21309005, 6.54236572 ], [ -61.21430203, 6.54218921 ], [ -61.21538802, 6.54189464 ], [ -61.2164829, 6.54160926 ], [ -61.21734172, 6.54161229 ], [ -61.21812664, 6.54208526 ], [ -61.21859654, 6.54212306 ], [ -61.21882425, 6.54165368 ], [ -61.21929668, 6.54099533 ], [ -61.21980628, 6.54004777 ], [ -61.21981241, 6.53832073 ], [ -61.21940049, 6.53463025 ], [ -61.2197596, 6.53279611 ], [ -61.22089539, 6.53115454 ], [ -61.22132472, 6.52990833 ], [ -61.22117462, 6.5288861 ], [ -61.220552, 6.52855836 ], [ -61.21965637, 6.528736 ], [ -61.21871471, 6.5291667 ], [ -61.21789083, 6.52949835 ], [ -61.21684178, 6.52960311 ], [ -61.21625495, 6.52938408 ], [ -61.21528068, 6.52879285 ], [ -61.21435121, 6.52831044 ], [ -61.21337517, 6.52823457 ], [ -61.21270621, 6.52823219 ], [ -61.21251438, 6.52878306 ], [ -61.21234903, 6.52951489 ], [ -61.21242709, 6.53046456 ], [ -61.21250423, 6.53164024 ], [ -61.21210297, 6.53262436 ], [ -61.21144205, 6.53291131 ], [ -61.2105829, 6.5329806 ], [ -61.21004103, 6.53283401 ], [ -61.20933884, 6.5319907 ], [ -61.20860175, 6.53082165 ], [ -61.208053, 6.5300512 ], [ -61.2072412, 6.52953294 ], [ -61.20657343, 6.52919599 ], [ -61.20603372, 6.52842558 ], [ -61.20541404, 6.52729317 ], [ -61.20486826, 6.52568184 ], [ -61.20424762, 6.52480257 ], [ -61.20355284, 6.52442935 ], [ -61.20292899, 6.5244633 ], [ -61.20218675, 6.52472289 ], [ -61.20202158, 6.52540945 ], [ -61.20252285, 6.52680367 ], [ -61.20353982, 6.52809116 ], [ -61.20419522, 6.52937747 ], [ -61.20462391, 6.53084364 ], [ -61.20503928, 6.53351243 ], [ -61.20503249, 6.53542021 ], [ -61.20464041, 6.53636822 ], [ -61.20393201, 6.53727893 ], [ -61.20276253, 6.53818786 ], [ -61.20209348, 6.53822165 ], [ -61.20084563, 6.53828961 ], [ -61.19889186, 6.53858095 ], [ -61.19737242, 6.5387563 ], [ -61.19615944, 6.53919503 ], [ -61.19533642, 6.53930064 ], [ -61.1948671, 6.5390819 ], [ -61.19432639, 6.53860077 ], [ -61.19378673, 6.53783035 ], [ -61.19378949, 6.53706176 ], [ -61.19418132, 6.5361862 ], [ -61.19504556, 6.53468838 ], [ -61.19563172, 6.5325657 ], [ -61.19563695, 6.53110097 ], [ -61.19513371, 6.53025826 ], [ -61.19450221, 6.52988534 ], [ -61.19306513, 6.52980788 ], [ -61.19220681, 6.52966007 ], [ -61.19138578, 6.52921408 ], [ -61.19096295, 6.52862489 ], [ -61.19056655, 6.52826187 ], [ -61.19006032, 6.52826004 ], [ -61.18955305, 6.5285475 ], [ -61.1888104, 6.52891556 ], [ -61.18786918, 6.52920146 ], [ -61.18678227, 6.52978535 ], [ -61.18564096, 6.53040507 ], [ -61.18435488, 6.53106046 ], [ -61.18283382, 6.53170594 ], [ -61.18192768, 6.53229037 ], [ -61.18040759, 6.53265564 ], [ -61.1793963, 6.5323174 ], [ -61.17908284, 6.53151164 ], [ -61.17912228, 6.53059854 ], [ -61.17944262, 6.52949664 ], [ -61.18042382, 6.52815295 ], [ -61.18078222, 6.52654487 ], [ -61.1806232, 6.52551354 ], [ -61.18008295, 6.52492392 ], [ -61.17887261, 6.52463028 ], [ -61.17739232, 6.5240011 ], [ -61.17544259, 6.52318931 ], [ -61.17330216, 6.52263006 ], [ -61.1721743, 6.52204731 ], [ -61.17142606, 6.52145693 ], [ -61.17127532, 6.52065164 ], [ -61.17135956, 6.51984729 ], [ -61.172296, 6.51838594 ], [ -61.17335841, 6.51706978 ], [ -61.17379576, 6.51612199 ], [ -61.17375614, 6.51458476 ], [ -61.17387734, 6.51355449 ], [ -61.17426977, 6.5125342 ], [ -61.17447277, 6.51136862 ], [ -61.17404143, 6.51067079 ], [ -61.17361985, 6.50975615 ], [ -61.17315191, 6.50916676 ], [ -61.17268342, 6.50872203 ], [ -61.17217772, 6.50857548 ], [ -61.1716351, 6.50864592 ], [ -61.17092959, 6.50875185 ], [ -61.17030631, 6.50864113 ], [ -61.16972079, 6.50805122 ], [ -61.16968756, 6.50724647 ], [ -61.16984561, 6.50604455 ], [ -61.17008503, 6.50483379 ], [ -61.17059466, 6.50388634 ], [ -61.17141975, 6.50319307 ], [ -61.17231763, 6.50239167 ], [ -61.17267317, 6.50155204 ], [ -61.17303617, 6.49866012 ], [ -61.1729583, 6.49767433 ], [ -61.17296176, 6.49671591 ], [ -61.17331643, 6.49613855 ], [ -61.17394209, 6.49558927 ], [ -61.17461238, 6.49522096 ], [ -61.17527261, 6.49511483 ], [ -61.17624952, 6.49493755 ], [ -61.17773485, 6.49413818 ], [ -61.18093875, 6.49305566 ], [ -61.18191663, 6.4926161 ], [ -61.18238879, 6.49203011 ], [ -61.1823093, 6.49148733 ], [ -61.18224007, 6.49063716 ], [ -61.18239766, 6.48954367 ], [ -61.18270787, 6.48874014 ], [ -61.18326213, 6.48793739 ], [ -61.18407802, 6.48728032 ], [ -61.18448168, 6.48562717 ], [ -61.1838679, 6.48538081 ], [ -61.18313721, 6.48495332 ], [ -61.1820091, 6.48446102 ], [ -61.18068089, 6.48428441 ], [ -61.17964034, 6.48458811 ], [ -61.17878917, 6.48498294 ], [ -61.17798413, 6.48514276 ], [ -61.17717975, 6.48511276 ], [ -61.17634962, 6.48468479 ], [ -61.17524027, 6.48399369 ], [ -61.1747453, 6.48339517 ], [ -61.17472001, 6.48288877 ], [ -61.17501128, 6.48231116 ], [ -61.17602638, 6.48155527 ], [ -61.1770212, 6.48143226 ], [ -61.17792537, 6.48134513 ], [ -61.17851412, 6.48103074 ], [ -61.17903984, 6.48061668 ], [ -61.17951211, 6.47999455 ], [ -61.17958654, 6.47939807 ], [ -61.18013167, 6.4786225 ], [ -61.18067633, 6.47800049 ], [ -61.18108532, 6.47737812 ], [ -61.18097147, 6.47633794 ], [ -61.18090235, 6.4754517 ], [ -61.18056948, 6.47500744 ], [ -61.17981973, 6.47486916 ], [ -61.1785805, 6.4751088 ], [ -61.17730716, 6.47476965 ], [ -61.17666725, 6.474252 ], [ -61.17612988, 6.47285775 ], [ -61.17585822, 6.4704788 ], [ -61.17557386, 6.4691216 ], [ -61.17500741, 6.46827867 ], [ -61.17364605, 6.46727924 ], [ -61.17206562, 6.46689378 ], [ -61.17073938, 6.46620188 ], [ -61.16828683, 6.4645114 ], [ -61.16672818, 6.46310431 ], [ -61.16480077, 6.46118969 ], [ -61.16350181, 6.46045259 ], [ -61.16202966, 6.4601309 ], [ -61.16056502, 6.46021602 ], [ -61.15867376, 6.46081493 ], [ -61.15737731, 6.46189521 ], [ -61.15694978, 6.46265321 ], [ -61.15680214, 6.46347538 ], [ -61.15686779, 6.4653382 ], [ -61.15676529, 6.46617862 ], [ -61.15641026, 6.46686457 ], [ -61.15619939, 6.4676865 ], [ -61.15526683, 6.46810811 ], [ -61.15479764, 6.46789849 ], [ -61.15434626, 6.46772498 ], [ -61.15380396, 6.46772304 ], [ -61.15342417, 6.46776684 ], [ -61.15290841, 6.46791876 ], [ -61.15222144, 6.46791626 ], [ -61.15156196, 6.46782337 ], [ -61.15111109, 6.46751439 ], [ -61.15085063, 6.4670704 ], [ -61.15087964, 6.46653705 ], [ -61.15092713, 6.46591339 ], [ -61.15094744, 6.46528962 ], [ -61.15074253, 6.46446607 ], [ -61.15043884, 6.46347039 ], [ -61.15001866, 6.46218503 ], [ -61.15006753, 6.46118161 ], [ -61.15080366, 6.46007219 ], [ -61.15250001, 6.45838764 ], [ -61.15347051, 6.45745986 ], [ -61.15437536, 6.45720089 ], [ -61.15522547, 6.45706837 ], [ -61.15598629, 6.45662807 ], [ -61.1561237, 6.45612225 ], [ -61.15599109, 6.45529906 ], [ -61.15535324, 6.45421177 ], [ -61.15405614, 6.45298644 ], [ -61.15325324, 6.45255855 ], [ -61.15249437, 6.45246542 ], [ -61.15138251, 6.45248851 ], [ -61.14996335, 6.45251952 ], [ -61.14854367, 6.45269527 ], [ -61.14781174, 6.45262935 ], [ -61.14724336, 6.45233791 ], [ -61.14684813, 6.45164934 ], [ -61.14670709, 6.45067235 ], [ -61.14713754, 6.44911881 ], [ -61.14768114, 6.44876811 ], [ -61.14839633, 6.44845435 ], [ -61.14914595, 6.44861073 ], [ -61.14997557, 6.44914718 ], [ -61.15106655, 6.44988346 ], [ -61.15172509, 6.45024751 ], [ -61.15229427, 6.45031286 ], [ -61.15276516, 6.45005241 ], [ -61.15292926, 6.44967322 ], [ -61.15285897, 6.44911241 ], [ -61.15269876, 6.44842471 ], [ -61.15223218, 6.44747367 ], [ -61.15192802, 6.44660453 ], [ -61.15197713, 6.44553784 ], [ -61.15266087, 6.44391287 ], [ -61.1537064, 6.44220784 ], [ -61.15394746, 6.44052701 ], [ -61.15367187, 6.43926018 ], [ -61.15289272, 6.43727736 ], [ -61.15188443, 6.43616154 ], [ -61.15105567, 6.43539007 ], [ -61.1504175, 6.43440224 ], [ -61.14968938, 6.43331467 ], [ -61.14903118, 6.43286924 ], [ -61.14839019, 6.43266802 ], [ -61.1476855, 6.43257508 ], [ -61.14688128, 6.43252698 ], [ -61.14585899, 6.43279447 ], [ -61.14486389, 6.4330531 ], [ -61.14410294, 6.43352042 ], [ -61.14351542, 6.43353635 ], [ -61.14309132, 6.43333597 ], [ -61.14259611, 6.43282784 ], [ -61.14249855, 6.43231211 ], [ -61.14276238, 6.43182483 ], [ -61.1433605, 6.43138395 ], [ -61.14416687, 6.43085343 ], [ -61.14513598, 6.43030543 ], [ -61.14662954, 6.42966894 ], [ -61.14775375, 6.42871459 ], [ -61.14816167, 6.42838158 ], [ -61.14830848, 6.42776733 ], [ -61.14823924, 6.42691715 ], [ -61.14805334, 6.42583153 ], [ -61.1482676, 6.42407828 ], [ -61.14784574, 6.42325397 ], [ -61.14730564, 6.4226553 ], [ -61.146721, 6.42187555 ], [ -61.14629867, 6.42118693 ], [ -61.14592255, 6.42022716 ], [ -61.14585319, 6.41941324 ], [ -61.14569684, 6.41765857 ], [ -61.1460248, 6.41692743 ], [ -61.14666884, 6.41627883 ], [ -61.14768305, 6.41573097 ], [ -61.14854337, 6.41527295 ], [ -61.14943851, 6.41515865 ], [ -61.15021533, 6.41527896 ], [ -61.15059276, 6.41587703 ], [ -61.15120437, 6.41672015 ], [ -61.15219314, 6.41821546 ], [ -61.15299427, 6.4191225 ], [ -61.15370581, 6.41981219 ], [ -61.15432041, 6.41979632 ], [ -61.15490914, 6.41946398 ], [ -61.15569739, 6.41891527 ], [ -61.15619835, 6.4178502 ], [ -61.15570346, 6.41722456 ], [ -61.15461262, 6.41647017 ], [ -61.1537662, 6.41557198 ], [ -61.15337107, 6.41488345 ], [ -61.15346417, 6.41411528 ], [ -61.15391816, 6.41353829 ], [ -61.15465171, 6.41311596 ], [ -61.1557926, 6.41254143 ], [ -61.15671704, 6.41181231 ], [ -61.15707234, 6.41103609 ], [ -61.1568868, 6.40984195 ], [ -61.15630517, 6.40822139 ], [ -61.15624414, 6.40508379 ], [ -61.15590507, 6.40133039 ], [ -61.15586382, 6.40024524 ], [ -61.15620266, 6.3989988 ], [ -61.15670872, 6.39647803 ], [ -61.15647717, 6.39553687 ], [ -61.15610133, 6.39447767 ], [ -61.15600424, 6.39382636 ], [ -61.15631325, 6.39333919 ], [ -61.15679308, 6.39312398 ], [ -61.15764367, 6.39281957 ], [ -61.15863844, 6.39264233 ], [ -61.15927074, 6.39273497 ], [ -61.15960426, 6.39298034 ], [ -61.15960323, 6.39326963 ], [ -61.15924932, 6.39366621 ], [ -61.15865129, 6.39410711 ], [ -61.1580616, 6.39472883 ], [ -61.15803209, 6.39541585 ], [ -61.1583384, 6.39567919 ], [ -61.15879032, 6.39566276 ], [ -61.15947866, 6.39524023 ], [ -61.16025612, 6.39517975 ], [ -61.16123043, 6.39567147 ], [ -61.16266502, 6.39636372 ], [ -61.16396355, 6.39716397 ], [ -61.16470322, 6.39756442 ], [ -61.16521855, 6.39750299 ], [ -61.1656899, 6.3971249 ], [ -61.16586444, 6.39632991 ], [ -61.16610733, 6.39410659 ], [ -61.16580476, 6.39277637 ], [ -61.16533954, 6.39144566 ], [ -61.16432243, 6.39028466 ], [ -61.16354664, 6.38988416 ], [ -61.16306831, 6.38970154 ], [ -61.16264267, 6.3899442 ], [ -61.16231577, 6.39038606 ], [ -61.16159921, 6.39111586 ], [ -61.1607654, 6.39176385 ], [ -61.15972617, 6.39173299 ], [ -61.15873263, 6.39157579 ], [ -61.15800178, 6.39123861 ], [ -61.15705624, 6.39028583 ], [ -61.15649835, 6.3896148 ], [ -61.15649978, 6.38921695 ], [ -61.15689835, 6.38894717 ], [ -61.15754103, 6.38866011 ], [ -61.15858207, 6.3881756 ], [ -61.15936118, 6.38765399 ], [ -61.15988698, 6.38720384 ], [ -61.1600336, 6.38663478 ], [ -61.15996379, 6.38593828 ], [ -61.1592099, 6.38445275 ], [ -61.15860339, 6.38220833 ], [ -61.15876933, 6.3812957 ], [ -61.15917796, 6.38074565 ], [ -61.15970375, 6.38027737 ], [ -61.16029105, 6.38032473 ], [ -61.16078646, 6.38079659 ], [ -61.16177669, 6.38188517 ], [ -61.1627661, 6.38319969 ], [ -61.16335174, 6.38370808 ], [ -61.16396634, 6.3836922 ], [ -61.16484353, 6.38354164 ], [ -61.16557694, 6.3831645 ], [ -61.16591346, 6.38254183 ], [ -61.16582493, 6.38203518 ], [ -61.1654208, 6.38131941 ], [ -61.16481028, 6.38018709 ], [ -61.16446038, 6.37945349 ], [ -61.16422796, 6.37873842 ], [ -61.16397019, 6.37751686 ], [ -61.16382878, 6.37663034 ], [ -61.16275757, 6.375433 ], [ -61.16020958, 6.37275667 ], [ -61.15882198, 6.37157638 ], [ -61.15825412, 6.37117651 ], [ -61.15766746, 6.3709484 ], [ -61.15707224, 6.37059364 ], [ -61.15655891, 6.37010358 ], [ -61.15646127, 6.36959689 ], [ -61.15684335, 6.36891114 ], [ -61.15767805, 6.36798284 ], [ -61.16058597, 6.36601306 ], [ -61.16193737, 6.36464361 ], [ -61.16277387, 6.36320897 ], [ -61.16329304, 6.3620716 ], [ -61.16323559, 6.36043489 ], [ -61.16274198, 6.35945664 ], [ -61.16248284, 6.35863293 ], [ -61.16231412, 6.35779152 ], [ -61.16260529, 6.35723198 ], [ -61.16314775, 6.35717064 ], [ -61.16390676, 6.35719138 ], [ -61.16487547, 6.35670658 ], [ -61.16551767, 6.356537 ], [ -61.16627801, 6.35617809 ], [ -61.16691259, 6.35562882 ], [ -61.1672222, 6.35496077 ], [ -61.16706208, 6.35425502 ], [ -61.16661435, 6.35307806 ], [ -61.16655386, 6.35229117 ], [ -61.16684071, 6.35041159 ], [ -61.16769336, 6.3495014 ], [ -61.16895448, 6.34808631 ], [ -61.17085837, 6.34633901 ], [ -61.17156791, 6.34501244 ], [ -61.17159826, 6.34409934 ], [ -61.17110378, 6.34336516 ], [ -61.17043731, 6.34272088 ], [ -61.16992494, 6.34195963 ], [ -61.16954861, 6.34105412 ], [ -61.16969553, 6.34038562 ], [ -61.17016729, 6.33985381 ], [ -61.17075655, 6.33932243 ], [ -61.17158869, 6.33910831 ], [ -61.17230242, 6.33915602 ], [ -61.17267105, 6.33969079 ], [ -61.17300128, 6.34086742 ], [ -61.17325799, 6.34239635 ], [ -61.17351648, 6.34340087 ], [ -61.17436411, 6.34393733 ], [ -61.17502386, 6.34391243 ], [ -61.17590228, 6.34338207 ], [ -61.17647365, 6.34280541 ], [ -61.17654779, 6.34227222 ], [ -61.17564642, 6.34160903 ], [ -61.17470849, 6.3410723 ], [ -61.17421487, 6.34011216 ], [ -61.17393441, 6.3376248 ], [ -61.17415374, 6.33693833 ], [ -61.17475113, 6.33665116 ], [ -61.1760549, 6.33595045 ], [ -61.17761191, 6.33517838 ], [ -61.17885089, 6.33489333 ], [ -61.17998021, 6.33498779 ], [ -61.1808835, 6.33509944 ], [ -61.18168995, 6.33446031 ], [ -61.18188323, 6.33345737 ], [ -61.18164173, 6.33275124 ], [ -61.18070443, 6.33203371 ], [ -61.17833857, 6.33153716 ], [ -61.17607233, 6.33097767 ], [ -61.17451116, 6.33036644 ], [ -61.17324028, 6.32943068 ], [ -61.17090818, 6.3270446 ], [ -61.16810245, 6.32315585 ], [ -61.16643033, 6.32068168 ], [ -61.1644067, 6.31797108 ], [ -61.16372238, 6.31728153 ], [ -61.16335342, 6.31685528 ], [ -61.16363505, 6.31641322 ], [ -61.16425103, 6.31598148 ], [ -61.16477738, 6.31535937 ], [ -61.16497144, 6.31412142 ], [ -61.16535518, 6.31034341 ], [ -61.16524017, 6.30965587 ], [ -61.16469989, 6.30912054 ], [ -61.16378011, 6.30858384 ], [ -61.16302352, 6.30787587 ], [ -61.16262997, 6.3067172 ], [ -61.16285389, 6.30472883 ], [ -61.16285749, 6.30370717 ], [ -61.16262621, 6.30266658 ], [ -61.16236679, 6.30190619 ], [ -61.16173631, 6.30132535 ], [ -61.16102248, 6.30132282 ], [ -61.1601003, 6.30147328 ], [ -61.1595136, 6.30129945 ], [ -61.15891961, 6.30061021 ], [ -61.15890486, 6.29965175 ], [ -61.15919069, 6.29805242 ], [ -61.15862545, 6.2969022 ], [ -61.1574901, 6.29598496 ], [ -61.15631835, 6.29515804 ], [ -61.15556179, 6.29446823 ], [ -61.15480682, 6.29331729 ], [ -61.15433858, 6.29284548 ], [ -61.1536704, 6.29273465 ], [ -61.15280293, 6.29273159 ], [ -61.15173615, 6.29288152 ], [ -61.15075746, 6.29367363 ], [ -61.14860357, 6.29464252 ], [ -61.14703811, 6.295279 ], [ -61.14546557, 6.29536379 ], [ -61.14499598, 6.29528077 ], [ -61.14423891, 6.29474466 ], [ -61.14341216, 6.29344876 ], [ -61.14234913, 6.29254082 ], [ -61.14103143, 6.29211126 ], [ -61.13923619, 6.29130919 ], [ -61.1386958, 6.29081903 ], [ -61.13868877, 6.29025842 ], [ -61.13984985, 6.28897873 ], [ -61.14061027, 6.28857453 ], [ -61.14091911, 6.2881326 ], [ -61.14098577, 6.28715634 ], [ -61.14045384, 6.28427031 ], [ -61.14039085, 6.28165709 ], [ -61.13978103, 6.28036198 ], [ -61.13902486, 6.27958176 ], [ -61.13832139, 6.27920853 ], [ -61.13756295, 6.27904312 ], [ -61.13687515, 6.27935706 ], [ -61.1364939, 6.27986206 ], [ -61.13602421, 6.27981518 ], [ -61.13561848, 6.27956967 ], [ -61.13562093, 6.27888253 ], [ -61.13566924, 6.27799665 ], [ -61.13565545, 6.27679409 ], [ -61.13511552, 6.27617732 ], [ -61.13414191, 6.27555 ], [ -61.13378928, 6.27561204 ], [ -61.13302899, 6.2759891 ], [ -61.13160963, 6.27621011 ], [ -61.13035334, 6.27631411 ], [ -61.12936892, 6.27617491 ], [ -61.12830365, 6.27592705 ], [ -61.12743495, 6.27629465 ], [ -61.12652839, 6.2771322 ], [ -61.12551333, 6.27799659 ], [ -61.12489781, 6.27831087 ], [ -61.12430154, 6.27830873 ], [ -61.12373365, 6.27792695 ], [ -61.12285898, 6.27743556 ], [ -61.12212803, 6.27716165 ], [ -61.12165761, 6.27732278 ], [ -61.12096964, 6.27769095 ], [ -61.1203546, 6.27786965 ], [ -61.11974111, 6.27759614 ], [ -61.11776246, 6.27506652 ], [ -61.11627683, 6.27359657 ], [ -61.11597285, 6.27270034 ], [ -61.11624117, 6.27094735 ], [ -61.11785984, 6.26805085 ], [ -61.11980071, 6.26599637 ], [ -61.12039866, 6.26555548 ], [ -61.12105844, 6.26548553 ], [ -61.12150959, 6.265668 ], [ -61.12181487, 6.26620257 ], [ -61.12226501, 6.26664711 ], [ -61.1227349, 6.26663072 ], [ -61.12326028, 6.2662529 ], [ -61.12375967, 6.26556751 ], [ -61.12442373, 6.26432219 ], [ -61.12466615, 6.26221642 ], [ -61.12547297, 6.2614418 ], [ -61.1262822, 6.26000707 ], [ -61.12704444, 6.25909659 ], [ -61.12777747, 6.25874657 ], [ -61.1282289, 6.25885674 ], [ -61.12866939, 6.25948216 ], [ -61.12926454, 6.25981875 ], [ -61.12976166, 6.25974819 ], [ -61.13026003, 6.25935219 ], [ -61.13073442, 6.25806996 ], [ -61.13073432, 6.25555645 ], [ -61.13076119, 6.25307024 ], [ -61.13164647, 6.25055987 ], [ -61.13239067, 6.24707251 ], [ -61.13319964, 6.24313338 ], [ -61.13294403, 6.2413422 ], [ -61.13251376, 6.24037336 ], [ -61.13233883, 6.23872712 ], [ -61.13131565, 6.23682487 ], [ -61.13092082, 6.2360549 ], [ -61.13089567, 6.23549426 ], [ -61.13114112, 6.23508832 ], [ -61.13162074, 6.23486394 ], [ -61.13219032, 6.23475747 ], [ -61.13303119, 6.23455254 ], [ -61.13364637, 6.23433764 ], [ -61.1337835, 6.23388608 ], [ -61.13402924, 6.23337159 ], [ -61.13430274, 6.23267637 ], [ -61.13514657, 6.23165768 ], [ -61.13578091, 6.23109937 ], [ -61.13622605, 6.23042284 ], [ -61.13630054, 6.22979022 ], [ -61.13629018, 6.22759307 ], [ -61.13631296, 6.2262641 ], [ -61.13659562, 6.22552365 ], [ -61.13713927, 6.22507357 ], [ -61.13787195, 6.22483201 ], [ -61.13846936, 6.22449954 ], [ -61.13914885, 6.22395943 ], [ -61.1394215, 6.22349937 ], [ -61.13922951, 6.22159091 ], [ -61.13936788, 6.22077764 ], [ -61.13966853, 6.22004635 ], [ -61.13957106, 6.21952161 ], [ -61.13901363, 6.21874215 ], [ -61.13785262, 6.21746318 ], [ -61.13690371, 6.21498244 ], [ -61.13601193, 6.21424701 ], [ -61.13470232, 6.2141339 ], [ -61.13324794, 6.21409264 ], [ -61.13259049, 6.21349359 ], [ -61.13229472, 6.21282342 ], [ -61.13253797, 6.21044646 ], [ -61.13227896, 6.20961369 ], [ -61.13184763, 6.20895216 ], [ -61.13069275, 6.20850504 ], [ -61.12954591, 6.20836542 ], [ -61.12873111, 6.20885079 ], [ -61.12833118, 6.20955457 ], [ -61.12830115, 6.21037724 ], [ -61.12879318, 6.21176227 ], [ -61.12888999, 6.2124679 ], [ -61.12851826, 6.21286442 ], [ -61.12774107, 6.212934 ], [ -61.12712742, 6.21272383 ], [ -61.12638781, 6.21238672 ], [ -61.12581067, 6.21208628 ], [ -61.12499797, 6.21197492 ], [ -61.12461947, 6.21171136 ], [ -61.12462068, 6.21137687 ], [ -61.12494741, 6.21096211 ], [ -61.12549965, 6.21062949 ], [ -61.12614269, 6.21017066 ], [ -61.12747761, 6.20821348 ], [ -61.12794324, 6.20683174 ], [ -61.12859548, 6.20632772 ], [ -61.12943703, 6.2059419 ], [ -61.13000762, 6.2055371 ], [ -61.13033531, 6.20482396 ], [ -61.13015807, 6.20385589 ], [ -61.12960047, 6.20314872 ], [ -61.12872725, 6.20226861 ], [ -61.12767692, 6.20036627 ], [ -61.12690242, 6.19967642 ], [ -61.12620822, 6.19928516 ], [ -61.12555786, 6.19923766 ], [ -61.12474425, 6.19938846 ], [ -61.12400275, 6.19959378 ], [ -61.12335291, 6.1994197 ], [ -61.1230107, 6.19912018 ], [ -61.12271462, 6.1985404 ], [ -61.12270091, 6.19731078 ], [ -61.12368444, 6.19509009 ], [ -61.12437071, 6.19261517 ], [ -61.12506857, 6.19196668 ], [ -61.126262, 6.19169057 ], [ -61.12796961, 6.19164232 ], [ -61.12941435, 6.19184639 ], [ -61.1302336, 6.19265389 ], [ -61.13080168, 6.19295432 ], [ -61.13116362, 6.19280182 ], [ -61.13152666, 6.19230591 ], [ -61.13200421, 6.19008332 ], [ -61.13253474, 6.1882227 ], [ -61.13253695, 6.18759888 ], [ -61.13234043, 6.18696522 ], [ -61.13181889, 6.18625818 ], [ -61.13142502, 6.18524415 ], [ -61.13119358, 6.18425783 ], [ -61.13133155, 6.18355312 ], [ -61.13195632, 6.1831394 ], [ -61.13247193, 6.18294231 ], [ -61.13298853, 6.18247398 ], [ -61.13358771, 6.1816171 ], [ -61.13379133, 6.18023454 ], [ -61.13422743, 6.17953077 ], [ -61.13467148, 6.17912555 ], [ -61.13538566, 6.17897427 ], [ -61.13596317, 6.17916621 ], [ -61.1364588, 6.17952052 ], [ -61.13720608, 6.18023745 ], [ -61.13873548, 6.18206912 ], [ -61.14244426, 6.18325746 ], [ -61.14590367, 6.18341426 ], [ -61.14994079, 6.18372663 ], [ -61.15144936, 6.18376801 ], [ -61.15272035, 6.18455908 ], [ -61.15404574, 6.18533219 ], [ -61.15510067, 6.18591447 ], [ -61.15581358, 6.18613401 ], [ -61.15690758, 6.18587552 ], [ -61.15867936, 6.18556529 ], [ -61.15985427, 6.18542461 ], [ -61.16070281, 6.18560843 ], [ -61.1612797, 6.18599013 ], [ -61.16172041, 6.18655221 ], [ -61.16198853, 6.187385 ], [ -61.16232961, 6.18802809 ], [ -61.16264483, 6.18832761 ], [ -61.16320452, 6.188438 ], [ -61.16365657, 6.18834916 ], [ -61.16397496, 6.18770836 ], [ -61.16444655, 6.18717652 ], [ -61.16490752, 6.18709665 ], [ -61.16586263, 6.18783238 ], [ -61.16645812, 6.18804235 ], [ -61.16727288, 6.18757498 ], [ -61.16856834, 6.18653064 ], [ -61.16888654, 6.185935 ], [ -61.16900606, 6.18533868 ], [ -61.16917066, 6.18474252 ], [ -61.1695329, 6.18449968 ], [ -61.16993019, 6.18456431 ], [ -61.1702995, 6.18488197 ], [ -61.17065819, 6.18566083 ], [ -61.17078999, 6.18674629 ], [ -61.17096692, 6.18783187 ], [ -61.17152494, 6.18844861 ], [ -61.17266864, 6.18951039 ], [ -61.174003, 6.19028348 ], [ -61.17504916, 6.19081148 ], [ -61.17614288, 6.19066155 ], [ -61.17696711, 6.19003148 ], [ -61.17806581, 6.18839875 ], [ -61.1799827, 6.18528594 ], [ -61.1813636, 6.1830122 ], [ -61.1815276, 6.18260585 ], [ -61.18194403, 6.18234504 ], [ -61.18252214, 6.18238315 ], [ -61.18331626, 6.18263006 ], [ -61.18391237, 6.18268634 ], [ -61.1842649, 6.18261522 ], [ -61.18436539, 6.18229002 ], [ -61.18423113, 6.18191892 ], [ -61.18388889, 6.18161933 ], [ -61.1834205, 6.18121083 ], [ -61.18304297, 6.18064897 ], [ -61.18288215, 6.18012401 ], [ -61.18306387, 6.17980824 ], [ -61.18338071, 6.17963746 ], [ -61.18419294, 6.17988437 ], [ -61.18445519, 6.17981298 ], [ -61.18473599, 6.17958784 ], [ -61.1847912, 6.1792716 ], [ -61.18463969, 6.17867427 ], [ -61.18429788, 6.17824822 ], [ -61.18398316, 6.17779504 ], [ -61.18374936, 6.17747775 ], [ -61.18376861, 6.17714327 ], [ -61.18428384, 6.17705461 ], [ -61.18468105, 6.17714636 ], [ -61.18509626, 6.17723827 ], [ -61.18539482, 6.17711264 ], [ -61.18555834, 6.17685104 ], [ -61.1855232, 6.17655251 ], [ -61.1853256, 6.17621732 ], [ -61.18498348, 6.17588159 ], [ -61.1848493, 6.17548327 ], [ -61.18503075, 6.17525789 ], [ -61.18546423, 6.17530457 ], [ -61.1860423, 6.17532462 ], [ -61.18645837, 6.17517235 ], [ -61.18685671, 6.17492955 ], [ -61.18687631, 6.17448655 ], [ -61.18662435, 6.17418735 ], [ -61.18620081, 6.17388753 ], [ -61.18629261, 6.17344477 ], [ -61.18623078, 6.17302871 ], [ -61.18590717, 6.17256648 ], [ -61.18582825, 6.17185185 ], [ -61.18606498, 6.17130112 ], [ -61.18661827, 6.1706701 ], [ -61.18697161, 6.17036396 ], [ -61.18703621, 6.16995727 ], [ -61.18683042, 6.16937791 ], [ -61.1861552, 6.16868839 ], [ -61.18546343, 6.16755586 ], [ -61.18528649, 6.16646121 ], [ -61.18531567, 6.16585553 ], [ -61.18500037, 6.16557422 ], [ -61.18470197, 6.16565455 ], [ -61.1845293, 6.16596134 ], [ -61.18431995, 6.16643082 ], [ -61.1838227, 6.16656472 ], [ -61.18347042, 6.1665364 ], [ -61.18320939, 6.16625525 ], [ -61.18318372, 6.16584828 ], [ -61.18326675, 6.16532414 ], [ -61.18362044, 6.16490941 ], [ -61.18359516, 6.16439397 ], [ -61.18318979, 6.16405807 ], [ -61.18280194, 6.16386684 ], [ -61.18227797, 6.16386504 ], [ -61.18195335, 6.16370122 ], [ -61.1813141, 6.16306613 ], [ -61.18126214, 6.16240597 ], [ -61.18155491, 6.16133102 ], [ -61.18161204, 6.16045411 ], [ -61.18127167, 6.15959399 ], [ -61.18097484, 6.15921329 ], [ -61.18144666, 6.15860903 ], [ -61.18194512, 6.15814054 ], [ -61.18253562, 6.1571571 ], [ -61.18245059, 6.15561067 ], [ -61.18277975, 6.15443629 ], [ -61.18272755, 6.15385748 ], [ -61.18231319, 6.15349444 ], [ -61.18181684, 6.15335706 ], [ -61.18146551, 6.15305755 ], [ -61.18146712, 6.15258741 ], [ -61.18211306, 6.15124236 ], [ -61.18267494, 6.15071982 ], [ -61.18320008, 6.15036 ], [ -61.18367157, 6.14984624 ], [ -61.18385539, 6.14893365 ], [ -61.18520648, 6.14742822 ], [ -61.18623088, 6.14635577 ], [ -61.18664861, 6.14569714 ], [ -61.18705569, 6.14553579 ], [ -61.18752448, 6.14581764 ], [ -61.18796592, 6.14617178 ], [ -61.18849175, 6.14562202 ], [ -61.18852063, 6.14507963 ], [ -61.18835065, 6.14458176 ], [ -61.18823503, 6.14405695 ], [ -61.18838085, 6.14366862 ], [ -61.18925727, 6.14361735 ], [ -61.18976257, 6.14379084 ], [ -61.19002577, 6.14343011 ], [ -61.18988303, 6.14290519 ], [ -61.18923527, 6.14210731 ], [ -61.18853457, 6.14094761 ], [ -61.18839339, 6.1399616 ], [ -61.18852441, 6.13861478 ], [ -61.18852683, 6.13790051 ], [ -61.18817641, 6.13734782 ], [ -61.18783354, 6.13721102 ], [ -61.18744637, 6.13684804 ], [ -61.18742086, 6.13637778 ], [ -61.18812655, 6.13605473 ], [ -61.18880478, 6.13583996 ], [ -61.1899429, 6.13587093 ], [ -61.19166879, 6.13570498 ], [ -61.19267254, 6.13538282 ], [ -61.19334075, 6.13546642 ], [ -61.19398987, 6.13585744 ], [ -61.19477457, 6.13621274 ], [ -61.19556936, 6.13624252 ], [ -61.19635569, 6.13613669 ], [ -61.19691614, 6.1360029 ], [ -61.19755937, 6.13545352 ], [ -61.19782276, 6.13503855 ], [ -61.1981753, 6.13495827 ], [ -61.19859028, 6.1351315 ], [ -61.19896884, 6.13537688 ], [ -61.19937343, 6.1359569 ], [ -61.19986743, 6.1368085 ], [ -61.20033513, 6.13741588 ], [ -61.20089384, 6.13780658 ], [ -61.2017704, 6.1377191 ], [ -61.20188921, 6.1373126 ], [ -61.20183638, 6.13689647 ], [ -61.20160317, 6.13639842 ], [ -61.20148799, 6.13573799 ], [ -61.20142674, 6.13514105 ], [ -61.20084352, 6.13395462 ], [ -61.20081989, 6.13293285 ], [ -61.20065038, 6.13227216 ], [ -61.20044529, 6.13147584 ], [ -61.20056515, 6.13076196 ], [ -61.20103727, 6.1300492 ], [ -61.20106775, 6.12902758 ], [ -61.20166838, 6.12770953 ], [ -61.20240395, 6.12655466 ], [ -61.20267008, 6.12531679 ], [ -61.20361438, 6.12383706 ], [ -61.204611, 6.1229634 ], [ -61.20531662, 6.1226583 ], [ -61.20572472, 6.12217143 ], [ -61.20555505, 6.12159219 ], [ -61.2050602, 6.12098473 ], [ -61.20450287, 6.12016005 ], [ -61.20429925, 6.11892066 ], [ -61.2049177, 6.11765692 ], [ -61.2059783, 6.11655737 ], [ -61.20642355, 6.11576315 ], [ -61.20686742, 6.11538483 ], [ -61.20730085, 6.11544054 ], [ -61.20748056, 6.11571243 ], [ -61.20762397, 6.11604749 ], [ -61.20793953, 6.11623839 ], [ -61.20840834, 6.11651114 ], [ -61.20896807, 6.11659448 ], [ -61.20943735, 6.11674065 ], [ -61.21005004, 6.11720386 ], [ -61.21084252, 6.11794786 ], [ -61.2115732, 6.11825775 ], [ -61.21226905, 6.11815158 ], [ -61.21292043, 6.11784628 ], [ -61.21332922, 6.1171605 ], [ -61.21327714, 6.11652733 ], [ -61.21288994, 6.11614635 ], [ -61.21248474, 6.1157562 ], [ -61.21207973, 6.11532082 ], [ -61.21213522, 6.11493218 ], [ -61.2124614, 6.11462591 ], [ -61.21293071, 6.11474498 ], [ -61.2135969, 6.11543435 ], [ -61.21415463, 6.11615055 ], [ -61.2142962, 6.11702804 ], [ -61.21438392, 6.11782403 ], [ -61.21476147, 6.11837686 ], [ -61.21537482, 6.1186501 ], [ -61.21657368, 6.11943169 ], [ -61.21748355, 6.1201761 ], [ -61.21834379, 6.12226764 ], [ -61.21903227, 6.12441284 ], [ -61.21953131, 6.12647604 ], [ -61.21998631, 6.12821362 ], [ -61.22040018, 6.12870319 ], [ -61.22077898, 6.1288763 ], [ -61.22118661, 6.12854305 ], [ -61.22180181, 6.12824678 ], [ -61.22230795, 6.12816701 ], [ -61.22285835, 6.12838588 ], [ -61.22344475, 6.12860479 ], [ -61.22394177, 6.1285522 ], [ -61.22429567, 6.12805603 ], [ -61.22436184, 6.12717927 ], [ -61.22448121, 6.12660088 ], [ -61.22500572, 6.12641278 ], [ -61.22550166, 6.12668574 ], [ -61.22605935, 6.12740185 ], [ -61.22658332, 6.12740357 ], [ -61.22716977, 6.12760438 ], [ -61.2273768, 6.12784928 ], [ -61.22742924, 6.12837385 ], [ -61.22745437, 6.12897976 ], [ -61.22789529, 6.12949658 ], [ -61.2283642, 6.12975125 ], [ -61.22879814, 6.12964422 ], [ -61.22926907, 6.12928416 ], [ -61.2298572, 6.12898765 ], [ -61.23044452, 6.12893536 ], [ -61.23105994, 6.12860282 ], [ -61.23176708, 6.12783659 ], [ -61.23238486, 6.12676268 ], [ -61.23309279, 6.12575228 ], [ -61.23385472, 6.1247873 ], [ -61.2338229, 6.12348521 ], [ -61.2335002, 6.12271551 ], [ -61.2333873, 6.12134075 ], [ -61.23406883, 6.12010427 ], [ -61.23553741, 6.11851772 ], [ -61.23656021, 6.11791527 ], [ -61.23705885, 6.11733824 ], [ -61.23735888, 6.11676054 ], [ -61.23765055, 6.11596576 ], [ -61.23783449, 6.11495368 ], [ -61.23807027, 6.1146742 ], [ -61.2383858, 6.11486508 ], [ -61.23885364, 6.11544529 ], [ -61.23941262, 6.11578171 ], [ -61.23984632, 6.11575601 ], [ -61.23988433, 6.11517743 ], [ -61.24006097, 6.1136409 ], [ -61.23983023, 6.1123742 ], [ -61.24006653, 6.111932 ], [ -61.24044593, 6.11193325 ], [ -61.24074285, 6.11229582 ], [ -61.24103081, 6.11262231 ], [ -61.24143694, 6.11273212 ], [ -61.24202537, 6.11235426 ], [ -61.24291349, 6.1114711 ], [ -61.24369989, 6.11131084 ], [ -61.24437662, 6.11153915 ], [ -61.24510788, 6.11167715 ], [ -61.24595735, 6.11157143 ], [ -61.24700342, 6.11211737 ], [ -61.247878, 6.11261751 ], [ -61.24823051, 6.11256441 ], [ -61.24849332, 6.11229396 ], [ -61.24929003, 6.11174501 ], [ -61.24984141, 6.1116383 ], [ -61.25042886, 6.11155885 ], [ -61.25089878, 6.11150615 ], [ -61.25177232, 6.11230462 ], [ -61.25288042, 6.11323958 ], [ -61.2555744, 6.11539127 ], [ -61.25651189, 6.1160001 ], [ -61.25718027, 6.11602938 ], [ -61.25835668, 6.11540027 ], [ -61.25920727, 6.11494188 ], [ -61.2594169, 6.11436386 ], [ -61.25965293, 6.11400291 ], [ -61.26005985, 6.11386864 ], [ -61.26043809, 6.11423157 ], [ -61.2605543, 6.11461174 ], [ -61.26081569, 6.11480242 ], [ -61.26111416, 6.11466777 ], [ -61.26154838, 6.11447926 ], [ -61.26187385, 6.11439893 ], [ -61.26239669, 6.11472616 ], [ -61.2626949, 6.1147 ], [ -61.26304793, 6.11448409 ], [ -61.26310361, 6.11401406 ], [ -61.26284368, 6.1133803 ], [ -61.26296226, 6.1130281 ], [ -61.26328821, 6.11280307 ], [ -61.26360453, 6.11274984 ], [ -61.26398366, 6.11283241 ], [ -61.26451573, 6.11311448 ], [ -61.26501187, 6.11333305 ], [ -61.26530089, 6.11333398 ], [ -61.26557258, 6.11311788 ], [ -61.26597953, 6.1129835 ], [ -61.26633167, 6.11303897 ], [ -61.26659324, 6.11317541 ], [ -61.26694478, 6.11339352 ], [ -61.26744252, 6.11312392 ], [ -61.26732611, 6.11278896 ], [ -61.26732708, 6.11249051 ], [ -61.26741861, 6.11212918 ], [ -61.26774471, 6.11183181 ], [ -61.26820559, 6.11177907 ], [ -61.26864937, 6.11141878 ], [ -61.26865041, 6.11109331 ], [ -61.26841655, 6.11078511 ], [ -61.26803846, 6.11037695 ], [ -61.26797631, 6.11004228 ], [ -61.26806754, 6.10977127 ], [ -61.26839331, 6.10958245 ], [ -61.26882681, 6.10961097 ], [ -61.26933258, 6.10963971 ], [ -61.26980258, 6.10955986 ], [ -61.27026409, 6.10930813 ], [ -61.27032839, 6.10898288 ], [ -61.2699779, 6.10840307 ], [ -61.26995186, 6.1080684 ], [ -61.27018769, 6.10777081 ], [ -61.27030686, 6.10724673 ], [ -61.27024571, 6.10658639 ], [ -61.26989433, 6.10631404 ], [ -61.26946179, 6.10597807 ], [ -61.26902066, 6.10551552 ], [ -61.26893196, 6.10499077 ], [ -61.26902394, 6.10449376 ], [ -61.26937722, 6.10416944 ], [ -61.26987417, 6.1041439 ], [ -61.2701084, 6.1043345 ], [ -61.27036863, 6.10488691 ], [ -61.27060178, 6.10540306 ], [ -61.27095302, 6.10573877 ], [ -61.27124229, 6.10565832 ], [ -61.27159587, 6.10527064 ], [ -61.27189612, 6.10461154 ], [ -61.27186402, 6.10334549 ], [ -61.27172339, 6.10211536 ], [ -61.27107931, 6.10014208 ], [ -61.27122866, 6.09863253 ], [ -61.27231868, 6.09676436 ], [ -61.27366926, 6.09528574 ], [ -61.2743755, 6.09476355 ], [ -61.27481767, 6.09490058 ], [ -61.27513149, 6.09565215 ], [ -61.27583162, 6.09705586 ], [ -61.27648031, 6.0975733 ], [ -61.2769767, 6.09771956 ], [ -61.27729338, 6.0975488 ], [ -61.27741216, 6.09711514 ], [ -61.27706296, 6.0961465 ], [ -61.27672158, 6.09556673 ], [ -61.27672487, 6.09452687 ], [ -61.27676417, 6.09070222 ], [ -61.27729984, 6.08699665 ], [ -61.27779959, 6.08608496 ], [ -61.27838833, 6.08557144 ], [ -61.2791472, 6.08554674 ], [ -61.27987858, 6.08563053 ], [ -61.28058384, 6.08540667 ], [ -61.28284678, 6.0839309 ], [ -61.28439493, 6.08282366 ], [ -61.28448666, 6.08238084 ], [ -61.28418976, 6.08200021 ], [ -61.28383905, 6.08150179 ], [ -61.28404823, 6.08104128 ], [ -61.28442823, 6.08087063 ], [ -61.2848709, 6.08084489 ], [ -61.28519715, 6.08049334 ], [ -61.28516259, 6.07999592 ], [ -61.28513739, 6.07941716 ], [ -61.28567164, 6.07897578 ], [ -61.28631368, 6.07876073 ], [ -61.28710085, 6.07835639 ], [ -61.28783311, 6.07815973 ], [ -61.28869107, 6.07821669 ], [ -61.28918884, 6.0778928 ], [ -61.28968734, 6.07736993 ], [ -61.29015815, 6.07701871 ], [ -61.29112481, 6.07698562 ], [ -61.29176566, 6.0771323 ], [ -61.2922088, 6.07696193 ], [ -61.29261723, 6.07633929 ], [ -61.29256598, 6.07539872 ], [ -61.29200745, 6.07492678 ], [ -61.29116003, 6.07438156 ], [ -61.29001653, 6.07322058 ], [ -61.2898741, 6.07256007 ], [ -61.2902552, 6.07200969 ], [ -61.29087051, 6.07168609 ], [ -61.29169283, 6.07157117 ], [ -61.29283996, 6.07157477 ], [ -61.29371657, 6.07144194 ], [ -61.29444959, 6.07101019 ], [ -61.29521175, 6.06990946 ], [ -61.29683655, 6.06738272 ], [ -61.29779752, 6.06625548 ], [ -61.29964408, 6.06502242 ], [ -61.30088448, 6.06406789 ], [ -61.30143821, 6.0632196 ], [ -61.30185779, 6.06190071 ], [ -61.30179902, 6.06047191 ], [ -61.30148551, 6.05963902 ], [ -61.30113479, 6.05912252 ], [ -61.30057595, 6.05875903 ], [ -61.30008087, 6.05820591 ], [ -61.29999258, 6.05754559 ], [ -61.30105365, 6.05620167 ], [ -61.30225636, 6.05574427 ], [ -61.30336734, 6.05574773 ], [ -61.30433396, 6.05571457 ], [ -61.30539098, 6.05563651 ], [ -61.3062946, 6.05553076 ], [ -61.30697209, 6.05550573 ], [ -61.30793871, 6.05548164 ], [ -61.30869901, 6.05495955 ], [ -61.30917047, 6.05439136 ], [ -61.30985264, 6.05287436 ], [ -61.30997392, 6.05163596 ], [ -61.30959696, 6.05083904 ], [ -61.30912982, 6.0500148 ], [ -61.30944962, 6.04885837 ], [ -61.30950735, 6.0477011 ], [ -61.30997968, 6.04685262 ], [ -61.31080344, 6.04627647 ], [ -61.31162622, 6.04600774 ], [ -61.31241303, 6.04567565 ], [ -61.31323621, 6.0452984 ], [ -61.31377091, 6.04469424 ], [ -61.31438994, 6.04315895 ], [ -61.31512921, 6.04065651 ], [ -61.31530875, 6.03809809 ], [ -61.31578419, 6.03622781 ], [ -61.31667544, 6.03424124 ], [ -61.31711596, 6.03198206 ], [ -61.31758894, 6.03091651 ], [ -61.31829556, 6.0302314 ], [ -61.31920831, 6.0300715 ], [ -61.31994002, 6.03004663 ], [ -61.32055429, 6.03001236 ], [ -61.32128657, 6.02979764 ], [ -61.32181149, 6.02944657 ], [ -61.32254406, 6.02914135 ], [ -61.32345713, 6.02887293 ], [ -61.32428127, 6.02813393 ], [ -61.32475571, 6.02658912 ], [ -61.32542911, 6.02494549 ], [ -61.32701646, 6.02275307 ], [ -61.3294015, 6.01960458 ], [ -61.32982762, 6.01908142 ], [ -61.33018809, 6.01933574 ], [ -61.3303938, 6.01999645 ], [ -61.33016604, 6.02065584 ], [ -61.32973982, 6.0212061 ], [ -61.32925959, 6.02171102 ], [ -61.3287704, 6.02219782 ], [ -61.32829913, 6.02271179 ], [ -61.32789994, 6.02328929 ], [ -61.32766314, 6.0239396 ], [ -61.32759781, 6.02462666 ], [ -61.3276408, 6.02532305 ], [ -61.32772001, 6.02601952 ], [ -61.32779015, 6.02670701 ], [ -61.32779703, 6.02740326 ], [ -61.32764145, 6.02808095 ], [ -61.3273144, 6.02869482 ], [ -61.32691523, 6.02926324 ], [ -61.32647103, 6.02979537 ], [ -61.32599976, 6.03030934 ], [ -61.32550156, 6.03079613 ], [ -61.32498524, 6.03126476 ], [ -61.324469, 6.03172434 ], [ -61.32395276, 6.03219297 ], [ -61.32343648, 6.0326616 ], [ -61.32257578, 6.03350897 ], [ -61.32255562, 6.03420511 ], [ -61.32249029, 6.03489213 ], [ -61.32243391, 6.03558817 ], [ -61.32243179, 6.03628449 ], [ -61.32257421, 6.03696308 ], [ -61.32295182, 6.03754296 ], [ -61.32341994, 6.03805981 ], [ -61.32391517, 6.03854057 ], [ -61.32444673, 6.03899435 ], [ -61.32499635, 6.03942105 ], [ -61.32558234, 6.03980256 ], [ -61.32619551, 6.04013001 ], [ -61.32683601, 6.04039425 ], [ -61.32751297, 6.04054096 ], [ -61.32820859, 6.04051598 ], [ -61.32885962, 6.04028282 ], [ -61.32945687, 6.03992303 ], [ -61.33000016, 6.03949065 ], [ -61.3305164, 6.03902202 ], [ -61.33100561, 6.03853522 ], [ -61.33149492, 6.03803938 ], [ -61.33198412, 6.03754353 ], [ -61.33250958, 6.03704779 ], [ -61.33301671, 6.03661531 ], [ -61.33358699, 6.03621021 ], [ -61.33419309, 6.03587747 ], [ -61.33482626, 6.03559 ], [ -61.33547732, 6.03534791 ], [ -61.33613739, 6.03512387 ], [ -61.33679742, 6.03491788 ], [ -61.33745737, 6.03470288 ], [ -61.33812651, 6.03446979 ], [ -61.33880429, 6.03434529 ], [ -61.33949099, 6.03425696 ], [ -61.34018674, 6.03418677 ], [ -61.34088241, 6.03411654 ], [ -61.34156919, 6.03401909 ], [ -61.34224707, 6.03387649 ], [ -61.34290702, 6.03366152 ], [ -61.3432653, 6.0334913 ], [ -61.34353122, 6.03336496 ], [ -61.34411045, 6.03296886 ], [ -61.34466272, 6.03254559 ], [ -61.34519698, 6.03210411 ], [ -61.34571316, 6.03164451 ], [ -61.34622042, 6.03116681 ], [ -61.34671872, 6.03068 ], [ -61.34719893, 6.03017509 ], [ -61.34767915, 6.02967015 ], [ -61.34814137, 6.02915613 ], [ -61.34861262, 6.02864214 ], [ -61.34907487, 6.02811907 ], [ -61.34953701, 6.02760505 ], [ -61.34999929, 6.02708198 ], [ -61.35046143, 6.02656795 ], [ -61.35093264, 6.02605396 ], [ -61.35140385, 6.02554898 ], [ -61.35197466, 6.02496294 ], [ -61.35246098, 6.02545273 ], [ -61.35293812, 6.02596958 ], [ -61.35340626, 6.02647739 ], [ -61.35390154, 6.02696717 ], [ -61.35445125, 6.02739385 ], [ -61.35510082, 6.02763992 ], [ -61.35569804, 6.0272891 ], [ -61.35625025, 6.02687479 ], [ -61.35664597, 6.02744567 ], [ -61.35661675, 6.02814181 ], [ -61.35654245, 6.0288288 ], [ -61.35646809, 6.02952492 ], [ -61.35640227, 6.03038371 ], [ -61.35610232, 6.03100679 ], [ -61.3557753, 6.03162067 ], [ -61.35546631, 6.03224368 ], [ -61.3551844, 6.0328848 ], [ -61.35500178, 6.03355339 ], [ -61.35527082, 6.03419629 ], [ -61.35596628, 6.0341984 ], [ -61.35636538, 6.03363896 ], [ -61.35672851, 6.03304317 ], [ -61.35709153, 6.03244747 ], [ -61.3574817, 6.03186995 ], [ -61.35796191, 6.03137404 ], [ -61.35863985, 6.03119527 ], [ -61.35927132, 6.03146841 ], [ -61.35984822, 6.03185896 ], [ -61.36042512, 6.03224955 ], [ -61.36104748, 6.03254978 ], [ -61.36169856, 6.03228956 ], [ -61.36203461, 6.03167567 ], [ -61.36237963, 6.03107991 ], [ -61.36289303, 6.0315517 ], [ -61.36299936, 6.03223922 ], [ -61.3631328, 6.03292681 ], [ -61.36344714, 6.03354263 ], [ -61.36412414, 6.03368039 ], [ -61.36469439, 6.03328419 ], [ -61.36495818, 6.03264299 ], [ -61.36498739, 6.03194673 ], [ -61.36495516, 6.03064455 ], [ -61.36565086, 6.03057432 ], [ -61.36634642, 6.03054928 ], [ -61.36704195, 6.0305423 ], [ -61.36773754, 6.03052631 ], [ -61.36843306, 6.03049222 ], [ -61.3691198, 6.03039474 ], [ -61.36977981, 6.03019779 ], [ -61.37029604, 6.02972912 ], [ -61.3703071, 6.0290329 ], [ -61.37012847, 6.02836323 ], [ -61.3698956, 6.02770239 ], [ -61.36968083, 6.02704166 ], [ -61.36952928, 6.02636305 ], [ -61.36967588, 6.02567615 ], [ -61.37018303, 6.02520755 ], [ -61.37081617, 6.02492004 ], [ -61.37124812, 6.02545482 ], [ -61.37120995, 6.02615097 ], [ -61.37126208, 6.02684747 ], [ -61.37173927, 6.02735529 ], [ -61.37242597, 6.02727586 ], [ -61.37269882, 6.02663469 ], [ -61.37284534, 6.02595695 ], [ -61.37296483, 6.02527009 ], [ -61.37307524, 6.02458313 ], [ -61.3732481, 6.02416776 ], [ -61.37521739, 6.03016881 ], [ -61.37535088, 6.03084738 ], [ -61.3754663, 6.03153494 ], [ -61.37557261, 6.03222256 ], [ -61.3757151, 6.03290114 ], [ -61.37590284, 6.03357085 ], [ -61.37617187, 6.03421373 ], [ -61.3765043, 6.03482057 ], [ -61.3768819, 6.03540945 ], [ -61.37730475, 6.03596229 ], [ -61.37778203, 6.03647011 ], [ -61.37832267, 6.03690577 ], [ -61.37892687, 6.03724209 ], [ -61.37955821, 6.03753337 ], [ -61.38019873, 6.03780651 ], [ -61.3808484, 6.03805262 ], [ -61.38149802, 6.03828961 ], [ -61.38215676, 6.03849961 ], [ -61.3828246, 6.03870052 ], [ -61.38350151, 6.0388743 ], [ -61.38417845, 6.03903913 ], [ -61.38485554, 6.03916771 ], [ -61.38554173, 6.03927823 ], [ -61.38622788, 6.03937974 ], [ -61.38691476, 6.03923711 ], [ -61.38713352, 6.03857766 ], [ -61.38730714, 6.03789991 ], [ -61.38800278, 6.03784771 ], [ -61.38849818, 6.03832845 ], [ -61.38910239, 6.03866487 ], [ -61.38971753, 6.03834112 ], [ -61.3904064, 6.03754743 ], [ -61.39103772, 6.03785671 ], [ -61.391651, 6.03816599 ], [ -61.39205591, 6.03872783 ], [ -61.39207188, 6.03942411 ], [ -61.39195245, 6.04011108 ], [ -61.39182395, 6.04079791 ], [ -61.39179482, 6.04149409 ], [ -61.3920639, 6.04212785 ], [ -61.39251396, 6.04266269 ], [ -61.39301836, 6.04314346 ], [ -61.39355906, 6.0435791 ], [ -61.39411789, 6.04399673 ], [ -61.39468579, 6.04438728 ], [ -61.39527177, 6.04476871 ], [ -61.39585786, 6.04514124 ], [ -61.39643483, 6.04552275 ], [ -61.3975165, 6.04628547 ], [ -61.3979847, 6.04680228 ], [ -61.3984438, 6.0473191 ], [ -61.39874915, 6.04794391 ], [ -61.39869288, 6.0486401 ], [ -61.39851031, 6.0493087 ], [ -61.39838182, 6.04999553 ], [ -61.3986871, 6.05062045 ], [ -61.39924591, 6.05103799 ], [ -61.399841, 6.05139242 ], [ -61.40047248, 6.05168367 ], [ -61.40112206, 6.05193877 ], [ -61.40178996, 6.05213057 ], [ -61.402467, 6.05227733 ], [ -61.40315383, 6.05216171 ], [ -61.40340865, 6.05152045 ], [ -61.40366344, 6.05087014 ], [ -61.4041887, 6.05041952 ], [ -61.40479492, 6.05007766 ], [ -61.40540113, 6.04973587 ], [ -61.40601627, 6.04942113 ], [ -61.40664041, 6.04910655 ], [ -61.40726463, 6.04880086 ], [ -61.40789781, 6.04850429 ], [ -61.40853089, 6.0482168 ], [ -61.40915507, 6.04792924 ], [ -61.40978814, 6.04764175 ], [ -61.41042132, 6.04734517 ], [ -61.4110545, 6.04705768 ], [ -61.41168768, 6.04676107 ], [ -61.41253792, 6.04635662 ], [ -61.4124677, 6.04566017 ], [ -61.41237034, 6.04497265 ], [ -61.41225487, 6.044285 ], [ -61.41213947, 6.04359745 ], [ -61.41201497, 6.04291888 ], [ -61.4119086, 6.04223137 ], [ -61.41182028, 6.04153477 ], [ -61.41176813, 6.0408474 ], [ -61.41175206, 6.04015108 ], [ -61.41179921, 6.03945485 ], [ -61.41193672, 6.03876805 ], [ -61.41226368, 6.03816314 ], [ -61.41276191, 6.03767626 ], [ -61.4133411, 6.03728909 ], [ -61.41394729, 6.03694729 ], [ -61.41457141, 6.03664163 ], [ -61.41519561, 6.03633597 ], [ -61.41582863, 6.03605751 ], [ -61.4164887, 6.03583329 ], [ -61.4171577, 6.0356454 ], [ -61.41734622, 6.03559495 ], [ -61.41782659, 6.03546652 ], [ -61.41850463, 6.03528756 ], [ -61.41917352, 6.03509963 ], [ -61.41982459, 6.03487548 ], [ -61.42046671, 6.03459698 ], [ -61.42106382, 6.03424602 ], [ -61.42155308, 6.03375005 ], [ -61.4219341, 6.03317244 ], [ -61.42227008, 6.0325585 ], [ -61.42279655, 6.03165575 ], [ -61.42346443, 6.03184764 ], [ -61.42413225, 6.0320575 ], [ -61.42479099, 6.03226745 ], [ -61.42547711, 6.03241409 ], [ -61.42616347, 6.03245223 ], [ -61.4268591, 6.03241806 ], [ -61.42755476, 6.03235679 ], [ -61.42824159, 6.03225026 ], [ -61.42891941, 6.03211651 ], [ -61.42958841, 6.03192857 ], [ -61.43023942, 6.03168624 ], [ -61.43086356, 6.03137159 ], [ -61.43138878, 6.03092094 ], [ -61.43183295, 6.03037964 ], [ -61.43225003, 6.02982021 ], [ -61.43267612, 6.02927887 ], [ -61.43319233, 6.0288101 ], [ -61.43382544, 6.02853155 ], [ -61.43452096, 6.02850642 ], [ -61.43520715, 6.02862603 ], [ -61.43587503, 6.02879973 ], [ -61.43655205, 6.02897343 ], [ -61.43723821, 6.02908399 ], [ -61.43793369, 6.02907684 ], [ -61.43862942, 6.02901556 ], [ -61.43931613, 6.02891805 ], [ -61.43999395, 6.02879341 ], [ -61.44067194, 6.02863263 ], [ -61.44134082, 6.02844455 ], [ -61.44200087, 6.02822946 ], [ -61.44258902, 6.02786034 ], [ -61.44332348, 6.02687675 ], [ -61.44401019, 6.02678829 ], [ -61.44470595, 6.02671795 ], [ -61.44539256, 6.02665662 ], [ -61.44608825, 6.02660434 ], [ -61.4467749, 6.02654301 ], [ -61.44747062, 6.02648172 ], [ -61.4481573, 6.02640218 ], [ -61.44885312, 6.0263047 ], [ -61.44953097, 6.026171 ], [ -61.45020884, 6.0260102 ], [ -61.45085981, 6.0257859 ], [ -61.45113263, 6.02513564 ], [ -61.4511888, 6.02444857 ], [ -61.45154277, 6.02384369 ], [ -61.45214892, 6.02350174 ], [ -61.45279095, 6.0232503 ], [ -61.45345999, 6.02304427 ], [ -61.45411992, 6.02282912 ], [ -61.45476201, 6.02255962 ], [ -61.4552962, 6.02210895 ], [ -61.4551265, 6.02143934 ], [ -61.45539028, 6.02079806 ], [ -61.45607633, 6.02093562 ], [ -61.45674424, 6.02111834 ], [ -61.45743042, 6.02121971 ], [ -61.45775735, 6.02060573 ], [ -61.45769607, 6.01990928 ], [ -61.45860985, 6.01937835 ], [ -61.45926863, 6.01960622 ], [ -61.45991824, 6.01986132 ], [ -61.46056785, 6.0201163 ], [ -61.46120846, 6.02037136 ], [ -61.46185807, 6.02062634 ], [ -61.46251689, 6.02084528 ], [ -61.46318484, 6.02101895 ], [ -61.46387096, 6.0211384 ], [ -61.46453995, 6.02094137 ], [ -61.46483072, 6.02030919 ], [ -61.46512157, 6.01967704 ], [ -61.46566471, 6.01924448 ], [ -61.46627985, 6.01892059 ], [ -61.46691293, 6.01864212 ], [ -61.46755498, 6.01838162 ], [ -61.46820603, 6.01812122 ], [ -61.46883911, 6.01784263 ], [ -61.46945424, 6.01751878 ], [ -61.47002443, 6.01711349 ], [ -61.47032426, 6.01649031 ], [ -61.47030811, 6.01579395 ], [ -61.47024681, 6.01509751 ], [ -61.47045646, 6.01443799 ], [ -61.47115167, 6.01453034 ], [ -61.47181045, 6.01474919 ], [ -61.47249714, 6.01466973 ], [ -61.47311227, 6.01433683 ], [ -61.47367348, 6.01392246 ], [ -61.47420765, 6.01348085 ], [ -61.47474174, 6.0130392 ], [ -61.47542977, 6.01248949 ], [ -61.47556719, 6.01180264 ], [ -61.47565035, 6.01111556 ], [ -61.47570652, 6.01041943 ], [ -61.47574457, 6.00972325 ], [ -61.47579162, 6.00902701 ], [ -61.47585679, 6.00833993 ], [ -61.47594906, 6.00764391 ], [ -61.47609544, 6.00696603 ], [ -61.47632308, 6.00631559 ], [ -61.47669509, 6.00571977 ], [ -61.47723821, 6.0052872 ], [ -61.47785332, 6.00496341 ], [ -61.47850431, 6.00471198 ], [ -61.47916432, 6.00449684 ], [ -61.47983315, 6.00432681 ], [ -61.48052003, 6.00419306 ], [ -61.48120677, 6.00407745 ], [ -61.48189345, 6.00399798 ], [ -61.48258918, 6.00392755 ], [ -61.48327576, 6.00387522 ], [ -61.48397141, 6.00383186 ], [ -61.48466704, 6.00379761 ], [ -61.48536259, 6.00376337 ], [ -61.48605821, 6.00372912 ], [ -61.48674473, 6.00370389 ], [ -61.48744035, 6.00366964 ], [ -61.4881359, 6.00363539 ], [ -61.48883156, 6.00359209 ], [ -61.48951817, 6.0035307 ], [ -61.49076504, 6.00338948 ], [ -61.49143288, 6.00359926 ], [ -61.49208255, 6.00383615 ], [ -61.49274136, 6.00405505 ], [ -61.49341833, 6.00421966 ], [ -61.49411372, 6.00424869 ], [ -61.49479149, 6.00412398 ], [ -61.49545159, 6.00388156 ], [ -61.49603964, 6.0035215 ], [ -61.49648371, 6.00298014 ], [ -61.49664817, 6.00230229 ], [ -61.49665006, 6.001606 ], [ -61.4966068, 6.00091863 ], [ -61.49657258, 6.00022225 ], [ -61.49662864, 5.99952602 ], [ -61.49685628, 5.99886652 ], [ -61.49720111, 5.99827063 ], [ -61.49761821, 5.99771111 ], [ -61.49806224, 5.9971788 ], [ -61.49852427, 5.99665556 ], [ -61.49899538, 5.99614139 ], [ -61.49944844, 5.99561812 ], [ -61.49987443, 5.99506764 ], [ -61.50021929, 5.99446271 ], [ -61.50031153, 5.99377565 ], [ -61.49976176, 5.99334005 ], [ -61.49911203, 5.99310317 ], [ -61.49845333, 5.9928663 ], [ -61.49759616, 5.99255644 ], [ -61.49720027, 5.99198568 ], [ -61.49676822, 5.99143287 ], [ -61.49633613, 5.99088908 ], [ -61.49592219, 5.99033634 ], [ -61.49554444, 5.98974751 ], [ -61.49527525, 5.98910465 ], [ -61.49522289, 5.98841725 ], [ -61.49556775, 5.98781231 ], [ -61.49604786, 5.9873072 ], [ -61.49653696, 5.98681116 ], [ -61.49697202, 5.98626977 ], [ -61.49726273, 5.98563757 ], [ -61.49749936, 5.98497811 ], [ -61.49769989, 5.98431844 ], [ -61.49788233, 5.98364072 ], [ -61.49803779, 5.98296294 ], [ -61.49815699, 5.98228503 ], [ -61.49824926, 5.98158893 ], [ -61.49832335, 5.98090188 ], [ -61.49837948, 5.98020573 ], [ -61.4984175, 5.97950946 ], [ -61.49843742, 5.97881321 ], [ -61.4984213, 5.97811689 ], [ -61.49838705, 5.97742945 ], [ -61.49831668, 5.97673297 ], [ -61.49821011, 5.97604541 ], [ -61.4980223, 5.97537565 ], [ -61.49773497, 5.97474188 ], [ -61.49740244, 5.97413509 ], [ -61.49706991, 5.97351926 ], [ -61.4966745, 5.97281284 ], [ -61.49654989, 5.97212517 ], [ -61.49637109, 5.97145551 ], [ -61.49619224, 5.97077681 ], [ -61.4960496, 5.97009812 ], [ -61.49598825, 5.96941073 ], [ -61.49611659, 5.96872381 ], [ -61.49649751, 5.96813706 ], [ -61.49702264, 5.96767726 ], [ -61.49760172, 5.96729901 ], [ -61.49820777, 5.96695711 ], [ -61.49881386, 5.96661506 ], [ -61.49953767, 5.96613775 ], [ -61.49982493, 5.96677151 ], [ -61.50007608, 5.9674233 ], [ -61.50033631, 5.96806612 ], [ -61.50063267, 5.96869091 ], [ -61.50099226, 5.96928871 ], [ -61.50167015, 5.96910971 ], [ -61.5021772, 5.96864084 ], [ -61.50282687, 5.96889577 ], [ -61.50344011, 5.96923208 ], [ -61.50402615, 5.96960438 ], [ -61.50459413, 5.9699948 ], [ -61.50516208, 5.97039424 ], [ -61.50573906, 5.97079375 ], [ -61.50631604, 5.97117505 ], [ -61.50692028, 5.97151133 ], [ -61.50755176, 5.97180244 ], [ -61.50821961, 5.97201223 ], [ -61.50890586, 5.97206831 ], [ -61.50960146, 5.97199788 ], [ -61.51027936, 5.97184601 ], [ -61.51094813, 5.9716669 ], [ -61.51213203, 5.97141691 ], [ -61.5116233, 5.97250071 ], [ -61.51196496, 5.97310752 ], [ -61.5123246, 5.97369627 ], [ -61.51259381, 5.97433908 ], [ -61.51261905, 5.9750355 ], [ -61.51242755, 5.97570418 ], [ -61.51215486, 5.97634549 ], [ -61.51189125, 5.97698681 ], [ -61.51171785, 5.97765559 ], [ -61.51169789, 5.97835185 ], [ -61.51169599, 5.97904813 ], [ -61.51170312, 5.97974456 ], [ -61.51171033, 5.98044088 ], [ -61.5117355, 5.98113722 ], [ -61.51178785, 5.98182469 ], [ -61.51186723, 5.98252124 ], [ -61.51200996, 5.98319981 ], [ -61.51223393, 5.98386054 ], [ -61.51260269, 5.98444944 ], [ -61.51315256, 5.98486686 ], [ -61.51382035, 5.98507672 ], [ -61.51450669, 5.98513278 ], [ -61.51520222, 5.98510754 ], [ -61.51589791, 5.98503711 ], [ -61.51658462, 5.98493038 ], [ -61.51726236, 5.9848056 ], [ -61.51794921, 5.98468089 ], [ -61.51863599, 5.98455614 ], [ -61.51932263, 5.98446758 ], [ -61.52035268, 5.98435271 ], [ -61.52098415, 5.98465289 ], [ -61.52140715, 5.98520564 ], [ -61.52121573, 5.98587433 ], [ -61.52090694, 5.98649743 ], [ -61.52063419, 5.98713886 ], [ -61.52053306, 5.98782582 ], [ -61.5207209, 5.9884955 ], [ -61.5210173, 5.98912028 ], [ -61.52128656, 5.98976315 ], [ -61.52131178, 5.9904595 ], [ -61.52090382, 5.99101907 ], [ -61.52038773, 5.99148793 ], [ -61.51988064, 5.99196587 ], [ -61.51994196, 5.9926533 ], [ -61.5206007, 5.99289026 ], [ -61.52127773, 5.99304579 ], [ -61.52195476, 5.99319228 ], [ -61.52262267, 5.99338396 ], [ -61.52324504, 5.9936841 ], [ -61.5237496, 5.99416474 ], [ -61.52419075, 5.99469946 ], [ -61.52460477, 5.99526126 ], [ -61.52498259, 5.99584103 ], [ -61.5253423, 5.99643885 ], [ -61.52568388, 5.99704566 ], [ -61.52601649, 5.99765251 ], [ -61.52634904, 5.99826832 ], [ -61.52667251, 5.99888411 ], [ -61.52699606, 5.99949993 ], [ -61.52733768, 6.0001067 ], [ -61.52778724, 6.00086761 ], [ -61.52828274, 6.00135729 ], [ -61.52875107, 6.00186486 ], [ -61.52920123, 6.00239961 ], [ -61.52964247, 6.00293437 ], [ -61.53009267, 6.00346912 ], [ -61.53054286, 6.00399482 ], [ -61.53101117, 6.00451155 ], [ -61.53149767, 6.0050012 ], [ -61.53202934, 6.00545479 ], [ -61.53260645, 6.00584522 ], [ -61.53323791, 6.00612729 ], [ -61.53391494, 6.00629185 ], [ -61.53461032, 6.00635701 ], [ -61.53530582, 6.00637697 ], [ -61.53599234, 6.00635167 ], [ -61.53668798, 6.00629025 ], [ -61.53737476, 6.00619262 ], [ -61.53806156, 6.00606777 ], [ -61.53873939, 6.00592491 ], [ -61.53941732, 6.00575494 ], [ -61.54008623, 6.00556674 ], [ -61.54074622, 6.00536053 ], [ -61.54140612, 6.0051453 ], [ -61.54205712, 6.00490283 ], [ -61.54270819, 6.00465139 ], [ -61.54335021, 6.00438174 ], [ -61.54398319, 6.00410313 ], [ -61.54459834, 6.00377915 ], [ -61.54474608, 6.00255875 ], [ -61.54449599, 6.00147287 ], [ -61.54438178, 6.00026977 ], [ -61.54413235, 5.99894881 ], [ -61.54389115, 5.99794435 ], [ -61.54389378, 5.99694958 ], [ -61.54428069, 5.9975294 ], [ -61.54492128, 5.9977934 ], [ -61.54561658, 5.99786755 ], [ -61.54630288, 5.9979417 ], [ -61.54690719, 5.99828698 ], [ -61.54698658, 5.99898352 ], [ -61.54693963, 5.99967968 ], [ -61.54718175, 6.00033142 ], [ -61.5476139, 6.00087518 ], [ -61.54810031, 6.00137386 ], [ -61.5486049, 6.00184546 ], [ -61.54911855, 6.00230802 ], [ -61.5496412, 6.00277969 ], [ -61.55013676, 6.00326027 ], [ -61.55060504, 6.00377701 ], [ -61.5510101, 6.00433876 ], [ -61.55136075, 6.00494558 ], [ -61.55164816, 6.00557935 ], [ -61.55190836, 6.00622218 ], [ -61.55215049, 6.00687392 ], [ -61.5525992, 6.00801455 ], [ -61.55285948, 6.00865728 ], [ -61.55309261, 6.00930902 ], [ -61.55331665, 6.00996981 ], [ -61.55353172, 6.01063054 ], [ -61.55375575, 6.01129126 ], [ -61.55398889, 6.01194297 ], [ -61.55425817, 6.01258583 ], [ -61.55455463, 6.01321963 ], [ -61.55491439, 6.01381744 ], [ -61.55532842, 6.01437017 ], [ -61.55582396, 6.01485983 ], [ -61.55639199, 6.01525925 ], [ -61.55699629, 6.01560444 ], [ -61.55763692, 6.01587747 ], [ -61.55829571, 6.01610526 ], [ -61.55897275, 6.01626085 ], [ -61.55965905, 6.01635308 ], [ -61.56034577, 6.0162735 ], [ -61.56100574, 6.01604005 ], [ -61.56162089, 6.01571616 ], [ -61.56219998, 6.01533782 ], [ -61.5627341, 6.01489612 ], [ -61.56270883, 6.01419974 ], [ -61.56278287, 6.01350352 ], [ -61.56315475, 6.01292574 ], [ -61.56359876, 6.01238428 ], [ -61.5640428, 6.01184286 ], [ -61.56449578, 6.01131952 ], [ -61.56496683, 6.0108053 ], [ -61.56543789, 6.01030008 ], [ -61.56590894, 6.00978586 ], [ -61.56638, 6.00928064 ], [ -61.56685104, 6.00876642 ], [ -61.56753048, 6.00800857 ], [ -61.56795651, 6.00745804 ], [ -61.56840951, 6.00692569 ], [ -61.56886248, 6.00640235 ], [ -61.56931555, 6.00586997 ], [ -61.56976855, 6.00533758 ], [ -61.57019455, 6.0047961 ], [ -61.57059349, 6.00422741 ], [ -61.57094731, 6.00362245 ], [ -61.57122894, 6.00299007 ], [ -61.57133912, 6.00230306 ], [ -61.57130479, 6.00160668 ], [ -61.57120722, 6.00091906 ], [ -61.57108258, 6.00023145 ], [ -61.57095788, 5.99955292 ], [ -61.57115813, 5.99896563 ], [ -61.57149065, 5.99962665 ], [ -61.57179611, 6.00025142 ], [ -61.57213778, 6.0008582 ], [ -61.57254279, 6.00141993 ], [ -61.57312889, 6.0018013 ], [ -61.57381521, 6.0018935 ], [ -61.57451075, 6.00186818 ], [ -61.57519761, 6.0017434 ], [ -61.57584853, 6.00151905 ], [ -61.57636455, 6.00106818 ], [ -61.57626701, 6.00037151 ], [ -61.57598867, 5.99972874 ], [ -61.57575551, 5.99907704 ], [ -61.57571218, 5.9983806 ], [ -61.5758855, 5.99771176 ], [ -61.57614915, 5.99706136 ], [ -61.57648552, 5.99621221 ], [ -61.57673113, 5.99556164 ], [ -61.57694059, 5.994893 ], [ -61.57714105, 5.99422433 ], [ -61.5773234, 5.99355552 ], [ -61.57750575, 5.99288678 ], [ -61.57770621, 5.99221811 ], [ -61.57791567, 5.99155851 ], [ -61.57817028, 5.99090797 ], [ -61.57850608, 5.99030295 ], [ -61.57913913, 5.99000621 ], [ -61.57974341, 5.99034233 ], [ -61.58024798, 5.99082295 ], [ -61.58068923, 5.99136667 ], [ -61.58108516, 5.99192839 ], [ -61.58147211, 5.99250814 ], [ -61.58184093, 5.99310607 ], [ -61.58219167, 5.99369478 ], [ -61.58254242, 5.99430158 ], [ -61.58289313, 5.99489933 ], [ -61.58323477, 5.99550614 ], [ -61.58358556, 5.99610389 ], [ -61.58394527, 5.99671072 ], [ -61.58430509, 5.99729953 ], [ -61.58497093, 5.99830501 ], [ -61.58520407, 5.99896586 ], [ -61.58541914, 5.99962654 ], [ -61.58562518, 6.00028725 ], [ -61.58584032, 6.00094793 ], [ -61.58609153, 6.00159979 ], [ -61.58639702, 6.00222456 ], [ -61.58678398, 6.00280434 ], [ -61.58744279, 6.00302305 ], [ -61.58813829, 6.0030429 ], [ -61.58879718, 6.00326171 ], [ -61.58936516, 6.00366109 ], [ -61.58989694, 6.0041055 ], [ -61.5904106, 6.0045771 ], [ -61.59089714, 6.00507577 ], [ -61.59133837, 6.00561044 ], [ -61.59172534, 6.00619022 ], [ -61.59174158, 6.00688668 ], [ -61.59162243, 6.00757366 ], [ -61.59180134, 6.00824329 ], [ -61.59222452, 6.00879602 ], [ -61.59270195, 6.00930371 ], [ -61.59319748, 6.00978429 ], [ -61.59372022, 6.01025591 ], [ -61.59423389, 6.01071846 ], [ -61.59474756, 6.01119005 ], [ -61.59524316, 6.01167063 ], [ -61.59570254, 6.01219634 ], [ -61.59610755, 6.0127671 ], [ -61.59638591, 6.01340085 ], [ -61.59658294, 6.01407054 ], [ -61.59690534, 6.01518371 ], [ -61.59725605, 6.01578149 ], [ -61.59757969, 6.01639734 ], [ -61.59788523, 6.0170221 ], [ -61.59819974, 6.0176469 ], [ -61.59853245, 6.01825366 ], [ -61.59891033, 6.01883341 ], [ -61.59935155, 6.01937715 ], [ -61.59988337, 6.01983067 ], [ -61.60055144, 6.01999515 ], [ -61.60124705, 6.01997883 ], [ -61.60194274, 6.01991733 ], [ -61.60262936, 6.01985579 ], [ -61.60332481, 6.01992085 ], [ -61.60368463, 6.02051866 ], [ -61.60370997, 6.02121511 ], [ -61.60369912, 6.02191141 ], [ -61.60363412, 6.02259854 ], [ -61.60354206, 6.0232947 ], [ -61.60343193, 6.02398172 ], [ -61.60329471, 6.02465959 ], [ -61.60314838, 6.02533755 ], [ -61.60298402, 6.02601537 ], [ -61.60281977, 6.02669319 ], [ -61.60265541, 6.027371 ], [ -61.60248208, 6.02803986 ], [ -61.60230872, 6.02871764 ], [ -61.60214439, 6.02939546 ], [ -61.60198002, 6.03007336 ], [ -61.60183381, 6.03075124 ], [ -61.60161419, 6.03183587 ], [ -61.60148604, 6.03251378 ], [ -61.60133968, 6.0332007 ], [ -61.60169954, 6.03378954 ], [ -61.60237665, 6.03393592 ], [ -61.60307199, 6.03404621 ], [ -61.60375831, 6.03412032 ], [ -61.60445377, 6.03418539 ], [ -61.60514018, 6.03422331 ], [ -61.6058357, 6.03425222 ], [ -61.6065312, 6.03427209 ], [ -61.60722675, 6.03429195 ], [ -61.60792222, 6.03431188 ], [ -61.6086178, 6.03433175 ], [ -61.60931331, 6.03436065 ], [ -61.61000879, 6.03438956 ], [ -61.61069514, 6.03444553 ], [ -61.6113906, 6.03451062 ], [ -61.6120769, 6.03460278 ], [ -61.61276317, 6.03472207 ], [ -61.61344029, 6.03487759 ], [ -61.61407191, 6.03516854 ], [ -61.61454939, 6.03567621 ], [ -61.6149092, 6.03626492 ], [ -61.61519668, 6.03690774 ], [ -61.61540273, 6.03756849 ], [ -61.61501289, 6.03814629 ], [ -61.61433494, 6.03830735 ], [ -61.61383026, 6.03783577 ], [ -61.61346138, 6.03724702 ], [ -61.61302963, 6.03651342 ], [ -61.61279309, 6.03717298 ], [ -61.61253846, 6.03781442 ], [ -61.61232903, 6.03848308 ], [ -61.6122189, 6.03917017 ], [ -61.61244309, 6.03982186 ], [ -61.61280287, 6.04041962 ], [ -61.61289147, 6.04111618 ], [ -61.61251059, 6.04169398 ], [ -61.61201247, 6.0421901 ], [ -61.6114874, 6.04264097 ], [ -61.61097126, 6.04310088 ], [ -61.61049121, 6.04360611 ], [ -61.61014641, 6.04421113 ], [ -61.60990986, 6.04486171 ], [ -61.6097275, 6.04553951 ], [ -61.60959929, 6.04621742 ], [ -61.60949815, 6.04690443 ], [ -61.60942413, 6.04760066 ], [ -61.60935911, 6.04829684 ], [ -61.60929412, 6.04898394 ], [ -61.60923809, 6.04968023 ], [ -61.60919118, 6.0503764 ], [ -61.60924367, 6.05106383 ], [ -61.60946776, 6.05172464 ], [ -61.60982761, 6.05232244 ], [ -61.61024173, 6.05287513 ], [ -61.61068306, 6.05341887 ], [ -61.61114242, 6.05393552 ], [ -61.61159282, 6.0544612 ], [ -61.61208811, 6.05505031 ], [ -61.61205023, 6.05573747 ], [ -61.61195818, 6.05643356 ], [ -61.61189319, 6.05712077 ], [ -61.61191846, 6.05781715 ], [ -61.61215167, 6.05847792 ], [ -61.61256587, 6.05903064 ], [ -61.61305237, 6.05952926 ], [ -61.61358427, 6.05997376 ], [ -61.61413424, 6.06040023 ], [ -61.6146933, 6.06080864 ], [ -61.6152523, 6.06122601 ], [ -61.61578418, 6.06167956 ], [ -61.61627982, 6.06216916 ], [ -61.61666678, 6.06273991 ], [ -61.61659277, 6.06343614 ], [ -61.61640141, 6.06410483 ], [ -61.61651708, 6.06478336 ], [ -61.61691313, 6.06536315 ], [ -61.61738157, 6.06587984 ], [ -61.61786815, 6.06636944 ], [ -61.6183366, 6.06688613 ], [ -61.61871454, 6.06747491 ], [ -61.61861341, 6.06816203 ], [ -61.61805226, 6.06857653 ], [ -61.61745513, 6.06891868 ], [ -61.61687596, 6.06931514 ], [ -61.6166214, 6.06995658 ], [ -61.61689079, 6.07059934 ], [ -61.61731393, 6.07115205 ], [ -61.61773718, 6.0717048 ], [ -61.61824146, 6.07234825 ], [ -61.61797782, 6.07298967 ], [ -61.61768706, 6.07362194 ], [ -61.61740542, 6.07425424 ], [ -61.61717786, 6.07491384 ], [ -61.6170768, 6.07560096 ], [ -61.61740044, 6.07621673 ], [ -61.61787789, 6.07673341 ], [ -61.61812022, 6.07738516 ], [ -61.61817264, 6.07807259 ], [ -61.61822511, 6.07876914 ], [ -61.61825947, 6.07946552 ], [ -61.61829386, 6.08015289 ], [ -61.61831918, 6.08084939 ], [ -61.61832643, 6.08154575 ], [ -61.61832464, 6.08224204 ], [ -61.61830477, 6.08293842 ], [ -61.61825787, 6.08363463 ], [ -61.61820193, 6.08433081 ], [ -61.61808216, 6.08522586 ], [ -61.61799967, 6.08570495 ], [ -61.6178533, 6.0863828 ], [ -61.61758974, 6.08703326 ], [ -61.61724484, 6.08762924 ], [ -61.61684591, 6.08819804 ], [ -61.61641087, 6.08874859 ], [ -61.61598481, 6.08929012 ], [ -61.61557681, 6.08985878 ], [ -61.61531568, 6.0902708 ], [ -61.6152049, 6.09044566 ], [ -61.61501353, 6.09111438 ], [ -61.61515632, 6.09179297 ], [ -61.61575169, 6.09215627 ], [ -61.61661011, 6.09208614 ], [ -61.61723269, 6.09238613 ], [ -61.61785532, 6.09269525 ], [ -61.61847782, 6.09302241 ], [ -61.61865039, 6.09311185 ], [ -61.61909142, 6.09334047 ], [ -61.61970492, 6.09366764 ], [ -61.62031842, 6.09399481 ], [ -61.62094098, 6.09430381 ], [ -61.62156362, 6.09461292 ], [ -61.62219535, 6.09489485 ], [ -61.6228361, 6.09515879 ], [ -61.62349496, 6.09540462 ], [ -61.62415397, 6.09561434 ], [ -61.62483118, 6.09576977 ], [ -61.62551758, 6.09584386 ], [ -61.62621325, 6.09586373 ], [ -61.62690895, 6.09582933 ], [ -61.62724331, 6.09579399 ], [ -61.62760482, 6.09575874 ], [ -61.62829169, 6.09565201 ], [ -61.62897854, 6.09555417 ], [ -61.62948566, 6.09507623 ], [ -61.63000188, 6.0946163 ], [ -61.63039785, 6.09519608 ], [ -61.63104778, 6.09544188 ], [ -61.63160893, 6.09503634 ], [ -61.63214308, 6.09459463 ], [ -61.63265024, 6.09411657 ], [ -61.63314839, 6.09362947 ], [ -61.63363744, 6.09314234 ], [ -61.63413559, 6.09265525 ], [ -61.63470612, 6.09212312 ], [ -61.6352493, 6.09168133 ], [ -61.6355851, 6.09107627 ], [ -61.63501692, 6.0906769 ], [ -61.63438522, 6.09038594 ], [ -61.63373539, 6.09013103 ], [ -61.63308557, 6.08987623 ], [ -61.63246293, 6.08956714 ], [ -61.6319039, 6.08915875 ], [ -61.63155299, 6.08856099 ], [ -61.63150961, 6.08786454 ], [ -61.63162876, 6.08717755 ], [ -61.63182923, 6.08650877 ], [ -61.63207477, 6.08585828 ], [ -61.6323384, 6.08521686 ], [ -61.63262915, 6.08458454 ], [ -61.63300103, 6.08399766 ], [ -61.63346304, 6.08347432 ], [ -61.63404229, 6.08308686 ], [ -61.63471032, 6.08326939 ], [ -61.63527849, 6.08366876 ], [ -61.63595562, 6.08384227 ], [ -61.63662468, 6.08365408 ], [ -61.63723979, 6.08333907 ], [ -61.63782801, 6.08296079 ], [ -61.63837115, 6.08252805 ], [ -61.63884223, 6.08201375 ], [ -61.63888911, 6.08132647 ], [ -61.63871959, 6.08048505 ], [ -61.63941515, 6.08049582 ], [ -61.64011088, 6.08047949 ], [ -61.64080649, 6.08049934 ], [ -61.64142908, 6.08079927 ], [ -61.64129186, 6.08147727 ], [ -61.64094703, 6.08208231 ], [ -61.64062025, 6.08269646 ], [ -61.64042891, 6.08336519 ], [ -61.6406983, 6.08400801 ], [ -61.64123857, 6.08473283 ], [ -61.64129096, 6.08542931 ], [ -61.6412802, 6.08612568 ], [ -61.64125137, 6.08682195 ], [ -61.64124961, 6.08751828 ], [ -61.6413021, 6.08820571 ], [ -61.64153536, 6.08886654 ], [ -61.64211258, 6.08925681 ], [ -61.64278069, 6.0894394 ], [ -61.64345795, 6.08957676 ], [ -61.64415329, 6.08967795 ], [ -61.6448398, 6.08974296 ], [ -61.64553532, 6.0897809 ], [ -61.64623095, 6.08980071 ], [ -61.64692664, 6.08981151 ], [ -61.64762227, 6.08980418 ], [ -61.64831798, 6.08978783 ], [ -61.64901368, 6.08976245 ], [ -61.64970042, 6.08973706 ], [ -61.65039608, 6.08971167 ], [ -61.65109182, 6.08969529 ], [ -61.65178746, 6.08967895 ], [ -61.6524832, 6.0896626 ], [ -61.65317888, 6.08966435 ], [ -61.65387447, 6.08968414 ], [ -61.65457006, 6.08971303 ], [ -61.65525655, 6.08975993 ], [ -61.65595207, 6.089834 ], [ -61.6566293, 6.08998046 ], [ -61.65723376, 6.09032557 ], [ -61.65774753, 6.0907971 ], [ -61.65824324, 6.0912867 ], [ -61.65882005, 6.09184883 ], [ -61.65949729, 6.09199528 ], [ -61.66018359, 6.0921236 ], [ -61.66086999, 6.09223378 ], [ -61.66155626, 6.09237114 ], [ -61.66222435, 6.09256275 ], [ -61.66274722, 6.09301614 ], [ -61.66223108, 6.09348515 ], [ -61.66168798, 6.09390888 ], [ -61.66146952, 6.09457757 ], [ -61.66195613, 6.09506713 ], [ -61.66206284, 6.09575478 ], [ -61.66181733, 6.09640529 ], [ -61.6615086, 6.09702855 ], [ -61.6611728, 6.09764265 ], [ -61.66083699, 6.09825678 ], [ -61.66053726, 6.09888015 ], [ -61.66030983, 6.09953972 ], [ -61.66025387, 6.10023595 ], [ -61.66046905, 6.10089663 ], [ -61.66076564, 6.10152148 ], [ -61.66098989, 6.10218219 ], [ -61.6608707, 6.1028692 ], [ -61.66038165, 6.1033654 ], [ -61.65991053, 6.10387972 ], [ -61.65971013, 6.10453938 ], [ -61.65962713, 6.10523559 ], [ -61.65958021, 6.10592276 ], [ -61.65956943, 6.1066191 ], [ -61.65956774, 6.1073155 ], [ -61.659566, 6.10801183 ], [ -61.65954498, 6.10921457 ], [ -61.65972398, 6.10988422 ], [ -61.65990302, 6.11055398 ], [ -61.65963037, 6.11119539 ], [ -61.65894388, 6.11113941 ], [ -61.65837367, 6.11154498 ], [ -61.65811002, 6.11218642 ], [ -61.65789155, 6.11285507 ], [ -61.65764602, 6.11350561 ], [ -61.65721999, 6.11404714 ], [ -61.6565242, 6.11409968 ], [ -61.65583777, 6.11398945 ], [ -61.65516051, 6.11385212 ], [ -61.65448328, 6.11369673 ], [ -61.6538061, 6.11351409 ], [ -61.65313801, 6.11331349 ], [ -61.65247903, 6.11310388 ], [ -61.65182001, 6.1128761 ], [ -61.65117009, 6.11263938 ], [ -61.6505202, 6.11240255 ], [ -61.64987024, 6.11215678 ], [ -61.64922038, 6.11190189 ], [ -61.64857052, 6.11164708 ], [ -61.6479297, 6.11139222 ], [ -61.64727984, 6.1111374 ], [ -61.64662991, 6.11088247 ], [ -61.64598003, 6.11063673 ], [ -61.64533014, 6.11039085 ], [ -61.64468026, 6.11015412 ], [ -61.64360601, 6.10978964 ], [ -61.64299076, 6.11011371 ], [ -61.64239361, 6.11047399 ], [ -61.64179641, 6.11081606 ], [ -61.64116325, 6.11110391 ], [ -61.64047632, 6.11121974 ], [ -61.63987182, 6.11088354 ], [ -61.63943048, 6.11033983 ], [ -61.63898014, 6.1098051 ], [ -61.63838471, 6.10945098 ], [ -61.63771654, 6.1092774 ], [ -61.63702108, 6.1092033 ], [ -61.63632549, 6.10916538 ], [ -61.63534089, 6.10908148 ], [ -61.63489687, 6.10961396 ], [ -61.63448884, 6.11018267 ], [ -61.63409889, 6.1107514 ], [ -61.63369089, 6.11132012 ], [ -61.6332468, 6.1118616 ], [ -61.63273969, 6.11233058 ], [ -61.63211556, 6.1126275 ], [ -61.63141967, 6.11269806 ], [ -61.63072401, 6.11266914 ], [ -61.63003764, 6.11256797 ], [ -61.62936045, 6.11241243 ], [ -61.6285479, 6.11217527 ], [ -61.62803337, 6.11200216 ], [ -61.62737439, 6.11177432 ], [ -61.62672452, 6.11152855 ], [ -61.62607464, 6.11128264 ], [ -61.62542472, 6.11103688 ], [ -61.62477485, 6.11079097 ], [ -61.62410681, 6.11058129 ], [ -61.62341173, 6.11036251 ], [ -61.62287752, 6.11080421 ], [ -61.62231628, 6.11121882 ], [ -61.62183615, 6.11172403 ], [ -61.62174413, 6.11241108 ], [ -61.62197729, 6.11306287 ], [ -61.62230999, 6.11367867 ], [ -61.62264276, 6.11428542 ], [ -61.62291215, 6.11492818 ], [ -61.62302788, 6.11561576 ], [ -61.62305324, 6.11630321 ], [ -61.62303338, 6.11699948 ], [ -61.62297737, 6.11769566 ], [ -61.62292144, 6.11839195 ], [ -61.62286542, 6.11907909 ], [ -61.62283652, 6.11977533 ], [ -61.62286185, 6.12047183 ], [ -61.62295951, 6.12115934 ], [ -61.62313531, 6.12169905 ], [ -61.62317468, 6.12182004 ], [ -61.62350743, 6.12243584 ], [ -61.62390345, 6.12300663 ], [ -61.62432671, 6.12355934 ], [ -61.62478612, 6.12408503 ], [ -61.62527276, 6.12458368 ], [ -61.62576851, 6.12506427 ], [ -61.62628228, 6.12552682 ], [ -61.6268142, 6.1259894 ], [ -61.62734608, 6.12643393 ], [ -61.62787803, 6.12687845 ], [ -61.62841901, 6.12731392 ], [ -61.62895096, 6.12775833 ], [ -61.62948291, 6.12820285 ], [ -61.63000573, 6.12866543 ], [ -61.630817, 6.12941814 ], [ -61.63099604, 6.1300878 ], [ -61.63115694, 6.13076649 ], [ -61.63129976, 6.13144507 ], [ -61.63144258, 6.13212376 ], [ -61.6316216, 6.13280247 ], [ -61.63183675, 6.13346317 ], [ -61.63210618, 6.13409691 ], [ -61.63245698, 6.1347038 ], [ -61.63285309, 6.13527454 ], [ -61.63327638, 6.13582728 ], [ -61.63370873, 6.13636196 ], [ -61.63416815, 6.13688764 ], [ -61.63463668, 6.13740435 ], [ -61.63511424, 6.13791201 ], [ -61.63560091, 6.13841065 ], [ -61.63608754, 6.13890928 ], [ -61.63656514, 6.13940782 ], [ -61.63705181, 6.13990645 ], [ -61.63752034, 6.14042312 ], [ -61.63773657, 6.14065887 ], [ -61.63797977, 6.1409398 ], [ -61.63843024, 6.1414745 ], [ -61.63886257, 6.14201822 ], [ -61.63926772, 6.14257994 ], [ -61.63963671, 6.14316878 ], [ -61.63996038, 6.14378454 ], [ -61.64010326, 6.14447221 ], [ -61.64008341, 6.14515943 ], [ -61.63995515, 6.14584651 ], [ -61.63977275, 6.14651524 ], [ -61.63955427, 6.14717484 ], [ -61.63929059, 6.14782532 ], [ -61.63883742, 6.14834868 ], [ -61.63830326, 6.14879952 ], [ -61.63767852, 6.14928627 ], [ -61.63743294, 6.14992772 ], [ -61.63716025, 6.15056923 ], [ -61.63692364, 6.15122877 ], [ -61.6367954, 6.15190669 ], [ -61.63713722, 6.15251346 ], [ -61.63783322, 6.15242481 ], [ -61.63802469, 6.15175611 ], [ -61.63864889, 6.15144112 ], [ -61.63934454, 6.15148812 ], [ -61.64003097, 6.15158939 ], [ -61.64072656, 6.15165448 ], [ -61.6414134, 6.15159292 ], [ -61.64203763, 6.15127793 ], [ -61.6425448, 6.1507999 ], [ -61.64300698, 6.1502856 ], [ -61.64350518, 6.14979849 ], [ -61.64412937, 6.1494835 ], [ -61.64480665, 6.14963902 ], [ -61.64536584, 6.15004743 ], [ -61.64587063, 6.15052792 ], [ -61.64635725, 6.15102658 ], [ -61.64686207, 6.15149813 ], [ -61.64743029, 6.15189749 ], [ -61.64810752, 6.15207102 ], [ -61.64879444, 6.15198232 ], [ -61.64945463, 6.15175794 ], [ -61.6500788, 6.15146103 ], [ -61.65068507, 6.15110994 ], [ -61.65127336, 6.15074058 ], [ -61.65185257, 6.15036217 ], [ -61.65243178, 6.14998377 ], [ -61.65354479, 6.14933548 ], [ -61.6540339, 6.14884832 ], [ -61.65452312, 6.14835216 ], [ -61.65511136, 6.14797386 ], [ -61.65576126, 6.14821962 ], [ -61.65645692, 6.1482756 ], [ -61.65677465, 6.14766145 ], [ -61.65700222, 6.14700188 ], [ -61.65731995, 6.14638772 ], [ -61.65794424, 6.14607271 ], [ -61.65864, 6.14607445 ], [ -61.6593264, 6.14618467 ], [ -61.66000374, 6.146322 ], [ -61.66069007, 6.14645039 ], [ -61.66138569, 6.1465064 ], [ -61.6620726, 6.14641768 ], [ -61.66273276, 6.14621127 ], [ -61.66337493, 6.14594162 ], [ -61.66401715, 6.14567185 ], [ -61.66468627, 6.14547459 ], [ -61.66537318, 6.1453859 ], [ -61.66606895, 6.14535144 ], [ -61.66676462, 6.14538935 ], [ -61.66743281, 6.14557187 ], [ -61.66795568, 6.14603442 ], [ -61.66821614, 6.14667712 ], [ -61.6684133, 6.14733778 ], [ -61.66873705, 6.14796268 ], [ -61.66929619, 6.14837095 ], [ -61.66996433, 6.14858069 ], [ -61.6706417, 6.14869991 ], [ -61.67190619, 6.14892007 ], [ -61.67245627, 6.14934652 ], [ -61.67297011, 6.14981807 ], [ -61.6734931, 6.15027156 ], [ -61.6740885, 6.15063483 ], [ -61.67477529, 6.15061843 ], [ -61.67527342, 6.15013129 ], [ -61.67563634, 6.14953521 ], [ -61.67595408, 6.14892105 ], [ -61.67629899, 6.14831598 ], [ -61.67669789, 6.14774724 ], [ -61.67724113, 6.14730541 ], [ -61.67787433, 6.14702666 ], [ -61.67855243, 6.14684739 ], [ -61.67923038, 6.14672246 ], [ -61.67991742, 6.14660662 ], [ -61.68059546, 6.14645459 ], [ -61.68124659, 6.14622098 ], [ -61.68185283, 6.14586974 ], [ -61.68239601, 6.1454461 ], [ -61.68291218, 6.14497707 ], [ -61.68339228, 6.1444718 ], [ -61.68381837, 6.14391216 ], [ -61.6841361, 6.14329795 ], [ -61.68409262, 6.14261048 ], [ -61.68352437, 6.14220219 ], [ -61.68288349, 6.14193829 ], [ -61.68222449, 6.14171963 ], [ -61.68093357, 6.14122809 ], [ -61.68024669, 6.14129875 ], [ -61.67955974, 6.14142364 ], [ -61.67887273, 6.14152144 ], [ -61.67817702, 6.14152874 ], [ -61.67749977, 6.14136433 ], [ -61.67686798, 6.14107331 ], [ -61.67623623, 6.14077336 ], [ -61.67562264, 6.14044626 ], [ -61.67502714, 6.14009211 ], [ -61.67444981, 6.13971084 ], [ -61.6738997, 6.1392844 ], [ -61.67338587, 6.13882189 ], [ -61.67293537, 6.13828719 ], [ -61.67259352, 6.13768044 ], [ -61.67250486, 6.13699293 ], [ -61.67263304, 6.13630584 ], [ -61.6728786, 6.13565532 ], [ -61.67316032, 6.13502299 ], [ -61.67345997, 6.13439067 ], [ -61.67373261, 6.13374926 ], [ -61.67396016, 6.13308956 ], [ -61.67407023, 6.13241157 ], [ -61.67391835, 6.13173293 ], [ -61.67358554, 6.13111717 ], [ -61.6732437, 6.13051031 ], [ -61.6730556, 6.12984063 ], [ -61.67302116, 6.12914422 ], [ -61.673059, 6.12845701 ], [ -61.67312398, 6.12776074 ], [ -61.67321604, 6.12707365 ], [ -61.67331714, 6.12637757 ], [ -61.67348306, 6.12502137 ], [ -61.67366551, 6.12434359 ], [ -61.67382981, 6.12366563 ], [ -61.67403923, 6.12300599 ], [ -61.67438405, 6.12240092 ], [ -61.67498127, 6.12204966 ], [ -61.67564133, 6.12182521 ], [ -61.67611239, 6.12132897 ], [ -61.67548982, 6.12099278 ], [ -61.6751117, 6.12041305 ], [ -61.67514056, 6.11971678 ], [ -61.67517839, 6.11902053 ], [ -61.67524334, 6.1183333 ], [ -61.67533543, 6.1176372 ], [ -61.6754545, 6.11695924 ], [ -61.67563694, 6.11628134 ], [ -61.67588245, 6.11563083 ], [ -61.67631746, 6.11508927 ], [ -61.67700394, 6.11516329 ], [ -61.67765384, 6.11540909 ], [ -61.678322, 6.1155916 ], [ -61.67901792, 6.11552098 ], [ -61.67967792, 6.11532366 ], [ -61.68032906, 6.11506292 ], [ -61.68096221, 6.11478417 ], [ -61.68159542, 6.11447821 ], [ -61.68221952, 6.11418123 ], [ -61.68317835, 6.11374954 ], [ -61.68375566, 6.11413076 ], [ -61.68431478, 6.11454814 ], [ -61.68486494, 6.11497457 ], [ -61.68542408, 6.11538293 ], [ -61.6860105, 6.1157551 ], [ -61.68665132, 6.116028 ], [ -61.68734705, 6.1160026 ], [ -61.68782717, 6.11550634 ], [ -61.68817196, 6.11490126 ], [ -61.68850775, 6.11428712 ], [ -61.68889764, 6.11370925 ], [ -61.68953977, 6.11344851 ], [ -61.69013524, 6.11380271 ], [ -61.69066724, 6.11425618 ], [ -61.6912083, 6.1146825 ], [ -61.69190403, 6.11465705 ], [ -61.69224882, 6.11405197 ], [ -61.69261169, 6.11345597 ], [ -61.69317287, 6.11305036 ], [ -61.69380597, 6.11276251 ], [ -61.69445714, 6.11251083 ], [ -61.69510822, 6.11227732 ], [ -61.69576827, 6.11206182 ], [ -61.69642842, 6.11183734 ], [ -61.69707949, 6.11160383 ], [ -61.6977216, 6.11133402 ], [ -61.69834583, 6.11101893 ], [ -61.69892499, 6.11064058 ], [ -61.69939604, 6.11012619 ], [ -61.69965956, 6.10948466 ], [ -61.69979673, 6.10879767 ], [ -61.6998978, 6.10811064 ], [ -61.70008985, 6.10714336 ], [ -61.70474088, 6.10423345 ], [ -61.70490183, 6.10491211 ], [ -61.70504482, 6.10559071 ], [ -61.7051787, 6.10627832 ], [ -61.70530347, 6.10696602 ], [ -61.70541935, 6.10764457 ], [ -61.70553512, 6.10833216 ], [ -61.70564193, 6.1090198 ], [ -61.7057577, 6.10970739 ], [ -61.70588259, 6.11039501 ], [ -61.70600747, 6.11107355 ], [ -61.70615038, 6.11175226 ], [ -61.70632041, 6.11243095 ], [ -61.70650851, 6.11310061 ], [ -61.70674186, 6.1137524 ], [ -61.7070747, 6.11436818 ], [ -61.70761574, 6.1148036 ], [ -61.70825789, 6.11454283 ], [ -61.70873801, 6.11403751 ], [ -61.70915491, 6.11348682 ], [ -61.70954477, 6.11290898 ], [ -61.70992571, 6.11232203 ], [ -61.71028845, 6.11173505 ], [ -61.71065133, 6.11113903 ], [ -61.71100507, 6.11054291 ], [ -61.71136792, 6.10994689 ], [ -61.71173977, 6.10935994 ], [ -61.71245597, 6.10833971 ], [ -61.71312408, 6.10854934 ], [ -61.71377405, 6.10877698 ], [ -61.7144331, 6.10900467 ], [ -61.71509211, 6.10922329 ], [ -61.71576024, 6.10941475 ], [ -61.71644659, 6.10955211 ], [ -61.71713319, 6.10959897 ], [ -61.71779322, 6.10937439 ], [ -61.7183994, 6.10903222 ], [ -61.71904154, 6.10876239 ], [ -61.71973717, 6.10880019 ], [ -61.7203962, 6.10900975 ], [ -61.72103704, 6.10929166 ], [ -61.72165073, 6.1096097 ], [ -61.72225529, 6.10995474 ], [ -61.72285977, 6.11029084 ], [ -61.72387045, 6.11082682 ], [ -61.72410382, 6.11147849 ], [ -61.7243553, 6.11213026 ], [ -61.72460673, 6.11277302 ], [ -61.72485822, 6.11342478 ], [ -61.72510962, 6.11407651 ], [ -61.72536113, 6.1147192 ], [ -61.72559448, 6.11538002 ], [ -61.72581877, 6.1160317 ], [ -61.72602508, 6.11670141 ], [ -61.72621317, 6.11737111 ], [ -61.72636519, 6.1180498 ], [ -61.72641774, 6.11874631 ], [ -61.72639806, 6.11944258 ], [ -61.72633318, 6.12012985 ], [ -61.72627727, 6.12082608 ], [ -61.72625763, 6.12152239 ], [ -61.72632825, 6.12220987 ], [ -61.72655259, 6.12287067 ], [ -61.72696687, 6.12343235 ], [ -61.72746271, 6.12392192 ], [ -61.7279947, 6.12435729 ], [ -61.72853585, 6.12480166 ], [ -61.72905876, 6.12526414 ], [ -61.72948218, 6.12581684 ], [ -61.72960699, 6.12650453 ], [ -61.72928932, 6.12711873 ], [ -61.72886332, 6.1276694 ], [ -61.72842839, 6.128211 ], [ -61.72809264, 6.12881617 ], [ -61.72819041, 6.1295037 ], [ -61.72865907, 6.13002032 ], [ -61.72920014, 6.13045572 ], [ -61.72991252, 6.13105428 ], [ -61.72943248, 6.13155962 ], [ -61.72891629, 6.1320287 ], [ -61.72844524, 6.13253404 ], [ -61.72826294, 6.13321188 ], [ -61.72878595, 6.13366532 ], [ -61.7294177, 6.13396532 ], [ -61.73003134, 6.13428324 ], [ -61.7305362, 6.13476379 ], [ -61.73086908, 6.13537955 ], [ -61.73110247, 6.13603133 ], [ -61.73130871, 6.136692 ], [ -61.73154207, 6.13735275 ], [ -61.73183882, 6.13797745 ], [ -61.73229842, 6.13850308 ], [ -61.7329302, 6.13880307 ], [ -61.73358023, 6.13903068 ], [ -61.73417576, 6.13938483 ], [ -61.73432773, 6.14006345 ], [ -61.73409126, 6.14072307 ], [ -61.73381869, 6.14136463 ], [ -61.73367254, 6.14204256 ], [ -61.73399632, 6.14265829 ], [ -61.73455558, 6.14307565 ], [ -61.73513299, 6.14344784 ], [ -61.73559257, 6.14398252 ], [ -61.73556383, 6.1446788 ], [ -61.73530026, 6.14532028 ], [ -61.73494649, 6.14591635 ], [ -61.73456563, 6.14649427 ], [ -61.73419378, 6.14708131 ], [ -61.73374023, 6.14781275 ], [ -61.73429043, 6.14823917 ], [ -61.73482243, 6.14869262 ], [ -61.73534546, 6.14914598 ], [ -61.73591379, 6.14954527 ], [ -61.73654559, 6.14983622 ], [ -61.73724122, 6.14989212 ], [ -61.73791931, 6.14973094 ], [ -61.73856146, 6.14947013 ], [ -61.73920364, 6.14920038 ], [ -61.73986379, 6.14898482 ], [ -61.74055965, 6.14892316 ], [ -61.74122791, 6.14910558 ], [ -61.74185061, 6.14941458 ], [ -61.74243711, 6.14978679 ], [ -61.74299631, 6.15020406 ], [ -61.74354656, 6.15063043 ], [ -61.74410576, 6.15104778 ], [ -61.74468316, 6.151429 ], [ -61.74529691, 6.15174694 ], [ -61.74596507, 6.15193848 ], [ -61.74666085, 6.15194914 ], [ -61.74734783, 6.15182408 ], [ -61.74800801, 6.15159954 ], [ -61.74864121, 6.15132063 ], [ -61.74925641, 6.15099655 ], [ -61.74985353, 6.15064519 ], [ -61.75044178, 6.15026667 ], [ -61.75101201, 6.14987014 ], [ -61.75160018, 6.14949166 ], [ -61.75191784, 6.14887741 ], [ -61.75193827, 6.14787356 ], [ -61.75199414, 6.14717733 ], [ -61.75200479, 6.14648091 ], [ -61.75203348, 6.14579364 ], [ -61.75219772, 6.14511576 ], [ -61.75261466, 6.14455599 ], [ -61.75314883, 6.14411408 ], [ -61.75373697, 6.1437446 ], [ -61.75436116, 6.14342959 ], [ -61.75500329, 6.14316875 ], [ -61.75566343, 6.14295325 ], [ -61.7563415, 6.14278292 ], [ -61.75702845, 6.14267601 ], [ -61.75771534, 6.14263239 ], [ -61.758411, 6.14264303 ], [ -61.75910669, 6.14268986 ], [ -61.75980227, 6.14274574 ], [ -61.7604889, 6.14281063 ], [ -61.76184405, 6.14290417 ], [ -61.76243048, 6.14327636 ], [ -61.76302602, 6.14364857 ], [ -61.76361248, 6.1440117 ], [ -61.76420808, 6.14436575 ], [ -61.76480365, 6.14471986 ], [ -61.76540822, 6.14508305 ], [ -61.76600372, 6.1454371 ], [ -61.76659932, 6.14579121 ], [ -61.76719489, 6.14614533 ], [ -61.76779039, 6.14649936 ], [ -61.76838597, 6.14686252 ], [ -61.76898151, 6.14722568 ], [ -61.76956799, 6.14759775 ], [ -61.77015443, 6.14796996 ], [ -61.77074095, 6.14835118 ], [ -61.77131834, 6.14874142 ], [ -61.77188669, 6.1491406 ], [ -61.77244595, 6.14954887 ], [ -61.77300525, 6.14996619 ], [ -61.77355544, 6.15039256 ], [ -61.77408759, 6.15083685 ], [ -61.7745835, 6.15131733 ], [ -61.77505218, 6.15183391 ], [ -61.77548459, 6.15237755 ], [ -61.77589902, 6.15293923 ], [ -61.77630434, 6.15351003 ], [ -61.77669156, 6.15408067 ], [ -61.77707881, 6.15466036 ], [ -61.77747514, 6.15523106 ], [ -61.77817768, 6.15619133 ], [ -61.77880955, 6.15649119 ], [ -61.77942326, 6.15680917 ], [ -61.78003704, 6.15713611 ], [ -61.78065073, 6.15747217 ], [ -61.78125538, 6.1578082 ], [ -61.78186907, 6.15814419 ], [ -61.78247372, 6.15848022 ], [ -61.78309647, 6.15879822 ], [ -61.78371928, 6.15910709 ], [ -61.78435115, 6.15938893 ], [ -61.78499211, 6.15965263 ], [ -61.78565125, 6.15988027 ], [ -61.78631951, 6.16007168 ], [ -61.78700598, 6.16019986 ], [ -61.78770191, 6.16013813 ], [ -61.78836205, 6.15991357 ], [ -61.78898626, 6.15961646 ], [ -61.78960144, 6.15929225 ], [ -61.7902256, 6.1589862 ], [ -61.79086773, 6.15872532 ], [ -61.79154574, 6.15859124 ], [ -61.79224158, 6.15858375 ], [ -61.79293724, 6.15865767 ], [ -61.79362372, 6.15876775 ], [ -61.79431022, 6.15885981 ], [ -61.79500599, 6.1588885 ], [ -61.79569295, 6.15878143 ], [ -61.79636208, 6.15858402 ], [ -61.79700424, 6.15832321 ], [ -61.79763748, 6.15802615 ], [ -61.79825262, 6.15771094 ], [ -61.79886779, 6.1573868 ], [ -61.7999081, 6.15688266 ], [ -61.80056726, 6.15708307 ], [ -61.80124461, 6.15724735 ], [ -61.80192203, 6.15741174 ], [ -61.80259017, 6.15762118 ], [ -61.80322211, 6.15790304 ], [ -61.80378148, 6.1583112 ], [ -61.80425925, 6.15880969 ], [ -61.80469179, 6.15936235 ], [ -61.80508803, 6.1599331 ], [ -61.8054482, 6.16053081 ], [ -61.80579932, 6.16112849 ], [ -61.8061322, 6.16174425 ], [ -61.80646519, 6.16235092 ], [ -61.80680728, 6.16295766 ], [ -61.80723942, 6.16365509 ], [ -61.80769914, 6.16417161 ], [ -61.80818597, 6.16467016 ], [ -61.80862764, 6.16520476 ], [ -61.80894246, 6.16582946 ], [ -61.80904035, 6.16651702 ], [ -61.80903882, 6.16721339 ], [ -61.80909144, 6.16790095 ], [ -61.8093702, 6.16854368 ], [ -61.80979366, 6.16908726 ], [ -61.81030774, 6.16956776 ], [ -61.81091242, 6.16990369 ], [ -61.8116082, 6.1698962 ], [ -61.81227735, 6.16970779 ], [ -61.81293739, 6.16950129 ], [ -61.8135886, 6.16926751 ], [ -61.81424876, 6.16903387 ], [ -61.81489091, 6.16878201 ], [ -61.81554208, 6.16852124 ], [ -61.81617524, 6.16825126 ], [ -61.81681746, 6.16797237 ], [ -61.81745067, 6.16768429 ], [ -61.81808384, 6.16739636 ], [ -61.81871698, 6.16710828 ], [ -61.81934122, 6.16681128 ], [ -61.81997442, 6.16651415 ], [ -61.82059858, 6.16621704 ], [ -61.82123177, 6.16592002 ], [ -61.82185592, 6.16561386 ], [ -61.82248015, 6.16531685 ], [ -61.82311327, 6.16501972 ], [ -61.82374648, 6.16473174 ], [ -61.82437968, 6.1644437 ], [ -61.82563696, 6.16388574 ], [ -61.82633283, 6.16386915 ], [ -61.82702868, 6.16382546 ], [ -61.82771563, 6.16377274 ], [ -61.82841144, 6.16373809 ], [ -61.82910732, 6.16372151 ], [ -61.829803, 6.16375923 ], [ -61.83048951, 6.16388731 ], [ -61.83093116, 6.16441284 ], [ -61.8313275, 6.1650016 ], [ -61.83192306, 6.16535563 ], [ -61.83252774, 6.16570962 ], [ -61.83313244, 6.16605468 ], [ -61.83373717, 6.16639065 ], [ -61.83434184, 6.16673559 ], [ -61.83494657, 6.1670716 ], [ -61.83556031, 6.1674076 ], [ -61.83616504, 6.16774349 ], [ -61.83676971, 6.16808854 ], [ -61.83738345, 6.16842453 ], [ -61.83798816, 6.16876947 ], [ -61.83858384, 6.16911449 ], [ -61.83918855, 6.16945943 ], [ -61.83978413, 6.16982254 ], [ -61.84037982, 6.17017657 ], [ -61.84096633, 6.1705487 ], [ -61.84155297, 6.17092072 ], [ -61.84213947, 6.17131094 ], [ -61.84270793, 6.17170107 ], [ -61.84327637, 6.17210021 ], [ -61.84383572, 6.17251749 ], [ -61.84436788, 6.17297087 ], [ -61.84487295, 6.17344226 ], [ -61.84535985, 6.17394077 ], [ -61.84582859, 6.17445728 ], [ -61.84628837, 6.17497381 ], [ -61.84673002, 6.17550841 ], [ -61.84718074, 6.176043 ], [ -61.84762235, 6.17657756 ], [ -61.84807301, 6.17711214 ], [ -61.84883027, 6.17797301 ], [ -61.84928092, 6.1785076 ], [ -61.84970452, 6.17906023 ], [ -61.85020046, 6.17954064 ], [ -61.85081422, 6.17987654 ], [ -61.8514371, 6.18018544 ], [ -61.85205997, 6.18048519 ], [ -61.85269192, 6.18078507 ], [ -61.85332392, 6.18106675 ], [ -61.85396494, 6.18133043 ], [ -61.85462409, 6.18156699 ], [ -61.85529241, 6.18176743 ], [ -61.85596988, 6.18189549 ], [ -61.8566656, 6.18195123 ], [ -61.85728979, 6.18164503 ], [ -61.85755326, 6.18100348 ], [ -61.85772637, 6.18032556 ], [ -61.85789051, 6.17964762 ], [ -61.85813589, 6.17899686 ], [ -61.85879606, 6.17877221 ], [ -61.8594189, 6.17908107 ], [ -61.85997834, 6.17948921 ], [ -61.86051051, 6.17993353 ], [ -61.86103373, 6.1803869 ], [ -61.86157498, 6.18083124 ], [ -61.8621525, 6.18122138 ], [ -61.86282082, 6.18141272 ], [ -61.86331892, 6.18092536 ], [ -61.86350103, 6.18025651 ], [ -61.86362, 6.17956942 ], [ -61.86374794, 6.17888224 ], [ -61.86392148, 6.17801443 ], [ -61.86409462, 6.17733639 ], [ -61.86428581, 6.17666753 ], [ -61.86410656, 6.17599792 ], [ -61.86358334, 6.17554455 ], [ -61.86300582, 6.17515441 ], [ -61.86240112, 6.17480947 ], [ -61.8617873, 6.1744916 ], [ -61.86116439, 6.17418271 ], [ -61.86053254, 6.1738739 ], [ -61.8599187, 6.17356504 ], [ -61.85930487, 6.17322915 ], [ -61.85870924, 6.1728751 ], [ -61.85814982, 6.17246689 ], [ -61.85762674, 6.17199546 ], [ -61.85718512, 6.1714609 ], [ -61.85685203, 6.17085423 ], [ -61.85661849, 6.17019353 ], [ -61.85646626, 6.16952392 ], [ -61.8563503, 6.16883625 ], [ -61.85627042, 6.16813971 ], [ -61.85619962, 6.16745221 ], [ -61.8561107, 6.16675553 ], [ -61.85600375, 6.16606796 ], [ -61.85592575, 6.16574405 ], [ -61.85584251, 6.16539836 ], [ -61.85559994, 6.16473753 ], [ -61.8552669, 6.16413085 ], [ -61.85484342, 6.16357826 ], [ -61.85435647, 6.16307975 ], [ -61.85384238, 6.16261739 ], [ -61.85331922, 6.16216412 ], [ -61.85231822, 6.16123039 ], [ -61.85213888, 6.16056074 ], [ -61.85171541, 6.16000814 ], [ -61.85104714, 6.15979865 ], [ -61.8503788, 6.15962538 ], [ -61.84969235, 6.15948828 ], [ -61.84901486, 6.15937819 ], [ -61.84831924, 6.15928629 ], [ -61.84763261, 6.15922152 ], [ -61.84693689, 6.15917477 ], [ -61.84624122, 6.15913711 ], [ -61.84554538, 6.15914468 ], [ -61.84484956, 6.1591703 ], [ -61.84415362, 6.15922302 ], [ -61.84346673, 6.15928485 ], [ -61.84277077, 6.1593557 ], [ -61.84208385, 6.15942654 ], [ -61.84138789, 6.15949746 ], [ -61.84070103, 6.15955024 ], [ -61.84000514, 6.1595849 ], [ -61.83930935, 6.15960147 ], [ -61.83861355, 6.15958188 ], [ -61.83791785, 6.15951707 ], [ -61.83723136, 6.15940698 ], [ -61.83657213, 6.15919757 ], [ -61.83598562, 6.15881639 ], [ -61.83548061, 6.15834499 ], [ -61.83502089, 6.15781941 ], [ -61.83458837, 6.15727582 ], [ -61.83415582, 6.15673223 ], [ -61.83341659, 6.15591666 ], [ -61.83303834, 6.15533701 ], [ -61.83263295, 6.15476636 ], [ -61.8322366, 6.1541957 ], [ -61.83188545, 6.15359793 ], [ -61.83165193, 6.15294627 ], [ -61.83181606, 6.15226833 ], [ -61.83212465, 6.15164496 ], [ -61.83209003, 6.15094841 ], [ -61.83167561, 6.15038678 ], [ -61.83117964, 6.14989731 ], [ -61.83065659, 6.14944402 ], [ -61.83013346, 6.1489816 ], [ -61.82963752, 6.14849213 ], [ -61.82924119, 6.14793052 ], [ -61.82913428, 6.14724287 ], [ -61.82924039, 6.14694675 ], [ -61.82937059, 6.14658317 ], [ -61.82977844, 6.1460233 ], [ -61.83024943, 6.14550883 ], [ -61.83074752, 6.1450215 ], [ -61.83124558, 6.14454325 ], [ -61.83173457, 6.14403783 ], [ -61.83217846, 6.14351423 ], [ -61.83255026, 6.14291811 ], [ -61.8327686, 6.14225839 ], [ -61.83286949, 6.14157125 ], [ -61.83288003, 6.1408748 ], [ -61.83282727, 6.14018735 ], [ -61.83272938, 6.13949076 ], [ -61.8326044, 6.1388121 ], [ -61.83247034, 6.13812448 ], [ -61.83232721, 6.13744588 ], [ -61.83222026, 6.1367583 ], [ -61.83209561, 6.13590784 ], [ -61.83189833, 6.13523816 ], [ -61.83165571, 6.13458637 ], [ -61.83143129, 6.13392565 ], [ -61.83130627, 6.13323806 ], [ -61.83147041, 6.13256917 ], [ -61.83204952, 6.13218148 ], [ -61.83270958, 6.1319658 ], [ -61.83337868, 6.13175926 ], [ -61.83400283, 6.1314622 ], [ -61.83438357, 6.13088413 ], [ -61.83449352, 6.13018797 ], [ -61.83449498, 6.12950065 ], [ -61.83445825, 6.12901577 ], [ -61.83444225, 6.12880408 ], [ -61.83434441, 6.1281165 ], [ -61.83423742, 6.12742896 ], [ -61.83412147, 6.12674136 ], [ -61.83401456, 6.12605367 ], [ -61.83393471, 6.12535713 ], [ -61.83390907, 6.12466973 ], [ -61.83394671, 6.12397336 ], [ -61.83418308, 6.12331366 ], [ -61.83477122, 6.12295313 ], [ -61.83544028, 6.12275564 ], [ -61.8361003, 6.12254907 ], [ -61.83667941, 6.12217046 ], [ -61.83700606, 6.12155615 ], [ -61.83717017, 6.12087814 ], [ -61.83726194, 6.12019097 ], [ -61.83730869, 6.1194947 ], [ -61.83732822, 6.11879835 ], [ -61.83735683, 6.11810195 ], [ -61.8374404, 6.11704394 ], [ -61.83728831, 6.11636532 ], [ -61.8371181, 6.11568664 ], [ -61.83692976, 6.11501692 ], [ -61.83673241, 6.1143472 ], [ -61.83653504, 6.11368657 ], [ -61.8363287, 6.11301687 ], [ -61.83614043, 6.11234714 ], [ -61.83595208, 6.11167745 ], [ -61.83578189, 6.11100786 ], [ -61.83563879, 6.1103201 ], [ -61.83554088, 6.10963256 ], [ -61.83549716, 6.10894514 ], [ -61.83554387, 6.10824883 ], [ -61.83574411, 6.10757994 ], [ -61.83630514, 6.10717421 ], [ -61.83698312, 6.10702186 ], [ -61.83767899, 6.10696911 ], [ -61.83837476, 6.10696156 ], [ -61.83907041, 6.10698114 ], [ -61.83976617, 6.10699167 ], [ -61.8410855, 6.10692217 ], [ -61.84175452, 6.10674277 ], [ -61.84242348, 6.10654515 ], [ -61.84308357, 6.10632957 ], [ -61.84374354, 6.10613204 ], [ -61.84442162, 6.1059435 ], [ -61.84509962, 6.10580931 ], [ -61.84579544, 6.1057475 ], [ -61.84648199, 6.10581224 ], [ -61.84707761, 6.1061663 ], [ -61.84756449, 6.10666477 ], [ -61.84803317, 6.10718121 ], [ -61.8485653, 6.10763458 ], [ -61.84923358, 6.10781697 ], [ -61.84990261, 6.10763744 ], [ -61.85051768, 6.1073132 ], [ -61.85112381, 6.1069708 ], [ -61.8517569, 6.1066918 ], [ -61.85244379, 6.1065937 ], [ -61.85313953, 6.10659517 ], [ -61.85383514, 6.10664187 ], [ -61.85452172, 6.1067248 ], [ -61.85521716, 6.10682578 ], [ -61.85590373, 6.10692669 ], [ -61.8565902, 6.10701859 ], [ -61.85728576, 6.10708334 ], [ -61.85797242, 6.10711191 ], [ -61.85866817, 6.10708627 ], [ -61.85935513, 6.10698824 ], [ -61.86003316, 6.10681788 ], [ -61.86067526, 6.10654787 ], [ -61.86122728, 6.10612392 ], [ -61.86159899, 6.10553682 ], [ -61.86204346, 6.10470574 ], [ -61.86193652, 6.10401806 ], [ -61.86181142, 6.10333047 ], [ -61.86173159, 6.10264295 ], [ -61.86179631, 6.1019467 ], [ -61.86223119, 6.10140487 ], [ -61.86289113, 6.10120732 ], [ -61.86358669, 6.10130824 ], [ -61.86425491, 6.10147252 ], [ -61.86492311, 6.10168188 ], [ -61.86558231, 6.10189126 ], [ -61.86625957, 6.10206461 ], [ -61.866946, 6.10218359 ], [ -61.86764179, 6.10216699 ], [ -61.8682479, 6.10182453 ], [ -61.86876387, 6.10136432 ], [ -61.86932497, 6.10094954 ], [ -61.86999392, 6.10076094 ], [ -61.87068989, 6.10067196 ], [ -61.87137667, 6.10061914 ], [ -61.87207248, 6.10059348 ], [ -61.87276817, 6.10058588 ], [ -61.87346394, 6.10058732 ], [ -61.87415965, 6.10059785 ], [ -61.87485535, 6.10059929 ], [ -61.87555112, 6.10060073 ], [ -61.87632818, 6.10059332 ], [ -61.88187872, 6.1036076 ], [ -61.88171474, 6.10428559 ], [ -61.88203871, 6.10490127 ], [ -61.88251653, 6.10540876 ], [ -61.88298534, 6.10591619 ], [ -61.88346316, 6.10642368 ], [ -61.88394105, 6.10693118 ], [ -61.88443696, 6.10742059 ], [ -61.88493295, 6.10791005 ], [ -61.88543795, 6.1083814 ], [ -61.88597015, 6.10883466 ], [ -61.8865114, 6.10926088 ], [ -61.88708884, 6.10966003 ], [ -61.8876845, 6.11002308 ], [ -61.88830731, 6.11032278 ], [ -61.88899374, 6.11043269 ], [ -61.88968967, 6.11037083 ], [ -61.89035865, 6.1102004 ], [ -61.89100074, 6.10993043 ], [ -61.89158881, 6.10956079 ], [ -61.89207779, 6.10906436 ], [ -61.89240429, 6.10845001 ], [ -61.89263154, 6.10779015 ], [ -61.89278657, 6.10711217 ], [ -61.89289641, 6.10642505 ], [ -61.8929791, 6.10573785 ], [ -61.89306189, 6.10504153 ], [ -61.89317169, 6.10435441 ], [ -61.89330877, 6.103595 ], [ -61.89346376, 6.10290786 ], [ -61.89358265, 6.10222982 ], [ -61.89371056, 6.10154271 ], [ -61.89385652, 6.10086463 ], [ -61.89407469, 6.10020485 ], [ -61.89439224, 6.09958143 ], [ -61.89504332, 6.09932041 ], [ -61.89573019, 6.09922236 ], [ -61.89630921, 6.0988528 ], [ -61.89676213, 6.09832009 ], [ -61.89712471, 6.09772382 ], [ -61.89736096, 6.0970731 ], [ -61.89736237, 6.09637673 ], [ -61.89726438, 6.09568916 ], [ -61.89714835, 6.09500147 ], [ -61.89702324, 6.09431386 ], [ -61.89688008, 6.09363528 ], [ -61.89673691, 6.09295658 ], [ -61.89657563, 6.09227792 ], [ -61.89641435, 6.09159928 ], [ -61.89623505, 6.09092965 ], [ -61.89606477, 6.09025091 ], [ -61.89587636, 6.08958125 ], [ -61.89569706, 6.08891161 ], [ -61.89550865, 6.08824187 ], [ -61.89532023, 6.08757221 ], [ -61.8951319, 6.08690258 ], [ -61.89494348, 6.08623292 ], [ -61.89476419, 6.08556321 ], [ -61.8945848, 6.08488452 ], [ -61.8944055, 6.08421488 ], [ -61.89419044, 6.08334613 ], [ -61.89419186, 6.08264976 ], [ -61.89415716, 6.08195329 ], [ -61.89411335, 6.08125668 ], [ -61.89405147, 6.08056921 ], [ -61.89399874, 6.07987269 ], [ -61.89395493, 6.07917612 ], [ -61.89394731, 6.07848877 ], [ -61.89397587, 6.07779241 ], [ -61.89406766, 6.07709612 ], [ -61.89423158, 6.07642718 ], [ -61.89448594, 6.07577651 ], [ -61.89478539, 6.07514403 ], [ -61.89512094, 6.07453868 ], [ -61.89548347, 6.07394249 ], [ -61.89586421, 6.07336441 ], [ -61.89627192, 6.07279546 ], [ -61.89668865, 6.07224458 ], [ -61.89713246, 6.07170283 ], [ -61.89758522, 6.07117916 ], [ -61.8980561, 6.07066458 ], [ -61.89853603, 6.07015904 ], [ -61.89902491, 6.06967162 ], [ -61.89953183, 6.0691933 ], [ -61.90003875, 6.06871497 ], [ -61.90056369, 6.06825483 ], [ -61.90110674, 6.06782177 ], [ -61.9017037, 6.06747023 ], [ -61.90233672, 6.06720022 ], [ -61.90299669, 6.06697536 ], [ -61.90366567, 6.06678683 ], [ -61.90434365, 6.06660726 ], [ -61.9050126, 6.06642773 ], [ -61.90594383, 6.0661312 ], [ -61.90653187, 6.06575246 ], [ -61.90712887, 6.06540997 ], [ -61.90773491, 6.06506747 ], [ -61.90834095, 6.06472504 ], [ -61.90893793, 6.06436441 ], [ -61.90950794, 6.0639676 ], [ -61.91003294, 6.06350745 ], [ -61.91048572, 6.06298376 ], [ -61.91079411, 6.06236024 ], [ -61.91096715, 6.06168227 ], [ -61.91105888, 6.06099509 ], [ -61.91113254, 6.0603078 ], [ -61.91120618, 6.05961156 ], [ -61.91135207, 6.05893352 ], [ -61.9116154, 6.05829191 ], [ -61.91211329, 6.05780451 ], [ -61.91272833, 6.05747103 ], [ -61.91336136, 6.05719196 ], [ -61.91401233, 6.05694901 ], [ -61.91467233, 6.05674234 ], [ -61.9153503, 6.05656275 ], [ -61.91602819, 6.05641038 ], [ -61.91670609, 6.05626704 ], [ -61.91739295, 6.05615084 ], [ -61.91807981, 6.05603456 ], [ -61.91876672, 6.05592739 ], [ -61.91945352, 6.05582931 ], [ -61.92014036, 6.05572215 ], [ -61.92082727, 6.05562403 ], [ -61.92151411, 6.05551679 ], [ -61.92220099, 6.05539153 ], [ -61.92287886, 6.05525724 ], [ -61.92358389, 6.05510489 ], [ -61.92427046, 6.05516956 ], [ -61.92496594, 6.05525235 ], [ -61.92565246, 6.05533507 ], [ -61.92634799, 6.05539976 ], [ -61.92704365, 6.05541922 ], [ -61.92773938, 6.05537536 ], [ -61.92842627, 6.05528628 ], [ -61.92911307, 6.05518815 ], [ -61.9297999, 6.0550809 ], [ -61.93048683, 6.05496471 ], [ -61.93116474, 6.05483041 ], [ -61.93185161, 6.05469609 ], [ -61.93252953, 6.05454361 ], [ -61.93320744, 6.05439121 ], [ -61.93388533, 6.05423878 ], [ -61.93455427, 6.05407734 ], [ -61.9352322, 6.05390673 ], [ -61.93591013, 6.05373624 ], [ -61.93658807, 6.05357482 ], [ -61.93725698, 6.05341323 ], [ -61.93793492, 6.05325178 ], [ -61.93860383, 6.05307225 ], [ -61.93927281, 6.05288356 ], [ -61.93993272, 6.05266781 ], [ -61.9405838, 6.05241578 ], [ -61.94121672, 6.05212763 ], [ -61.94181377, 6.05176696 ], [ -61.94216723, 6.05117072 ], [ -61.94234927, 6.05050181 ], [ -61.94258547, 6.04984203 ], [ -61.94307427, 6.04934552 ], [ -61.94373426, 6.0491387 ], [ -61.94460194, 6.04894144 ], [ -61.9452976, 6.04896087 ], [ -61.94598416, 6.04899837 ], [ -61.94667989, 6.04899067 ], [ -61.94734887, 6.04878387 ], [ -61.94787372, 6.04833273 ], [ -61.9482904, 6.0477728 ], [ -61.94894273, 6.04685146 ], [ -61.94961097, 6.04703361 ], [ -61.95018844, 6.04741463 ], [ -61.95048537, 6.04804831 ], [ -61.95070997, 6.04869993 ], [ -61.95089844, 6.04936968 ], [ -61.95107781, 6.05004834 ], [ -61.95124817, 6.05071797 ], [ -61.95144564, 6.05138763 ], [ -61.95167931, 6.05203934 ], [ -61.95198529, 6.05267305 ], [ -61.95236359, 6.05325265 ], [ -61.95286865, 6.05373297 ], [ -61.95343711, 6.05412301 ], [ -61.95405995, 6.05444072 ], [ -61.95470998, 6.05468624 ], [ -61.95537821, 6.05487743 ], [ -61.95606463, 6.0549963 ], [ -61.95675108, 6.05507901 ], [ -61.95744675, 6.05510748 ], [ -61.95814246, 6.05510881 ], [ -61.95883822, 6.0550649 ], [ -61.95952508, 6.05498482 ], [ -61.96021195, 6.05485955 ], [ -61.96088088, 6.05468899 ], [ -61.96154083, 6.05445505 ], [ -61.96216484, 6.0541578 ], [ -61.96275282, 6.05377903 ], [ -61.96330471, 6.05336402 ], [ -61.96383863, 6.05291277 ], [ -61.96435448, 6.05244342 ], [ -61.96487045, 6.05197406 ], [ -61.96539529, 6.0515229 ], [ -61.96601063, 6.05100855 ], [ -61.96793367, 6.05173573 ], [ -61.97546224, 6.05042947 ], [ -61.97715529, 6.05126533 ], [ -61.97792653, 6.05164607 ], [ -61.98485699, 6.05128818 ], [ -61.98689634, 6.05267587 ], [ -61.9874786, 6.05537227 ], [ -61.99098708, 6.05869818 ], [ -61.99170385, 6.06197371 ], [ -62.00351039, 6.06329799 ], [ -62.00645265, 6.06508518 ], [ -62.01127889, 6.07424731 ], [ -62.01460846, 6.07674976 ], [ -62.01678592, 6.07677183 ], [ -62.01998224, 6.0780349 ], [ -62.02258467, 6.08291475 ], [ -62.03121927, 6.08990383 ], [ -62.0327774, 6.09277391 ], [ -62.033192, 6.09334446 ], [ -62.03358859, 6.09390595 ], [ -62.0339851, 6.09448553 ], [ -62.0343636, 6.09506507 ], [ -62.03475107, 6.09564462 ], [ -62.03512052, 6.09623318 ], [ -62.03549896, 6.09681271 ], [ -62.03587748, 6.0974013 ], [ -62.03624689, 6.09798989 ], [ -62.03662537, 6.09856942 ], [ -62.03701284, 6.09914905 ], [ -62.03739135, 6.09972858 ], [ -62.03778787, 6.10030816 ], [ -62.03819347, 6.10086967 ], [ -62.03859911, 6.10143118 ], [ -62.03902285, 6.10198366 ], [ -62.03946465, 6.10252713 ], [ -62.03991546, 6.10305254 ], [ -62.04038444, 6.10356894 ], [ -62.04088057, 6.10405824 ], [ -62.04138575, 6.10452947 ], [ -62.04192711, 6.10497366 ], [ -62.04256821, 6.10523706 ], [ -62.04326385, 6.10531969 ], [ -62.04395963, 6.10529379 ], [ -62.0446466, 6.10520455 ], [ -62.04533349, 6.1051063 ], [ -62.04602038, 6.10500805 ], [ -62.04671626, 6.10495502 ], [ -62.04741195, 6.10497431 ], [ -62.04806222, 6.10520155 ], [ -62.04851306, 6.10573599 ], [ -62.04917976, 6.10685874 ], [ -62.04977554, 6.1072216 ], [ -62.05038032, 6.10756632 ], [ -62.05044949, 6.107613 ], [ -62.05095794, 6.10795631 ], [ -62.05143599, 6.1084546 ], [ -62.05169691, 6.10909726 ], [ -62.05180412, 6.10978489 ], [ -62.05194747, 6.11047255 ], [ -62.05228978, 6.11107011 ], [ -62.05278593, 6.1115594 ], [ -62.05330016, 6.11203064 ], [ -62.05382348, 6.11248385 ], [ -62.05436491, 6.11292798 ], [ -62.05491536, 6.11334497 ], [ -62.05547491, 6.113753 ], [ -62.05605253, 6.11415199 ], [ -62.05663015, 6.11453293 ], [ -62.05721684, 6.11490474 ], [ -62.05781265, 6.11525854 ], [ -62.05841748, 6.11560333 ], [ -62.05903134, 6.11593902 ], [ -62.05964525, 6.11625672 ], [ -62.06027725, 6.11656528 ], [ -62.06090023, 6.11685583 ], [ -62.06154128, 6.11714642 ], [ -62.06217338, 6.11741883 ], [ -62.06281448, 6.11769137 ], [ -62.06345558, 6.11796376 ], [ -62.06409671, 6.11822722 ], [ -62.06474683, 6.11849062 ], [ -62.06538796, 6.11875407 ], [ -62.06602908, 6.11901745 ], [ -62.06667021, 6.1192809 ], [ -62.06731132, 6.11955332 ], [ -62.06796151, 6.11983489 ], [ -62.068648, 6.11997173 ], [ -62.06933455, 6.12007239 ], [ -62.07002123, 6.120164 ], [ -62.0707078, 6.12025565 ], [ -62.07139434, 6.12037447 ], [ -62.07207178, 6.12052938 ], [ -62.07274011, 6.12074759 ], [ -62.07336317, 6.12103812 ], [ -62.0739589, 6.12140096 ], [ -62.07452752, 6.12180892 ], [ -62.07505989, 6.12225305 ], [ -62.07556513, 6.12273329 ], [ -62.07604316, 6.12324064 ], [ -62.07648504, 6.12377507 ], [ -62.0768907, 6.12433655 ], [ -62.07725118, 6.12492506 ], [ -62.07756634, 6.12554971 ], [ -62.07781828, 6.12620145 ], [ -62.07803401, 6.12686207 ], [ -62.07819551, 6.12754068 ], [ -62.07833893, 6.12821928 ], [ -62.07844624, 6.12890695 ], [ -62.07853538, 6.1295945 ], [ -62.07860648, 6.13029106 ], [ -62.07865952, 6.13098767 ], [ -62.07867638, 6.13167508 ], [ -62.0786843, 6.13237155 ], [ -62.07867399, 6.13306804 ], [ -62.07864575, 6.13376442 ], [ -62.07860844, 6.13446081 ], [ -62.07857109, 6.13515727 ], [ -62.07853367, 6.13585362 ], [ -62.07849638, 6.13654097 ], [ -62.07845835, 6.13762631 ], [ -62.07856567, 6.13831394 ], [ -62.07864578, 6.13901051 ], [ -62.07872592, 6.13969804 ], [ -62.07883324, 6.14038571 ], [ -62.07897666, 6.14106432 ], [ -62.07918334, 6.14173396 ], [ -62.07950761, 6.14234959 ], [ -62.07993135, 6.14290203 ], [ -62.08037326, 6.14343646 ], [ -62.0808061, 6.14397988 ], [ -62.08115755, 6.14458649 ], [ -62.081319, 6.14525616 ], [ -62.08135393, 6.14595266 ], [ -62.08133473, 6.14664906 ], [ -62.08128838, 6.1473455 ], [ -62.08121483, 6.14803276 ], [ -62.0811143, 6.14872903 ], [ -62.08099561, 6.14940727 ], [ -62.0808589, 6.15009444 ], [ -62.08070407, 6.15077251 ], [ -62.0805403, 6.15145057 ], [ -62.08036749, 6.15211967 ], [ -62.08018553, 6.15279771 ], [ -62.08000368, 6.15346671 ], [ -62.07980369, 6.15412673 ], [ -62.07956763, 6.15478658 ], [ -62.07931353, 6.1554283 ], [ -62.07904132, 6.15607001 ], [ -62.07875101, 6.15670266 ], [ -62.07846071, 6.15733535 ], [ -62.07816144, 6.15796798 ], [ -62.07787113, 6.1586006 ], [ -62.07758083, 6.15923325 ], [ -62.07725426, 6.15998345 ], [ -62.0773525, 6.16067102 ], [ -62.07745976, 6.16135858 ], [ -62.07758508, 6.1620463 ], [ -62.07770136, 6.16272484 ], [ -62.07781772, 6.16341242 ], [ -62.07792497, 6.16410002 ], [ -62.07800507, 6.16478762 ], [ -62.07806715, 6.16548416 ], [ -62.07808406, 6.16618065 ], [ -62.07806475, 6.16687712 ], [ -62.07800031, 6.1675644 ], [ -62.07789065, 6.16826064 ], [ -62.07774491, 6.16893882 ], [ -62.07755397, 6.16960779 ], [ -62.07729075, 6.17024952 ], [ -62.0769734, 6.17086402 ], [ -62.07657479, 6.17143314 ], [ -62.07610395, 6.17194789 ], [ -62.07558804, 6.17241736 ], [ -62.07504505, 6.17285963 ], [ -62.07448399, 6.1732657 ], [ -62.07391402, 6.17366273 ], [ -62.07333492, 6.17404155 ], [ -62.07275586, 6.17442948 ], [ -62.07218589, 6.17482651 ], [ -62.07162485, 6.17524163 ], [ -62.07109085, 6.1756838 ], [ -62.07058394, 6.17616234 ], [ -62.07013117, 6.17669517 ], [ -62.06983183, 6.17731875 ], [ -62.06965899, 6.17798785 ], [ -62.06954026, 6.17867502 ], [ -62.06927593, 6.17999518 ], [ -62.07036287, 6.18376881 ], [ -62.07091299, 6.18441193 ], [ -62.07265548, 6.18541895 ], [ -62.07457822, 6.18671569 ], [ -62.07576906, 6.18791176 ], [ -62.07714992, 6.18901762 ], [ -62.07889275, 6.18984367 ], [ -62.0800833, 6.19122062 ], [ -62.08118276, 6.19305858 ], [ -62.08301418, 6.19490699 ], [ -62.08374406, 6.19619257 ], [ -62.0850244, 6.19794044 ], [ -62.08649419, 6.19986957 ], [ -62.08887656, 6.2019902 ], [ -62.09061822, 6.20354891 ], [ -62.09227041, 6.2045648 ], [ -62.09456413, 6.20567219 ], [ -62.09593626, 6.20659713 ], [ -62.09805021, 6.20715245 ], [ -62.10162692, 6.20853341 ], [ -62.10345849, 6.21037259 ], [ -62.1048304, 6.21147839 ], [ -62.10740451, 6.21249577 ], [ -62.10932808, 6.21341258 ], [ -62.11024854, 6.21424624 ], [ -62.11171166, 6.21489093 ], [ -62.11318436, 6.2151647 ], [ -62.11455709, 6.2158092 ], [ -62.11675961, 6.21746809 ], [ -62.11813344, 6.21747037 ], [ -62.11924029, 6.21490349 ], [ -62.12234654, 6.21117295 ], [ -62.12297967, 6.2108846 ], [ -62.12360376, 6.21057806 ], [ -62.12424592, 6.21030783 ], [ -62.12493303, 6.21020042 ], [ -62.12561064, 6.21034625 ], [ -62.12622468, 6.21067281 ], [ -62.126721, 6.21116207 ], [ -62.12707244, 6.21176876 ], [ -62.12733351, 6.21241138 ], [ -62.1275493, 6.21307198 ], [ -62.12776517, 6.21373262 ], [ -62.12800811, 6.21438424 ], [ -62.12832339, 6.21500894 ], [ -62.12875634, 6.21555235 ], [ -62.12925269, 6.21603256 ], [ -62.12978519, 6.2164856 ], [ -62.1303358, 6.21691166 ], [ -62.13090459, 6.21731059 ], [ -62.13148238, 6.21769145 ], [ -62.13206921, 6.2180632 ], [ -62.13266515, 6.21843506 ], [ -62.13326113, 6.21878882 ], [ -62.13384796, 6.21916064 ], [ -62.13444392, 6.21952337 ], [ -62.13535577, 6.2201399 ], [ -62.13580679, 6.22066526 ], [ -62.13624879, 6.22120869 ], [ -62.13668176, 6.2217521 ], [ -62.1371147, 6.22229551 ], [ -62.13754767, 6.22283891 ], [ -62.13798064, 6.22338239 ], [ -62.13841353, 6.2239258 ], [ -62.13886464, 6.22446021 ], [ -62.13931567, 6.22498556 ], [ -62.1397758, 6.2255109 ], [ -62.14024495, 6.2260181 ], [ -62.1407412, 6.22651639 ], [ -62.14123757, 6.22699662 ], [ -62.14177914, 6.22743166 ], [ -62.14234795, 6.22783061 ], [ -62.14294391, 6.22818436 ], [ -62.14357607, 6.22849285 ], [ -62.14421736, 6.22874719 ], [ -62.14488592, 6.2289382 ], [ -62.14558177, 6.22901168 ], [ -62.14627771, 6.22900374 ], [ -62.14697376, 6.22895965 ], [ -62.14766075, 6.22889744 ], [ -62.14835678, 6.22888049 ], [ -62.14905265, 6.22894491 ], [ -62.14972112, 6.22912687 ], [ -62.15036241, 6.2293993 ], [ -62.15096747, 6.22973486 ], [ -62.15156345, 6.23009764 ], [ -62.15214126, 6.23048756 ], [ -62.15271005, 6.23088646 ], [ -62.15327885, 6.23129433 ], [ -62.15423588, 6.23192005 ], [ -62.15472325, 6.23240926 ], [ -62.15523766, 6.23288037 ], [ -62.15571587, 6.23338768 ], [ -62.15602216, 6.23401234 ], [ -62.15595779, 6.23470867 ], [ -62.1556676, 6.23533232 ], [ -62.15515162, 6.23580184 ], [ -62.1545185, 6.2360813 ], [ -62.15384932, 6.23628822 ], [ -62.15317116, 6.23644993 ], [ -62.15249307, 6.23658449 ], [ -62.15180589, 6.23671007 ], [ -62.15112776, 6.23686272 ], [ -62.15045867, 6.23704254 ], [ -62.14980747, 6.23727671 ], [ -62.14918337, 6.23759222 ], [ -62.14862228, 6.23800742 ], [ -62.14813344, 6.23849509 ], [ -62.14768059, 6.239028 ], [ -62.14724593, 6.23957 ], [ -62.14682023, 6.24012106 ], [ -62.14637648, 6.240654 ], [ -62.1458966, 6.24115977 ], [ -62.14535361, 6.24159307 ], [ -62.1447294, 6.24190868 ], [ -62.14406025, 6.24207941 ], [ -62.14336423, 6.24213254 ], [ -62.14266827, 6.24209525 ], [ -62.14198153, 6.2420037 ], [ -62.14129478, 6.24189405 ], [ -62.14060801, 6.24176624 ], [ -62.13992131, 6.2416566 ], [ -62.13889107, 6.24153734 ], [ -62.13819506, 6.24157241 ], [ -62.13749905, 6.24158935 ], [ -62.1368031, 6.24159724 ], [ -62.13610709, 6.24159613 ], [ -62.13541113, 6.24159497 ], [ -62.13471518, 6.2416029 ], [ -62.13402815, 6.2416289 ], [ -62.1333321, 6.24169107 ], [ -62.132645, 6.24178035 ], [ -62.13195786, 6.24191498 ], [ -62.13128868, 6.24211283 ], [ -62.13068255, 6.24243748 ], [ -62.13013955, 6.24287068 ], [ -62.12965067, 6.24336738 ], [ -62.12917979, 6.24388217 ], [ -62.12869094, 6.24437883 ], [ -62.1281659, 6.24483024 ], [ -62.12757781, 6.24520012 ], [ -62.12693562, 6.24547941 ], [ -62.12627542, 6.24568643 ], [ -62.12558829, 6.24581189 ], [ -62.12489224, 6.24585595 ], [ -62.12420543, 6.24579152 ], [ -62.12351875, 6.24565471 ], [ -62.12285017, 6.24548169 ], [ -62.1221816, 6.24529069 ], [ -62.12152213, 6.24507253 ], [ -62.12086272, 6.24484525 ], [ -62.12021236, 6.24460001 ], [ -62.11956192, 6.24435466 ], [ -62.1189116, 6.24410938 ], [ -62.11826124, 6.24386402 ], [ -62.11761088, 6.24361878 ], [ -62.11680691, 6.24334602 ], [ -62.11628187, 6.24380647 ], [ -62.11573882, 6.24423973 ], [ -62.11524087, 6.24472735 ], [ -62.1148874, 6.24532372 ], [ -62.11462419, 6.24596543 ], [ -62.11437003, 6.24661633 ], [ -62.11412492, 6.24726713 ], [ -62.11388884, 6.24791796 ], [ -62.11366174, 6.24857786 ], [ -62.11343464, 6.24923782 ], [ -62.11321662, 6.2498977 ], [ -62.11300764, 6.25055764 ], [ -62.11279863, 6.25122659 ], [ -62.11258957, 6.25188661 ], [ -62.1123806, 6.25255555 ], [ -62.11218062, 6.25321548 ], [ -62.11198062, 6.25388445 ], [ -62.11177163, 6.25454446 ], [ -62.11157166, 6.25521343 ], [ -62.11136265, 6.25588238 ], [ -62.11115366, 6.25654228 ], [ -62.11094467, 6.25720229 ], [ -62.11070845, 6.25792545 ], [ -62.11023756, 6.25843118 ], [ -62.10978475, 6.2589641 ], [ -62.10933186, 6.25948793 ], [ -62.10886098, 6.2600027 ], [ -62.10834499, 6.26046313 ], [ -62.10776586, 6.2608511 ], [ -62.10713263, 6.26113943 ], [ -62.10646349, 6.26133724 ], [ -62.1057763, 6.26146279 ], [ -62.10508927, 6.26150685 ], [ -62.10439335, 6.26146042 ], [ -62.10370659, 6.26136882 ], [ -62.10301073, 6.26126807 ], [ -62.10232395, 6.26116742 ], [ -62.10163722, 6.26105773 ], [ -62.10095953, 6.260939 ], [ -62.10027274, 6.26081125 ], [ -62.09958603, 6.26068335 ], [ -62.09890836, 6.26055557 ], [ -62.09822167, 6.26041877 ], [ -62.09754393, 6.26027283 ], [ -62.09685724, 6.26013599 ], [ -62.09617958, 6.25999012 ], [ -62.09550191, 6.25984429 ], [ -62.09482425, 6.25969831 ], [ -62.09413759, 6.25955246 ], [ -62.09345996, 6.25940659 ], [ -62.09278223, 6.25926071 ], [ -62.09210457, 6.25911477 ], [ -62.0914179, 6.25896891 ], [ -62.09074024, 6.25882303 ], [ -62.09006256, 6.25868621 ], [ -62.08898733, 6.25847627 ], [ -62.08830067, 6.25833037 ], [ -62.08762303, 6.25817548 ], [ -62.08695444, 6.25800238 ], [ -62.0862859, 6.25781133 ], [ -62.0856083, 6.2576293 ], [ -62.08493976, 6.25743813 ], [ -62.0842712, 6.25725609 ], [ -62.08360269, 6.25708309 ], [ -62.08292508, 6.25691904 ], [ -62.08254552, 6.256837 ], [ -62.08224742, 6.25677319 ], [ -62.08156064, 6.25666346 ], [ -62.08086482, 6.25658085 ], [ -62.08016886, 6.25655252 ], [ -62.07947281, 6.25657843 ], [ -62.07879469, 6.25672194 ], [ -62.07829676, 6.25720948 ], [ -62.07796123, 6.25781492 ], [ -62.07768896, 6.2584566 ], [ -62.0774257, 6.25909833 ], [ -62.07712629, 6.259731 ], [ -62.07671858, 6.26029106 ], [ -62.07613042, 6.26066985 ], [ -62.07546126, 6.2608406 ], [ -62.07476514, 6.26090269 ], [ -62.07406911, 6.26094668 ], [ -62.07331879, 6.26100866 ], [ -62.07266749, 6.26126976 ], [ -62.0720163, 6.26151288 ], [ -62.0713651, 6.26174688 ], [ -62.07071386, 6.26198095 ], [ -62.07006265, 6.26223301 ], [ -62.06942041, 6.26251229 ], [ -62.0688052, 6.26282772 ], [ -62.06820801, 6.26317946 ], [ -62.06767396, 6.26363078 ], [ -62.06722106, 6.26415458 ], [ -62.06685845, 6.26475089 ], [ -62.06662231, 6.26541071 ], [ -62.06644032, 6.26607978 ], [ -62.06628551, 6.26675786 ], [ -62.06613062, 6.26743593 ], [ -62.06599381, 6.26811402 ], [ -62.06586605, 6.26880129 ], [ -62.06575637, 6.26948845 ], [ -62.06566474, 6.27017569 ], [ -62.0655912, 6.27087207 ], [ -62.0655358, 6.27155937 ], [ -62.06549839, 6.27225573 ], [ -62.06547906, 6.27295221 ], [ -62.06549593, 6.27364866 ], [ -62.065567, 6.27434522 ], [ -62.06568325, 6.27502384 ], [ -62.06584477, 6.2757025 ], [ -62.06604245, 6.27637213 ], [ -62.06624915, 6.27703277 ], [ -62.06646496, 6.27769348 ], [ -62.0666807, 6.27835415 ], [ -62.0670221, 6.2795215 ], [ -62.06715645, 6.28020914 ], [ -62.06706482, 6.28089646 ], [ -62.06653081, 6.28133863 ], [ -62.06592456, 6.28169034 ], [ -62.06530024, 6.28200581 ], [ -62.06468504, 6.28232124 ], [ -62.06409684, 6.28270009 ], [ -62.06358985, 6.28316954 ], [ -62.06321816, 6.28375678 ], [ -62.06293678, 6.28439846 ], [ -62.06270966, 6.28504936 ], [ -62.06249152, 6.28570922 ], [ -62.06224632, 6.28636 ], [ -62.06191076, 6.28697444 ], [ -62.06134964, 6.28738046 ], [ -62.06065372, 6.28730687 ], [ -62.06002149, 6.28701626 ], [ -62.05942559, 6.28666249 ], [ -62.05885682, 6.28626348 ], [ -62.05829713, 6.2858464 ], [ -62.05781897, 6.28533903 ], [ -62.0574132, 6.28477753 ], [ -62.05702552, 6.28419795 ], [ -62.05660173, 6.28364545 ], [ -62.0560602, 6.28320127 ], [ -62.05540068, 6.28299207 ], [ -62.05471387, 6.28290945 ], [ -62.05402716, 6.28279057 ], [ -62.05344022, 6.28242777 ], [ -62.05309784, 6.28181204 ], [ -62.0529183, 6.28114241 ], [ -62.05278395, 6.28046382 ], [ -62.05256872, 6.27949561 ], [ -62.05204532, 6.27903339 ], [ -62.05154902, 6.2785531 ], [ -62.05106185, 6.27805475 ], [ -62.05056557, 6.27756542 ], [ -62.05006024, 6.27708511 ], [ -62.04952772, 6.27664103 ], [ -62.04893186, 6.27627812 ], [ -62.04824491, 6.27624072 ], [ -62.04780107, 6.27677357 ], [ -62.04751971, 6.2774152 ], [ -62.04731963, 6.2780751 ], [ -62.04714667, 6.2787532 ], [ -62.04702789, 6.27944037 ], [ -62.0470086, 6.28013677 ], [ -62.04706152, 6.28082435 ], [ -62.04716883, 6.28151193 ], [ -62.0473652, 6.28287797 ], [ -62.04738197, 6.28357454 ], [ -62.04741686, 6.28427101 ], [ -62.04715354, 6.28491273 ], [ -62.04645762, 6.28488431 ], [ -62.0458072, 6.28465707 ], [ -62.04513875, 6.28443871 ], [ -62.04445178, 6.28440127 ], [ -62.04375565, 6.28449957 ], [ -62.04307749, 6.28462495 ], [ -62.0423902, 6.28476839 ], [ -62.04171203, 6.28491186 ], [ -62.04103382, 6.28507349 ], [ -62.04036458, 6.28524408 ], [ -62.03968634, 6.28541464 ], [ -62.03901721, 6.28558534 ], [ -62.03833894, 6.28576495 ], [ -62.03766974, 6.28593557 ], [ -62.0370005, 6.28610623 ], [ -62.03632226, 6.28627682 ], [ -62.03564404, 6.28643834 ], [ -62.03496586, 6.28658187 ], [ -62.03428765, 6.28672532 ], [ -62.03360043, 6.28684162 ], [ -62.03291327, 6.28694886 ], [ -62.03221719, 6.28698375 ], [ -62.03152128, 6.28693726 ], [ -62.03085273, 6.28675518 ], [ -62.0302568, 6.28639225 ], [ -62.02976962, 6.28590292 ], [ -62.0293458, 6.28534135 ], [ -62.02897627, 6.28476183 ], [ -62.02861587, 6.28416421 ], [ -62.0282644, 6.2835666 ], [ -62.02779567, 6.28285113 ], [ -62.02714441, 6.28310324 ], [ -62.02664636, 6.28358168 ], [ -62.02638309, 6.28422335 ], [ -62.02611976, 6.28487407 ], [ -62.02587451, 6.2855249 ], [ -62.02564728, 6.28618476 ], [ -62.0254743, 6.28685373 ], [ -62.02535549, 6.28754086 ], [ -62.02534518, 6.28823736 ], [ -62.0254795, 6.28891596 ], [ -62.02582181, 6.2895316 ], [ -62.02627287, 6.29004801 ], [ -62.02679623, 6.29051931 ], [ -62.02732876, 6.29095448 ], [ -62.02787027, 6.29139868 ], [ -62.02839373, 6.29186097 ], [ -62.02886276, 6.29236834 ], [ -62.02925041, 6.29294791 ], [ -62.02960178, 6.29354551 ], [ -62.02992609, 6.29416114 ], [ -62.03022323, 6.29479482 ], [ -62.03051125, 6.29542848 ], [ -62.03079035, 6.29606219 ], [ -62.03106035, 6.29670485 ], [ -62.03132123, 6.29734748 ], [ -62.0315822, 6.2979992 ], [ -62.03184316, 6.29864183 ], [ -62.03211318, 6.29927555 ], [ -62.03243724, 6.30001779 ], [ -62.03223714, 6.30067764 ], [ -62.03203705, 6.30134666 ], [ -62.03145781, 6.30173447 ], [ -62.03090716, 6.3013083 ], [ -62.03037471, 6.3008642 ], [ -62.02968791, 6.30072719 ], [ -62.02901864, 6.30091593 ], [ -62.02839444, 6.30121323 ], [ -62.0278152, 6.30160108 ], [ -62.0272991, 6.30206142 ], [ -62.02681, 6.30256702 ], [ -62.02637512, 6.30309987 ], [ -62.02599441, 6.30368707 ], [ -62.02571303, 6.30431965 ], [ -62.02559418, 6.30500681 ], [ -62.02555674, 6.30570324 ], [ -62.02555544, 6.30639965 ], [ -62.02558129, 6.30709614 ], [ -62.02562516, 6.30779271 ], [ -62.02569624, 6.30848022 ], [ -62.02577629, 6.30916777 ], [ -62.02586543, 6.30986442 ], [ -62.02595449, 6.31055198 ], [ -62.02605262, 6.31123953 ], [ -62.02613272, 6.3119362 ], [ -62.02626589, 6.31325693 ], [ -62.02607479, 6.31392586 ], [ -62.02607348, 6.31462238 ], [ -62.02642493, 6.31521999 ], [ -62.02682155, 6.31579053 ], [ -62.02707407, 6.31613473 ], [ -62.02766921, 6.31689558 ], [ -62.02811121, 6.31743003 ], [ -62.02854407, 6.31797353 ], [ -62.02896791, 6.31852605 ], [ -62.02937367, 6.31908758 ], [ -62.02973417, 6.31968517 ], [ -62.02999507, 6.32032784 ], [ -62.02941581, 6.32071569 ], [ -62.02872865, 6.32080487 ], [ -62.0280326, 6.32079452 ], [ -62.02733676, 6.32070279 ], [ -62.02665903, 6.32057492 ], [ -62.02598133, 6.32041992 ], [ -62.02531274, 6.32023772 ], [ -62.02463509, 6.32006462 ], [ -62.02396647, 6.31988249 ], [ -62.02328879, 6.31971836 ], [ -62.02260208, 6.31958145 ], [ -62.02191518, 6.3194897 ], [ -62.02121926, 6.3194432 ], [ -62.02053212, 6.31949615 ], [ -62.01987182, 6.31973006 ], [ -62.01928351, 6.32009077 ], [ -62.01874031, 6.32053294 ], [ -62.01825128, 6.32102949 ], [ -62.01783444, 6.32158044 ], [ -62.01758005, 6.32223117 ], [ -62.01746129, 6.3229183 ], [ -62.0172784, 6.32399429 ], [ -62.01734942, 6.32469093 ], [ -62.01743854, 6.32537846 ], [ -62.01752766, 6.32606603 ], [ -62.01761671, 6.32675363 ], [ -62.01771485, 6.32745027 ], [ -62.01781301, 6.32813782 ], [ -62.01791113, 6.32882545 ], [ -62.01800026, 6.32951302 ], [ -62.01808939, 6.3302096 ], [ -62.0181694, 6.33089721 ], [ -62.01824044, 6.33158473 ], [ -62.01830242, 6.33228124 ], [ -62.01835535, 6.33297776 ], [ -62.0183902, 6.33367434 ], [ -62.01840693, 6.3343708 ], [ -62.01837851, 6.33505813 ], [ -62.01808807, 6.33569075 ], [ -62.01770732, 6.33627794 ], [ -62.01738969, 6.33689236 ], [ -62.01736132, 6.33758874 ], [ -62.01764033, 6.33823143 ], [ -62.01797368, 6.33883811 ], [ -62.01823454, 6.33948984 ], [ -62.01814291, 6.34017704 ], [ -62.01787048, 6.34081868 ], [ -62.01752588, 6.34141498 ], [ -62.01709988, 6.34197494 ], [ -62.01658377, 6.34243524 ], [ -62.01589646, 6.34254253 ], [ -62.01530054, 6.34217959 ], [ -62.01478618, 6.34170831 ], [ -62.01429892, 6.34121896 ], [ -62.01358604, 6.34055736 ], [ -62.01309693, 6.34106292 ], [ -62.01260783, 6.34155042 ], [ -62.01210967, 6.34202885 ], [ -62.0116116, 6.34251633 ], [ -62.01113149, 6.34302194 ], [ -62.01067849, 6.34354558 ], [ -62.0102526, 6.34410561 ], [ -62.00988084, 6.34469282 ], [ -62.00955419, 6.34530721 ], [ -62.00925467, 6.34593072 ], [ -62.00897323, 6.34657234 ], [ -62.00870983, 6.347214 ], [ -62.00844643, 6.34785573 ], [ -62.00817399, 6.34849737 ], [ -62.00788356, 6.34912991 ], [ -62.0075569, 6.34974434 ], [ -62.00720324, 6.3503406 ], [ -62.00678627, 6.35090055 ], [ -62.00626111, 6.3513518 ], [ -62.00564578, 6.35168532 ], [ -62.00500343, 6.35193731 ], [ -62.00436109, 6.35219839 ], [ -62.00366442, 6.35248646 ], [ -62.00298605, 6.35266609 ], [ -62.0023078, 6.35280046 ], [ -62.00162051, 6.35293476 ], [ -62.00094225, 6.35306016 ], [ -62.00026386, 6.35322162 ], [ -61.99959455, 6.35341929 ], [ -61.9989612, 6.35369848 ], [ -61.99840897, 6.3541135 ], [ -61.99810033, 6.35474603 ], [ -61.99802668, 6.35543324 ], [ -61.99807962, 6.35612976 ], [ -61.99823201, 6.35680849 ], [ -61.99847484, 6.35746014 ], [ -61.99879905, 6.35807578 ], [ -61.99913236, 6.35869145 ], [ -61.99948382, 6.35928908 ], [ -61.9998352, 6.3598867 ], [ -62.00020472, 6.3604754 ], [ -62.00057425, 6.36106399 ], [ -62.00095278, 6.36165264 ], [ -62.00134042, 6.36223223 ], [ -62.00172804, 6.36280277 ], [ -62.00212471, 6.36337334 ], [ -62.00252141, 6.36394394 ], [ -62.00292712, 6.36451453 ], [ -62.00332383, 6.3650851 ], [ -62.00372954, 6.36565569 ], [ -62.00413528, 6.36621723 ], [ -62.00453199, 6.36678787 ], [ -62.00493771, 6.36735846 ], [ -62.00533434, 6.36792906 ], [ -62.00572201, 6.3684996 ], [ -62.0061187, 6.36907922 ], [ -62.00651529, 6.36966787 ], [ -62.00602617, 6.37016441 ], [ -62.00550999, 6.37063374 ], [ -62.0050028, 6.37111214 ], [ -62.00457682, 6.37166305 ], [ -62.00436761, 6.37232291 ], [ -62.00449289, 6.3730105 ], [ -62.00476286, 6.37365329 ], [ -62.00504189, 6.37428694 ], [ -62.00523949, 6.37495659 ], [ -62.0051026, 6.37563466 ], [ -62.00458638, 6.37610399 ], [ -62.00400704, 6.37649181 ], [ -62.00347281, 6.37693398 ], [ -62.00345335, 6.37763039 ], [ -62.00391341, 6.37815585 ], [ -62.00441877, 6.37863621 ], [ -62.00480637, 6.37920675 ], [ -62.00440754, 6.37977579 ], [ -62.00374712, 6.38000975 ], [ -62.0030868, 6.38021646 ], [ -62.00244436, 6.38048651 ], [ -62.00192812, 6.38094682 ], [ -62.00165565, 6.38158853 ], [ -62.00150969, 6.38227562 ], [ -62.00142703, 6.38296281 ], [ -62.00138044, 6.38365914 ], [ -62.00136105, 6.38435561 ], [ -62.00135972, 6.38505202 ], [ -62.00134926, 6.38574841 ], [ -62.00128365, 6.38698747 ], [ -62.00161691, 6.38759409 ], [ -62.00198646, 6.38818271 ], [ -62.00233791, 6.38878938 ], [ -62.00265313, 6.389405 ], [ -62.00285977, 6.39007479 ], [ -62.00286751, 6.39077119 ], [ -62.0027215, 6.39144923 ], [ -62.00254843, 6.39211827 ], [ -62.00246574, 6.39281454 ], [ -62.00271761, 6.39346621 ], [ -62.00327739, 6.39387434 ], [ -62.00390968, 6.39416495 ], [ -62.00456014, 6.39441046 ], [ -62.00520155, 6.39467395 ], [ -62.00579759, 6.39503691 ], [ -62.00592277, 6.39572453 ], [ -62.00563227, 6.39635715 ], [ -62.00525143, 6.39694433 ], [ -62.00482546, 6.3974862 ], [ -62.00436333, 6.39800987 ], [ -62.0038832, 6.39851544 ], [ -62.00339404, 6.39901198 ], [ -62.00290484, 6.39949936 ], [ -62.0024067, 6.39998683 ], [ -62.00191747, 6.40048333 ], [ -62.00143736, 6.40097985 ], [ -62.00078503, 6.40171127 ], [ -62.00127223, 6.40220967 ], [ -62.00174138, 6.40272615 ], [ -62.00220149, 6.40324257 ], [ -62.00266156, 6.40375903 ], [ -62.00313067, 6.40427548 ], [ -62.00361799, 6.4047738 ], [ -62.00412336, 6.40524511 ], [ -62.00466496, 6.40569842 ], [ -62.00522468, 6.40610652 ], [ -62.00579351, 6.40650562 ], [ -62.00636234, 6.40690469 ], [ -62.0069402, 6.40729466 ], [ -62.00751808, 6.4076757 ], [ -62.00811414, 6.40803865 ], [ -62.00872827, 6.40836539 ], [ -62.0093606, 6.40866512 ], [ -62.01001115, 6.4088834 ], [ -62.01069801, 6.40899326 ], [ -62.01138543, 6.40886799 ], [ -62.01192875, 6.40843483 ], [ -62.01235471, 6.40788395 ], [ -62.0127085, 6.40727864 ], [ -62.01299897, 6.40665514 ], [ -62.01324437, 6.40600438 ], [ -62.01343548, 6.40533547 ], [ -62.01355438, 6.40464826 ], [ -62.01352857, 6.40395178 ], [ -62.013159, 6.40336316 ], [ -62.01258114, 6.40297312 ], [ -62.01195785, 6.40266438 ], [ -62.01131645, 6.40239185 ], [ -62.01068418, 6.40210117 ], [ -62.01004294, 6.40175627 ], [ -62.01025216, 6.40109637 ], [ -62.01048848, 6.40044559 ], [ -62.01074281, 6.3997949 ], [ -62.01099725, 6.3991442 ], [ -62.01124258, 6.39849344 ], [ -62.0114608, 6.39783353 ], [ -62.01162488, 6.39715553 ], [ -62.01172565, 6.39646836 ], [ -62.01172698, 6.39577187 ], [ -62.01164693, 6.39508433 ], [ -62.01152167, 6.3943967 ], [ -62.01136923, 6.39371808 ], [ -62.01118073, 6.39304834 ], [ -62.01097406, 6.39238771 ], [ -62.01074926, 6.39172703 ], [ -62.01050642, 6.39107539 ], [ -62.01026352, 6.39042364 ], [ -62.01001168, 6.38977193 ], [ -62.00975971, 6.38912931 ], [ -62.00951688, 6.38847763 ], [ -62.00928308, 6.38781685 ], [ -62.0090584, 6.38715617 ], [ -62.00885165, 6.38649554 ], [ -62.00867213, 6.38582594 ], [ -62.00852881, 6.38514723 ], [ -62.00841256, 6.38445963 ], [ -62.00838684, 6.38376318 ], [ -62.00871344, 6.38314875 ], [ -62.00922065, 6.38267035 ], [ -62.0097729, 6.38225535 ], [ -62.01069659, 6.38147923 ], [ -62.01067979, 6.38078277 ], [ -62.01066307, 6.38008635 ], [ -62.01063727, 6.37938979 ], [ -62.01060244, 6.37870233 ], [ -62.0105676, 6.37800586 ], [ -62.01052368, 6.37730925 ], [ -62.01048887, 6.37661278 ], [ -62.01044502, 6.37591628 ], [ -62.01040115, 6.37522883 ], [ -62.01036635, 6.37453225 ], [ -62.01034051, 6.3738358 ], [ -62.01031471, 6.37313932 ], [ -62.01030703, 6.37244281 ], [ -62.01029928, 6.37174637 ], [ -62.01031873, 6.37105001 ], [ -62.01033814, 6.37035353 ], [ -62.01038466, 6.36966625 ], [ -62.01045828, 6.36896999 ], [ -62.01054093, 6.36828266 ], [ -62.01070497, 6.36760466 ], [ -62.01124823, 6.3671625 ], [ -62.01189966, 6.36691956 ], [ -62.01255998, 6.36670368 ], [ -62.01318441, 6.36639743 ], [ -62.01361033, 6.36584651 ], [ -62.01378337, 6.36516842 ], [ -62.01383896, 6.36448116 ], [ -62.01388545, 6.36378483 ], [ -62.01393211, 6.36299797 ], [ -62.01412325, 6.36232905 ], [ -62.01434152, 6.36166921 ], [ -62.01455972, 6.36100941 ], [ -62.01476888, 6.36034947 ], [ -62.01495096, 6.35967148 ], [ -62.01508786, 6.35899341 ], [ -62.01512539, 6.35829698 ], [ -62.01481916, 6.35767231 ], [ -62.01450397, 6.35704765 ], [ -62.01455952, 6.35636039 ], [ -62.0147687, 6.35569141 ], [ -62.01502301, 6.35504972 ], [ -62.01531355, 6.35441718 ], [ -62.01562209, 6.35378464 ], [ -62.01593062, 6.3531702 ], [ -62.01623016, 6.35253764 ], [ -62.01653877, 6.35187789 ], [ -62.02671865, 6.36600694 ], [ -62.02693434, 6.36666759 ], [ -62.02712295, 6.36733725 ], [ -62.02730247, 6.368016 ], [ -62.027473, 6.36868561 ], [ -62.02767062, 6.36935526 ], [ -62.02790446, 6.37000702 ], [ -62.02821067, 6.37063165 ], [ -62.02870699, 6.37113005 ], [ -62.02934035, 6.37085082 ], [ -62.02985654, 6.37038143 ], [ -62.03038179, 6.36992115 ], [ -62.03099712, 6.36960576 ], [ -62.03167487, 6.36975172 ], [ -62.03228898, 6.37008755 ], [ -62.03285777, 6.37049556 ], [ -62.03339037, 6.37093977 ], [ -62.03389577, 6.37141105 ], [ -62.03438298, 6.37190946 ], [ -62.0348703, 6.37240783 ], [ -62.03533946, 6.37292425 ], [ -62.03580856, 6.37343165 ], [ -62.03627772, 6.37394807 ], [ -62.0367197, 6.37448254 ], [ -62.03715263, 6.37503508 ], [ -62.03754939, 6.37560562 ], [ -62.03791893, 6.37619422 ], [ -62.03823419, 6.37680981 ], [ -62.03846802, 6.37747062 ], [ -62.03846673, 6.37816703 ], [ -62.03831184, 6.37884506 ], [ -62.0380661, 6.37973103 ], [ -62.03803765, 6.38042741 ], [ -62.03797306, 6.38112377 ], [ -62.03789949, 6.38181102 ], [ -62.03781678, 6.3825073 ], [ -62.03774318, 6.38319455 ], [ -62.03768767, 6.38389093 ], [ -62.03765925, 6.38458731 ], [ -62.037676, 6.38527472 ], [ -62.03775613, 6.38597139 ], [ -62.03790853, 6.38664999 ], [ -62.03816951, 6.38729262 ], [ -62.03851192, 6.38789928 ], [ -62.0389177, 6.38846984 ], [ -62.03935069, 6.38900429 ], [ -62.03981083, 6.38952972 ], [ -62.04027087, 6.39005519 ], [ -62.04071291, 6.39058966 ], [ -62.04113681, 6.39114225 ], [ -62.04151544, 6.39172182 ], [ -62.04181262, 6.3923555 ], [ -62.04200126, 6.39302516 ], [ -62.04209035, 6.39371268 ], [ -62.04209815, 6.39440919 ], [ -62.04205161, 6.39510556 ], [ -62.04195996, 6.39579277 ], [ -62.04185015, 6.39648 ], [ -62.04173137, 6.39716717 ], [ -62.0416126, 6.39785435 ], [ -62.04152091, 6.39854163 ], [ -62.0414291, 6.39927406 ], [ -62.04138264, 6.3999704 ], [ -62.04131804, 6.40065775 ], [ -62.04124445, 6.40135401 ], [ -62.04117085, 6.40204126 ], [ -62.04109722, 6.40273752 ], [ -62.04105969, 6.40343399 ], [ -62.04104036, 6.40413035 ], [ -62.0410752, 6.40482686 ], [ -62.04117341, 6.40551448 ], [ -62.04137109, 6.40617512 ], [ -62.04165917, 6.40681781 ], [ -62.04202874, 6.40740641 ], [ -62.04256139, 6.40785061 ], [ -62.04325758, 6.4078519 ], [ -62.04392701, 6.4076542 ], [ -62.0445784, 6.40741115 ], [ -62.04521186, 6.40712294 ], [ -62.04583624, 6.40681653 ], [ -62.04645165, 6.40648308 ], [ -62.04704902, 6.4061314 ], [ -62.04763737, 6.40577066 ], [ -62.04821671, 6.4053828 ], [ -62.04878703, 6.40498593 ], [ -62.04935741, 6.40457995 ], [ -62.04990965, 6.40416491 ], [ -62.05046199, 6.40374078 ], [ -62.05094208, 6.40323517 ], [ -62.05125062, 6.40261166 ], [ -62.05141465, 6.40193361 ], [ -62.0514611, 6.40123727 ], [ -62.05127251, 6.40056755 ], [ -62.05083952, 6.40002407 ], [ -62.05010853, 6.3992901 ], [ -62.04959408, 6.39881882 ], [ -62.04922447, 6.39823026 ], [ -62.04953301, 6.39760675 ], [ -62.04995892, 6.3970558 ], [ -62.05010487, 6.39637764 ], [ -62.05002473, 6.3956901 ], [ -62.04989038, 6.39500249 ], [ -62.04973795, 6.39432385 ], [ -62.04955834, 6.39365415 ], [ -62.04937877, 6.39298452 ], [ -62.04919011, 6.39231491 ], [ -62.04900153, 6.39164514 ], [ -62.04882191, 6.39096651 ], [ -62.04866048, 6.39028784 ], [ -62.04853515, 6.38960931 ], [ -62.04846412, 6.38891263 ], [ -62.04850154, 6.38822532 ], [ -62.04918883, 6.38811809 ], [ -62.04983928, 6.38837251 ], [ -62.05048068, 6.38864507 ], [ -62.0514655, 6.38902669 ], [ -62.05187131, 6.38958831 ], [ -62.05226801, 6.39015884 ], [ -62.05266476, 6.3907294 ], [ -62.05305251, 6.39130895 ], [ -62.05344016, 6.39188854 ], [ -62.05382792, 6.39246813 ], [ -62.05421558, 6.39303863 ], [ -62.05462138, 6.39360921 ], [ -62.05502719, 6.39417072 ], [ -62.05545116, 6.39472322 ], [ -62.05589318, 6.39525768 ], [ -62.05636238, 6.39577411 ], [ -62.05684963, 6.39627246 ], [ -62.05749108, 6.39654501 ], [ -62.05816937, 6.39641053 ], [ -62.05880283, 6.39611325 ], [ -62.05933707, 6.39567101 ], [ -62.05972685, 6.39510191 ], [ -62.05993606, 6.39443298 ], [ -62.05980167, 6.39375432 ], [ -62.05946829, 6.39313869 ], [ -62.05906247, 6.39257715 ], [ -62.05864753, 6.39201563 ], [ -62.05825078, 6.3914451 ], [ -62.05796266, 6.39081142 ], [ -62.05814467, 6.39014246 ], [ -62.05875101, 6.3898089 ], [ -62.05942041, 6.38961114 ], [ -62.06009878, 6.38945857 ], [ -62.06077709, 6.38932416 ], [ -62.0617721, 6.38905465 ], [ -62.06244996, 6.38917346 ], [ -62.06313677, 6.38932844 ], [ -62.06380552, 6.38950147 ], [ -62.06448328, 6.38967463 ], [ -62.06515197, 6.3898567 ], [ -62.06582973, 6.39002975 ], [ -62.06650753, 6.39018481 ], [ -62.06718537, 6.39031263 ], [ -62.06788133, 6.39039529 ], [ -62.06857748, 6.39040559 ], [ -62.06926475, 6.39030734 ], [ -62.0698531, 6.38994657 ], [ -62.07009838, 6.38929582 ], [ -62.07017193, 6.38859952 ], [ -62.07017321, 6.387903 ], [ -62.07016542, 6.38720656 ], [ -62.07018475, 6.38651016 ], [ -62.07024927, 6.3858228 ], [ -62.07046748, 6.38516294 ], [ -62.0711278, 6.3849471 ], [ -62.07182381, 6.3850388 ], [ -62.07251078, 6.38511235 ], [ -62.07285543, 6.38449797 ], [ -62.07256728, 6.38387334 ], [ -62.07229718, 6.38323059 ], [ -62.07221704, 6.38253405 ], [ -62.07251653, 6.38190146 ], [ -62.07298757, 6.3813958 ], [ -62.07399283, 6.38044785 ], [ -62.0746797, 6.38055762 ], [ -62.07535749, 6.38070359 ], [ -62.07603535, 6.38083143 ], [ -62.07673141, 6.38088691 ], [ -62.07741864, 6.38079773 ], [ -62.07806106, 6.38051843 ], [ -62.07864032, 6.38013965 ], [ -62.07920163, 6.37972457 ], [ -62.0797719, 6.37932759 ], [ -62.08037825, 6.37899396 ], [ -62.08107444, 6.37895 ], [ -62.08152556, 6.37948442 ], [ -62.08177752, 6.3801362 ], [ -62.08200239, 6.3807878 ], [ -62.08229964, 6.38142145 ], [ -62.08277791, 6.38191979 ], [ -62.08340114, 6.38222844 ], [ -62.0840698, 6.38243763 ], [ -62.08473855, 6.38261063 ], [ -62.08540725, 6.38280183 ], [ -62.08604868, 6.38308332 ], [ -62.08641828, 6.38367188 ], [ -62.08620009, 6.38433175 ], [ -62.0858826, 6.38495533 ], [ -62.08561924, 6.38559703 ], [ -62.08623347, 6.38592368 ], [ -62.08691176, 6.38578019 ], [ -62.08759014, 6.38560052 ], [ -62.08825057, 6.38538458 ], [ -62.08891088, 6.38516871 ], [ -62.09012301, 6.38481804 ], [ -62.09062848, 6.3852893 ], [ -62.09111584, 6.38578762 ], [ -62.09159412, 6.38629499 ], [ -62.0920996, 6.38676621 ], [ -62.09266846, 6.38718331 ], [ -62.09332803, 6.38740151 ], [ -62.09394334, 6.38708605 ], [ -62.09442345, 6.38658039 ], [ -62.09488542, 6.38606564 ], [ -62.09542862, 6.38562336 ], [ -62.09612476, 6.38565171 ], [ -62.09670272, 6.38603264 ], [ -62.09719915, 6.38652193 ], [ -62.0976593, 6.3870383 ], [ -62.09811046, 6.38756369 ], [ -62.09858874, 6.38808011 ], [ -62.09911227, 6.3885332 ], [ -62.09972652, 6.38886895 ], [ -62.10041348, 6.38895155 ], [ -62.10110979, 6.38889851 ], [ -62.10178809, 6.38876402 ], [ -62.1024574, 6.38856613 ], [ -62.10310881, 6.38832312 ], [ -62.10374211, 6.38804377 ], [ -62.10436654, 6.38772832 ], [ -62.10496388, 6.38737658 ], [ -62.10554319, 6.38698865 ], [ -62.10609539, 6.38656453 ], [ -62.10653032, 6.38602261 ], [ -62.10673036, 6.38536261 ], [ -62.10678578, 6.38466626 ], [ -62.10678697, 6.38396984 ], [ -62.10684342, 6.38270358 ], [ -62.10680848, 6.38200708 ], [ -62.10680067, 6.38131064 ], [ -62.10679275, 6.38061409 ], [ -62.10674878, 6.37992662 ], [ -62.10664148, 6.37923906 ], [ -62.10643471, 6.37856931 ], [ -62.10615547, 6.37793568 ], [ -62.10583113, 6.3773201 ], [ -62.10546147, 6.37673155 ], [ -62.10506463, 6.37616103 ], [ -62.10464977, 6.37559951 ], [ -62.10420768, 6.3750651 ], [ -62.10374748, 6.37453972 ], [ -62.10319674, 6.37412268 ], [ -62.10256438, 6.37383219 ], [ -62.10187754, 6.37369524 ], [ -62.10119051, 6.37363074 ], [ -62.10049445, 6.37359335 ], [ -62.09979832, 6.37357405 ], [ -62.09910217, 6.37357285 ], [ -62.09840607, 6.37358069 ], [ -62.09770987, 6.37358853 ], [ -62.09701379, 6.37358728 ], [ -62.09631763, 6.37357703 ], [ -62.09562151, 6.37354868 ], [ -62.09493457, 6.3734842 ], [ -62.09424765, 6.37339255 ], [ -62.09357895, 6.3732014 ], [ -62.09296478, 6.37285667 ], [ -62.09240495, 6.37244863 ], [ -62.09137564, 6.37170516 ], [ -62.09076137, 6.37138749 ], [ -62.09012912, 6.37108787 ], [ -62.08949673, 6.37079737 ], [ -62.08886439, 6.37050675 ], [ -62.08823214, 6.3702072 ], [ -62.08762697, 6.36988051 ], [ -62.08703995, 6.36949954 ], [ -62.08648925, 6.36907354 ], [ -62.08616483, 6.36845784 ], [ -62.08613892, 6.36776136 ], [ -62.08615827, 6.36706496 ], [ -62.08587914, 6.36643135 ], [ -62.0852188, 6.36663817 ], [ -62.08463051, 6.36701705 ], [ -62.08406022, 6.36741395 ], [ -62.0834629, 6.36777471 ], [ -62.08280257, 6.36799069 ], [ -62.08211524, 6.368098 ], [ -62.08141915, 6.36810581 ], [ -62.08075042, 6.3679327 ], [ -62.08024502, 6.36746154 ], [ -62.0799116, 6.36684581 ], [ -62.07967771, 6.36618514 ], [ -62.07952526, 6.36550655 ], [ -62.07945417, 6.36481904 ], [ -62.07953672, 6.36413169 ], [ -62.07984522, 6.36349911 ], [ -62.08026203, 6.36294812 ], [ -62.08086922, 6.36210797 ], [ -62.08126806, 6.36153887 ], [ -62.08169394, 6.36098789 ], [ -62.08213789, 6.36044597 ], [ -62.0825728, 6.35991311 ], [ -62.08299861, 6.35936213 ], [ -62.08340644, 6.35879302 ], [ -62.08376014, 6.3581967 ], [ -62.08403245, 6.35755499 ], [ -62.08420543, 6.35687688 ], [ -62.08417046, 6.35618942 ], [ -62.08399992, 6.35551078 ], [ -62.0837479, 6.35485911 ], [ -62.08347782, 6.35422542 ], [ -62.08319872, 6.35358277 ], [ -62.08296481, 6.35293114 ], [ -62.08282129, 6.35225253 ], [ -62.0828768, 6.35155611 ], [ -62.08326658, 6.35097794 ], [ -62.08382777, 6.35056296 ], [ -62.08443408, 6.35022932 ], [ -62.08505847, 6.34991382 ], [ -62.08566475, 6.34958026 ], [ -62.08623493, 6.34918328 ], [ -62.0866157, 6.34860508 ], [ -62.08652648, 6.34791753 ], [ -62.08621117, 6.3472928 ], [ -62.08573288, 6.34678546 ], [ -62.08507333, 6.34658531 ], [ -62.08408813, 6.34648411 ], [ -62.08341877, 6.34669094 ], [ -62.08272264, 6.34669876 ], [ -62.08242538, 6.34607415 ], [ -62.0822458, 6.34539549 ], [ -62.08175854, 6.34490617 ], [ -62.08106256, 6.34482356 ], [ -62.08036639, 6.34484947 ], [ -62.07967919, 6.34492964 ], [ -62.078992, 6.34503695 ], [ -62.07785268, 6.34516151 ], [ -62.07741778, 6.34570345 ], [ -62.07701897, 6.34628159 ], [ -62.07662923, 6.34685986 ], [ -62.07623043, 6.34742896 ], [ -62.07578652, 6.34796183 ], [ -62.07527045, 6.34842222 ], [ -62.07461907, 6.34868333 ], [ -62.07394129, 6.34855549 ], [ -62.0733271, 6.3482197 ], [ -62.07274922, 6.34782973 ], [ -62.0721895, 6.34742179 ], [ -62.0716025, 6.34704985 ], [ -62.07096117, 6.34676827 ], [ -62.07026509, 6.34676703 ], [ -62.06964972, 6.34709158 ], [ -62.06913361, 6.34755196 ], [ -62.06867169, 6.34806669 ], [ -62.06823678, 6.34860859 ], [ -62.06780188, 6.34915052 ], [ -62.06734884, 6.34968336 ], [ -62.06685081, 6.35017089 ], [ -62.0661815, 6.35034151 ], [ -62.06563086, 6.34990633 ], [ -62.06531551, 6.34929072 ], [ -62.06509978, 6.34863009 ], [ -62.06489307, 6.34796043 ], [ -62.06470438, 6.34729071 ], [ -62.06453384, 6.34662111 ], [ -62.06436329, 6.34594247 ], [ -62.06420178, 6.34526381 ], [ -62.06404025, 6.34459416 ], [ -62.0638697, 6.34391551 ], [ -62.06363633, 6.34299249 ], [ -62.06333912, 6.34235883 ], [ -62.06307817, 6.34171617 ], [ -62.06270859, 6.34112759 ], [ -62.06203033, 6.34128013 ], [ -62.06147807, 6.34170423 ], [ -62.06096193, 6.34217365 ], [ -62.06046383, 6.34266118 ], [ -62.05998381, 6.34316684 ], [ -62.05951279, 6.34367249 ], [ -62.05905084, 6.34419625 ], [ -62.05857983, 6.34471098 ], [ -62.05811782, 6.3452257 ], [ -62.05763779, 6.34573125 ], [ -62.05714867, 6.34622784 ], [ -62.05664157, 6.34669724 ], [ -62.05608036, 6.3471123 ], [ -62.05542903, 6.34736445 ], [ -62.05481483, 6.34703769 ], [ -62.05457196, 6.34638603 ], [ -62.0544557, 6.34569833 ], [ -62.05439365, 6.34501083 ], [ -62.05435879, 6.34431437 ], [ -62.05433293, 6.34361781 ], [ -62.05431607, 6.34292135 ], [ -62.0543083, 6.34222492 ], [ -62.05429152, 6.34152846 ], [ -62.05426564, 6.34084091 ], [ -62.05422173, 6.34014442 ], [ -62.05415971, 6.33944788 ], [ -62.05405242, 6.33876024 ], [ -62.05382766, 6.33809954 ], [ -62.05343996, 6.33752904 ], [ -62.05280866, 6.33672285 ], [ -62.05221133, 6.33709262 ], [ -62.05164108, 6.33748055 ], [ -62.05107084, 6.33787749 ], [ -62.05049158, 6.33826529 ], [ -62.04988525, 6.33861698 ], [ -62.04926097, 6.33891434 ], [ -62.04860065, 6.33912115 ], [ -62.04791337, 6.33926457 ], [ -62.04723516, 6.3393809 ], [ -62.04653884, 6.33947917 ], [ -62.04585171, 6.33955028 ], [ -62.0451555, 6.33960324 ], [ -62.04445941, 6.3396291 ], [ -62.04376333, 6.33961877 ], [ -62.04307642, 6.33954518 ], [ -62.04246227, 6.33920936 ], [ -62.04274374, 6.33856769 ], [ -62.04323277, 6.33808016 ], [ -62.04375797, 6.33761983 ], [ -62.04428308, 6.33716858 ], [ -62.0448173, 6.33671727 ], [ -62.04533338, 6.33625702 ], [ -62.0458405, 6.33577858 ], [ -62.04631152, 6.33526386 ], [ -62.04671034, 6.33469479 ], [ -62.04705496, 6.33408932 ], [ -62.04734544, 6.33345676 ], [ -62.04760871, 6.33281508 ], [ -62.04784494, 6.33215523 ], [ -62.04806316, 6.33149542 ], [ -62.0482903, 6.33083547 ], [ -62.04872636, 6.32966047 ], [ -62.04822104, 6.32917111 ], [ -62.04770664, 6.32870887 ], [ -62.04717407, 6.32826467 ], [ -62.0466416, 6.32781154 ], [ -62.0461181, 6.32735832 ], [ -62.04560369, 6.32688707 ], [ -62.04511642, 6.32639772 ], [ -62.04467445, 6.32585424 ], [ -62.0442959, 6.32526563 ], [ -62.04404391, 6.32462302 ], [ -62.04395483, 6.32393539 ], [ -62.04400128, 6.32323905 ], [ -62.04412908, 6.3225519 ], [ -62.0443292, 6.32188288 ], [ -62.04457442, 6.32124116 ], [ -62.0448649, 6.32060856 ], [ -62.04525462, 6.32003042 ], [ -62.04580679, 6.3196063 ], [ -62.0464491, 6.3193362 ], [ -62.04713635, 6.31923787 ], [ -62.04782321, 6.3193205 ], [ -62.04849177, 6.31952981 ], [ -62.04914215, 6.31977518 ], [ -62.04976539, 6.32007483 ], [ -62.05037947, 6.32040159 ], [ -62.05097541, 6.32075538 ], [ -62.05156234, 6.32113635 ], [ -62.05212205, 6.32154442 ], [ -62.05255497, 6.32208787 ], [ -62.05279783, 6.32273953 ], [ -62.05302241, 6.32353585 ], [ -62.05325626, 6.32418756 ], [ -62.05346297, 6.32484821 ], [ -62.05367876, 6.32551789 ], [ -62.05394877, 6.32616053 ], [ -62.0543636, 6.32671301 ], [ -62.05505079, 6.32659669 ], [ -62.05563003, 6.32620889 ], [ -62.0562814, 6.32597484 ], [ -62.05697741, 6.3259761 ], [ -62.05766437, 6.32604971 ], [ -62.05835113, 6.32617756 ], [ -62.05901975, 6.32636876 ], [ -62.05965197, 6.32665026 ], [ -62.05989495, 6.32730199 ], [ -62.05993886, 6.32799848 ], [ -62.06063493, 6.32801783 ], [ -62.06103366, 6.32744871 ], [ -62.06156783, 6.32700647 ], [ -62.06222816, 6.32677255 ], [ -62.06289749, 6.32658373 ], [ -62.06356671, 6.32639505 ], [ -62.06423599, 6.32622443 ], [ -62.06491428, 6.32605372 ], [ -62.06559252, 6.32590118 ], [ -62.0662708, 6.32574867 ], [ -62.06694904, 6.32559605 ], [ -62.06762729, 6.32545259 ], [ -62.06830559, 6.32530909 ], [ -62.06898386, 6.32515647 ], [ -62.06967112, 6.32501303 ], [ -62.07034936, 6.32486048 ], [ -62.07138029, 6.32461806 ], [ -62.07205809, 6.32477312 ], [ -62.07272666, 6.32495515 ], [ -62.07339531, 6.32513721 ], [ -62.07407301, 6.32528322 ], [ -62.07476899, 6.32535679 ], [ -62.07546509, 6.32530375 ], [ -62.07614334, 6.32517826 ], [ -62.07683064, 6.32504385 ], [ -62.07750888, 6.32489129 ], [ -62.07817818, 6.32471161 ], [ -62.07883842, 6.32449564 ], [ -62.07948972, 6.32425262 ], [ -62.08012301, 6.32396425 ], [ -62.0807293, 6.32361264 ], [ -62.08129052, 6.3232066 ], [ -62.08178854, 6.32271905 ], [ -62.08224149, 6.32219525 ], [ -62.08265826, 6.32164421 ], [ -62.08306606, 6.32107513 ], [ -62.08344676, 6.32048789 ], [ -62.08380039, 6.31989147 ], [ -62.08414496, 6.31928604 ], [ -62.08448049, 6.31868064 ], [ -62.08479794, 6.31805713 ], [ -62.08510639, 6.3174336 ], [ -62.0854148, 6.31681003 ], [ -62.08570522, 6.31617733 ], [ -62.08600463, 6.31555377 ], [ -62.08629497, 6.31492115 ], [ -62.0865944, 6.31428855 ], [ -62.0868938, 6.31366499 ], [ -62.08719323, 6.31303228 ], [ -62.08751069, 6.31241782 ], [ -62.0880458, 6.31140571 ], [ -62.08822774, 6.3107367 ], [ -62.08839165, 6.31005864 ], [ -62.08857363, 6.30938967 ], [ -62.08880075, 6.30872971 ], [ -62.08912725, 6.30811523 ], [ -62.08953502, 6.30755516 ], [ -62.08999698, 6.30703137 ], [ -62.09047692, 6.30653473 ], [ -62.09097488, 6.30604717 ], [ -62.09146393, 6.30555051 ], [ -62.09192579, 6.30503577 ], [ -62.09235165, 6.30448478 ], [ -62.09269616, 6.30387935 ], [ -62.09285109, 6.30319226 ], [ -62.09291557, 6.30250487 ], [ -62.09296191, 6.30180853 ], [ -62.0930806, 6.30112134 ], [ -62.09364178, 6.30071525 ], [ -62.09431043, 6.30088824 ], [ -62.09493357, 6.30119688 ], [ -62.09552052, 6.30157784 ], [ -62.09608024, 6.30198575 ], [ -62.09661279, 6.30243891 ], [ -62.0971182, 6.30291921 ], [ -62.0975964, 6.30341749 ], [ -62.09805653, 6.30394291 ], [ -62.09850758, 6.30446827 ], [ -62.09894959, 6.30501173 ], [ -62.09938255, 6.30555518 ], [ -62.09982458, 6.30608959 ], [ -62.10069064, 6.30712224 ], [ -62.1009969, 6.30774682 ], [ -62.10129414, 6.30838057 ], [ -62.10159137, 6.30900516 ], [ -62.10187953, 6.30963878 ], [ -62.10216773, 6.3102724 ], [ -62.10245585, 6.31090605 ], [ -62.10275311, 6.31153072 ], [ -62.10305036, 6.31216436 ], [ -62.10336563, 6.312789 ], [ -62.10368104, 6.31340459 ], [ -62.10400538, 6.31402017 ], [ -62.1043479, 6.31462678 ], [ -62.10471751, 6.31521541 ], [ -62.1052954, 6.31559622 ], [ -62.10599136, 6.31562455 ], [ -62.10666962, 6.31547196 ], [ -62.10734785, 6.31532844 ], [ -62.10803518, 6.31517579 ], [ -62.10870441, 6.31501416 ], [ -62.10938266, 6.31484346 ], [ -62.11004289, 6.3146365 ], [ -62.11069413, 6.31439344 ], [ -62.11131843, 6.31408696 ], [ -62.11188866, 6.31368094 ], [ -62.11228731, 6.31311182 ], [ -62.11238793, 6.31242451 ], [ -62.1122716, 6.31173689 ], [ -62.11205582, 6.31107628 ], [ -62.11179472, 6.31043358 ], [ -62.11149746, 6.30979994 ], [ -62.11120023, 6.30917532 ], [ -62.11089395, 6.30855071 ], [ -62.11062385, 6.30790809 ], [ -62.1103268, 6.30714773 ], [ -62.10994818, 6.3065592 ], [ -62.10983177, 6.30587159 ], [ -62.1101854, 6.30527525 ], [ -62.11060214, 6.30471518 ], [ -62.11103694, 6.30418226 ], [ -62.11149888, 6.30365841 ], [ -62.11196074, 6.3031346 ], [ -62.1124046, 6.30259265 ], [ -62.11282139, 6.30204163 ], [ -62.11318394, 6.30144517 ], [ -62.11347432, 6.30081253 ], [ -62.11367431, 6.30014356 ], [ -62.11380202, 6.29946544 ], [ -62.11388454, 6.29876904 ], [ -62.11392186, 6.29808172 ], [ -62.11395918, 6.29738536 ], [ -62.11398748, 6.29668887 ], [ -62.11403384, 6.29599249 ], [ -62.11412541, 6.29530528 ], [ -62.11426218, 6.29461802 ], [ -62.11448019, 6.29395814 ], [ -62.11491503, 6.29341617 ], [ -62.11547619, 6.29301005 ], [ -62.11606433, 6.29263121 ], [ -62.11660744, 6.29219798 ], [ -62.116961, 6.29160161 ], [ -62.1171158, 6.29092344 ], [ -62.11716222, 6.29022706 ], [ -62.11714528, 6.28953061 ], [ -62.11709218, 6.28883406 ], [ -62.11703013, 6.28814647 ], [ -62.11696802, 6.28744994 ], [ -62.11692433, 6.28652726 ], [ -62.11662714, 6.28590264 ], [ -62.1163389, 6.28526903 ], [ -62.11605979, 6.28462639 ], [ -62.11578967, 6.28399272 ], [ -62.11550146, 6.28335006 ], [ -62.11520423, 6.28272544 ], [ -62.1148799, 6.28210987 ], [ -62.11451929, 6.2815123 ], [ -62.11412252, 6.28094179 ], [ -62.1136805, 6.28040738 ], [ -62.11318416, 6.27991811 ], [ -62.11266071, 6.27945591 ], [ -62.11212812, 6.27902083 ], [ -62.11158649, 6.27858576 ], [ -62.11104489, 6.27815066 ], [ -62.11051234, 6.27769748 ], [ -62.10999792, 6.27722637 ], [ -62.10952875, 6.27670999 ], [ -62.10913197, 6.27614855 ], [ -62.10883474, 6.2755148 ], [ -62.1087546, 6.27481823 ], [ -62.10885518, 6.27413103 ], [ -62.10906422, 6.27347102 ], [ -62.10932745, 6.27282931 ], [ -62.10964484, 6.27220575 ], [ -62.10998931, 6.27160031 ], [ -62.11037001, 6.27101305 ], [ -62.11084091, 6.27050732 ], [ -62.11139298, 6.27008313 ], [ -62.11198111, 6.26971323 ], [ -62.11256932, 6.26934344 ], [ -62.11323883, 6.26891946 ], [ -62.11391661, 6.26905622 ], [ -62.11459427, 6.26921111 ], [ -62.1152719, 6.26937512 ], [ -62.11594954, 6.26953906 ], [ -62.11662724, 6.26969394 ], [ -62.1173049, 6.26983081 ], [ -62.11799165, 6.26994953 ], [ -62.11867844, 6.27004112 ], [ -62.1193744, 6.27008749 ], [ -62.12006153, 6.26996203 ], [ -62.12066772, 6.26962835 ], [ -62.12115671, 6.2691317 ], [ -62.12156437, 6.2685716 ], [ -62.12195402, 6.26798432 ], [ -62.12228947, 6.26737889 ], [ -62.12257978, 6.26674621 ], [ -62.1227978, 6.26608625 ], [ -62.1229074, 6.26539904 ], [ -62.12285437, 6.26470249 ], [ -62.12269278, 6.2640329 ], [ -62.12247698, 6.26337218 ], [ -62.12224305, 6.26271153 ], [ -62.12202717, 6.26205093 ], [ -62.12187468, 6.26137231 ], [ -62.12183058, 6.26067571 ], [ -62.12187697, 6.25998838 ], [ -62.12197759, 6.2592921 ], [ -62.12211429, 6.25861389 ], [ -62.12227807, 6.25793582 ], [ -62.12245998, 6.2572668 ], [ -62.12264188, 6.25658866 ], [ -62.12295138, 6.25526866 ], [ -62.12555973, 6.2521253 ], [ -62.12623739, 6.25227113 ], [ -62.12692426, 6.2523627 ], [ -62.12762006, 6.25243627 ], [ -62.12830695, 6.25249169 ], [ -62.12900281, 6.25255615 ], [ -62.12968965, 6.25264771 ], [ -62.13037636, 6.25277547 ], [ -62.13104489, 6.25297562 ], [ -62.131659, 6.25329312 ], [ -62.13215537, 6.25378238 ], [ -62.13250683, 6.25437994 ], [ -62.13279507, 6.25501354 ], [ -62.13302903, 6.25566525 ], [ -62.13321771, 6.25633487 ], [ -62.13337028, 6.25701349 ], [ -62.13349563, 6.25770116 ], [ -62.13360302, 6.25838875 ], [ -62.1336832, 6.25907627 ], [ -62.13375437, 6.25977282 ], [ -62.13381649, 6.26046946 ], [ -62.13386964, 6.26115695 ], [ -62.13392268, 6.2618535 ], [ -62.1339668, 6.26255009 ], [ -62.13401984, 6.26323759 ], [ -62.13407296, 6.26393409 ], [ -62.13413512, 6.26463073 ], [ -62.13421531, 6.26531825 ], [ -62.13438515, 6.26647629 ], [ -62.13461005, 6.26713695 ], [ -62.13481684, 6.26779764 ], [ -62.13502364, 6.2684673 ], [ -62.13522142, 6.26912786 ], [ -62.13542819, 6.26979752 ], [ -62.13563501, 6.27045821 ], [ -62.13585088, 6.27111885 ], [ -62.13609385, 6.27177047 ], [ -62.13635495, 6.27242213 ], [ -62.13664315, 6.27304679 ], [ -62.13697658, 6.27366237 ], [ -62.1374096, 6.27420578 ], [ -62.13795121, 6.27464086 ], [ -62.13858348, 6.27494034 ], [ -62.13927941, 6.27497764 ], [ -62.13994858, 6.27479788 ], [ -62.14059984, 6.27456372 ], [ -62.14124207, 6.27429346 ], [ -62.14187526, 6.27399597 ], [ -62.1424904, 6.27368045 ], [ -62.1430966, 6.27333769 ], [ -62.14368479, 6.27296776 ], [ -62.14426388, 6.2725889 ], [ -62.14483403, 6.27218277 ], [ -62.14537709, 6.27174948 ], [ -62.14591111, 6.27129807 ], [ -62.146391, 6.27080137 ], [ -62.14681668, 6.27024126 ], [ -62.14718826, 6.26965395 ], [ -62.14752368, 6.26904847 ], [ -62.14785012, 6.26843395 ], [ -62.14815846, 6.26781034 ], [ -62.14849388, 6.26720482 ], [ -62.14889272, 6.26650902 ], [ -62.14893902, 6.26581264 ], [ -62.1489763, 6.26512529 ], [ -62.14927561, 6.26449254 ], [ -62.14996239, 6.26460228 ], [ -62.15058561, 6.2649017 ], [ -62.15115436, 6.26530064 ], [ -62.15155117, 6.26588017 ], [ -62.15170377, 6.26655875 ], [ -62.15174784, 6.26725538 ], [ -62.15172868, 6.26794274 ], [ -62.15166427, 6.26863907 ], [ -62.15159085, 6.26933542 ], [ -62.15150833, 6.27002278 ], [ -62.15143422, 6.27115328 ], [ -62.15109878, 6.27176777 ], [ -62.15076336, 6.27237326 ], [ -62.15042792, 6.27298776 ], [ -62.15008346, 6.2735933 ], [ -62.149739, 6.27419877 ], [ -62.14939456, 6.27479515 ], [ -62.1490501, 6.27540062 ], [ -62.14871467, 6.27600607 ], [ -62.14837021, 6.27661153 ], [ -62.14802567, 6.277217 ], [ -62.1476903, 6.27783157 ], [ -62.14735487, 6.27843705 ], [ -62.14702843, 6.27905157 ], [ -62.14670198, 6.27966609 ], [ -62.14638463, 6.28028967 ], [ -62.1460673, 6.28090421 ], [ -62.14575894, 6.28152789 ], [ -62.14546861, 6.28216055 ], [ -62.14517828, 6.2827932 ], [ -62.14491514, 6.28344402 ], [ -62.14471519, 6.28410395 ], [ -62.1445604, 6.28478217 ], [ -62.14445983, 6.28546937 ], [ -62.14442256, 6.28616577 ], [ -62.14443046, 6.28686231 ], [ -62.14451972, 6.2875589 ], [ -62.14467232, 6.28823752 ], [ -62.14487012, 6.28889818 ], [ -62.14509498, 6.28955884 ], [ -62.14532897, 6.29021043 ], [ -62.14557192, 6.29086205 ], [ -62.14585979, 6.29174897 ], [ -62.14596712, 6.29243656 ], [ -62.14605645, 6.29312418 ], [ -62.14613664, 6.29382075 ], [ -62.14624403, 6.29449929 ], [ -62.14641467, 6.29517791 ], [ -62.14668482, 6.29582065 ], [ -62.14719929, 6.29629184 ], [ -62.1478407, 6.2965461 ], [ -62.14853669, 6.29655625 ], [ -62.14919695, 6.29634935 ], [ -62.14983021, 6.2960428 ], [ -62.15042734, 6.29569097 ], [ -62.15102455, 6.29533925 ], [ -62.15163977, 6.29501457 ], [ -62.15228198, 6.29474433 ], [ -62.15296019, 6.2945916 ], [ -62.15365622, 6.29462888 ], [ -62.15433392, 6.29478379 ], [ -62.15499344, 6.2950019 ], [ -62.15565298, 6.29522002 ], [ -62.15633068, 6.29539302 ], [ -62.15702667, 6.29544842 ], [ -62.15771365, 6.29544048 ], [ -62.15840984, 6.29537828 ], [ -62.15909696, 6.29527991 ], [ -62.15977515, 6.29513622 ], [ -62.16044445, 6.29492928 ], [ -62.16108666, 6.29465893 ], [ -62.16168379, 6.2943162 ], [ -62.16225392, 6.29391009 ], [ -62.16278797, 6.29346771 ], [ -62.16330396, 6.29299819 ], [ -62.16382002, 6.29252862 ], [ -62.16464373, 6.29182447 ], [ -62.1651687, 6.29136397 ], [ -62.16566668, 6.29087634 ], [ -62.16616463, 6.29038868 ], [ -62.16671671, 6.2899645 ], [ -62.16739491, 6.28981175 ], [ -62.16800001, 6.29014743 ], [ -62.16847828, 6.2906547 ], [ -62.16888416, 6.29122519 ], [ -62.1692358, 6.2918227 ], [ -62.16954214, 6.29244731 ], [ -62.16968569, 6.29312589 ], [ -62.16966654, 6.29382238 ], [ -62.1696106, 6.29488058 ], [ -62.16987173, 6.29552318 ], [ -62.17015997, 6.2961568 ], [ -62.17044825, 6.29679038 ], [ -62.17065513, 6.29745109 ], [ -62.17066303, 6.29814753 ], [ -62.17021923, 6.29868952 ], [ -62.16962211, 6.29904138 ], [ -62.16901593, 6.29938409 ], [ -62.16849987, 6.29985362 ], [ -62.16810125, 6.30042283 ], [ -62.16778383, 6.30104642 ], [ -62.16755688, 6.30169737 ], [ -62.16749248, 6.30239371 ], [ -62.16757272, 6.30308123 ], [ -62.16772535, 6.30375995 ], [ -62.16795024, 6.30442056 ], [ -62.16822042, 6.30506318 ], [ -62.16854486, 6.30567875 ], [ -62.16892361, 6.30625823 ], [ -62.16942909, 6.30673845 ], [ -62.17001612, 6.30711024 ], [ -62.17064841, 6.30739171 ], [ -62.17131705, 6.30760074 ], [ -62.17199482, 6.30771941 ], [ -62.17269087, 6.30775666 ], [ -62.17338696, 6.30769448 ], [ -62.17404723, 6.30748751 ], [ -62.17466245, 6.30716283 ], [ -62.17524158, 6.30677478 ], [ -62.17578466, 6.30635057 ], [ -62.17631873, 6.30589913 ], [ -62.17684378, 6.30543866 ], [ -62.17785754, 6.30460805 ], [ -62.17803725, 6.30527767 ], [ -62.17827129, 6.30592936 ], [ -62.17852334, 6.30658098 ], [ -62.17877548, 6.30722355 ], [ -62.17901851, 6.3078842 ], [ -62.1792073, 6.30855391 ], [ -62.17933275, 6.30923249 ], [ -62.17930461, 6.30992888 ], [ -62.17905943, 6.31057982 ], [ -62.17866085, 6.31114904 ], [ -62.17818097, 6.31165481 ], [ -62.17764689, 6.3120971 ], [ -62.17707675, 6.31250326 ], [ -62.1764976, 6.31288227 ], [ -62.17590037, 6.31324318 ], [ -62.17529412, 6.3135949 ], [ -62.17469699, 6.31394676 ], [ -62.17409978, 6.31429859 ], [ -62.17352064, 6.31468656 ], [ -62.17289617, 6.31511072 ], [ -62.17284086, 6.31580708 ], [ -62.17276748, 6.31649443 ], [ -62.17274826, 6.31719087 ], [ -62.17291894, 6.31786948 ], [ -62.17323433, 6.31848514 ], [ -62.17360404, 6.31908269 ], [ -62.17401903, 6.31963511 ], [ -62.17447921, 6.32016046 ], [ -62.17499379, 6.32062257 ], [ -62.17556264, 6.32103042 ], [ -62.17616776, 6.32137514 ], [ -62.17678206, 6.32169274 ], [ -62.17741435, 6.32197409 ], [ -62.17805577, 6.32224649 ], [ -62.17870631, 6.32250074 ], [ -62.1793568, 6.32274601 ], [ -62.18000727, 6.32298217 ], [ -62.18066686, 6.32321835 ], [ -62.18131735, 6.32346362 ], [ -62.18196785, 6.32370882 ], [ -62.18260929, 6.3239722 ], [ -62.18324166, 6.32425354 ], [ -62.183874, 6.32456209 ], [ -62.18447921, 6.32488871 ], [ -62.18506617, 6.32526945 ], [ -62.18556262, 6.32575869 ], [ -62.18595947, 6.32632915 ], [ -62.18628399, 6.32694471 ], [ -62.18655416, 6.3275874 ], [ -62.18677918, 6.32823899 ], [ -62.18691371, 6.32892659 ], [ -62.18696683, 6.32962321 ], [ -62.18698389, 6.33031065 ], [ -62.18703664, 6.33123338 ], [ -62.18714412, 6.33192092 ], [ -62.18721533, 6.3326175 ], [ -62.18727756, 6.33330509 ], [ -62.1873126, 6.33400159 ], [ -62.18734768, 6.33469812 ], [ -62.18738277, 6.33539461 ], [ -62.18740881, 6.3360912 ], [ -62.18745292, 6.33677867 ], [ -62.187497, 6.33747519 ], [ -62.18756829, 6.33817184 ], [ -62.18766661, 6.3388594 ], [ -62.18780116, 6.33953796 ], [ -62.18799902, 6.34020769 ], [ -62.1882692, 6.3408503 ], [ -62.18864807, 6.34142976 ], [ -62.18916262, 6.34190091 ], [ -62.18978587, 6.3422094 ], [ -62.19046367, 6.34237331 ], [ -62.19115068, 6.34244673 ], [ -62.19184674, 6.34244781 ], [ -62.19254297, 6.34239461 ], [ -62.19323015, 6.34231429 ], [ -62.19392646, 6.34220677 ], [ -62.19460464, 6.34209024 ], [ -62.19523404, 6.34197528 ], [ -62.19529188, 6.34196469 ], [ -62.19597014, 6.3418301 ], [ -62.19632508, 6.34176527 ], [ -62.19665745, 6.34170447 ], [ -62.19734469, 6.34157891 ], [ -62.19803191, 6.34146239 ], [ -62.19871916, 6.34138206 ], [ -62.19967757, 6.34129312 ], [ -62.20007448, 6.34186356 ], [ -62.20049848, 6.34241595 ], [ -62.20093162, 6.34295934 ], [ -62.20138287, 6.34349369 ], [ -62.20182502, 6.34401901 ], [ -62.20227623, 6.34455336 ], [ -62.20271836, 6.34508768 ], [ -62.20314244, 6.3456401 ], [ -62.20355743, 6.34620154 ], [ -62.20393624, 6.34678099 ], [ -62.20428795, 6.34738756 ], [ -62.20457622, 6.34802115 ], [ -62.20481028, 6.34867283 ], [ -62.20494483, 6.34936043 ], [ -62.20493478, 6.35004782 ], [ -62.20479812, 6.35073502 ], [ -62.20458017, 6.35139506 ], [ -62.20431698, 6.35203685 ], [ -62.20402668, 6.35266955 ], [ -62.20371836, 6.35329319 ], [ -62.20341902, 6.35392597 ], [ -62.20312879, 6.35455866 ], [ -62.2028837, 6.35520951 ], [ -62.20269282, 6.35587854 ], [ -62.2026104, 6.35656591 ], [ -62.20270874, 6.35725346 ], [ -62.2030785, 6.35784197 ], [ -62.20359316, 6.35831311 ], [ -62.20416213, 6.35871199 ], [ -62.20475822, 6.35906563 ], [ -62.20536344, 6.35941031 ], [ -62.20595958, 6.35977304 ], [ -62.20671819, 6.36028075 ], [ -62.20700659, 6.36091431 ], [ -62.20728587, 6.36154789 ], [ -62.20756513, 6.36219051 ], [ -62.20783537, 6.36282406 ], [ -62.20810563, 6.36346677 ], [ -62.20838496, 6.3641094 ], [ -62.20868235, 6.36473393 ], [ -62.20897968, 6.36536754 ], [ -62.20930426, 6.36598309 ], [ -62.20964688, 6.36658058 ], [ -62.21002566, 6.36716919 ], [ -62.21043167, 6.3677306 ], [ -62.21088295, 6.36826495 ], [ -62.21136134, 6.36877221 ], [ -62.21184878, 6.3692614 ], [ -62.2123453, 6.36975054 ], [ -62.21285084, 6.37023072 ], [ -62.2133474, 6.37071989 ], [ -62.21382578, 6.37121811 ], [ -62.21428613, 6.37174346 ], [ -62.21471017, 6.37229583 ], [ -62.21507996, 6.37288433 ], [ -62.21524168, 6.37356302 ], [ -62.21524063, 6.37425947 ], [ -62.21509495, 6.37493765 ], [ -62.21468724, 6.37550687 ], [ -62.21399112, 6.37547868 ], [ -62.21334052, 6.37524253 ], [ -62.21269902, 6.37497018 ], [ -62.21204844, 6.37472499 ], [ -62.21136119, 6.37478724 ], [ -62.21129685, 6.37548362 ], [ -62.21144051, 6.37616227 ], [ -62.21170978, 6.37744708 ], [ -62.21167347, 6.37756341 ], [ -62.21150085, 6.37811607 ], [ -62.21126476, 6.37876705 ], [ -62.21101059, 6.37941789 ], [ -62.21074739, 6.38005969 ], [ -62.21047519, 6.38070143 ], [ -62.21022111, 6.38134326 ], [ -62.20998503, 6.38200325 ], [ -62.20978509, 6.38266322 ], [ -62.20963941, 6.3833504 ], [ -62.20962924, 6.38404694 ], [ -62.20988147, 6.3846895 ], [ -62.21041423, 6.38513357 ], [ -62.21104661, 6.38543296 ], [ -62.21169728, 6.38566014 ], [ -62.2123751, 6.38582395 ], [ -62.21306205, 6.38595163 ], [ -62.213749, 6.38604312 ], [ -62.21444516, 6.38608035 ], [ -62.2151414, 6.3860633 ], [ -62.21582862, 6.3859739 ], [ -62.21648893, 6.38574882 ], [ -62.21695085, 6.38523396 ], [ -62.21711466, 6.38455575 ], [ -62.21713375, 6.3838593 ], [ -62.21707157, 6.38316278 ], [ -62.21697316, 6.38247519 ], [ -62.21684757, 6.38179655 ], [ -62.21670399, 6.38110893 ], [ -62.21655127, 6.38043034 ], [ -62.21643733, 6.37989178 ], [ -62.21640767, 6.37975166 ], [ -62.21626407, 6.37907309 ], [ -62.2161385, 6.37838548 ], [ -62.21601333, 6.37745361 ], [ -62.21670963, 6.37737328 ], [ -62.2173969, 6.37726578 ], [ -62.21807516, 6.37714915 ], [ -62.21876244, 6.3770236 ], [ -62.2194498, 6.37689801 ], [ -62.22013708, 6.37679051 ], [ -62.2208243, 6.37671018 ], [ -62.22152053, 6.37667504 ], [ -62.22221669, 6.37670321 ], [ -62.22290364, 6.37679469 ], [ -62.2235542, 6.37704888 ], [ -62.22410508, 6.3774658 ], [ -62.22458353, 6.37797308 ], [ -62.22501673, 6.37851642 ], [ -62.22544079, 6.37906882 ], [ -62.22618091, 6.37991118 ], [ -62.22667746, 6.38040037 ], [ -62.2271649, 6.38089859 ], [ -62.22764332, 6.38140573 ], [ -62.2281127, 6.38191299 ], [ -62.2285821, 6.38242927 ], [ -62.22905146, 6.38294554 ], [ -62.22952088, 6.38345277 ], [ -62.22999927, 6.38396005 ], [ -62.23047772, 6.38445825 ], [ -62.23097427, 6.38494744 ], [ -62.23148891, 6.38541854 ], [ -62.23202168, 6.38587163 ], [ -62.23257257, 6.38628853 ], [ -62.2331507, 6.38667828 ], [ -62.23377406, 6.38698679 ], [ -62.23445235, 6.38686116 ], [ -62.23504962, 6.38650022 ], [ -62.23562886, 6.38610306 ], [ -62.23622611, 6.38575124 ], [ -62.23689536, 6.38557127 ], [ -62.23759152, 6.38560847 ], [ -62.23826943, 6.38573617 ], [ -62.23895634, 6.38586381 ], [ -62.23965262, 6.38582863 ], [ -62.2401235, 6.38532282 ], [ -62.24027816, 6.38464465 ], [ -62.24031534, 6.38394817 ], [ -62.24032547, 6.38325174 ], [ -62.24034453, 6.38255529 ], [ -62.24043598, 6.38186794 ], [ -62.24069916, 6.38121708 ], [ -62.24113395, 6.38067499 ], [ -62.24138753, 6.38040913 ], [ -62.24139641, 6.38039973 ], [ -62.24143493, 6.38035935 ], [ -62.24184018, 6.37993438 ], [ -62.24226221, 6.37973926 ], [ -62.24246449, 6.37964579 ], [ -62.24297834, 6.37942226 ], [ -62.24310682, 6.37936639 ], [ -62.24379405, 6.37927684 ], [ -62.24449014, 6.37934125 ], [ -62.24516807, 6.37945981 ], [ -62.24584589, 6.3796417 ], [ -62.24649653, 6.3798688 ], [ -62.24711995, 6.38018626 ], [ -62.24758023, 6.38071155 ], [ -62.24808547, 6.38143587 ], [ -62.24845534, 6.38202443 ], [ -62.24884327, 6.3826039 ], [ -62.24924023, 6.38317431 ], [ -62.24963723, 6.38374472 ], [ -62.25003423, 6.38431517 ], [ -62.25043123, 6.38488558 ], [ -62.25081913, 6.38546505 ], [ -62.25118897, 6.38605349 ], [ -62.25154075, 6.38666003 ], [ -62.25186532, 6.38727566 ], [ -62.25215377, 6.38790018 ], [ -62.25240595, 6.3885518 ], [ -62.252613, 6.38922142 ], [ -62.2527838, 6.38989099 ], [ -62.25291843, 6.39057869 ], [ -62.25302593, 6.39126625 ], [ -62.25310626, 6.3919538 ], [ -62.25317757, 6.39265044 ], [ -62.2532399, 6.39333794 ], [ -62.25330216, 6.3940345 ], [ -62.25336449, 6.39472207 ], [ -62.2534358, 6.39541864 ], [ -62.25351621, 6.39610619 ], [ -62.25363272, 6.39679385 ], [ -62.25376735, 6.39748147 ], [ -62.25393815, 6.39815104 ], [ -62.25415427, 6.39881163 ], [ -62.25446077, 6.39943627 ], [ -62.25485772, 6.40000671 ], [ -62.25530909, 6.40053197 ], [ -62.25579658, 6.4010302 ], [ -62.25629318, 6.40151936 ], [ -62.25678067, 6.40201745 ], [ -62.25732232, 6.4026153 ], [ -62.25767411, 6.40321278 ], [ -62.25804396, 6.40380126 ], [ -62.25843189, 6.40438073 ], [ -62.25880173, 6.40497821 ], [ -62.25913541, 6.40558473 ], [ -62.25940576, 6.40622731 ], [ -62.25957657, 6.40689695 ], [ -62.25958467, 6.40759342 ], [ -62.25947511, 6.4082807 ], [ -62.25932047, 6.40895895 ], [ -62.25916576, 6.40963709 ], [ -62.25906532, 6.41032435 ], [ -62.25910047, 6.41102088 ], [ -62.25928941, 6.41169056 ], [ -62.25955976, 6.41233313 ], [ -62.25991148, 6.41293061 ], [ -62.26053497, 6.41323909 ], [ -62.26105099, 6.41276946 ], [ -62.26143158, 6.41218209 ], [ -62.26158628, 6.41151289 ], [ -62.26161442, 6.41081646 ], [ -62.26159732, 6.41011997 ], [ -62.26154408, 6.40942337 ], [ -62.26147278, 6.40873585 ], [ -62.26140138, 6.40803928 ], [ -62.26133906, 6.40734273 ], [ -62.26130389, 6.40665517 ], [ -62.26130487, 6.40595872 ], [ -62.26136015, 6.40526235 ], [ -62.26156005, 6.40459321 ], [ -62.2619496, 6.40402391 ], [ -62.26244762, 6.40352714 ], [ -62.26338931, 6.40259689 ], [ -62.26407657, 6.40250735 ], [ -62.26476391, 6.40241788 ], [ -62.2654055, 6.40268116 ], [ -62.26588396, 6.40319741 ], [ -62.26629908, 6.40374976 ], [ -62.26668705, 6.40432922 ], [ -62.26704782, 6.40492671 ], [ -62.26739966, 6.40552419 ], [ -62.26775139, 6.40612166 ], [ -62.26811223, 6.40671916 ], [ -62.26849116, 6.4072986 ], [ -62.26890627, 6.40785999 ], [ -62.2693757, 6.40837622 ], [ -62.26990854, 6.40882022 ], [ -62.27052289, 6.4091558 ], [ -62.27119176, 6.40931955 ], [ -62.27188799, 6.40933861 ], [ -62.27258429, 6.4092582 ], [ -62.27326262, 6.4091235 ], [ -62.27394098, 6.40895263 ], [ -62.27460132, 6.4087545 ], [ -62.27527073, 6.4085565 ], [ -62.27594013, 6.40834934 ], [ -62.27660942, 6.40816035 ], [ -62.27726082, 6.40792612 ], [ -62.27788509, 6.40762848 ], [ -62.27850038, 6.40729462 ], [ -62.27910663, 6.40696083 ], [ -62.27981242, 6.4065819 ], [ -62.28049937, 6.40672758 ], [ -62.28109566, 6.40707215 ], [ -62.28127553, 6.40775078 ], [ -62.28132885, 6.40843838 ], [ -62.28134602, 6.40913483 ], [ -62.28140825, 6.40983141 ], [ -62.28161536, 6.41049197 ], [ -62.28219349, 6.41089078 ], [ -62.28281774, 6.41060225 ], [ -62.28307184, 6.40995127 ], [ -62.28325359, 6.40928219 ], [ -62.28343533, 6.40860407 ], [ -62.28368944, 6.40796225 ], [ -62.28406096, 6.4073748 ], [ -62.28453187, 6.4068599 ], [ -62.28504786, 6.40639025 ], [ -62.28558196, 6.40594774 ], [ -62.28632429, 6.40529753 ], [ -62.29825229, 6.4105149 ], [ -62.29873982, 6.41102214 ], [ -62.29920027, 6.41153833 ], [ -62.29965163, 6.41206358 ], [ -62.30009394, 6.4126069 ], [ -62.30052721, 6.41315021 ], [ -62.30095148, 6.4136935 ], [ -62.30138477, 6.41424585 ], [ -62.30180896, 6.41478925 ], [ -62.30225128, 6.41533257 ], [ -62.30269358, 6.41586685 ], [ -62.30314501, 6.4163921 ], [ -62.30361452, 6.4169083 ], [ -62.3041111, 6.41739735 ], [ -62.30462592, 6.41786841 ], [ -62.30516786, 6.41830335 ], [ -62.305737, 6.41869307 ], [ -62.30635139, 6.41902865 ], [ -62.30700204, 6.41928273 ], [ -62.30768, 6.41941931 ], [ -62.30837627, 6.41941122 ], [ -62.30906358, 6.4193036 ], [ -62.30973296, 6.41912361 ], [ -62.3103933, 6.41888928 ], [ -62.31102662, 6.41861879 ], [ -62.31165999, 6.41832112 ], [ -62.31228426, 6.41801446 ], [ -62.31290863, 6.41769868 ], [ -62.31352388, 6.41738288 ], [ -62.31414817, 6.41706717 ], [ -62.31477249, 6.41676945 ], [ -62.31541485, 6.41649901 ], [ -62.31614764, 6.41621047 ], [ -62.31683467, 6.41632896 ], [ -62.3175217, 6.41642947 ], [ -62.31820881, 6.41652986 ], [ -62.31890487, 6.41662119 ], [ -62.31959191, 6.41672158 ], [ -62.32027901, 6.41682198 ], [ -62.32096603, 6.41693153 ], [ -62.32165305, 6.41705902 ], [ -62.32233106, 6.41720462 ], [ -62.3229999, 6.41737734 ], [ -62.32366874, 6.41758632 ], [ -62.3243194, 6.41784042 ], [ -62.32494294, 6.41814882 ], [ -62.32554832, 6.41849325 ], [ -62.32613553, 6.41885588 ], [ -62.32672283, 6.41923657 ], [ -62.32731003, 6.41960825 ], [ -62.32809605, 6.42007955 ], [ -62.32874674, 6.42034276 ], [ -62.3293884, 6.42059684 ], [ -62.32995752, 6.42100462 ], [ -62.33039987, 6.42154792 ], [ -62.33081515, 6.42210025 ], [ -62.33123034, 6.42266159 ], [ -62.33162747, 6.42323197 ], [ -62.33201551, 6.42380241 ], [ -62.33240357, 6.42438182 ], [ -62.33278257, 6.42497026 ], [ -62.33316159, 6.42554965 ], [ -62.33354063, 6.42613809 ], [ -62.33392866, 6.42671749 ], [ -62.33430768, 6.42729688 ], [ -62.33470481, 6.42786723 ], [ -62.33511097, 6.42842858 ], [ -62.33554431, 6.4289809 ], [ -62.33603193, 6.42947001 ], [ -62.33668333, 6.42923571 ], [ -62.33662995, 6.42853908 ], [ -62.33656751, 6.42785155 ], [ -62.33648707, 6.42715497 ], [ -62.33637945, 6.42646742 ], [ -62.33627179, 6.42577976 ], [ -62.33614614, 6.42510123 ], [ -62.33601139, 6.42441362 ], [ -62.33586754, 6.42373498 ], [ -62.33572377, 6.4230564 ], [ -62.33557088, 6.42237781 ], [ -62.33534572, 6.42171724 ], [ -62.33496676, 6.42112869 ], [ -62.3340457, 6.42010546 ], [ -62.33351279, 6.41966153 ], [ -62.33298898, 6.41920857 ], [ -62.33246511, 6.41874656 ], [ -62.3319413, 6.4182936 ], [ -62.33141743, 6.41783159 ], [ -62.3308936, 6.41736958 ], [ -62.33036972, 6.41691662 ], [ -62.32983689, 6.41647275 ], [ -62.32928584, 6.41603786 ], [ -62.32873483, 6.41562103 ], [ -62.32816572, 6.41521324 ], [ -62.32758755, 6.41483261 ], [ -62.3269912, 6.41447904 ], [ -62.32636776, 6.4141616 ], [ -62.32573516, 6.4138804 ], [ -62.32509355, 6.41360815 ], [ -62.32444289, 6.41335409 ], [ -62.32379219, 6.41309992 ], [ -62.32315056, 6.41285488 ], [ -62.32249981, 6.41259166 ], [ -62.3218673, 6.41231046 ], [ -62.32124377, 6.41200206 ], [ -62.32063842, 6.41166663 ], [ -62.32005122, 6.41128594 ], [ -62.3195093, 6.41085102 ], [ -62.31903076, 6.41034386 ], [ -62.31863363, 6.40977346 ], [ -62.31829086, 6.409167 ], [ -62.31798427, 6.40854247 ], [ -62.31771389, 6.40789982 ], [ -62.31745251, 6.40725726 ], [ -62.31718209, 6.40661468 ], [ -62.31667711, 6.40557381 ], [ -62.31625284, 6.40503053 ], [ -62.31581055, 6.40448722 ], [ -62.31536821, 6.40395295 ], [ -62.31491687, 6.40341867 ], [ -62.31446543, 6.40289343 ], [ -62.31401408, 6.40235914 ], [ -62.31356265, 6.4018339 ], [ -62.31312033, 6.40129059 ], [ -62.31268708, 6.40075634 ], [ -62.31225382, 6.400204 ], [ -62.31183858, 6.39965169 ], [ -62.31143246, 6.39908131 ], [ -62.31104449, 6.39851093 ], [ -62.31067456, 6.39791345 ], [ -62.31034082, 6.39730688 ], [ -62.3101609, 6.39663731 ], [ -62.31013468, 6.39594081 ], [ -62.31015369, 6.39524428 ], [ -62.31016372, 6.39454781 ], [ -62.31006514, 6.39386028 ], [ -62.30978568, 6.39322672 ], [ -62.30935247, 6.39267438 ], [ -62.3088558, 6.39218526 ], [ -62.30832292, 6.39175035 ], [ -62.30776289, 6.39132446 ], [ -62.30721193, 6.3909076 ], [ -62.30641721, 6.39026434 ], [ -62.30579289, 6.39057107 ], [ -62.30517762, 6.39089583 ], [ -62.3045533, 6.39120256 ], [ -62.303875, 6.39133733 ], [ -62.30388504, 6.39064086 ], [ -62.30407577, 6.38997179 ], [ -62.30347958, 6.38961816 ], [ -62.30282819, 6.38986147 ], [ -62.30220478, 6.38955316 ], [ -62.3018439, 6.38895569 ], [ -62.30176352, 6.38825903 ], [ -62.30189101, 6.38758082 ], [ -62.30201847, 6.38689357 ], [ -62.30196522, 6.38619694 ], [ -62.30164956, 6.38558143 ], [ -62.30125254, 6.38501106 ], [ -62.30081929, 6.38446775 ], [ -62.30036789, 6.3839425 ], [ -62.29990751, 6.38341723 ], [ -62.29945611, 6.38289198 ], [ -62.29902289, 6.38233962 ], [ -62.29863493, 6.38176023 ], [ -62.29832838, 6.38113569 ], [ -62.29816654, 6.38045711 ], [ -62.29813129, 6.37976951 ], [ -62.29824071, 6.37908226 ], [ -62.29863029, 6.37850389 ], [ -62.29928162, 6.37825147 ], [ -62.29996886, 6.37813482 ], [ -62.30114449, 6.37795552 ], [ -62.30154309, 6.37738621 ], [ -62.3019417, 6.3768169 ], [ -62.30198784, 6.3761204 ], [ -62.30165412, 6.37551394 ], [ -62.30121184, 6.37497061 ], [ -62.30073335, 6.37446343 ], [ -62.30027289, 6.37394721 ], [ -62.29985778, 6.37338585 ], [ -62.29956027, 6.37276133 ], [ -62.29947986, 6.37206475 ], [ -62.29950788, 6.37136821 ], [ -62.29956308, 6.37068088 ], [ -62.299555, 6.36998441 ], [ -62.29935698, 6.36931472 ], [ -62.2990323, 6.3686992 ], [ -62.29864435, 6.36811976 ], [ -62.29822915, 6.36756744 ], [ -62.297796, 6.36702413 ], [ -62.29737176, 6.3664718 ], [ -62.29696571, 6.36590141 ], [ -62.29660486, 6.36530393 ], [ -62.29657867, 6.36460743 ], [ -62.29685984, 6.3639655 ], [ -62.29717542, 6.36457197 ], [ -62.29739157, 6.36523265 ], [ -62.29794248, 6.36565845 ], [ -62.298575, 6.36593976 ], [ -62.29927102, 6.36599497 ], [ -62.29985016, 6.36560678 ], [ -62.30025778, 6.3650465 ], [ -62.30089194, 6.36410671 ], [ -62.30117132, 6.36474931 ], [ -62.30141459, 6.36540085 ], [ -62.30165782, 6.36605243 ], [ -62.30197338, 6.36667698 ], [ -62.30245188, 6.36717511 ], [ -62.30313893, 6.36728469 ], [ -62.30381723, 6.36711366 ], [ -62.30446846, 6.3668794 ], [ -62.30512879, 6.36667218 ], [ -62.30582498, 6.36660982 ], [ -62.30648474, 6.3668188 ], [ -62.30708093, 6.36718133 ], [ -62.30765901, 6.3675711 ], [ -62.30825529, 6.3679247 ], [ -62.30894222, 6.36804316 ], [ -62.30953942, 6.36770022 ], [ -62.30998316, 6.36715807 ], [ -62.31035462, 6.36657064 ], [ -62.31072608, 6.36598317 ], [ -62.31114271, 6.36543199 ], [ -62.31168575, 6.36498946 ], [ -62.3123371, 6.36474615 ], [ -62.3130243, 6.36465662 ], [ -62.31372049, 6.36464848 ], [ -62.31441661, 6.36464034 ], [ -62.3152665, 6.36462329 ], [ -62.31588993, 6.36494979 ], [ -62.31652245, 6.36523108 ], [ -62.31711865, 6.36559363 ], [ -62.31738904, 6.36623628 ], [ -62.31738814, 6.36693273 ], [ -62.31730587, 6.36762004 ], [ -62.31717839, 6.3683073 ], [ -62.31701473, 6.36898558 ], [ -62.31683307, 6.36965467 ], [ -62.31664229, 6.37032374 ], [ -62.31645159, 6.37099293 ], [ -62.31628792, 6.3716711 ], [ -62.31610617, 6.37240351 ], [ -62.31592442, 6.37308165 ], [ -62.31574272, 6.37375081 ], [ -62.31569664, 6.37444724 ], [ -62.31597606, 6.37508076 ], [ -62.31658136, 6.37543436 ], [ -62.31725963, 6.37529961 ], [ -62.31791989, 6.37507428 ], [ -62.31856219, 6.3748038 ], [ -62.31919543, 6.37452421 ], [ -62.31982872, 6.37423562 ], [ -62.320471, 6.3739741 ], [ -62.32113126, 6.37374889 ], [ -62.32180958, 6.37358688 ], [ -62.32250575, 6.37361492 ], [ -62.32302948, 6.37407694 ], [ -62.32342658, 6.37463828 ], [ -62.32387802, 6.37517252 ], [ -62.32447423, 6.37553517 ], [ -62.32510677, 6.37581645 ], [ -62.3257665, 6.37605244 ], [ -62.32643528, 6.37622515 ], [ -62.32713136, 6.37631658 ], [ -62.32782757, 6.37630843 ], [ -62.32851479, 6.37623689 ], [ -62.32920206, 6.37610211 ], [ -62.32987137, 6.37592209 ], [ -62.33052266, 6.37567868 ], [ -62.33114694, 6.37537199 ], [ -62.33168096, 6.37492943 ], [ -62.33205233, 6.37434199 ], [ -62.33230638, 6.37369106 ], [ -62.33254228, 6.37304002 ], [ -62.33279625, 6.37237099 ], [ -62.33289658, 6.37168372 ], [ -62.33296988, 6.37098723 ], [ -62.33305213, 6.37029991 ], [ -62.33319763, 6.36961269 ], [ -62.33342452, 6.3689617 ], [ -62.33375984, 6.36834697 ], [ -62.33414932, 6.36777762 ], [ -62.334575, 6.36722639 ], [ -62.33500968, 6.36668423 ], [ -62.33543525, 6.36613301 ], [ -62.33582482, 6.36555461 ], [ -62.33615101, 6.36493997 ], [ -62.33635988, 6.36427089 ], [ -62.33639693, 6.36357436 ], [ -62.33631641, 6.36288683 ], [ -62.33617266, 6.36220826 ], [ -62.33600174, 6.36152967 ], [ -62.33582179, 6.36085999 ], [ -62.33566892, 6.36018144 ], [ -62.33557936, 6.35949389 ], [ -62.33563453, 6.3587974 ], [ -62.33596983, 6.35819179 ], [ -62.33648576, 6.35772208 ], [ -62.33708296, 6.35736106 ], [ -62.33771611, 6.35707241 ], [ -62.33836743, 6.35683806 ], [ -62.33903668, 6.35663987 ], [ -62.33970592, 6.35645984 ], [ -62.34038423, 6.35628887 ], [ -62.34105348, 6.35612686 ], [ -62.34173174, 6.3559649 ], [ -62.34241004, 6.35579393 ], [ -62.34362202, 6.35539746 ], [ -62.34405671, 6.35485526 ], [ -62.34449136, 6.35431309 ], [ -62.34494404, 6.35378 ], [ -62.34537873, 6.35323779 ], [ -62.34579527, 6.35268657 ], [ -62.34619381, 6.35211719 ], [ -62.34653809, 6.35151159 ], [ -62.34662939, 6.35082418 ], [ -62.34637703, 6.35017261 ], [ -62.34588044, 6.34968353 ], [ -62.34531137, 6.34928481 ], [ -62.34473326, 6.34890423 ], [ -62.34415513, 6.34851453 ], [ -62.34362226, 6.34806156 ], [ -62.34322519, 6.34749119 ], [ -62.34323508, 6.34680377 ], [ -62.34345292, 6.34614368 ], [ -62.34367973, 6.34548364 ], [ -62.34372584, 6.34478724 ], [ -62.34354582, 6.34411768 ], [ -62.34322117, 6.34350211 ], [ -62.34275173, 6.34298591 ], [ -62.34220077, 6.34256015 ], [ -62.34164073, 6.34215236 ], [ -62.34106265, 6.34176266 ], [ -62.34047544, 6.34138198 ], [ -62.33988826, 6.34101948 ], [ -62.33929201, 6.34065688 ], [ -62.33869582, 6.34030332 ], [ -62.33809956, 6.33994079 ], [ -62.33695233, 6.33922469 ], [ -62.33641044, 6.3387899 ], [ -62.33587757, 6.33834597 ], [ -62.33534483, 6.33789299 ], [ -62.33482099, 6.33744007 ], [ -62.33428818, 6.33698709 ], [ -62.33376442, 6.33653413 ], [ -62.33324062, 6.33608117 ], [ -62.33271691, 6.33561927 ], [ -62.33219307, 6.33516631 ], [ -62.33166025, 6.33470428 ], [ -62.33113652, 6.33425132 ], [ -62.33061273, 6.33379839 ], [ -62.33007994, 6.33335446 ], [ -62.32954713, 6.33291052 ], [ -62.32900527, 6.33246668 ], [ -62.32846339, 6.33203177 ], [ -62.32792151, 6.33159689 ], [ -62.32736154, 6.33117099 ], [ -62.32681062, 6.33075419 ], [ -62.32624157, 6.33034647 ], [ -62.32567252, 6.32995677 ], [ -62.32509443, 6.32956702 ], [ -62.32450735, 6.32918633 ], [ -62.32382032, 6.32908598 ], [ -62.32314212, 6.32923883 ], [ -62.32248192, 6.32944607 ], [ -62.32179462, 6.3295718 ], [ -62.32119849, 6.32921822 ], [ -62.3210185, 6.32854865 ], [ -62.32096519, 6.32785209 ], [ -62.32085777, 6.32697453 ], [ -62.32027069, 6.32660288 ], [ -62.31970162, 6.3262042 ], [ -62.31909636, 6.32585966 ], [ -62.31841857, 6.32570504 ], [ -62.31775834, 6.32593025 ], [ -62.31716121, 6.32628228 ], [ -62.31654602, 6.32660706 ], [ -62.31586821, 6.32646145 ], [ -62.31546212, 6.32590012 ], [ -62.31515558, 6.32527559 ], [ -62.31491228, 6.32462402 ], [ -62.31468719, 6.32396333 ], [ -62.314462, 6.3233118 ], [ -62.31421879, 6.32265118 ], [ -62.31393032, 6.32201764 ], [ -62.31357856, 6.3214202 ], [ -62.31311814, 6.32090399 ], [ -62.31257629, 6.3204691 ], [ -62.31198008, 6.32010647 ], [ -62.31135677, 6.31978912 ], [ -62.3107243, 6.31950783 ], [ -62.31008279, 6.31924468 ], [ -62.30944129, 6.3189815 ], [ -62.30879978, 6.31870026 ], [ -62.30818547, 6.31838286 ], [ -62.30757121, 6.31804732 ], [ -62.30743652, 6.31735971 ], [ -62.30753707, 6.31652763 ], [ -62.30710383, 6.31598432 ], [ -62.30645331, 6.31573024 ], [ -62.30604574, 6.31629049 ], [ -62.30536777, 6.31626247 ], [ -62.30543192, 6.31555706 ], [ -62.30572207, 6.31492416 ], [ -62.3061116, 6.31434579 ], [ -62.30649207, 6.31375834 ], [ -62.3068815, 6.31318901 ], [ -62.30729816, 6.31261974 ], [ -62.30771472, 6.31206851 ], [ -62.30815839, 6.3115354 ], [ -62.30862916, 6.31102044 ], [ -62.30911796, 6.31052357 ], [ -62.30965192, 6.31009008 ], [ -62.31032115, 6.309892 ], [ -62.31100798, 6.31001954 ], [ -62.31157704, 6.31040926 ], [ -62.31172917, 6.31160342 ], [ -62.3124161, 6.31166764 ], [ -62.3131122, 6.31168664 ], [ -62.31379909, 6.31178704 ], [ -62.31440433, 6.3121316 ], [ -62.31481945, 6.31269295 ], [ -62.31513508, 6.31330845 ], [ -62.31539637, 6.31395108 ], [ -62.31563965, 6.31461166 ], [ -62.3158919, 6.3152542 ], [ -62.31618037, 6.31588774 ], [ -62.31664974, 6.31639492 ], [ -62.31734597, 6.31631445 ], [ -62.31772487, 6.31690286 ], [ -62.31784153, 6.31759047 ], [ -62.31791297, 6.31827805 ], [ -62.31802955, 6.31896562 ], [ -62.31826374, 6.31961721 ], [ -62.31866982, 6.32017854 ], [ -62.31915739, 6.32068572 ], [ -62.31970829, 6.32110257 ], [ -62.32037702, 6.32130239 ], [ -62.32097416, 6.32095948 ], [ -62.32141781, 6.32041735 ], [ -62.32178014, 6.31982986 ], [ -62.32211544, 6.31921514 ], [ -62.3224327, 6.31860049 ], [ -62.32274085, 6.31797678 ], [ -62.32332982, 6.31692824 ], [ -62.32362736, 6.31755274 ], [ -62.32388868, 6.31820442 ], [ -62.32414094, 6.31884695 ], [ -62.32438418, 6.31949852 ], [ -62.32464554, 6.32015012 ], [ -62.32493402, 6.32078365 ], [ -62.32528579, 6.3213812 ], [ -62.32572805, 6.3219245 ], [ -62.32631527, 6.32228699 ], [ -62.32701135, 6.32228792 ], [ -62.32768055, 6.3221079 ], [ -62.32832278, 6.3218373 ], [ -62.32893792, 6.32151251 ], [ -62.32953509, 6.32115142 ], [ -62.33005996, 6.32069983 ], [ -62.33037722, 6.3200761 ], [ -62.33057697, 6.31940704 ], [ -62.33078588, 6.31862029 ], [ -62.3313368, 6.31904617 ], [ -62.33189678, 6.31946298 ], [ -62.33245671, 6.31987075 ], [ -62.33302574, 6.32026941 ], [ -62.33358576, 6.32068626 ], [ -62.33413667, 6.32110305 ], [ -62.33467854, 6.32153796 ], [ -62.33520229, 6.32200897 ], [ -62.33568984, 6.32249808 ], [ -62.33614121, 6.32303231 ], [ -62.33653823, 6.32360269 ], [ -62.33690812, 6.32419111 ], [ -62.33723282, 6.32480661 ], [ -62.33753939, 6.32543112 ], [ -62.33783693, 6.32606466 ], [ -62.33811639, 6.32669827 ], [ -62.33839582, 6.32733178 ], [ -62.33869336, 6.32796531 ], [ -62.33903603, 6.32864414 ], [ -62.33945122, 6.32920547 ], [ -62.33984824, 6.32977584 ], [ -62.3402453, 6.33034629 ], [ -62.34063336, 6.33091665 ], [ -62.34103044, 6.33149604 ], [ -62.34142746, 6.33206641 ], [ -62.34184268, 6.3326187 ], [ -62.34227583, 6.33317101 ], [ -62.3427363, 6.3336872 ], [ -62.34321479, 6.33419434 ], [ -62.34374764, 6.33464731 ], [ -62.34433479, 6.33501885 ], [ -62.34496728, 6.33530915 ], [ -62.34562702, 6.33551797 ], [ -62.34632302, 6.33558216 ], [ -62.3469743, 6.33534785 ], [ -62.34740886, 6.33480564 ], [ -62.34774414, 6.33419101 ], [ -62.34806137, 6.33357631 ], [ -62.34846893, 6.33300694 ], [ -62.34906597, 6.33265491 ], [ -62.34976215, 6.33262864 ], [ -62.35044913, 6.33271994 ], [ -62.35113613, 6.33282026 ], [ -62.35183226, 6.33278497 ], [ -62.35236624, 6.33233334 ], [ -62.35262919, 6.33169146 ], [ -62.35276565, 6.33100418 ], [ -62.35285687, 6.33031677 ], [ -62.35293012, 6.32962943 ], [ -62.35309405, 6.32859844 ], [ -62.35378118, 6.32860837 ], [ -62.35447718, 6.32865445 ], [ -62.35517332, 6.32868245 ], [ -62.35586047, 6.32861091 ], [ -62.35648467, 6.32829515 ], [ -62.35698246, 6.3278073 ], [ -62.35738995, 6.32724701 ], [ -62.35774334, 6.32665035 ], [ -62.3580786, 6.32603568 ], [ -62.35843187, 6.32543914 ], [ -62.35882134, 6.32486068 ], [ -62.3592921, 6.32434567 ], [ -62.35984404, 6.32393026 ], [ -62.36044119, 6.32356921 ], [ -62.36106531, 6.32326238 ], [ -62.36170751, 6.32298283 ], [ -62.36235873, 6.32273029 ], [ -62.36300998, 6.32249595 ], [ -62.36366116, 6.3222615 ], [ -62.36431234, 6.32202717 ], [ -62.36522586, 6.32164834 ], [ -62.36577678, 6.32207414 ], [ -62.36635495, 6.32247286 ], [ -62.36688777, 6.32290764 ], [ -62.36722151, 6.32352321 ], [ -62.3671665, 6.32421963 ], [ -62.36694867, 6.32487966 ], [ -62.36667669, 6.32552153 ], [ -62.36638665, 6.32615446 ], [ -62.36610557, 6.32678726 ], [ -62.36662061, 6.32705016 ], [ -62.36711843, 6.32652615 ], [ -62.36779652, 6.32648172 ], [ -62.368429, 6.32679913 ], [ -62.36908907, 6.32671855 ], [ -62.36959595, 6.32622166 ], [ -62.37011182, 6.32575188 ], [ -62.37061867, 6.32527308 ], [ -62.3711435, 6.32482142 ], [ -62.37172263, 6.32444219 ], [ -62.37239177, 6.32427116 ], [ -62.37306959, 6.3244438 ], [ -62.37362963, 6.32485156 ], [ -62.37471361, 6.32557647 ], [ -62.37519338, 6.32507047 ], [ -62.3756551, 6.32454638 ], [ -62.37609868, 6.32401321 ], [ -62.37654229, 6.32348008 ], [ -62.37713071, 6.32287474 ], [ -62.37661399, 6.32402288 ], [ -62.37551757, 6.32614727 ], [ -62.3747128, 6.32626398 ], [ -62.37310372, 6.32614438 ], [ -62.37241549, 6.32712049 ], [ -62.37195314, 6.32816017 ], [ -62.37091299, 6.32862025 ], [ -62.36878748, 6.32942276 ], [ -62.36757547, 6.32988265 ], [ -62.3644721, 6.33189596 ], [ -62.3622836, 6.33241792 ], [ -62.36124563, 6.33109606 ], [ -62.3599819, 6.32943919 ], [ -62.35870845, 6.32846069 ], [ -62.35709816, 6.32932711 ], [ -62.355721, 6.33173145 ], [ -62.3546875, 6.33409112 ], [ -62.35457661, 6.3360357 ], [ -62.35492011, 6.33608135 ], [ -62.35561564, 6.33649829 ], [ -62.35636504, 6.33735857 ], [ -62.35716783, 6.33878872 ], [ -62.35717501, 6.3403355 ], [ -62.35654063, 6.3415469 ], [ -62.35614078, 6.34321074 ], [ -62.35591204, 6.3453904 ], [ -62.35585509, 6.34762457 ], [ -62.35534657, 6.34940594 ], [ -62.35390628, 6.35163838 ], [ -62.35217745, 6.35325536 ], [ -62.35022354, 6.35411219 ], [ -62.3487307, 6.35497871 ], [ -62.34850307, 6.35629912 ], [ -62.34844605, 6.35847901 ], [ -62.34747462, 6.36168892 ], [ -62.34632248, 6.36479009 ], [ -62.34477247, 6.36799925 ], [ -62.34448895, 6.37052259 ], [ -62.3433933, 6.37185084 ], [ -62.34166687, 6.3715049 ], [ -62.33965892, 6.37208136 ], [ -62.33752346, 6.37346253 ], [ -62.33602958, 6.3750707 ], [ -62.33562823, 6.37781996 ], [ -62.3363284, 6.38178282 ], [ -62.33806079, 6.38458912 ], [ -62.33840406, 6.38481574 ], [ -62.33874733, 6.38504229 ], [ -62.34077096, 6.38636554 ], [ -62.34273043, 6.38836701 ], [ -62.344002, 6.39094659 ], [ -62.34572533, 6.39381624 ], [ -62.34694137, 6.39742694 ], [ -62.34717387, 6.39948951 ], [ -62.34643674, 6.40321533 ], [ -62.34447943, 6.40655065 ], [ -62.3429224, 6.40798694 ], [ -62.34114019, 6.40878965 ], [ -62.34044863, 6.4051163 ], [ -62.33917695, 6.40260004 ], [ -62.33802916, 6.40220063 ], [ -62.33681611, 6.40334781 ], [ -62.33643258, 6.4062599 ], [ -62.33635959, 6.40678444 ], [ -62.33711579, 6.40937245 ], [ -62.33647917, 6.41223906 ], [ -62.33689036, 6.415903 ], [ -62.33879397, 6.41923414 ], [ -62.34167699, 6.42031426 ], [ -62.34282006, 6.41739401 ], [ -62.34408767, 6.41601172 ], [ -62.34548856, 6.4168696 ], [ -62.34633741, 6.41738945 ], [ -62.34749324, 6.41859401 ], [ -62.34800751, 6.41948305 ], [ -62.34800732, 6.41962586 ], [ -62.34870046, 6.42208704 ], [ -62.34928348, 6.42581448 ], [ -62.34904455, 6.42707999 ], [ -62.34870995, 6.42885308 ], [ -62.34929354, 6.43218252 ], [ -62.34947187, 6.43413657 ], [ -62.34820295, 6.4365411 ], [ -62.34653578, 6.43912591 ], [ -62.34469762, 6.44113167 ], [ -62.34314855, 6.44331867 ], [ -62.34297482, 6.44481096 ], [ -62.34441211, 6.44521082 ], [ -62.34401913, 6.44842143 ], [ -62.34200808, 6.45123195 ], [ -62.33924027, 6.45181642 ], [ -62.33636408, 6.45232829 ], [ -62.3345809, 6.45365562 ], [ -62.33319082, 6.45176327 ], [ -62.33216163, 6.45050465 ], [ -62.33008144, 6.45079142 ], [ -62.32898896, 6.44953263 ], [ -62.32938993, 6.44718137 ], [ -62.32754817, 6.44588137 ], [ -62.3271946, 6.44563172 ], [ -62.32731459, 6.44374137 ], [ -62.32880736, 6.44316443 ], [ -62.3270749, 6.4403581 ], [ -62.32482619, 6.4381752 ], [ -62.32332774, 6.43622843 ], [ -62.32217444, 6.4330791 ], [ -62.3197529, 6.43176438 ], [ -62.31849139, 6.43526323 ], [ -62.31935484, 6.43870164 ], [ -62.31947688, 6.44213903 ], [ -62.319537, 6.44455425 ], [ -62.31930862, 6.44627257 ], [ -62.31839175, 6.44896686 ], [ -62.31695293, 6.44977003 ], [ -62.31637553, 6.44880138 ], [ -62.31718333, 6.44650495 ], [ -62.31677894, 6.4446139 ], [ -62.31631206, 6.44208959 ], [ -62.31354461, 6.44249296 ], [ -62.31314494, 6.443813 ], [ -62.31182452, 6.44398313 ], [ -62.3106136, 6.44341165 ], [ -62.30997952, 6.4442158 ], [ -62.31067274, 6.44651431 ], [ -62.30900686, 6.44805875 ], [ -62.30618428, 6.44898665 ], [ -62.3036511, 6.44990583 ], [ -62.30031409, 6.45013644 ], [ -62.29766493, 6.44991574 ], [ -62.29645198, 6.4508277 ], [ -62.29760665, 6.45283738 ], [ -62.2987079, 6.45426798 ], [ -62.29940179, 6.45605091 ], [ -62.29738399, 6.45697072 ], [ -62.29571272, 6.45581966 ], [ -62.29386775, 6.4559981 ], [ -62.29375606, 6.45828638 ], [ -62.2951999, 6.46046829 ], [ -62.29618271, 6.462532 ], [ -62.29601576, 6.46557101 ], [ -62.29503683, 6.467234 ], [ -62.29319269, 6.46677916 ], [ -62.29284801, 6.46752943 ], [ -62.29193153, 6.46982574 ], [ -62.28962521, 6.4701119 ], [ -62.28841488, 6.46907905 ], [ -62.28737669, 6.46782036 ], [ -62.28564861, 6.46845107 ], [ -62.28369517, 6.46862932 ], [ -62.28236671, 6.4679942 ], [ -62.28144614, 6.46673564 ], [ -62.28058502, 6.46817265 ], [ -62.281339, 6.47218979 ], [ -62.28174227, 6.47476827 ], [ -62.28168427, 6.47740943 ], [ -62.28013581, 6.47895399 ], [ -62.28042987, 6.48199367 ], [ -62.28250544, 6.4850901 ], [ -62.28394043, 6.48715446 ], [ -62.28486805, 6.48985128 ], [ -62.28441207, 6.49260038 ], [ -62.28250989, 6.49478666 ], [ -62.27923549, 6.49530663 ], [ -62.27554597, 6.49519287 ], [ -62.27450557, 6.4954808 ], [ -62.27468364, 6.49743488 ], [ -62.27590064, 6.50012306 ], [ -62.27572553, 6.50242036 ], [ -62.2759028, 6.50494419 ], [ -62.27509477, 6.50717727 ], [ -62.27181938, 6.50833035 ], [ -62.26899792, 6.50821777 ], [ -62.26576997, 6.50782415 ], [ -62.26406819, 6.50894331 ], [ -62.26422128, 6.50937771 ], [ -62.26548425, 6.51155037 ], [ -62.26681166, 6.51292714 ], [ -62.26692645, 6.51481779 ], [ -62.26601077, 6.51637226 ], [ -62.26509503, 6.51798101 ], [ -62.26255479, 6.51728988 ], [ -62.261343, 6.51723385 ], [ -62.26042756, 6.51861639 ], [ -62.258816, 6.51987138 ], [ -62.25599247, 6.52114257 ], [ -62.25386575, 6.52211636 ], [ -62.25375351, 6.52463983 ], [ -62.25335226, 6.52688242 ], [ -62.25254428, 6.52899782 ], [ -62.25116924, 6.52923092 ], [ -62.24880027, 6.52889279 ], [ -62.24719265, 6.52739792 ], [ -62.24569372, 6.525858 ], [ -62.24431019, 6.52573837 ], [ -62.24390294, 6.52590958 ], [ -62.24344986, 6.52648781 ], [ -62.24247183, 6.52740897 ], [ -62.24200942, 6.52814994 ], [ -62.24224285, 6.5292991 ], [ -62.24338957, 6.53055808 ], [ -62.24471622, 6.53239618 ], [ -62.24535586, 6.53406157 ], [ -62.24599463, 6.53629665 ], [ -62.24558491, 6.53813218 ], [ -62.24472451, 6.53899024 ], [ -62.24311343, 6.53979279 ], [ -62.24288549, 6.54100456 ], [ -62.24317371, 6.54180093 ], [ -62.24426805, 6.54180259 ], [ -62.24565035, 6.54277248 ], [ -62.2458841, 6.54369549 ], [ -62.24490588, 6.54467093 ], [ -62.24271758, 6.54444147 ], [ -62.24162244, 6.5449554 ], [ -62.24144793, 6.54673709 ], [ -62.24070412, 6.5481741 ], [ -62.24018632, 6.54972006 ], [ -62.24041748, 6.55236158 ], [ -62.24030603, 6.55430617 ], [ -62.23979614, 6.55654858 ], [ -62.23916032, 6.55832959 ], [ -62.23761008, 6.56073321 ], [ -62.2365133, 6.56234162 ], [ -62.23231588, 6.56286889 ], [ -62.22931578, 6.56114572 ], [ -62.22683205, 6.55885351 ], [ -62.22418569, 6.55650668 ], [ -62.22343602, 6.5558724 ], [ -62.22147633, 6.55398793 ], [ -62.21888389, 6.55186735 ], [ -62.21675169, 6.55043497 ], [ -62.21519646, 6.55020636 ], [ -62.2135845, 6.55152448 ], [ -62.21300398, 6.55261803 ], [ -62.21226138, 6.55325004 ], [ -62.21069819, 6.55233399 ], [ -62.20943229, 6.55210591 ], [ -62.20966521, 6.55353544 ], [ -62.21070226, 6.55549077 ], [ -62.21139699, 6.55657725 ], [ -62.21243405, 6.55846936 ], [ -62.21307334, 6.56030648 ], [ -62.21371192, 6.56259595 ], [ -62.21284163, 6.56391514 ], [ -62.21099868, 6.56254649 ], [ -62.20996146, 6.56070866 ], [ -62.20863368, 6.55962115 ], [ -62.20753962, 6.55944761 ], [ -62.20627328, 6.55950892 ], [ -62.20460272, 6.557842 ], [ -62.20339241, 6.55681796 ], [ -62.20097008, 6.55583724 ], [ -62.1975151, 6.55590411 ], [ -62.19566931, 6.55636247 ], [ -62.19550427, 6.55780041 ], [ -62.19584628, 6.55883209 ], [ -62.19625108, 6.56020752 ], [ -62.19653836, 6.56151958 ], [ -62.19688773, 6.56364573 ], [ -62.19580067, 6.56473847 ], [ -62.19476146, 6.56416696 ], [ -62.19291704, 6.563766 ], [ -62.1914769, 6.56508422 ], [ -62.19044312, 6.56674691 ], [ -62.19021494, 6.5680671 ], [ -62.1899312, 6.57012895 ], [ -62.18854439, 6.57197186 ], [ -62.18762251, 6.57157244 ], [ -62.186928, 6.57042261 ], [ -62.18675767, 6.56944544 ], [ -62.18560938, 6.56921742 ], [ -62.18399839, 6.56991134 ], [ -62.1832464, 6.57071508 ], [ -62.18169126, 6.57042316 ], [ -62.18157473, 6.56973545 ], [ -62.18203848, 6.56824379 ], [ -62.18261071, 6.56675233 ], [ -62.18237834, 6.56503331 ], [ -62.18076267, 6.5630318 ], [ -62.17914449, 6.56256784 ], [ -62.17747843, 6.5637229 ], [ -62.1768441, 6.56446351 ], [ -62.17659148, 6.56406519 ], [ -62.17583137, 6.56430811 ], [ -62.17442883, 6.56475809 ], [ -62.17131607, 6.56562131 ], [ -62.16861777, 6.56751627 ], [ -62.16596516, 6.5690676 ], [ -62.16245226, 6.57130493 ], [ -62.16044166, 6.57291157 ], [ -62.15859366, 6.5746904 ], [ -62.15629402, 6.57607037 ], [ -62.15473718, 6.57676429 ], [ -62.1538756, 6.57813761 ], [ -62.15485825, 6.5800297 ], [ -62.15710761, 6.58168874 ], [ -62.15872427, 6.58306632 ], [ -62.15981491, 6.58530227 ], [ -62.15976404, 6.58868495 ], [ -62.15780938, 6.58926056 ], [ -62.15585271, 6.59103919 ], [ -62.1552789, 6.59338988 ], [ -62.15446806, 6.59688896 ], [ -62.15400996, 6.60033429 ], [ -62.15425053, 6.60251452 ], [ -62.15407395, 6.60526399 ], [ -62.15281342, 6.60721551 ], [ -62.1511954, 6.60658867 ], [ -62.1496409, 6.60584437 ], [ -62.14831975, 6.60618577 ], [ -62.14606945, 6.60510558 ], [ -62.14387484, 6.60315722 ], [ -62.14197629, 6.60263839 ], [ -62.1400775, 6.60223711 ], [ -62.13742925, 6.60114718 ], [ -62.13628947, 6.59989756 ], [ -62.13518129, 6.59868302 ], [ -62.13396451, 6.59622075 ], [ -62.12952641, 6.59455774 ], [ -62.12878225, 6.59599462 ], [ -62.12913025, 6.5986906 ], [ -62.1288448, 6.6016207 ], [ -62.12751914, 6.60453986 ], [ -62.12539375, 6.60442764 ], [ -62.12400275, 6.6033398 ], [ -62.12187417, 6.60506364 ], [ -62.12199629, 6.60764166 ], [ -62.12159241, 6.61096953 ], [ -62.11952042, 6.61137286 ], [ -62.1182488, 6.6092541 ], [ -62.1170414, 6.6066199 ], [ -62.11594183, 6.60443812 ], [ -62.11427183, 6.60254482 ], [ -62.11306264, 6.60094176 ], [ -62.11115819, 6.5987042 ], [ -62.1091421, 6.59819411 ], [ -62.10902332, 6.59888137 ], [ -62.10920346, 6.59927958 ], [ -62.10983325, 6.60117112 ], [ -62.11093282, 6.60335291 ], [ -62.11254908, 6.60490244 ], [ -62.11381157, 6.60707547 ], [ -62.11272109, 6.60994987 ], [ -62.11104873, 6.60937708 ], [ -62.10944157, 6.60777325 ], [ -62.10742243, 6.60897259 ], [ -62.10690269, 6.61132328 ], [ -62.10690173, 6.61184789 ], [ -62.10665416, 6.61369266 ], [ -62.10571173, 6.61469495 ], [ -62.10552133, 6.61493881 ], [ -62.10495912, 6.61571569 ], [ -62.10244486, 6.61557542 ], [ -62.10060004, 6.615337 ], [ -62.09860997, 6.61545093 ], [ -62.09669318, 6.61502234 ], [ -62.09484027, 6.61427736 ], [ -62.09286738, 6.61487978 ], [ -62.0922233, 6.61591875 ], [ -62.09113722, 6.61628764 ], [ -62.08991688, 6.61584219 ], [ -62.08816158, 6.61619179 ], [ -62.08703858, 6.61691327 ], [ -62.08558016, 6.6181045 ], [ -62.08508897, 6.6196141 ], [ -62.08440908, 6.62044502 ], [ -62.08234688, 6.62039599 ], [ -62.0794987, 6.61979371 ], [ -62.07736188, 6.62097468 ], [ -62.07463934, 6.62097868 ], [ -62.07131948, 6.6211534 ], [ -62.06840641, 6.62144647 ], [ -62.06650632, 6.62174132 ], [ -62.06534836, 6.62184767 ], [ -62.06406395, 6.62184525 ], [ -62.06306023, 6.62167156 ], [ -62.06232032, 6.6207295 ], [ -62.06011545, 6.61960378 ], [ -62.0577109, 6.61886667 ], [ -62.05594712, 6.61886335 ], [ -62.05472316, 6.62038957 ], [ -62.05484667, 6.62199073 ], [ -62.05504449, 6.62262421 ], [ -62.05491694, 6.62313051 ], [ -62.05270632, 6.62499851 ], [ -62.0510694, 6.62489591 ], [ -62.04917905, 6.62483807 ], [ -62.04688875, 6.62581957 ], [ -62.04550182, 6.6273907 ], [ -62.04441185, 6.62975828 ], [ -62.04447179, 6.63151314 ], [ -62.0444216, 6.6341179 ], [ -62.0447689, 6.63694955 ], [ -62.04488068, 6.63997975 ], [ -62.04500418, 6.64158996 ], [ -62.04517134, 6.64406856 ], [ -62.04478787, 6.64589482 ], [ -62.0438459, 6.64656229 ], [ -62.04113272, 6.64629482 ], [ -62.03778493, 6.64678579 ], [ -62.03575616, 6.64811138 ], [ -62.0352819, 6.6501003 ], [ -62.0352162, 6.65136641 ], [ -62.03536718, 6.65277771 ], [ -62.03423326, 6.65445779 ], [ -62.03317443, 6.65468189 ], [ -62.03204366, 6.65472492 ], [ -62.0305443, 6.65360947 ], [ -62.02870932, 6.65292747 ], [ -62.02649225, 6.65340249 ], [ -62.02509747, 6.65426808 ], [ -62.02390288, 6.65456418 ], [ -62.02208471, 6.65456059 ], [ -62.0206992, 6.65533573 ], [ -62.01957299, 6.65763987 ], [ -62.01853811, 6.65951912 ], [ -62.01753928, 6.66140744 ], [ -62.0166571, 6.66380256 ], [ -62.01618412, 6.665104 ], [ -62.01580057, 6.66693936 ], [ -62.01596119, 6.66805216 ], [ -62.01474564, 6.66976817 ], [ -62.01294427, 6.67039771 ], [ -62.01108995, 6.67033975 ], [ -62.00928845, 6.67103264 ], [ -62.00830899, 6.67227878 ], [ -62.00772862, 6.6730102 ], [ -62.00708479, 6.67377774 ], [ -62.00613216, 6.67519587 ], [ -62.00493687, 6.67577231 ], [ -62.00333512, 6.67609463 ], [ -62.00231088, 6.67710555 ], [ -62.00097878, 6.67826962 ], [ -61.99996499, 6.67860225 ], [ -61.99917875, 6.67820267 ], [ -61.99861852, 6.67791214 ], [ -61.99806683, 6.67782966 ], [ -61.99767784, 6.67784693 ], [ -61.99732515, 6.67778292 ], [ -61.99680057, 6.67776376 ], [ -61.99651096, 6.6778084 ], [ -61.99612156, 6.6780337 ], [ -61.99564136, 6.67842165 ], [ -61.9954327, 6.6787287 ], [ -61.9951784, 6.67919849 ], [ -61.99501493, 6.67950574 ], [ -61.99486958, 6.67982192 ], [ -61.99454322, 6.68015594 ], [ -61.99406327, 6.68040828 ], [ -61.99350212, 6.68058799 ], [ -61.99281427, 6.68072221 ], [ -61.99211747, 6.68087453 ], [ -61.99160164, 6.68095497 ], [ -61.99088696, 6.68097158 ], [ -61.99032627, 6.68092521 ], [ -61.98948503, 6.68088725 ], [ -61.98886098, 6.68082265 ], [ -61.98790252, 6.68062176 ], [ -61.98704353, 6.6804572 ], [ -61.98631091, 6.68039242 ], [ -61.98567792, 6.68027345 ], [ -61.98477375, 6.68004552 ], [ -61.9838066, 6.67969982 ], [ -61.9826587, 6.67925427 ], [ -61.98190851, 6.67895431 ], [ -61.98129375, 6.67874495 ], [ -61.98084172, 6.67862646 ], [ -61.98012757, 6.67840794 ], [ -61.97953986, 6.67828919 ], [ -61.97877123, 6.67814281 ], [ -61.97817441, 6.67803304 ], [ -61.97745111, 6.67786881 ], [ -61.9768998, 6.6776053 ], [ -61.97614968, 6.6772782 ], [ -61.97555327, 6.6770056 ], [ -61.97496574, 6.67676924 ], [ -61.9744321, 6.67671389 ], [ -61.97411546, 6.67675844 ], [ -61.97376268, 6.67676675 ], [ -61.97334637, 6.67683824 ], [ -61.97292112, 6.67689162 ], [ -61.97236001, 6.67701703 ], [ -61.9716448, 6.677296 ], [ -61.97100193, 6.67759306 ], [ -61.97033186, 6.67789921 ], [ -61.96969796, 6.67822344 ], [ -61.96903709, 6.67848441 ], [ -61.96835815, 6.67873619 ], [ -61.96761591, 6.67896079 ], [ -61.96690984, 6.67919443 ], [ -61.96621258, 6.67952767 ], [ -61.96537972, 6.67984253 ], [ -61.96478199, 6.68017586 ], [ -61.96422056, 6.68046413 ], [ -61.96377682, 6.68066215 ], [ -61.96314313, 6.68092316 ], [ -61.96264488, 6.68125668 ], [ -61.96214651, 6.68164459 ], [ -61.96182037, 6.68190615 ], [ -61.9615575, 6.68214986 ], [ -61.9614303, 6.68239372 ], [ -61.96129368, 6.68284568 ], [ -61.96144681, 6.68316261 ], [ -61.96169065, 6.68335303 ], [ -61.96204277, 6.68365226 ], [ -61.96262992, 6.68406955 ], [ -61.96323493, 6.68458636 ], [ -61.96375826, 6.68521153 ], [ -61.96424553, 6.68580042 ], [ -61.96469643, 6.68645254 ], [ -61.96502106, 6.68695971 ], [ -61.96521895, 6.68749376 ], [ -61.9655162, 6.68807323 ], [ -61.96569616, 6.68856203 ], [ -61.96577651, 6.68905059 ], [ -61.96584785, 6.68953917 ], [ -61.96591008, 6.69006387 ], [ -61.96601804, 6.69034441 ], [ -61.96612564, 6.690824 ], [ -61.96619724, 6.69117692 ], [ -61.9661564, 6.69340179 ], [ -61.96611706, 6.69490308 ], [ -61.96618789, 6.69564484 ], [ -61.96633117, 6.69632354 ], [ -61.96641099, 6.69707436 ], [ -61.96641009, 6.69749949 ], [ -61.96631889, 6.69787014 ], [ -61.96600103, 6.69844829 ], [ -61.96571984, 6.69880944 ], [ -61.96533932, 6.6990981 ], [ -61.96488652, 6.69929609 ], [ -61.96452467, 6.69932246 ], [ -61.96292345, 6.69931911 ], [ -61.96241659, 6.69944473 ], [ -61.96173768, 6.69966031 ], [ -61.96110415, 6.69981273 ], [ -61.96063364, 6.69986608 ], [ -61.96052141, 6.69985388 ], [ -61.96020854, 6.69981987 ], [ -61.9594762, 6.6996013 ], [ -61.9588164, 6.69935572 ], [ -61.95846392, 6.6992102 ], [ -61.95782157, 6.69925407 ], [ -61.95740492, 6.69947933 ], [ -61.95685203, 6.69998469 ], [ -61.956353, 6.70067097 ], [ -61.95589029, 6.70133925 ], [ -61.95540966, 6.70186282 ], [ -61.95501084, 6.70225089 ], [ -61.95466647, 6.7025125 ], [ -61.9542682, 6.70264732 ], [ -61.95385207, 6.70262833 ], [ -61.9535085, 6.70254623 ], [ -61.95311112, 6.70223782 ], [ -61.95256046, 6.70169398 ], [ -61.95207305, 6.7011955 ], [ -61.95167543, 6.70098667 ], [ -61.95125969, 6.70081387 ], [ -61.95087996, 6.70069551 ], [ -61.94954119, 6.70068361 ], [ -61.94865432, 6.70084447 ], [ -61.94755891, 6.70121299 ], [ -61.94669914, 6.70140105 ], [ -61.94609282, 6.70149932 ], [ -61.94549573, 6.70150708 ], [ -61.94482647, 6.70142425 ], [ -61.94383192, 6.70117786 ], [ -61.94264808, 6.70062364 ], [ -61.94193412, 6.70030552 ], [ -61.94146408, 6.70012362 ], [ -61.94107538, 6.69997814 ], [ -61.94080407, 6.69994138 ], [ -61.94046937, 6.69994063 ], [ -61.94015273, 6.69994902 ], [ -61.93987216, 6.7000298 ], [ -61.9394373, 6.70031821 ], [ -61.93864876, 6.70104014 ], [ -61.9375245, 6.70218634 ], [ -61.93691735, 6.70270054 ], [ -61.93631912, 6.70323288 ], [ -61.93569348, 6.70387367 ], [ -61.9353671, 6.70423475 ], [ -61.93524887, 6.7045058 ], [ -61.93522984, 6.70495798 ], [ -61.93547314, 6.70539265 ], [ -61.93559863, 6.70593558 ], [ -61.93573237, 6.7068313 ], [ -61.93566843, 6.70711148 ], [ -61.93549603, 6.7073644 ], [ -61.93514241, 6.70770727 ], [ -61.93487952, 6.70798712 ], [ -61.93479727, 6.70835778 ], [ -61.93473307, 6.70875552 ], [ -61.93466002, 6.70907196 ], [ -61.93448743, 6.70940626 ], [ -61.9339075, 6.70984819 ], [ -61.93328279, 6.71010003 ], [ -61.93280297, 6.71024368 ], [ -61.93239573, 6.71030612 ], [ -61.93194346, 6.71030511 ], [ -61.93138271, 6.71023158 ], [ -61.93085834, 6.71010383 ], [ -61.93041552, 6.70989486 ], [ -61.92988284, 6.70939627 ], [ -61.92941349, 6.70891588 ], [ -61.92887157, 6.70851673 ], [ -61.92835666, 6.70818996 ], [ -61.92791377, 6.70801721 ], [ -61.92762429, 6.70800753 ], [ -61.92734375, 6.70806117 ], [ -61.92696332, 6.70829556 ], [ -61.92668213, 6.70862046 ], [ -61.92637357, 6.709063 ], [ -61.9260469, 6.70955068 ], [ -61.9256478, 6.71002915 ], [ -61.92516743, 6.71044418 ], [ -61.92487741, 6.71067863 ], [ -61.92448745, 6.71109384 ], [ -61.92429692, 6.71138282 ], [ -61.92418763, 6.7117263 ], [ -61.92400586, 6.7120877 ], [ -61.92369752, 6.71243971 ], [ -61.92319012, 6.71280038 ], [ -61.92278223, 6.71317034 ], [ -61.92247379, 6.7135586 ], [ -61.9222833, 6.71377521 ], [ -61.9217397, 6.71415391 ], [ -61.9214772, 6.71425278 ], [ -61.92082587, 6.71422425 ], [ -61.92050952, 6.71411502 ], [ -61.92019318, 6.71398763 ], [ -61.91990376, 6.7139418 ], [ -61.91955092, 6.71397718 ], [ -61.91891737, 6.71411152 ], [ -61.9176953, 6.71447053 ], [ -61.91690745, 6.71484868 ], [ -61.91646341, 6.71516429 ], [ -61.91611865, 6.71561577 ], [ -61.91604563, 6.7159321 ], [ -61.91608028, 6.71661952 ], [ -61.9161518, 6.71699054 ], [ -61.91638567, 6.717597 ], [ -61.9167645, 6.71814051 ], [ -61.91715198, 6.71881068 ], [ -61.91735871, 6.7194171 ], [ -61.91745727, 6.71985148 ], [ -61.91752856, 6.72033091 ], [ -61.91745945, 6.7229536 ], [ -61.91753993, 6.72339698 ], [ -61.91767473, 6.72380429 ], [ -61.91760096, 6.72852526 ], [ -61.91741785, 6.72952878 ], [ -61.91704497, 6.73041436 ], [ -61.91672664, 6.73115524 ], [ -61.91626396, 6.7317602 ], [ -61.91577439, 6.73222038 ], [ -61.91524902, 6.73252676 ], [ -61.91493221, 6.73258936 ], [ -61.91443468, 6.73258825 ], [ -61.91375633, 6.73253249 ], [ -61.91275232, 6.73243072 ], [ -61.91235425, 6.73242981 ], [ -61.91191987, 6.73248311 ], [ -61.91154859, 6.73264514 ], [ -61.91106844, 6.73296058 ], [ -61.910887, 6.73320442 ], [ -61.91077785, 6.73346641 ], [ -61.91072287, 6.73377385 ], [ -61.91045088, 6.73403549 ], [ -61.91007968, 6.73417038 ], [ -61.90987119, 6.73435079 ], [ -61.90969874, 6.73461271 ], [ -61.90961631, 6.73503756 ], [ -61.90951603, 6.73539008 ], [ -61.90915313, 6.73587768 ], [ -61.90888109, 6.73615741 ], [ -61.9087537, 6.73648274 ], [ -61.90870649, 6.73737806 ], [ -61.90860639, 6.73764007 ], [ -61.90833444, 6.73787464 ], [ -61.9079812, 6.7380457 ], [ -61.90761915, 6.73811722 ], [ -61.90713975, 6.73808901 ], [ -61.90674211, 6.73789824 ], [ -61.90607407, 6.73728175 ], [ -61.90536998, 6.73657466 ], [ -61.90464739, 6.73603943 ], [ -61.90407824, 6.73571263 ], [ -61.90368943, 6.7356122 ], [ -61.90320991, 6.73562921 ], [ -61.902676, 6.73569138 ], [ -61.90218739, 6.73574455 ], [ -61.90178885, 6.7359607 ], [ -61.90127244, 6.73629419 ], [ -61.90085568, 6.73653742 ], [ -61.90040279, 6.73679872 ], [ -61.89975947, 6.73724951 ], [ -61.89901623, 6.73787189 ], [ -61.89790102, 6.73894562 ], [ -61.89765634, 6.739135 ], [ -61.89715773, 6.73958609 ], [ -61.89673174, 6.73995598 ], [ -61.89613324, 6.74057866 ], [ -61.89516298, 6.7415623 ], [ -61.89434716, 6.74227493 ], [ -61.89327787, 6.74306846 ], [ -61.89213637, 6.74376224 ], [ -61.89138463, 6.74414946 ], [ -61.89041527, 6.74471705 ], [ -61.88939199, 6.74516695 ], [ -61.88844146, 6.74542702 ], [ -61.8874821, 6.74558764 ], [ -61.88651385, 6.74570306 ], [ -61.88530121, 6.74584499 ], [ -61.88457732, 6.74592472 ], [ -61.88422443, 6.74594201 ], [ -61.88383524, 6.74602248 ], [ -61.88319223, 6.74631951 ], [ -61.8822499, 6.74695949 ], [ -61.88178753, 6.74737449 ], [ -61.88144267, 6.74784399 ], [ -61.88129673, 6.74836824 ], [ -61.88118721, 6.74880214 ], [ -61.88096901, 6.74924472 ], [ -61.88069664, 6.74966917 ], [ -61.88037918, 6.75003929 ], [ -61.88014301, 6.75044579 ], [ -61.88017813, 6.75090713 ], [ -61.880286, 6.75120578 ], [ -61.88054755, 6.75156816 ], [ -61.88116171, 6.75201276 ], [ -61.88168546, 6.75242992 ], [ -61.88192917, 6.75269281 ], [ -61.8818908, 6.75364239 ], [ -61.88178067, 6.75430233 ], [ -61.88146187, 6.75526032 ], [ -61.88119741, 6.75616405 ], [ -61.88110569, 6.75672468 ], [ -61.88107473, 6.75837969 ], [ -61.88095595, 6.75888588 ], [ -61.88087376, 6.75922028 ], [ -61.88085429, 6.7598081 ], [ -61.88103396, 6.76038735 ], [ -61.88112333, 6.76084881 ], [ -61.8812582, 6.7612109 ], [ -61.88131029, 6.76218784 ], [ -61.88116144, 6.7639782 ], [ -61.88082347, 6.76537932 ], [ -61.88071349, 6.76599406 ], [ -61.88071213, 6.76659095 ], [ -61.88099057, 6.76745084 ], [ -61.88160214, 6.76903497 ], [ -61.88182619, 6.76997612 ], [ -61.88189707, 6.77062742 ], [ -61.88191269, 6.77172181 ], [ -61.88179352, 6.77237271 ], [ -61.88135704, 6.77333945 ], [ -61.88085691, 6.77442359 ], [ -61.88055624, 6.77536351 ], [ -61.88040961, 6.77614998 ], [ -61.8800911, 6.77696327 ], [ -61.87995368, 6.77770454 ], [ -61.87991507, 6.77876263 ], [ -61.87965871, 6.78006444 ], [ -61.87929558, 6.78062435 ], [ -61.8786973, 6.7810933 ], [ -61.87800897, 6.78142626 ], [ -61.87737488, 6.78175045 ], [ -61.87673152, 6.78216502 ], [ -61.87605219, 6.78249801 ], [ -61.87511946, 6.7828486 ], [ -61.87406873, 6.78337076 ], [ -61.87313543, 6.78399262 ], [ -61.8725458, 6.78463335 ], [ -61.87201909, 6.78550042 ], [ -61.87170013, 6.78648551 ], [ -61.87146237, 6.78757026 ], [ -61.87119686, 6.78890823 ], [ -61.87096824, 6.78994767 ], [ -61.87040436, 6.7912307 ], [ -61.86955876, 6.79300136 ], [ -61.8687319, 6.79450077 ], [ -61.86827752, 6.79535896 ], [ -61.86814089, 6.79574746 ], [ -61.86792281, 6.79616302 ], [ -61.8676231, 6.7966507 ], [ -61.86718772, 6.79711095 ], [ -61.86667992, 6.79758004 ], [ -61.86629011, 6.79789573 ], [ -61.86575563, 6.79820192 ], [ -61.86519397, 6.79848103 ], [ -61.8647772, 6.79874229 ], [ -61.86423311, 6.79926558 ], [ -61.86376129, 6.79983424 ], [ -61.86342499, 6.80047559 ], [ -61.86320643, 6.80106302 ], [ -61.86305126, 6.80165052 ], [ -61.86300468, 6.80222921 ], [ -61.86290425, 6.8026179 ], [ -61.86269478, 6.80317814 ], [ -61.86218563, 6.80422609 ], [ -61.86166774, 6.80515634 ], [ -61.86093272, 6.80608618 ], [ -61.85995322, 6.80706067 ], [ -61.85864721, 6.80835989 ], [ -61.85795827, 6.80892805 ], [ -61.8574509, 6.80920724 ], [ -61.85711587, 6.80931499 ], [ -61.85667248, 6.80933203 ], [ -61.85620223, 6.80922239 ], [ -61.85561476, 6.80893166 ], [ -61.85498247, 6.80850507 ], [ -61.85448542, 6.80824157 ], [ -61.85406053, 6.80808682 ], [ -61.8532644, 6.80806686 ], [ -61.85283037, 6.80793922 ], [ -61.85239682, 6.80761258 ], [ -61.85214453, 6.80718689 ], [ -61.85203713, 6.80670732 ], [ -61.85186639, 6.80617328 ], [ -61.85158753, 6.80550338 ], [ -61.85116367, 6.80492359 ], [ -61.85069454, 6.80435271 ], [ -61.85021592, 6.80398073 ], [ -61.84970993, 6.80368112 ], [ -61.8492398, 6.80353521 ], [ -61.8489051, 6.80349826 ], [ -61.84851594, 6.80352446 ], [ -61.84799097, 6.80362271 ], [ -61.84747449, 6.80391995 ], [ -61.84691234, 6.80443412 ], [ -61.84642205, 6.80512932 ], [ -61.84588513, 6.80644856 ], [ -61.84550216, 6.80765951 ], [ -61.84521002, 6.80877123 ], [ -61.84515423, 6.80939512 ], [ -61.84510657, 6.810417 ], [ -61.84520506, 6.8108604 ], [ -61.84551122, 6.8114671 ], [ -61.8458722, 6.81187494 ], [ -61.84622433, 6.81216524 ], [ -61.84680284, 6.81240171 ], [ -61.84760723, 6.81277447 ], [ -61.84833005, 6.81320126 ], [ -61.84892566, 6.81386291 ], [ -61.84931329, 6.81447878 ], [ -61.84959148, 6.81543815 ], [ -61.84993279, 6.81648809 ], [ -61.85015703, 6.81732967 ], [ -61.85021915, 6.81784533 ], [ -61.8502889, 6.81894896 ], [ -61.85035956, 6.81967263 ], [ -61.85027702, 6.8201156 ], [ -61.84990385, 6.82103715 ], [ -61.84926725, 6.82241941 ], [ -61.84841331, 6.82384637 ], [ -61.84759641, 6.82492972 ], [ -61.84720594, 6.82548952 ], [ -61.84694259, 6.82587779 ], [ -61.84686004, 6.82635695 ], [ -61.84679576, 6.82675467 ], [ -61.84661414, 6.82703463 ], [ -61.84630572, 6.82735944 ], [ -61.84616922, 6.82768473 ], [ -61.84580564, 6.82837118 ], [ -61.84530625, 6.82908455 ], [ -61.84478041, 6.82952646 ], [ -61.84405498, 6.83016682 ], [ -61.84347496, 6.83055437 ], [ -61.84282276, 6.8308693 ], [ -61.84229758, 6.83100364 ], [ -61.84175467, 6.8310114 ], [ -61.84103087, 6.8309916 ], [ -61.84042522, 6.83074599 ], [ -61.83999125, 6.83059121 ], [ -61.83965674, 6.83047276 ], [ -61.83930406, 6.83039956 ], [ -61.83761188, 6.83045879 ], [ -61.83705953, 6.83061129 ], [ -61.83637971, 6.83111613 ], [ -61.83519174, 6.83220758 ], [ -61.83443885, 6.8329835 ], [ -61.83397636, 6.83339845 ], [ -61.83352319, 6.83372297 ], [ -61.83306131, 6.8338846 ], [ -61.83252705, 6.83407322 ], [ -61.83209227, 6.8342531 ], [ -61.83179316, 6.83446037 ], [ -61.83161128, 6.83484884 ], [ -61.8313474, 6.83545412 ], [ -61.8311649, 6.8360958 ], [ -61.83101855, 6.83671946 ], [ -61.8310139, 6.83863683 ], [ -61.83111235, 6.83908927 ], [ -61.83112057, 6.83941484 ], [ -61.8310927, 6.83974038 ], [ -61.83094732, 6.83996609 ], [ -61.8306661, 6.840282 ], [ -61.83047545, 6.84052567 ], [ -61.83040177, 6.84105909 ], [ -61.83005685, 6.84150142 ], [ -61.82971252, 6.84170866 ], [ -61.829178, 6.84196961 ], [ -61.82883385, 6.84210438 ], [ -61.82845312, 6.84240197 ], [ -61.82813515, 6.84289862 ], [ -61.82803445, 6.84338676 ], [ -61.82791145, 6.84560221 ], [ -61.82797157, 6.84692284 ], [ -61.82810499, 6.8478727 ], [ -61.8282661, 6.84860572 ], [ -61.82847289, 6.84914888 ], [ -61.82888775, 6.84970156 ], [ -61.82937525, 6.85019114 ], [ -61.83036852, 6.85102554 ], [ -61.83103688, 6.85154269 ], [ -61.83157851, 6.85207758 ], [ -61.83210172, 6.85273009 ], [ -61.83262465, 6.85352719 ], [ -61.83308466, 6.85414328 ], [ -61.83364334, 6.8550943 ], [ -61.8344455, 6.85641672 ], [ -61.83485968, 6.8572497 ], [ -61.83508449, 6.85784715 ], [ -61.83513788, 6.85822717 ], [ -61.83510983, 6.85858888 ], [ -61.83498223, 6.85895931 ], [ -61.8349002, 6.85922144 ], [ -61.83493538, 6.85963758 ], [ -61.83510669, 6.85988211 ], [ -61.83535049, 6.86009983 ], [ -61.8356126, 6.86023609 ], [ -61.83620927, 6.86044552 ], [ -61.83670646, 6.86066385 ], [ -61.83708602, 6.86084561 ], [ -61.83751028, 6.8612898 ], [ -61.83702173, 6.8612434 ], [ -61.83656066, 6.86107942 ], [ -61.83624424, 6.86094304 ], [ -61.83579191, 6.86090576 ], [ -61.83545659, 6.86111293 ], [ -61.83542862, 6.86144754 ], [ -61.83581623, 6.86207251 ], [ -61.83613189, 6.86249835 ], [ -61.83637523, 6.86289688 ], [ -61.83648304, 6.86324981 ], [ -61.836509, 6.86371112 ], [ -61.83644501, 6.86400948 ], [ -61.83627257, 6.86422607 ], [ -61.83588257, 6.86456883 ], [ -61.83518489, 6.86493796 ], [ -61.8345689, 6.86520775 ], [ -61.83393498, 6.86543237 ], [ -61.83289288, 6.86603577 ], [ -61.83248528, 6.86619756 ], [ -61.83186976, 6.86628647 ], [ -61.83118188, 6.86633004 ], [ -61.83044855, 6.86649111 ], [ -61.82958811, 6.86679645 ], [ -61.82870061, 6.86709278 ], [ -61.8273696, 6.8674241 ], [ -61.82641896, 6.86761176 ], [ -61.82563157, 6.86766407 ], [ -61.82457298, 6.86761628 ], [ -61.82376754, 6.86764143 ], [ -61.82253635, 6.86786449 ], [ -61.82190255, 6.86800768 ], [ -61.82042751, 6.86803122 ], [ -61.81959453, 6.86822811 ], [ -61.81919619, 6.86830851 ], [ -61.81852608, 6.86848769 ], [ -61.81791933, 6.86867619 ], [ -61.81730389, 6.86873798 ], [ -61.8167609, 6.86874568 ], [ -61.81618196, 6.86867192 ], [ -61.8154135, 6.86838961 ], [ -61.81456419, 6.86787201 ], [ -61.81400405, 6.86748181 ], [ -61.81358873, 6.86711897 ], [ -61.81320045, 6.86680145 ], [ -61.81273973, 6.8664748 ], [ -61.81197166, 6.86602973 ], [ -61.81095069, 6.86541221 ], [ -61.80959526, 6.86464006 ], [ -61.80828466, 6.86403092 ], [ -61.8071637, 6.863594 ], [ -61.8057533, 6.8631021 ], [ -61.80460476, 6.86282799 ], [ -61.80382705, 6.86262701 ], [ -61.80323908, 6.86256226 ], [ -61.80232515, 6.86255998 ], [ -61.8012389, 6.86272916 ], [ -61.79934692, 6.86303189 ], [ -61.79871303, 6.86322028 ], [ -61.79826918, 6.86339098 ], [ -61.79784305, 6.86372459 ], [ -61.79744384, 6.86415761 ], [ -61.79717128, 6.8646001 ], [ -61.79703469, 6.86495251 ], [ -61.79699757, 6.86528706 ], [ -61.79710522, 6.86568519 ], [ -61.79724006, 6.86604733 ], [ -61.79773608, 6.86669067 ], [ -61.79881949, 6.86768823 ], [ -61.79961404, 6.86838654 ], [ -61.80004697, 6.86895739 ], [ -61.80030812, 6.8694645 ], [ -61.80038862, 6.86982651 ], [ -61.80027776, 6.8707397 ], [ -61.80015821, 6.87149905 ], [ -61.80004892, 6.87177917 ], [ -61.79975742, 6.8725652 ], [ -61.79940234, 6.87342355 ], [ -61.79906641, 6.8738568 ], [ -61.79861205, 6.87463343 ], [ -61.7979942, 6.87564479 ], [ -61.79723135, 6.87671005 ], [ -61.79667742, 6.87748649 ], [ -61.79612392, 6.8781001 ], [ -61.79538974, 6.87857757 ], [ -61.79465573, 6.8789736 ], [ -61.7940489, 6.87918012 ], [ -61.79223912, 6.87917559 ], [ -61.79174155, 6.87912912 ], [ -61.79090954, 6.8789099 ], [ -61.79018639, 6.87860967 ], [ -61.78945442, 6.87820987 ], [ -61.78862312, 6.87773751 ], [ -61.78784596, 6.87731948 ], [ -61.78706896, 6.87684725 ], [ -61.78635572, 6.87620334 ], [ -61.7855161, 6.87543254 ], [ -61.78492945, 6.87480704 ], [ -61.78448756, 6.87420893 ], [ -61.78419035, 6.87364746 ], [ -61.78391251, 6.87260673 ], [ -61.78363583, 6.8711048 ], [ -61.78335841, 6.86989215 ], [ -61.78307075, 6.86912277 ], [ -61.78262922, 6.86838901 ], [ -61.78234082, 6.8679181 ], [ -61.7820345, 6.86740182 ], [ -61.78153092, 6.8661524 ], [ -61.78095546, 6.8647221 ], [ -61.78055995, 6.86367199 ], [ -61.78020072, 6.86262199 ], [ -61.78008407, 6.8622147 ], [ -61.77992243, 6.8617169 ], [ -61.77988709, 6.86139117 ], [ -61.77996019, 6.86111105 ], [ -61.7801872, 6.86080412 ], [ -61.78033264, 6.86054223 ], [ -61.78040677, 6.85988215 ], [ -61.78029008, 6.85948398 ], [ -61.78037268, 6.85902297 ], [ -61.78072704, 6.85846315 ], [ -61.78114449, 6.85797581 ], [ -61.78148015, 6.857633 ], [ -61.78162566, 6.85733497 ], [ -61.7818715, 6.85675668 ], [ -61.78197183, 6.8564495 ], [ -61.78218985, 6.85609731 ], [ -61.78250751, 6.85570921 ], [ -61.78278901, 6.85533919 ], [ -61.7829798, 6.85501406 ], [ -61.78321628, 6.85454436 ], [ -61.78347052, 6.85421045 ], [ -61.78447702, 6.85335375 ], [ -61.78544734, 6.8525332 ], [ -61.78631773, 6.85185712 ], [ -61.78724233, 6.85119925 ], [ -61.78819415, 6.85050531 ], [ -61.78871117, 6.85000015 ], [ -61.78900198, 6.84952154 ], [ -61.7892024, 6.84897944 ], [ -61.78936653, 6.84849146 ], [ -61.78946727, 6.84801237 ], [ -61.78953169, 6.84756031 ], [ -61.78954334, 6.84653837 ], [ -61.78947235, 6.84599558 ], [ -61.78922148, 6.84499107 ], [ -61.78879857, 6.84403134 ], [ -61.78832088, 6.84328857 ], [ -61.7878971, 6.84270869 ], [ -61.78751786, 6.84237308 ], [ -61.78707553, 6.84196498 ], [ -61.7866245, 6.84143028 ], [ -61.78624567, 6.84094997 ], [ -61.78590278, 6.84057835 ], [ -61.7854058, 6.84030577 ], [ -61.78461921, 6.84007771 ], [ -61.78407628, 6.84007636 ], [ -61.7835877, 6.840048 ], [ -61.78315363, 6.83995646 ], [ -61.78207801, 6.83950157 ], [ -61.78139136, 6.83910186 ], [ -61.78075962, 6.83844914 ], [ -61.78027253, 6.83786005 ], [ -61.77993896, 6.83737987 ], [ -61.77954217, 6.8368453 ], [ -61.7790558, 6.83596677 ], [ -61.77859665, 6.83505214 ], [ -61.77825529, 6.83407452 ], [ -61.77786048, 6.83276222 ], [ -61.7774027, 6.83134113 ], [ -61.7769989, 6.83001071 ], [ -61.77649566, 6.82864379 ], [ -61.77595572, 6.82748481 ], [ -61.77551435, 6.82667875 ], [ -61.77524395, 6.82626213 ], [ -61.77500125, 6.82564654 ], [ -61.77484061, 6.82475078 ], [ -61.774626, 6.82376443 ], [ -61.77434793, 6.82282315 ], [ -61.77419519, 6.82237961 ], [ -61.77398918, 6.82157421 ], [ -61.77374705, 6.82071441 ], [ -61.77361262, 6.8202076 ], [ -61.77338796, 6.81960112 ], [ -61.77312663, 6.81916631 ], [ -61.77269365, 6.81864971 ], [ -61.77189946, 6.81786094 ], [ -61.77135778, 6.81739831 ], [ -61.77076216, 6.81678184 ], [ -61.77020279, 6.81617449 ], [ -61.76958894, 6.81560315 ], [ -61.7690468, 6.81531236 ], [ -61.76825155, 6.81494855 ], [ -61.76747434, 6.81459391 ], [ -61.76648039, 6.81406684 ], [ -61.76584816, 6.81365823 ], [ -61.76515231, 6.81332179 ], [ -61.76396806, 6.81292083 ], [ -61.76235001, 6.81232888 ], [ -61.76088549, 6.81186397 ], [ -61.76001755, 6.81160847 ], [ -61.75933935, 6.81146204 ], [ -61.75845291, 6.81136935 ], [ -61.75761199, 6.81116817 ], [ -61.75698795, 6.81105806 ], [ -61.75649046, 6.81102061 ], [ -61.75597468, 6.81102832 ], [ -61.75537713, 6.81119861 ], [ -61.75455288, 6.81153116 ], [ -61.75363791, 6.81198098 ], [ -61.75247796, 6.81271053 ], [ -61.7516084, 6.81309717 ], [ -61.7509291, 6.81335765 ], [ -61.75027721, 6.81353692 ], [ -61.74927251, 6.81370613 ], [ -61.74843963, 6.81389383 ], [ -61.74762485, 6.81408173 ], [ -61.74664698, 6.81435046 ], [ -61.74598576, 6.81462912 ], [ -61.74527092, 6.81464535 ], [ -61.74452946, 6.81447165 ], [ -61.74363434, 6.81425222 ], [ -61.74244976, 6.81400499 ], [ -61.74136464, 6.81376701 ], [ -61.74049679, 6.81348441 ], [ -61.73960191, 6.81316555 ], [ -61.73922262, 6.8128752 ], [ -61.73889798, 6.81248545 ], [ -61.73877304, 6.8118159 ], [ -61.73876542, 6.81127319 ], [ -61.73877606, 6.8106492 ], [ -61.7388044, 6.81020611 ], [ -61.73881429, 6.80987158 ], [ -61.73879692, 6.80957305 ], [ -61.73857196, 6.80912025 ], [ -61.73785899, 6.80844016 ], [ -61.73729921, 6.80797747 ], [ -61.73631445, 6.80743227 ], [ -61.73515779, 6.80689568 ], [ -61.73372121, 6.80612325 ], [ -61.73255596, 6.80542376 ], [ -61.73104684, 6.80472346 ], [ -61.73056797, 6.80447809 ], [ -61.73022437, 6.80440484 ], [ -61.72969975, 6.8043401 ], [ -61.72918441, 6.80420309 ], [ -61.72847027, 6.80398422 ], [ -61.72751258, 6.80344813 ], [ -61.72650083, 6.80285764 ], [ -61.72492035, 6.80180441 ], [ -61.72434721, 6.80135063 ], [ -61.72372853, 6.80086071 ], [ -61.72303357, 6.80022585 ], [ -61.72265496, 6.79968224 ], [ -61.72238486, 6.79919314 ], [ -61.72215041, 6.79889405 ], [ -61.72174486, 6.79828707 ], [ -61.72104161, 6.79736274 ], [ -61.72060918, 6.79668334 ], [ -61.72029443, 6.79595 ], [ -61.7199618, 6.79513516 ], [ -61.7195306, 6.79399452 ], [ -61.71938784, 6.79322541 ], [ -61.71928149, 6.79239316 ], [ -61.71914848, 6.79137086 ], [ -61.71916829, 6.79073785 ], [ -61.71923279, 6.79026774 ], [ -61.7193604, 6.78991535 ], [ -61.71985955, 6.78932886 ], [ -61.72008662, 6.78900382 ], [ -61.72012368, 6.78866939 ], [ -61.7200522, 6.78832548 ], [ -61.719881, 6.78803571 ], [ -61.71980189, 6.7871763 ], [ -61.71983906, 6.78680557 ], [ -61.72003925, 6.78637201 ], [ -61.72044833, 6.78563151 ], [ -61.72063938, 6.78522506 ], [ -61.72073064, 6.78490881 ], [ -61.72081293, 6.78460151 ], [ -61.72079566, 6.78427583 ], [ -61.72072469, 6.78374207 ], [ -61.72060818, 6.78334393 ], [ -61.72050958, 6.78299093 ], [ -61.72017616, 6.78248361 ], [ -61.72001502, 6.78182302 ], [ -61.71979086, 6.78105364 ], [ -61.71961181, 6.78034781 ], [ -61.71951514, 6.7792623 ], [ -61.7194629, 6.77848436 ], [ -61.7193739, 6.77794153 ], [ -61.71919469, 6.77726279 ], [ -61.71894373, 6.77638496 ], [ -61.71878235, 6.77582373 ], [ -61.71871158, 6.77521764 ], [ -61.71865057, 6.77433126 ], [ -61.7185714, 6.77348994 ], [ -61.71842812, 6.77291984 ], [ -61.71800484, 6.77220428 ], [ -61.71769824, 6.77182361 ], [ -61.71712962, 6.77131568 ], [ -61.71610106, 6.77024581 ], [ -61.7154425, 6.76955677 ], [ -61.71509983, 6.76914889 ], [ -61.71472097, 6.76870474 ], [ -61.71436074, 6.76810694 ], [ -61.71408178, 6.76751838 ], [ -61.71386666, 6.76677616 ], [ -61.713733, 6.7659981 ], [ -61.71364564, 6.76481315 ], [ -61.71356711, 6.7637277 ], [ -61.71349725, 6.76278698 ], [ -61.71329218, 6.761656 ], [ -61.71312228, 6.7608687 ], [ -61.71280799, 6.75999058 ], [ -61.71234922, 6.75899466 ], [ -61.71188978, 6.75828798 ], [ -61.71149312, 6.75775335 ], [ -61.71111458, 6.75722782 ], [ -61.71097053, 6.7569652 ], [ -61.71083564, 6.75665735 ], [ -61.71067347, 6.75640375 ], [ -61.71016835, 6.7558417 ], [ -61.70991571, 6.75557873 ], [ -61.70975359, 6.755298 ], [ -61.70960978, 6.75496294 ], [ -61.70941195, 6.75451025 ], [ -61.70926807, 6.75418435 ], [ -61.70905199, 6.75381294 ], [ -61.70847443, 6.75324168 ], [ -61.70811324, 6.75301458 ], [ -61.70735362, 6.75289503 ], [ -61.70661215, 6.75276646 ], [ -61.70572636, 6.7524747 ], [ -61.70466923, 6.7520016 ], [ -61.70381133, 6.75141148 ], [ -61.70331498, 6.75097606 ], [ -61.70295374, 6.75074002 ], [ -61.70267361, 6.75063078 ], [ -61.70232092, 6.75057557 ], [ -61.70187797, 6.75045675 ], [ -61.70129969, 6.75019301 ], [ -61.7007849, 6.7498841 ], [ -61.7002341, 6.7494848 ], [ -61.69970136, 6.74913067 ], [ -61.69927687, 6.74885816 ], [ -61.69859974, 6.74835 ], [ -61.69812134, 6.74795982 ], [ -61.69777841, 6.74765139 ], [ -61.69730954, 6.7470804 ], [ -61.6967774, 6.74646405 ], [ -61.69656147, 6.7460384 ], [ -61.69641774, 6.74564913 ], [ -61.69636439, 6.7453144 ], [ -61.69645995, 6.74337929 ], [ -61.69648818, 6.74298143 ], [ -61.6965442, 6.74233952 ], [ -61.69661472, 6.73963567 ], [ -61.69655255, 6.73921045 ], [ -61.69643658, 6.7385771 ], [ -61.69613092, 6.73786187 ], [ -61.69565361, 6.73706469 ], [ -61.69542885, 6.73653958 ], [ -61.69524077, 6.73584275 ], [ -61.69504398, 6.73501016 ], [ -61.69484699, 6.73425001 ], [ -61.69450514, 6.73353462 ], [ -61.69424402, 6.73308179 ], [ -61.69394682, 6.73257457 ], [ -61.69368589, 6.73204029 ], [ -61.69320834, 6.73134258 ], [ -61.69247869, 6.7302102 ], [ -61.6915952, 6.72905029 ], [ -61.69122569, 6.72854287 ], [ -61.6910364, 6.72830727 ], [ -61.69019743, 6.72743679 ], [ -61.68951139, 6.72691042 ], [ -61.68862689, 6.7261393 ], [ -61.68785062, 6.72551324 ], [ -61.68711957, 6.72491442 ], [ -61.68630668, 6.72445102 ], [ -61.68552936, 6.72422287 ], [ -61.68456232, 6.72389469 ], [ -61.68367625, 6.72373858 ], [ -61.6825821, 6.72357288 ], [ -61.68192848, 6.72350431 ], [ -61.68134324, 6.72344289 ], [ -61.67994986, 6.72355678 ], [ -61.67847473, 6.72379693 ], [ -61.67747842, 6.72425547 ], [ -61.67671717, 6.72478701 ], [ -61.67591014, 6.72549924 ], [ -61.67564674, 6.72588742 ], [ -61.67529316, 6.72619397 ], [ -61.67484034, 6.72640072 ], [ -61.67452336, 6.72651741 ], [ -61.67426957, 6.72672478 ], [ -61.67398818, 6.72705856 ], [ -61.67335334, 6.72768086 ], [ -61.67264652, 6.72813111 ], [ -61.67199421, 6.72851823 ], [ -61.67145021, 6.728978 ], [ -61.67103292, 6.72939288 ], [ -61.67065204, 6.72974449 ], [ -61.67025344, 6.7299605 ], [ -61.66966509, 6.73010358 ], [ -61.66921262, 6.73014756 ], [ -61.66854317, 6.73019098 ], [ -61.66796387, 6.73033416 ], [ -61.66740242, 6.73054057 ], [ -61.66678686, 6.73070165 ], [ -61.66590935, 6.73072639 ], [ -61.66541208, 6.73062559 ], [ -61.66477969, 6.73031644 ], [ -61.6641028, 6.7297538 ], [ -61.66348965, 6.7290287 ], [ -61.66291212, 6.72852067 ], [ -61.66218042, 6.72814786 ], [ -61.66127638, 6.72796455 ], [ -61.66009179, 6.72781663 ], [ -61.65956706, 6.7278333 ], [ -61.6592953, 6.7279682 ], [ -61.65901438, 6.7281573 ], [ -61.65849849, 6.72824641 ], [ -61.65815496, 6.72817311 ], [ -61.65766707, 6.72797276 ], [ -61.65678987, 6.72787091 ], [ -61.6565096, 6.72783397 ], [ -61.65620238, 6.72771557 ], [ -61.65577758, 6.72756966 ], [ -61.65546061, 6.72771356 ], [ -61.65526981, 6.72800236 ], [ -61.65504203, 6.7285986 ], [ -61.6546335, 6.72913103 ], [ -61.65397204, 6.72955428 ], [ -61.65343768, 6.72978798 ], [ -61.65295801, 6.72986804 ], [ -61.6524876, 6.72987581 ], [ -61.65199935, 6.72978404 ], [ -61.65106858, 6.72945589 ], [ -61.65052675, 6.72911973 ], [ -61.64996697, 6.72872938 ], [ -61.6496692, 6.72845722 ], [ -61.64949802, 6.72820358 ], [ -61.64932693, 6.72792272 ], [ -61.64911968, 6.72764185 ], [ -61.6488581, 6.72736073 ], [ -61.64857885, 6.72694396 ], [ -61.64843508, 6.72659999 ], [ -61.64840996, 6.72586731 ], [ -61.64847412, 6.72556912 ], [ -61.64890041, 6.72513619 ], [ -61.64935355, 6.72483897 ], [ -61.64967985, 6.7245867 ], [ -61.64988871, 6.72432496 ], [ -61.64995346, 6.72377351 ], [ -61.6498911, 6.72344782 ], [ -61.64961248, 6.72277777 ], [ -61.64943255, 6.72243367 ], [ -61.64942503, 6.72189106 ], [ -61.64945283, 6.72161977 ], [ -61.64943618, 6.72111328 ], [ -61.64922064, 6.72054298 ], [ -61.64884218, 6.72001741 ], [ -61.64827359, 6.71953653 ], [ -61.64791254, 6.71928236 ], [ -61.64766885, 6.71906458 ], [ -61.64725374, 6.71871082 ], [ -61.64680238, 6.71839302 ], [ -61.64616107, 6.7180566 ], [ -61.64536588, 6.71773794 ], [ -61.64470624, 6.71750092 ], [ -61.64434469, 6.71740954 ], [ -61.64368424, 6.71743482 ], [ -61.64332237, 6.71747 ], [ -61.64296967, 6.7174238 ], [ -61.64267159, 6.71726927 ], [ -61.64217533, 6.71684284 ], [ -61.64142686, 6.71600881 ], [ -61.64087697, 6.71531088 ], [ -61.64038975, 6.71487546 ], [ -61.64002842, 6.71468457 ], [ -61.63964889, 6.71455693 ], [ -61.63925123, 6.71442924 ], [ -61.63878148, 6.71420179 ], [ -61.63798684, 6.71372029 ], [ -61.63731831, 6.71342006 ], [ -61.63678523, 6.71319243 ], [ -61.63627037, 6.71293784 ], [ -61.63568335, 6.71258349 ], [ -61.63503301, 6.71225607 ], [ -61.63445472, 6.71203745 ], [ -61.6338851, 6.71195451 ], [ -61.63308894, 6.71202462 ], [ -61.63247297, 6.71232139 ], [ -61.63185678, 6.71271751 ], [ -61.63138436, 6.71344875 ], [ -61.63060231, 6.71493874 ], [ -61.62982905, 6.71652823 ], [ -61.62955542, 6.71734134 ], [ -61.62919154, 6.71807288 ], [ -61.628991, 6.71861493 ], [ -61.62886281, 6.71916619 ], [ -61.62864457, 6.71959054 ], [ -61.62786449, 6.72035711 ], [ -61.62733857, 6.7207988 ], [ -61.62677643, 6.7212946 ], [ -61.62613281, 6.72179021 ], [ -61.62529001, 6.72233948 ], [ -61.62451099, 6.72272607 ], [ -61.62396749, 6.72300494 ], [ -61.6235419, 6.72314841 ], [ -61.62312576, 6.72317439 ], [ -61.62269152, 6.72319125 ], [ -61.62198601, 6.72316215 ], [ -61.62142508, 6.72321481 ], [ -61.62049278, 6.72342928 ], [ -61.61985896, 6.72363547 ], [ -61.61955136, 6.72365266 ], [ -61.61898197, 6.72347928 ], [ -61.6187565, 6.72326155 ], [ -61.61863165, 6.72261914 ], [ -61.61847025, 6.72211227 ], [ -61.61829043, 6.72173201 ], [ -61.61792019, 6.72151386 ], [ -61.61742288, 6.72144012 ], [ -61.61688019, 6.72142955 ], [ -61.61600254, 6.72150843 ], [ -61.61463606, 6.72172167 ], [ -61.61379454, 6.72181877 ], [ -61.61334223, 6.72181748 ], [ -61.61296279, 6.72166261 ], [ -61.61249335, 6.72132674 ], [ -61.61217803, 6.72089174 ], [ -61.6118625, 6.72052006 ], [ -61.61154645, 6.72032025 ], [ -61.61106754, 6.7201471 ], [ -61.61067894, 6.72002835 ], [ -61.61028173, 6.71974692 ], [ -61.61005652, 6.71941166 ], [ -61.60958723, 6.71902143 ], [ -61.60914965, 6.71876527 ], [ -61.61067602, 6.71660998 ], [ -61.60863801, 6.715184 ], [ -61.60526699, 6.71379799 ], [ -61.60251901, 6.712281 ], [ -61.59932399, 6.711651 ], [ -61.59719498, 6.710668 ], [ -61.593998, 6.71083699 ], [ -61.59053199, 6.71198101 ], [ -61.587512, 6.712061 ], [ -61.58440799, 6.71063099 ], [ -61.58148302, 6.70884699 ], [ -61.57962101, 6.707865 ], [ -61.57651099, 6.70874399 ], [ -61.57429202, 6.70829399 ], [ -61.57189901, 6.706689 ], [ -61.57075401, 6.70357799 ], [ -61.56898501, 6.701265 ], [ -61.566502, 6.70001501 ], [ -61.564995, 6.69929999 ], [ -61.561797, 6.69964601 ], [ -61.55851199, 6.69945901 ], [ -61.55531698, 6.699095 ], [ -61.553096, 6.69935401 ], [ -61.552026, 6.70094899 ], [ -61.55170103, 6.70169016 ], [ -61.551132, 6.702988 ], [ -61.54970901, 6.70369402 ], [ -61.54942067, 6.70386581 ], [ -61.54748499, 6.705019 ], [ -61.54428502, 6.70634101 ], [ -61.54233001, 6.70669101 ], [ -61.54117, 6.70855199 ], [ -61.54079723, 6.70926319 ], [ -61.54000901, 6.71076699 ], [ -61.539205, 6.71245201 ], [ -61.53751602, 6.71315701 ], [ -61.536708, 6.716084 ], [ -61.53447598, 6.72016099 ], [ -61.53340102, 6.72326501 ], [ -61.53200609, 6.72437384 ], [ -61.53162098, 6.72467999 ], [ -61.529128, 6.72662598 ], [ -61.52664001, 6.72732801 ], [ -61.52370901, 6.727586 ], [ -61.520071, 6.72659802 ], [ -61.51687399, 6.72685502 ], [ -61.514209, 6.72711299 ], [ -61.51127502, 6.72825801 ], [ -61.50789401, 6.73055599 ], [ -61.50637945, 6.73341053 ], [ -61.50610701, 6.73392399 ], [ -61.504591, 6.73622701 ], [ -61.50325747, 6.73726363 ], [ -61.50254301, 6.737819 ], [ -61.49934298, 6.73905201 ], [ -61.49569999, 6.73966199 ], [ -61.493833, 6.74054399 ], [ -61.49169599, 6.742136 ], [ -61.48938302, 6.74363799 ], [ -61.48733502, 6.74531801 ], [ -61.48377301, 6.74868 ], [ -61.48175447, 6.75100431 ], [ -61.47985199, 6.75319499 ], [ -61.476997, 6.75726999 ], [ -61.47582998, 6.76117201 ], [ -61.47483299, 6.76782699 ], [ -61.47455199, 6.77244201 ], [ -61.47631298, 6.77715301 ], [ -61.47869801, 6.781244 ], [ -61.48064499, 6.78337998 ], [ -61.482242, 6.78382901 ], [ -61.48322102, 6.78329998 ], [ -61.48447101, 6.781084 ], [ -61.48713901, 6.78002699 ], [ -61.49095602, 6.78030501 ], [ -61.49379502, 6.78129101 ], [ -61.49565499, 6.782894 ], [ -61.49627099, 6.78476099 ], [ -61.496437, 6.78848899 ], [ -61.49526702, 6.79363498 ], [ -61.49436701, 6.79718298 ], [ -61.49231599, 6.80010599 ], [ -61.49026301, 6.80329501 ], [ -61.48901301, 6.80542199 ], [ -61.48804662, 6.80574088 ], [ -61.48741298, 6.80594999 ], [ -61.48315001, 6.80602501 ], [ -61.47915199, 6.80636698 ], [ -61.47524302, 6.80671002 ], [ -61.47213501, 6.8067 ], [ -61.46982301, 6.80740299 ], [ -61.46778, 6.80757399 ], [ -61.46609599, 6.80659302 ], [ -61.46565701, 6.80490499 ], [ -61.46504, 6.80357102 ], [ -61.46397901, 6.80197 ], [ -61.46078598, 6.80071701 ], [ -61.456796, 6.79883999 ], [ -61.45369399, 6.79687702 ], [ -61.44987801, 6.79571101 ], [ -61.44534901, 6.795874 ], [ -61.44232799, 6.79630801 ], [ -61.439038, 6.79762901 ], [ -61.43699199, 6.79850999 ], [ -61.43246199, 6.79885 ], [ -61.42784302, 6.799102 ], [ -61.42331601, 6.798466 ], [ -61.417015, 6.79711401 ], [ -61.409558, 6.79637901 ], [ -61.40627299, 6.79592401 ], [ -61.403161, 6.797068 ], [ -61.40126416, 6.79944969 ], [ -61.400129, 6.800875 ], [ -61.39896801, 6.80300202 ], [ -61.39763099, 6.80432902 ], [ -61.39505199, 6.80547401 ], [ -61.39290699, 6.80646899 ], [ -61.38953701, 6.80803 ], [ -61.38844464, 6.80947638 ], [ -61.38766402, 6.81050998 ], [ -61.38642144, 6.81127963 ] ] ] } },
{ "type": "Feature", "properties": { "capa": "P1" }, "geometry": { "type": "Polygon", "coordinates": [ [ [ -62.015526699919079, 8.104864189428797 ], [ -62.109022385590229, 7.99499232978521 ], [ -62.175928906914983, 8.113609180743193 ], [ -62.17589226564214, 8.113627918477835 ], [ -62.176066492071008, 8.113852872191808 ], [ -62.19564621739611, 8.148551577089508 ], [ -62.1968380596374, 8.150663547413416 ], [ -62.210462830595013, 8.174805006493958 ], [ -62.221415132562562, 8.194208978993339 ], [ -62.224314871032803, 8.199345959679659 ], [ -62.224337401573393, 8.199385881041039 ], [ -62.224955844827491, 8.200481463909387 ], [ -62.225117430142276, 8.200767771581891 ], [ -62.225713820960401, 8.201824251572102 ], [ -62.231019658099811, 8.211223444451088 ], [ -62.232663969664237, 8.214136133000306 ], [ -62.232794925779068, 8.214368053567025 ], [ -62.232859527183138, 8.214482485438364 ], [ -62.234890486407323, 8.218080110444191 ], [ -62.246186041203934, 8.238087577770933 ], [ -62.247462711045607, 8.240348714122268 ], [ -62.253528982276457, 8.251092716061715 ], [ -62.254063876605684, 8.252039961274567 ], [ -62.254441535211747, 8.252708853666178 ], [ -62.257098727257407, 8.257414792183546 ], [ -62.259732007629239, 8.262078325225366 ], [ -62.268274335777804, 8.277205695325559 ], [ -62.276599131175779, 8.291946588590729 ], [ -62.343548094042617, 8.410452266556742 ], [ -62.404572368582151, 8.518403206742837 ], [ -62.403381116645669, 8.519088745017267 ], [ -62.402198978322055, 8.51977440868086 ], [ -62.401344512042925, 8.520017251170435 ], [ -62.400490119366282, 8.520260092931325 ], [ -62.399672164982263, 8.520421717293726 ], [ -62.398854248412128, 8.520583229560586 ], [ -62.397445559251636, 8.520879558372533 ], [ -62.396173133327906, 8.521148872196269 ], [ -62.394782787592426, 8.52130948259302 ], [ -62.39372912683524, 8.521145070926284 ], [ -62.392947921823279, 8.521062494161503 ], [ -62.392338660897948, 8.521387180900138 ], [ -62.391892455285372, 8.522037682944353 ], [ -62.390174334259605, 8.52268617956949 ], [ -62.388429211115138, 8.523090469264314 ], [ -62.386511668575295, 8.523413029853652 ], [ -62.384757822281401, 8.523609301207149 ], [ -62.383412894955853, 8.523815166491167 ], [ -62.381458240234991, 8.524580882309357 ], [ -62.380194934241871, 8.524859213297852 ], [ -62.378604091822055, 8.525381281935676 ], [ -62.376067530165955, 8.52639926807208 ], [ -62.374394427751241, 8.527246818900414 ], [ -62.372311879896344, 8.528464461984356 ], [ -62.370683766733613, 8.529556233653558 ], [ -62.368727740904134, 8.531172039137921 ], [ -62.367861609613037, 8.532961522077976 ], [ -62.367660187120144, 8.533892741594762 ], [ -62.366596057200205, 8.53457843373535 ], [ -62.365540794567707, 8.535390696592188 ], [ -62.363257497599527, 8.537051146755649 ], [ -62.361665466261307, 8.538260580862001 ], [ -62.353388492726886, 8.543528959828137 ], [ -62.344457265774636, 8.54874175897351 ], [ -62.341683347485656, 8.550283717634715 ], [ -62.339399613773487, 8.552106793503532 ], [ -62.337188552169856, 8.553929965373815 ], [ -62.33621462279055, 8.554896103424706 ], [ -62.334741719250289, 8.555463385106867 ], [ -62.33311486462658, 8.555704853024983 ], [ -62.331523747869362, 8.556271886712908 ], [ -62.330669480424135, 8.556387977316236 ], [ -62.329525375787469, 8.555942804489348 ], [ -62.328308916062639, 8.555334733439452 ], [ -62.325457594356848, 8.554352949184238 ], [ -62.323304348640598, 8.554231661059418 ], [ -62.321632512761859, 8.554228746812118 ], [ -62.320287254805478, 8.554506793468176 ], [ -62.319305159474247, 8.554993488059567 ], [ -62.318531805151132, 8.555561924800962 ], [ -62.317840499122944, 8.555958626892966 ], [ -62.316777412087866, 8.555956753016181 ], [ -62.315596266681247, 8.555918477135187 ], [ -62.314214954752082, 8.556078919740665 ], [ -62.312088181024748, 8.5564006896214 ], [ -62.310179732548164, 8.55659634538285 ], [ -62.308870336693595, 8.557127617483895 ], [ -62.307650808711941, 8.558256017564934 ], [ -62.307077001664915, 8.559023717617535 ], [ -62.306258559534164, 8.559393096623999 ], [ -62.305112957136615, 8.559798105164614 ], [ -62.303368205747894, 8.559912531768202 ], [ -62.299734975643631, 8.559209585158024 ], [ -62.29819087410614, 8.55888113759319 ], [ -62.29627439767193, 8.558515863403644 ], [ -62.294603084170596, 8.558187287919543 ], [ -62.291632699172759, 8.557774857860176 ], [ -62.288779935403589, 8.557606836485901 ], [ -62.286172522491434, 8.557439204064147 ], [ -62.283928382291279, 8.557353679869074 ], [ -62.281565837281931, 8.557430682480671 ], [ -62.278511518226622, 8.558193848021263 ], [ -62.276465900594083, 8.558805054565559 ], [ -62.274347857350278, 8.559325666717935 ], [ -62.272593434371579, 8.559729381322887 ], [ -62.270756883952025, 8.560331896416381 ], [ -62.268320411068999, 8.561096057560514 ], [ -62.266937484557857, 8.56202502547271 ], [ -62.26554558668191, 8.562917812042112 ], [ -62.263998472419573, 8.56420822344851 ], [ -62.262814604131862, 8.565589804743771 ], [ -62.261748569046532, 8.567125307436736 ], [ -62.261010192440168, 8.56834486878755 ], [ -62.260280456559876, 8.56979965918871 ], [ -62.25970501659566, 8.571381333164473 ], [ -62.259619898103509, 8.573090539490408 ], [ -62.259862463537125, 8.574511001473104 ], [ -62.260714791351411, 8.575480394660598 ], [ -62.261367828263388, 8.57609666910807 ], [ -62.261648485986846, 8.576621746976953 ], [ -62.261647220817927, 8.577272955932788 ], [ -62.260708201023725, 8.578890072442361 ], [ -62.259606404300229, 8.580063753329533 ], [ -62.257731750470988, 8.581525359211737 ], [ -62.256921145296637, 8.582500608375899 ], [ -62.256673279301296, 8.583802490911463 ], [ -62.256180681445038, 8.584814508324738 ], [ -62.255407552645472, 8.585174820159944 ], [ -62.254753793162131, 8.584938381117508 ], [ -62.25373591415665, 8.585017865123133 ], [ -62.253080463697088, 8.585622566679554 ], [ -62.25263376914377, 8.586354271618896 ], [ -62.251452012344089, 8.586632411256115 ], [ -62.2500618228745, 8.586584490798119 ], [ -62.245618465330452, 8.586539693048994 ], [ -62.242974293720863, 8.586489200211039 ], [ -62.241102739550996, 8.586331803406932 ], [ -62.239876038955373, 8.586329410438536 ], [ -62.23853029010553, 8.5867699428109 ], [ -62.237301967803816, 8.587581530548171 ], [ -62.236001473975328, 8.588139705019968 ], [ -62.235064430040374, 8.588671483933814 ], [ -62.233837399065202, 8.588831821742406 ], [ -62.232947339789249, 8.588622063384223 ], [ -62.232212446089576, 8.588050736758667 ], [ -62.231559734674079, 8.58728072372635 ], [ -62.230578947222874, 8.58699833405719 ], [ -62.228872353772104, 8.586144815525248 ], [ -62.225659448563746, 8.584266159510614 ], [ -62.221748135254018, 8.581798324614731 ], [ -62.217472185122062, 8.579917462765081 ], [ -62.215356216271708, 8.579307228534057 ], [ -62.213075997090641, 8.579058342860044 ], [ -62.211040805450146, 8.57897281979827 ], [ -62.20945014450345, 8.579213821494582 ], [ -62.208304457569568, 8.579618495659124 ], [ -62.207776077547074, 8.580268587909584 ], [ -62.207574813416805, 8.580910304091585 ], [ -62.20675592968427, 8.581442226499865 ], [ -62.204837967864904, 8.581800098326173 ], [ -62.201784030177741, 8.582200732028092 ], [ -62.200029283516436, 8.582685507151224 ], [ -62.198765255138092, 8.583171281631238 ], [ -62.198400744908355, 8.583658914464811 ], [ -62.198399988146491, 8.584020711804056 ], [ -62.197990508419025, 8.584300187231278 ], [ -62.196809380812596, 8.584261562762102 ], [ -62.193921562167809, 8.583441612945466 ], [ -62.19156176099245, 8.582143320458206 ], [ -62.188747288962574, 8.581034023809014 ], [ -62.185370153496507, 8.579607036025319 ], [ -62.183173104373004, 8.578716036312107 ], [ -62.180157967388702, 8.577977103832383 ], [ -62.178041668268826, 8.57761081615714 ], [ -62.176780068435249, 8.576911743553806 ], [ -62.174014916814585, 8.57406589689549 ], [ -62.170432841083567, 8.570811385765101 ], [ -62.166858004063556, 8.568452253216405 ], [ -62.163191218616952, 8.566617354117453 ], [ -62.16152117319794, 8.565763571910958 ], [ -62.158789461959877, 8.56431968061645 ], [ -62.158008445789875, 8.564146091084368 ], [ -62.155656273627493, 8.563643595000652 ], [ -62.154148303467693, 8.563477471228245 ], [ -62.152276959765622, 8.563310595104358 ], [ -62.151422883803605, 8.563308722081672 ], [ -62.149087438474389, 8.563457341496552 ], [ -62.146314101310764, 8.564428026753317 ], [ -62.145013117725981, 8.565157689752864 ], [ -62.143830376319805, 8.565887705917946 ], [ -62.14240105411946, 8.567141644895052 ], [ -62.140843671795238, 8.56875711254143 ], [ -62.139458390855332, 8.570617163055719 ], [ -62.138352608957447, 8.573454548732133 ], [ -62.137448754113485, 8.575360862863173 ], [ -62.136626346493237, 8.577430152848013 ], [ -62.135486188537357, 8.579372050090127 ], [ -62.134137828946379, 8.580951753521537 ], [ -62.132088955814098, 8.582900716936894 ], [ -62.129850567889342, 8.584270431021906 ], [ -62.127931067328923, 8.585279031426213 ], [ -62.12560321976887, 8.586006340256878 ], [ -62.123075473986134, 8.586769312110702 ], [ -62.11936494191162, 8.588180826549419 ], [ -62.115774236134911, 8.588823774840943 ], [ -62.11263819519376, 8.589341146670288 ], [ -62.108930263746728, 8.589622036812884 ], [ -62.105458228830628, 8.590011988540507 ], [ -62.104031073431365, 8.590252801529177 ], [ -62.10284865727921, 8.590774619718323 ], [ -62.101947797239838, 8.591306130477216 ], [ -62.10122016112809, 8.591630050769064 ], [ -62.100447776188524, 8.59162825633037 ], [ -62.098694819898085, 8.591298547224271 ], [ -62.096415252656193, 8.590804857089992 ], [ -62.094862051389256, 8.590557057835783 ], [ -62.093154383551109, 8.590308796362534 ], [ -62.091646519161813, 8.59010633373139 ], [ -62.089729355571983, 8.590056591371416 ], [ -62.087693284263558, 8.590341150744266 ], [ -62.084957617185125, 8.59061510099867 ], [ -62.081904470068189, 8.590644029971818 ], [ -62.079497545361811, 8.590240338994194 ], [ -62.07664673953213, 8.589256740363565 ], [ -62.074740280416016, 8.588555836379253 ], [ -62.072742592801141, 8.588017441151573 ], [ -62.071562222817178, 8.587652812843224 ], [ -62.070499201203376, 8.587614081816799 ], [ -62.069971677004354, 8.587811837499146 ], [ -62.069280261963918, 8.58817188773758 ], [ -62.068580479747467, 8.588251583834994 ], [ -62.067771980149665, 8.588168257002128 ], [ -62.066755672558259, 8.587605055237582 ], [ -62.065740681369128, 8.586499268145156 ], [ -62.064478257104952, 8.586261114948641 ], [ -62.063334169640044, 8.585932716917243 ], [ -62.062400546965527, 8.584989837830987 ], [ -62.061501744678495, 8.584707367642384 ], [ -62.060684054052018, 8.58466920299785 ], [ -62.059466516402104, 8.584666250389891 ], [ -62.057912458943868, 8.584779985561404 ], [ -62.056084398126117, 8.58546286929394 ], [ -62.053555035542693, 8.586840430602731 ], [ -62.051471365036008, 8.588010992302605 ], [ -62.049915775168976, 8.588739784990331 ], [ -62.049143127456219, 8.588855461205835 ], [ -62.048253278419267, 8.588609000346128 ], [ -62.045841061548259, 8.586703892164417 ], [ -62.043602635743561, 8.584346877142055 ], [ -62.042343453703374, 8.582842454573626 ], [ -62.041412017925317, 8.581049500415547 ], [ -62.040403199289969, 8.57751984146641 ], [ -62.03972173569408, 8.573909626920395 ], [ -62.039201935963035, 8.571023350835786 ], [ -62.038600361101103, 8.564537384324474 ], [ -62.038609632416751, 8.560847494141468 ], [ -62.038988604715811, 8.554635246030584 ], [ -62.038915604237125, 8.551107904730022 ], [ -62.038514094713278, 8.548185768555527 ], [ -62.036990567892175, 8.543442968922832 ], [ -62.036095931081775, 8.541532463054855 ], [ -62.03557198859815, 8.540319304239031 ], [ -62.034393274577376, 8.539375782819807 ], [ -62.032680086447321, 8.537834026163662 ], [ -62.030810842691096, 8.53693400839736 ], [ -62.028531736526027, 8.536440034327294 ], [ -62.026088673402988, 8.536108298949939 ], [ -62.02498913008484, 8.536186891927914 ], [ -62.024043037503908, 8.536672893769648 ], [ -62.022987755099841, 8.537240002355823 ], [ -62.021597204510051, 8.53744449277262 ], [ -62.01936254423623, 8.537357455546791 ], [ -62.015974640818811, 8.537023374026068 ], [ -62.012351173987135, 8.536444427615571 ], [ -62.01028128225137, 8.53586941858182 ], [ -62.007113254592888, 8.534848396421038 ], [ -62.002919971722569, 8.533300212761914 ], [ -61.998682612124405, 8.531254430481276 ], [ -61.994734976439325, 8.529625399554492 ], [ -61.992211487416, 8.528804878470389 ], [ -61.990050437596835, 8.528392292836779 ], [ -61.986635163654256, 8.528148300956175 ], [ -61.984108595723534, 8.528548691993207 ], [ -61.981990419552162, 8.529067689325483 ], [ -61.979463707509339, 8.529504215342214 ], [ -61.977627316703881, 8.529987760990473 ], [ -61.976280774661085, 8.530716737954155 ], [ -61.975223705553326, 8.531934828281953 ], [ -61.973829654347867, 8.533468612969671 ], [ -61.972447604690309, 8.533908099956204 ], [ -61.970566220580331, 8.534192584800778 ], [ -61.967759643667115, 8.533977059052283 ], [ -61.963971897698762, 8.533722859815802 ], [ -61.961610130741093, 8.533635146975497 ], [ -61.958957587036018, 8.53354658727182 ], [ -61.956188497718848, 8.532888042033548 ], [ -61.952966251216047, 8.531830298300878 ], [ -61.95036158215742, 8.530846520775862 ], [ -61.947639552524791, 8.529618294599304 ], [ -61.945598510834763, 8.528518497345704 ], [ -61.943693867343839, 8.527382873753336 ], [ -61.94148943997623, 8.526237405872944 ], [ -61.93921138729192, 8.525417228095353 ], [ -61.93567998057047, 8.524521262094744 ], [ -61.932092656125526, 8.52414975576102 ], [ -61.928959158604741, 8.523896902503594 ], [ -61.924762410346794, 8.523803942207753 ], [ -61.924236298699448, 8.523806194962978 ], [ -62.015526699919079, 8.104864189428797 ] ] ] } },
{ "type": "Feature", "properties": { "capa": "P2" }, "geometry": { "type": "Polygon", "coordinates": [ [ [ -62.08008425907213, 8.590338744119732 ], [ -62.079497545361811, 8.590240338994194 ], [ -62.07664673953213, 8.589256740363565 ], [ -62.074740280416016, 8.588555836379253 ], [ -62.072742592801141, 8.588017441151573 ], [ -62.071562222817178, 8.587652812843224 ], [ -62.070499201203376, 8.587614081816799 ], [ -62.069971677004354, 8.587811837499146 ], [ -62.069280261963918, 8.58817188773758 ], [ -62.068580479747467, 8.588251583834994 ], [ -62.067771980149665, 8.588168257002128 ], [ -62.066755672558259, 8.587605055237582 ], [ -62.065740681369128, 8.586499268145156 ], [ -62.064478257104952, 8.586261114948641 ], [ -62.063334169640044, 8.585932716917243 ], [ -62.062400546965527, 8.584989837830987 ], [ -62.061501744678495, 8.584707367642384 ], [ -62.060684054052018, 8.58466920299785 ], [ -62.059466516402104, 8.584666250389891 ], [ -62.057912458943868, 8.584779985561404 ], [ -62.056084398126117, 8.58546286929394 ], [ -62.053555035542693, 8.586840430602731 ], [ -62.051471365036008, 8.588010992302605 ], [ -62.049915775168976, 8.588739784990331 ], [ -62.049143127456219, 8.588855461205835 ], [ -62.048253278419267, 8.588609000346128 ], [ -62.045841061548259, 8.586703892164417 ], [ -62.043602635743561, 8.584346877142055 ], [ -62.042343453703374, 8.582842454573626 ], [ -62.041412017925317, 8.581049500415547 ], [ -62.040403199289969, 8.57751984146641 ], [ -62.03972173569408, 8.573909626920395 ], [ -62.039201935963035, 8.571023350835786 ], [ -62.038600361101103, 8.564537384324474 ], [ -62.038609632416751, 8.560847494141468 ], [ -62.038988604715811, 8.554635246030584 ], [ -62.038915604237125, 8.551107904730022 ], [ -62.038514094713278, 8.548185768555527 ], [ -62.036990567892175, 8.543442968922832 ], [ -62.036095931081775, 8.541532463054855 ], [ -62.03557198859815, 8.540319304239031 ], [ -62.034393274577376, 8.539375782819807 ], [ -62.032680086447321, 8.537834026163662 ], [ -62.030810842691096, 8.53693400839736 ], [ -62.028531736526027, 8.536440034327294 ], [ -62.026088673402988, 8.536108298949939 ], [ -62.02498913008484, 8.536186891927914 ], [ -62.024043037503908, 8.536672893769648 ], [ -62.022987755099841, 8.537240002355823 ], [ -62.021597204510051, 8.53744449277262 ], [ -62.01936254423623, 8.537357455546791 ], [ -62.015974640818811, 8.537023374026068 ], [ -62.012351173987135, 8.536444427615571 ], [ -62.01028128225137, 8.53586941858182 ], [ -62.007113254592888, 8.534848396421038 ], [ -62.002919971722569, 8.533300212761914 ], [ -61.998682612124405, 8.531254430481276 ], [ -61.994734976439325, 8.529625399554492 ], [ -61.992211487416, 8.528804878470389 ], [ -61.990050437596835, 8.528392292836779 ], [ -61.986635163654256, 8.528148300956175 ], [ -61.984108595723534, 8.528548691993207 ], [ -61.981990419552162, 8.529067689325483 ], [ -61.979463707509339, 8.529504215342214 ], [ -61.977627316703881, 8.529987760990473 ], [ -61.976280774661085, 8.530716737954155 ], [ -61.975223705553326, 8.531934828281953 ], [ -61.973829654347867, 8.533468612969671 ], [ -61.972447604690309, 8.533908099956204 ], [ -61.970566220580331, 8.534192584800778 ], [ -61.967759643667115, 8.533977059052283 ], [ -61.963971897698762, 8.533722859815802 ], [ -61.961610130741093, 8.533635146975497 ], [ -61.958957587036018, 8.53354658727182 ], [ -61.956188497718848, 8.532888042033548 ], [ -61.952966251216047, 8.531830298300878 ], [ -61.95036158215742, 8.530846520775862 ], [ -61.947639552524791, 8.529618294599304 ], [ -61.945598510834763, 8.528518497345704 ], [ -61.943693867343839, 8.527382873753336 ], [ -61.94148943997623, 8.526237405872944 ], [ -61.93921138729192, 8.525417228095353 ], [ -61.93567998057047, 8.524521262094744 ], [ -61.932092656125526, 8.52414975576102 ], [ -61.928959158604741, 8.523896902503594 ], [ -61.924762410346794, 8.523803942207753 ], [ -61.919629632062701, 8.523825896967519 ], [ -61.913232067601413, 8.524540648202663 ], [ -61.911231999089068, 8.525059576476279 ], [ -61.909315103689039, 8.525099440267613 ], [ -61.906380172703777, 8.525335309463001 ], [ -61.904953452651448, 8.525494069792691 ], [ -61.901609092161259, 8.525936806331075 ], [ -61.899455638390528, 8.526093584696186 ], [ -61.896884174255007, 8.526285203130861 ], [ -61.895047847985701, 8.52672314185865 ], [ -61.892019769815526, 8.527745490312158 ], [ -61.888890910560022, 8.529056875720178 ], [ -61.887291890004981, 8.529115578164864 ], [ -61.88562036887717, 8.529110787727406 ], [ -61.883693877988371, 8.529295236656964 ], [ -61.881956357904514, 8.530122196727348 ], [ -61.880610894989523, 8.530434873189064 ], [ -61.879002639795182, 8.530556838332144 ], [ -61.877530310861715, 8.530751584361973 ], [ -61.876503049075062, 8.531001822556039 ], [ -61.874830219917961, 8.531440125386537 ], [ -61.873484015884969, 8.532014970294247 ], [ -61.871999544368727, 8.533285764234746 ], [ -61.870970569208538, 8.534114824638307 ], [ -61.870006640019092, 8.534428585648019 ], [ -61.868915736471791, 8.534687624630623 ], [ -61.868079388324489, 8.534875050686416 ], [ -61.867631962547819, 8.535642488379709 ], [ -61.867503183376222, 8.536211836555477 ], [ -61.866337082298912, 8.53729366989265 ], [ -61.865181479729131, 8.537932363879298 ], [ -61.863706950381498, 8.538886657051362 ], [ -61.861903856244773, 8.540355465277177 ], [ -61.859972779706538, 8.542068034277175 ], [ -61.859070602143163, 8.543023994212572 ], [ -61.85842329591398, 8.543790757537476 ], [ -61.857532037854348, 8.544113709810617 ], [ -61.856429351903486, 8.545258979563018 ], [ -61.853281509292756, 8.546778024070347 ], [ -61.850198097910798, 8.547989741830415 ], [ -61.847654377820106, 8.549574185849847 ], [ -61.846730304046439, 8.550149831913709 ], [ -61.843709475764101, 8.551678227963563 ], [ -61.841515278205556, 8.553263303963044 ], [ -61.839456650999601, 8.555047791535326 ], [ -61.837013437416374, 8.557852927786167 ], [ -61.835332425459008, 8.56091358022034 ], [ -61.833590983073698, 8.562952127460111 ], [ -61.831023381990576, 8.56479824943708 ], [ -61.823812066219269, 8.569958232508114 ], [ -61.822262364018272, 8.571671699187897 ], [ -61.821233888738881, 8.57224734750806 ], [ -61.819634492909145, 8.572369147905233 ], [ -61.816353772723218, 8.572675577171243 ], [ -61.813144473655889, 8.573371158563388 ], [ -61.808068560160301, 8.575399331866663 ], [ -61.806331072295734, 8.576099344359461 ], [ -61.805112660807161, 8.576412013692789 ], [ -61.803820125280041, 8.577176760270042 ], [ -61.802599107847513, 8.578321452939027 ], [ -61.798858664834349, 8.583229327483885 ], [ -61.796733739883678, 8.585781938724464 ], [ -61.794230628904849, 8.587239164539854 ], [ -61.792938872367465, 8.587750592228371 ], [ -61.791784624237991, 8.587873560011586 ], [ -61.789985885086288, 8.587804640614131 ], [ -61.788124126097316, 8.587545619068395 ], [ -61.785627818622181, 8.586832366402865 ], [ -61.782424126720912, 8.585737111361537 ], [ -61.780690890604795, 8.585089580321261 ], [ -61.778639144691894, 8.584576683387883 ], [ -61.7776765246021, 8.584447035815183 ], [ -61.776458669747811, 8.584569771669409 ], [ -61.775300313944989, 8.585967838972582 ], [ -61.773878672232463, 8.587310699416575 ], [ -61.77253117277985, 8.588201704794832 ], [ -61.771566644590905, 8.58864178048819 ], [ -61.770857990416388, 8.58863949948541 ], [ -61.769706988209172, 8.587740530980595 ], [ -61.768620235760501, 8.586651895539314 ], [ -61.767405543401424, 8.58581603563475 ], [ -61.766380472750534, 8.585306441870461 ], [ -61.765028411130672, 8.58478663642229 ], [ -61.762784525924147, 8.584716080615355 ], [ -61.75771328363242, 8.585206236763852 ], [ -61.754506178647567, 8.585195894311394 ], [ -61.751427063122506, 8.584932794363818 ], [ -61.74879355473788, 8.584544420438396 ], [ -61.746997361648823, 8.583706672830129 ], [ -61.745591514583211, 8.582996706550759 ], [ -61.742383720584215, 8.580427088120114 ], [ -61.740724500663482, 8.579399811075257 ], [ -61.738672929869679, 8.578886789151397 ], [ -61.736292237444168, 8.579005584299805 ], [ -61.732118559802529, 8.580077090048537 ], [ -61.730188451361158, 8.581282471032926 ], [ -61.729412380143096, 8.58242836919336 ], [ -61.727747117025658, 8.583254893752697 ], [ -61.726264063959633, 8.583892019010683 ], [ -61.723309014211679, 8.584587583900651 ], [ -61.717727288658033, 8.585590950074604 ], [ -61.71502592948918, 8.586477258149324 ], [ -61.711105518898229, 8.587865856321848 ], [ -61.708340392609898, 8.588815197720749 ], [ -61.705193590413572, 8.589763136593382 ], [ -61.702684096773268, 8.59033343592586 ], [ -61.700249057339555, 8.590388609415298 ], [ -61.697679208776314, 8.590000142615363 ], [ -61.69383792489792, 8.589471698533321 ], [ -61.691140655386668, 8.589146020687126 ], [ -61.688254446602798, 8.588304353441687 ], [ -61.685368002019601, 8.587525832936194 ], [ -61.682872410037668, 8.586685415865423 ], [ -61.680133102981266, 8.585419072749218 ], [ -61.678520447686267, 8.584111416542751 ], [ -61.676850547594043, 8.583599293943768 ], [ -61.674027371548966, 8.58294761588011 ], [ -61.67121278765859, 8.582422501801291 ], [ -61.668517166156406, 8.58165355354808 ], [ -61.666074674789726, 8.581256270808991 ], [ -61.664086008671951, 8.580996225477264 ], [ -61.660374039604761, 8.579898247837141 ], [ -61.658512984196847, 8.579502939318877 ], [ -61.656398251109337, 8.578925914044971 ], [ -61.652804451621847, 8.577828274421632 ], [ -61.65037307514001, 8.57686124377725 ], [ -61.647632898536678, 8.575902167512352 ], [ -61.64663570238789, 8.57529280353944 ], [ -61.645700018125751, 8.575280509086436 ], [ -61.644966643888814, 8.574572631055835 ], [ -61.643154840738866, 8.573110363795319 ], [ -61.639022144531879, 8.570301675916177 ], [ -61.637227969709173, 8.569038461245249 ], [ -61.634788399788739, 8.567854263113977 ], [ -61.633727750217915, 8.567208497472166 ], [ -61.632885079756662, 8.566590623487997 ], [ -61.632125308460957, 8.565665573737913 ], [ -61.631238082191075, 8.564821520356087 ], [ -61.630485571433269, 8.564375771718668 ], [ -61.629686212018512, 8.564372912936232 ], [ -61.6287157098809, 8.563926385180945 ], [ -61.627736202377307, 8.563479825477623 ], [ -61.626619692273664, 8.563249821766108 ], [ -61.625514065911851, 8.562495298557305 ], [ -61.623654300972028, 8.561783403744657 ], [ -61.622364981362509, 8.561597999463864 ], [ -61.620495832649567, 8.560976382350388 ], [ -61.618943042871706, 8.560789996310744 ], [ -61.614850300009806, 8.559617944782117 ], [ -61.61254353548081, 8.559428773489564 ], [ -61.610944488436267, 8.559468341624388 ], [ -61.609871956249179, 8.559645306239892 ], [ -61.609025983326234, 8.559949673778807 ], [ -61.608133503459158, 8.560570487753973 ], [ -61.6072862675354, 8.561227502134237 ], [ -61.606667280650555, 8.561577991794216 ], [ -61.606131094410863, 8.56162123452423 ], [ -61.605287713502065, 8.561220333746128 ], [ -61.6042266566146, 8.560728175495658 ], [ -61.601692621942149, 8.560583444626035 ], [ -61.599376977226775, 8.560357988357005 ], [ -61.596889575704687, 8.559905864570389 ], [ -61.594358318412112, 8.559010599945585 ], [ -61.591258488397031, 8.557100361531825 ], [ -61.588458545784299, 8.555182252464657 ], [ -61.586727937255915, 8.55398227019505 ], [ -61.582076928950791, 8.551487704237939 ], [ -61.57732486687874, 8.549345322070762 ], [ -61.574884910471475, 8.548368768545053 ], [ -61.573641481644572, 8.548092892553164 ], [ -61.571771551194047, 8.547733423136961 ], [ -61.570128137302468, 8.547510298784273 ], [ -61.568086989050272, 8.546788443685527 ], [ -61.565068565200775, 8.545050180933858 ], [ -61.558679288443479, 8.541093024918464 ], [ -61.553713230497777, 8.537972993337428 ], [ -61.5495107081043, 8.534720132581365 ], [ -61.545915924208217, 8.531695570448045 ], [ -61.542993301684582, 8.528718794052773 ], [ -61.541491730252716, 8.52707650369142 ], [ -61.54055813891484, 8.526539493431258 ], [ -61.539223779504852, 8.52631740642515 ], [ -61.537854201239895, 8.525778760041199 ], [ -61.536248361922432, 8.525284427346493 ], [ -61.53394242727461, 8.524968341643401 ], [ -61.531899783221618, 8.524689311498955 ], [ -61.529457076621142, 8.524508311701974 ], [ -61.526033128553301, 8.524404945523457 ], [ -61.520699680400881, 8.524827760895839 ], [ -61.518073211963973, 8.525215550727479 ], [ -61.515809438662075, 8.525740419757932 ], [ -61.513982019416304, 8.526176497727858 ], [ -61.511798344349486, 8.527144736158174 ], [ -61.508810322152385, 8.529393802317315 ], [ -61.506669458791833, 8.531022184853294 ], [ -61.504353063477694, 8.533400475208957 ], [ -61.503596087507098, 8.534193216744882 ], [ -61.502785586535779, 8.53472357239861 ], [ -61.501901969440041, 8.535380327798158 ], [ -61.501182981645819, 8.535739185279656 ], [ -61.500610430396172, 8.535818418547745 ], [ -61.500166556801936, 8.535509227249817 ], [ -61.500026280460325, 8.534215701703294 ], [ -61.49962007221292, 8.533563025945819 ], [ -61.499177036880369, 8.533036882637665 ], [ -61.498020686111659, 8.531431924294827 ], [ -61.497265479433203, 8.52943067710707 ], [ -61.496016713546055, 8.528214230211368 ], [ -61.495560330520945, 8.526476370801932 ], [ -61.49591540711171, 8.523936896979334 ], [ -61.496042478936985, 8.521622617111536 ], [ -61.496914290149185, 8.519338286079025 ], [ -61.496797416220893, 8.516697525693502 ], [ -61.496795512220011, 8.514861986796788 ], [ -61.496040568520236, 8.512797437501947 ], [ -61.494885816671882, 8.51079462768206 ], [ -61.494427460171103, 8.509536037725567 ], [ -61.493815714213518, 8.508032660352237 ], [ -61.493328552508054, 8.507198874478743 ], [ -61.492861464605802, 8.505867892392269 ], [ -61.491246518829684, 8.505409536953355 ], [ -61.489915199927047, 8.504436868068916 ], [ -61.488875404018337, 8.503230226701529 ], [ -61.48782512230278, 8.502394254974142 ], [ -61.486991625782956, 8.501848502181778 ], [ -61.486049073760427, 8.501347510540437 ], [ -61.48506864408435, 8.501226165376472 ], [ -61.484425579069068, 8.500771544852496 ], [ -61.482923034837036, 8.49945463278412 ], [ -61.481535876601917, 8.498825361242126 ], [ -61.479630633230812, 8.498311547101968 ], [ -61.478595493567759, 8.498253267265234 ], [ -61.476578234446265, 8.498489491317342 ], [ -61.475306733402725, 8.498493574530068 ], [ -61.473225777050793, 8.498774824124171 ], [ -61.470570024570712, 8.499695659667459 ], [ -61.469118340817722, 8.49933738839446 ], [ -61.467393793794102, 8.499050270652639 ], [ -61.46610674962249, 8.498385168908658 ], [ -61.463919241535308, 8.498041931735818 ], [ -61.462522113771094, 8.497656723756611 ], [ -61.460789456463267, 8.497143554783271 ], [ -61.458204917928896, 8.496165832028044 ], [ -61.456581474958959, 8.495598815730499 ], [ -61.454948716950092, 8.495095039111662 ], [ -61.452326501650944, 8.494442656773282 ], [ -61.451166309475859, 8.49386831551527 ], [ -61.449379639835897, 8.493237347218857 ], [ -61.447474487616084, 8.492723411093303 ], [ -61.445222563808628, 8.492615001616612 ], [ -61.443488358472706, 8.492499599470623 ], [ -61.442391055324869, 8.492106384815152 ], [ -61.441035486395592, 8.49041918012294 ], [ -61.439177034423686, 8.489597953868518 ], [ -61.437771212960655, 8.489122205595731 ], [ -61.435927725898097, 8.486836207646352 ], [ -61.433613924012285, 8.484087233685628 ], [ -61.432914808940374, 8.481787829347359 ], [ -61.432228567687524, 8.480817580217106 ], [ -61.431415620600397, 8.479729292198625 ], [ -61.431907327493207, 8.479396669117419 ], [ -61.430869009720766, 8.477891535561016 ], [ -61.429154862715443, 8.477342125245984 ], [ -61.428458578503822, 8.476597942718708 ], [ -61.427400244908071, 8.475562882185592 ], [ -61.425003193082119, 8.47543571448189 ], [ -61.423505654299817, 8.475203582581578 ], [ -61.419966310279229, 8.474610600428894 ], [ -61.417878506410645, 8.474367128418173 ], [ -61.415564653006918, 8.473896598782595 ], [ -61.412197844766538, 8.473304256679503 ], [ -61.40976543551939, 8.472950768438656 ], [ -61.406978951188435, 8.472586761602422 ], [ -61.403264702176848, 8.472571595451203 ], [ -61.399547565590495, 8.473252700785093 ], [ -61.396756293890512, 8.474045936859572 ], [ -61.393276738336645, 8.474384313497444 ], [ -61.390949479657259, 8.474953378203503 ], [ -61.387578661283428, 8.475346376046675 ], [ -61.385215779679591, 8.475743551870847 ], [ -61.382005339897546, 8.476878531336016 ], [ -61.379448679622698, 8.47802525473581 ], [ -61.376173613690142, 8.479377016393711 ], [ -61.373805970842113, 8.480931358870436 ], [ -61.372419277144324, 8.482417377367319 ], [ -61.371268194107863, 8.484031055674489 ], [ -61.369864861627093, 8.485173553275043 ], [ -61.367143794927252, 8.486518373194899 ], [ -61.36457250643106, 8.486806008075071 ], [ -61.362231372031253, 8.48635313901651 ], [ -61.358919100913326, 8.483626771869288 ], [ -61.356808543611017, 8.482333946361781 ], [ -61.3550801137918, 8.48088911844809 ], [ -61.353654575239084, 8.478704005208488 ], [ -61.352219929248918, 8.476509919397492 ], [ -61.350567343303986, 8.474323933760491 ], [ -61.348994653819503, 8.472590371624637 ], [ -61.347344367844414, 8.469870937986421 ], [ -61.345709947910933, 8.467694075857409 ], [ -61.34467177235755, 8.466261076721656 ], [ -61.343088890644566, 8.464789647826926 ], [ -61.341872027454002, 8.462668770050835 ], [ -61.341937068117652, 8.462325501439885 ], [ -61.342239915128609, 8.461567251637714 ], [ -61.342770151961595, 8.460746768817886 ], [ -61.343303604057304, 8.459166774386881 ], [ -61.343846389784751, 8.456981102906603 ], [ -61.343848697768181, 8.4569719051034 ], [ -61.343794283316143, 8.454819788818739 ], [ -61.342801355611222, 8.453432265031843 ], [ -61.34083183023629, 8.451082125963188 ], [ -61.338645429383917, 8.448477951678935 ], [ -61.338266924454707, 8.447928594233218 ], [ -61.33742710085982, 8.446709715896249 ], [ -61.336414959926152, 8.445575260379352 ], [ -61.335168646351271, 8.443978632642002 ], [ -61.334237503034785, 8.443007254121204 ], [ -61.333407616616149, 8.441728906638366 ], [ -61.332890933081444, 8.439393939133206 ], [ -61.332736516195389, 8.43517090861641 ], [ -61.332603052442778, 8.434528403791207 ], [ -61.3326299657136, 8.432494177549298 ], [ -61.331693915728003, 8.430637076153179 ], [ -61.331675535069493, 8.430600468058168 ], [ -61.331348039920577, 8.428618994248797 ], [ -61.331058465726372, 8.426284983742315 ], [ -61.329786542613846, 8.424326679955099 ], [ -61.327819862758261, 8.423468381482257 ], [ -61.326160816485924, 8.422864618468278 ], [ -61.324717955283646, 8.422659564102897 ], [ -61.323211216486648, 8.422544580814638 ], [ -61.322003789802636, 8.422494220171277 ], [ -61.320495698328543, 8.422686781813006 ], [ -61.318326124809772, 8.422568909622376 ], [ -61.315831721347415, 8.421961506864822 ], [ -61.314535523010584, 8.421458679032595 ], [ -61.313485811985501, 8.420631456165207 ], [ -61.312954994546224, 8.419499014697914 ], [ -61.312666866174233, 8.416857685512229 ], [ -61.312147993231662, 8.415056184808565 ], [ -61.311464310405128, 8.413185868805876 ], [ -61.311403219173741, 8.413018648619078 ], [ -61.310498167197615, 8.412336680561667 ], [ -61.308381055568823, 8.412707345952741 ], [ -61.306943523946359, 8.413370218163269 ], [ -61.305432109055502, 8.414349241894998 ], [ -61.303361299596595, 8.414493986906315 ], [ -61.301581841670192, 8.412370636852293 ], [ -61.297968020483154, 8.410329747921018 ], [ -61.296382089553298, 8.409644814237557 ], [ -61.29487783412894, 8.408960205794669 ], [ -61.293363617458937, 8.408501564931186 ], [ -61.292087077012006, 8.407664183024858 ], [ -61.291113058726644, 8.406159177216706 ], [ -61.290893978617042, 8.404349929915067 ], [ -61.291000655048052, 8.402795248104537 ], [ -61.290770091080269, 8.401537533026499 ], [ -61.290982489058152, 8.400733752470041 ], [ -61.290991706566246, 8.398627162229291 ], [ -61.290629299453585, 8.396374300865816 ], [ -61.288921586072895, 8.394477223884328 ], [ -61.288345051786848, 8.393443998452716 ], [ -61.287884276236511, 8.392926739595637 ], [ -61.286490543919271, 8.391917088366068 ], [ -61.28475746580984, 8.391683503442572 ], [ -61.283239966364178, 8.391975292026284 ], [ -61.282111534932724, 8.392576152650548 ], [ -61.281047021551984, 8.393095906237034 ], [ -61.280063207689977, 8.393842000561669 ], [ -61.279304340840213, 8.395050264334429 ], [ -61.278463392772231, 8.396330440801382 ], [ -61.277479269951421, 8.397148925986654 ], [ -61.276440562010642, 8.397994233368822 ], [ -61.27546551132199, 8.398794669190254 ], [ -61.274754368839091, 8.399469615410968 ], [ -61.273840138828795, 8.400894166445621 ], [ -61.273235172391125, 8.402202454430597 ], [ -61.272894675297159, 8.403231678435626 ], [ -61.272688004197398, 8.404803953828923 ], [ -61.271544813767918, 8.406679546143044 ], [ -61.270030286991599, 8.408327450756994 ], [ -61.268208121496919, 8.409757005454543 ], [ -61.266616282271499, 8.41041905840282 ], [ -61.265558398221906, 8.411472188120181 ], [ -61.264648615528323, 8.411884125368507 ], [ -61.263845267488065, 8.41285693230394 ], [ -61.263053242335054, 8.413341674534701 ], [ -61.262375639656817, 8.414622592888096 ], [ -61.26130299402098, 8.416950462393229 ], [ -61.26016435091914, 8.417786274151483 ], [ -61.259580940259518, 8.418308104186837 ], [ -61.258354246545757, 8.418510570401507 ], [ -61.256692706295695, 8.418503199296845 ], [ -61.255560821738015, 8.417829166957318 ], [ -61.254186861829005, 8.41645783324641 ], [ -61.251492001566476, 8.416075222122991 ], [ -61.2496723973643, 8.416898856887016 ], [ -61.248383153989352, 8.418918351066655 ], [ -61.247841010385322, 8.420353530797135 ], [ -61.247534311775567, 8.421925327304933 ], [ -61.247750453498938, 8.424340192971973 ], [ -61.247813989181459, 8.426365723601664 ], [ -61.248338178633681, 8.428926689292313 ], [ -61.248924040929772, 8.43189483173002 ], [ -61.248535286493123, 8.433547640803189 ], [ -61.247774247749419, 8.435198757266349 ], [ -61.246562531672573, 8.436097470846718 ], [ -61.244896550810623, 8.437066397244534 ], [ -61.243910517981952, 8.438264518385001 ], [ -61.243176997601914, 8.439843414734785 ], [ -61.242762986037114, 8.441044017482726 ], [ -61.24230289446902, 8.442398149542013 ], [ -61.242147714435973, 8.444576358906804 ], [ -61.241984208554371, 8.446609887333373 ], [ -61.241835041820096, 8.447477095257707 ], [ -61.241892278777279, 8.448860675629232 ], [ -61.241501214999609, 8.453008776284104 ], [ -61.240742509266362, 8.454126461808858 ], [ -61.239152730821722, 8.454282055921347 ], [ -61.237942696435056, 8.45481002309959 ], [ -61.235137108200732, 8.456750280328558 ], [ -61.232788249394531, 8.458095810436454 ], [ -61.230592435232936, 8.459740479480022 ], [ -61.228850588347697, 8.461387109028847 ], [ -61.22687159483899, 8.463258594423586 ], [ -61.225427637287922, 8.465286289322943 ], [ -61.22429196126992, 8.467387700351024 ], [ -61.224176712289832, 8.468761465786608 ], [ -61.223589891544655, 8.471977363089582 ], [ -61.221692247957591, 8.473921625750343 ], [ -61.218891995993893, 8.474659238079759 ], [ -61.215721182483392, 8.47502452180758 ], [ -61.212345286138977, 8.47455704768781 ], [ -61.209225471572751, 8.473710947798118 ], [ -61.206585167331376, 8.473246797418888 ], [ -61.20190214488575, 8.47270089190239 ], [ -61.198148603089749, 8.473415978637847 ], [ -61.194717139212685, 8.475154046680595 ], [ -61.191743353998973, 8.476116700813854 ], [ -61.188337850442942, 8.47811706943741 ], [ -61.185448519626839, 8.480418047824575 ], [ -61.1829122346494, 8.482937697119118 ], [ -61.18077524756346, 8.485522465638327 ], [ -61.178214067574942, 8.489461295562654 ], [ -61.17715327043534, 8.491038495976214 ], [ -61.175935227440533, 8.493211620566385 ], [ -61.174786696965349, 8.49606314658298 ], [ -61.173340923086535, 8.498388850162634 ], [ -61.17083223720757, 8.500791008955511 ], [ -61.16856968602341, 8.501078680811702 ], [ -61.166228963730326, 8.500615691356435 ], [ -61.164271490581761, 8.499783741694213 ], [ -61.162008820730229, 8.498190963622202 ], [ -61.159220849007632, 8.496297290818092 ], [ -61.157041418529587, 8.49440660151533 ], [ -61.155390459653788, 8.492138654275522 ], [ -61.152226685390957, 8.49099351925161 ], [ -61.149207216567959, 8.490075212473338 ], [ -61.145131199334607, 8.489829780354095 ], [ -61.141126328002031, 8.489892059222845 ], [ -61.13840293313504, 8.489725407794381 ], [ -61.135003971145132, 8.490314895321244 ], [ -61.132207616846955, 8.490220138530168 ], [ -61.129256108626883, 8.490287370501983 ], [ -61.126087753276323, 8.490118483543204 ], [ -61.122384426594891, 8.489802293186864 ], [ -61.117254453291849, 8.489696243559543 ], [ -61.114383551139625, 8.489989780818194 ], [ -61.110975557475811, 8.490569954070192 ], [ -61.107194871106032, 8.491229632374953 ], [ -61.103950948986842, 8.491665916719311 ], [ -61.100243210184054, 8.492253545504791 ], [ -61.097824597654785, 8.492910815860702 ], [ -61.09539866982059, 8.493206294253513 ], [ -61.092074569682303, 8.493334675956893 ], [ -61.089133686326157, 8.493094288905725 ], [ -61.086792459619545, 8.492784424204649 ], [ -61.081651635570111, 8.493057536634034 ], [ -61.077496667122873, 8.494094814096014 ], [ -61.074540747162288, 8.495056592955933 ], [ -61.071665035204695, 8.496326036252713 ], [ -61.068790775901157, 8.49728818363673 ], [ -61.066104140393762, 8.49886591267164 ], [ -61.064948629908642, 8.499321231154115 ], [ -61.063336657293512, 8.500271503049744 ], [ -61.061069234462003, 8.501534877941797 ], [ -61.05902049881405, 8.50265466430889 ], [ -61.055916186045835, 8.50422122405352 ], [ -61.053723210367998, 8.50511429977248 ], [ -61.050764189954698, 8.506681520232359 ], [ -61.048188009192124, 8.507943323167463 ], [ -61.0452379238072, 8.509510548287038 ], [ -61.04220613343935, 8.51107730951202 ], [ -61.039103979697238, 8.512191700098045 ], [ -61.036986298142232, 8.512551578403382 ], [ -61.034642413497949, 8.512765815870074 ], [ -61.033056445117552, 8.512161170645458 ], [ -61.031027478063635, 8.511165522163084 ], [ -61.029217112208194, 8.510035413964014 ], [ -61.026429650996398, 8.508213239591255 ], [ -61.024320850526365, 8.506846596776134 ], [ -61.021843314077543, 8.504800000330023 ], [ -61.020538709393648, 8.504232911072418 ], [ -61.018450998418338, 8.502305787145852 ], [ -61.017106973010421, 8.500563277024474 ], [ -61.015621572159887, 8.499832474929271 ], [ -61.014243482014251, 8.49941874528025 ], [ -61.012574564254884, 8.500838449797069 ], [ -61.010754230027651, 8.501660887119264 ], [ -61.008706956834729, 8.502482123275033 ], [ -61.006131105459119, 8.503671251133122 ], [ -61.003429319989991, 8.504633711096115 ], [ -61.000834835444913, 8.505895006059028 ], [ -60.999016911799224, 8.506265341157702 ], [ -60.997360317635575, 8.507025169700759 ], [ -60.994381447816927, 8.508881134361827 ], [ -60.992520179247549, 8.510580033434037 ], [ -60.989868970039147, 8.512274844959391 ], [ -60.988937355253896, 8.513318657025623 ], [ -60.987045831320643, 8.515596015862055 ], [ -60.985495721424606, 8.518552978990737 ], [ -60.985383737447819, 8.51913093290481 ], [ -60.98468346328638, 8.521079903738357 ], [ -60.984110530523253, 8.522975336318623 ], [ -60.983647817143314, 8.524636245030033 ], [ -60.983468368878377, 8.525955070789882 ], [ -60.983816928802788, 8.528759251277688 ], [ -60.983566450597259, 8.531506025335778 ], [ -60.983988829966357, 8.535811135585085 ], [ -60.984586697902792, 8.537821111310157 ], [ -60.984973073374299, 8.540327133926255 ], [ -60.98561592591097, 8.542436749252325 ], [ -60.986464022183334, 8.545216325620705 ], [ -60.987557519415169, 8.5479701040656 ], [ -60.988132154025351, 8.550947192663973 ], [ -60.987675207758784, 8.553231872051716 ], [ -60.987710157760141, 8.555220825193146 ], [ -60.987236342326305, 8.558987912938024 ], [ -60.986463672048288, 8.562590776012851 ], [ -60.986447056198081, 8.565754618793358 ], [ -60.986428097898653, 8.569361417757674 ], [ -60.985052429787402, 8.571912418189843 ], [ -60.983162412573876, 8.573819022961644 ], [ -60.981075725023267, 8.575136985991406 ], [ -60.978247353086367, 8.575881506145178 ], [ -60.973699554487133, 8.57546895090417 ], [ -60.969925559554383, 8.574698884077561 ], [ -60.965537656403868, 8.574974044151162 ], [ -60.96214713457217, 8.575534711134727 ], [ -60.95822144826959, 8.575993067903804 ], [ -60.953998867274663, 8.575907475142484 ], [ -60.95105149082611, 8.57683196130095 ], [ -60.948144471430822, 8.576988264324187 ], [ -60.944057198359531, 8.578774475465913 ], [ -60.941022571276498, 8.58071079679374 ], [ -60.938754748999038, 8.581910023092899 ], [ -60.934967145574355, 8.583688613105606 ], [ -60.930272913358039, 8.585173072777527 ], [ -60.926842270599046, 8.586429161021893 ], [ -60.922747988271581, 8.587808271900878 ], [ -60.919702566167643, 8.59002458707814 ], [ -60.917392243436559, 8.590672067195781 ], [ -60.914304582175511, 8.592309549132795 ], [ -60.912053522024316, 8.593743603430909 ], [ -60.909356824746915, 8.595292794464752 ], [ -60.907689951872094, 8.596187716971297 ], [ -60.905568041015563, 8.597233778105764 ], [ -60.903295977937709, 8.597519764114356 ], [ -60.898118805262072, 8.59761808507365 ], [ -60.8945813923131, 8.598439430102628 ], [ -60.893317769581493, 8.59866752691979 ], [ -60.891517568398413, 8.599028316904873 ], [ -60.890076336418694, 8.598514207466298 ], [ -60.887197876204418, 8.598426125958431 ], [ -60.885465494623517, 8.598018878605979 ], [ -60.883335111870764, 8.597320210316564 ], [ -60.881431734066283, 8.596640789575156 ], [ -60.879426377557337, 8.596331516052716 ], [ -60.8779255712356, 8.59512097659819 ], [ -60.875133222469032, 8.594246930998235 ], [ -60.873867194967893, 8.59163667523994 ], [ -60.872073605723571, 8.590831312108714 ], [ -60.869732820956315, 8.590411666636774 ], [ -60.866554426744415, 8.590394096312833 ], [ -60.863840794590963, 8.590080740215321 ], [ -60.862965826498481, 8.589018326666279 ], [ -60.86082772845603, 8.588102539261806 ], [ -60.857954647705277, 8.588692199899915 ], [ -60.855229489942843, 8.58882174642471 ], [ -60.852213668373686, 8.588958591734677 ], [ -60.85164132956622, 8.590618582995729 ], [ -60.850369815246978, 8.590629552545352 ], [ -60.848695476326952, 8.58961689775817 ], [ -60.847080642788711, 8.589318680190106 ], [ -60.845175304604865, 8.590618629393484 ], [ -60.842517073635413, 8.591760739210624 ], [ -60.840558881713392, 8.591153244110222 ], [ -60.838890382577915, 8.590719108049077 ], [ -60.837454273752137, 8.590946029618298 ], [ -60.835874717961332, 8.5908287390594 ], [ -60.834066776753872, 8.59096319376606 ], [ -60.83224539436754, 8.591856847255601 ], [ -60.830730585198317, 8.591549998253202 ], [ -60.829839237310722, 8.590189221113043 ], [ -60.821056665724264, 8.591947405306934 ], [ -60.817433326828507, 8.59192690488999 ], [ -60.815087582681905, 8.592410775814594 ], [ -60.812436861517966, 8.592233051353448 ], [ -60.810486352437067, 8.591887510729418 ], [ -60.808674471432305, 8.591127029328776 ], [ -60.807013564018476, 8.590963860669 ], [ -60.806215687515433, 8.590733397963112 ], [ -60.804825285320781, 8.590906219985181 ], [ -60.803385643619727, 8.590165922703939 ], [ -60.80240455725037, 8.590223611531158 ], [ -60.800510687179347, 8.591080556773658 ], [ -60.799338642329609, 8.591191332659196 ], [ -60.798132077468658, 8.590967473577923 ], [ -60.796719278311421, 8.590308647404822 ], [ -60.795678239723067, 8.589733263066295 ], [ -60.792511826886063, 8.589227051292509 ], [ -60.791284049461225, 8.5895454341508 ], [ -60.789320301326065, 8.589940940315829 ], [ -60.788435423058907, 8.589050059517337 ], [ -60.786622849056968, 8.588434088793365 ], [ -60.783751501533153, 8.588724853926289 ], [ -60.78147605828665, 8.589615662862554 ], [ -60.779968695843813, 8.589607000677942 ], [ -60.778147260578123, 8.590500387575071 ], [ -60.77663904501054, 8.590636267522052 ], [ -60.775957258631692, 8.590758845742103 ], [ -60.774522149534555, 8.590813846306355 ], [ -60.771968951856962, 8.591061257720419 ], [ -60.770372699598532, 8.592272212076768 ], [ -60.768702125021363, 8.592217342287796 ], [ -60.766518963611873, 8.592837369073996 ], [ -60.764108088200565, 8.593591744516981 ], [ -60.76347142588665, 8.593768772191398 ], [ -60.760237147790484, 8.594003134003128 ], [ -60.75781519336477, 8.595091731230388 ], [ -60.755015151223972, 8.595626761240323 ], [ -60.751386602426201, 8.596509368466446 ], [ -60.748499072229144, 8.598001937980996 ], [ -60.746077428380865, 8.599036242282009 ], [ -60.743659274583457, 8.599473992092618 ], [ -60.740627374665664, 8.600812030769418 ], [ -60.737298471393395, 8.601696259438322 ], [ -60.734420862535103, 8.603035126479334 ], [ -60.731845672103141, 8.603923791802501 ], [ -60.728965348092949, 8.60571442955357 ], [ -60.727301801936576, 8.606002917759227 ], [ -60.7251842232454, 8.606288609998824 ], [ -60.722451908073374, 8.607628230698872 ], [ -60.720326116580466, 8.609269642152672 ], [ -60.719118409412374, 8.609262499721769 ], [ -60.71776174183109, 8.60835057916211 ], [ -60.71443668821771, 8.608574916604084 ], [ -60.71217641770027, 8.606907510396873 ], [ -60.711573625106013, 8.605963958094161 ], [ -60.710300421333834, 8.604763375840026 ], [ -60.708290447317189, 8.603766232974102 ], [ -60.70644411085766, 8.602733923617132 ], [ -60.704959917924114, 8.601893504419724 ], [ -60.702537212804089, 8.601580843967762 ], [ -60.70103163786996, 8.601282624956326 ], [ -60.699700818753961, 8.600596842746977 ], [ -60.698197271048763, 8.599964243942074 ], [ -60.696177431609783, 8.599102551364615 ], [ -60.693828078641978, 8.597181411125558 ], [ -60.691462893493934, 8.596371943270416 ], [ -60.689278899010382, 8.595635765202601 ], [ -60.685357201899173, 8.59394922048484 ], [ -60.683556613214513, 8.5928899802486 ], [ -60.680544797417198, 8.590910685122372 ], [ -60.677532995494943, 8.588940335105917 ], [ -60.676036733082704, 8.587123687120014 ], [ -60.674671915110672, 8.587567360395857 ], [ -60.67406727764665, 8.586967203515318 ], [ -60.673320936900637, 8.585751652939917 ], [ -60.673095210986439, 8.585551485152022 ], [ -60.673382607218123, 8.584577109947841 ], [ -60.671782710082233, 8.584865682162475 ], [ -60.670109541878723, 8.585262299272156 ], [ -60.668582093677877, 8.584087186473825 ], [ -60.666454274870141, 8.583107247050565 ], [ -60.663832770706357, 8.581184360597772 ], [ -60.65916324640321, 8.578598399859047 ], [ -60.655105994490611, 8.573910250355597 ], [ -60.652503035029667, 8.571933190906336 ], [ -60.648293324176969, 8.568446083116378 ], [ -60.645736789171046, 8.566324707160323 ], [ -60.643332793540949, 8.564502545103039 ], [ -60.64091606527758, 8.563285805708144 ], [ -60.638819815409001, 8.561619117571583 ], [ -60.636858005308895, 8.560251444348149 ], [ -60.636202998710303, 8.558991218539523 ], [ -60.63453004422778, 8.557896487488154 ], [ -60.632587400769133, 8.556375297448575 ], [ -60.631089047778737, 8.554938128961732 ], [ -60.629583091349133, 8.553284074678514 ], [ -60.628377626740949, 8.552942261198176 ], [ -60.626186854406448, 8.551907556629843 ], [ -60.621355321727762, 8.55067590723527 ], [ -60.617889250797582, 8.548856160474559 ], [ -60.615180333628295, 8.547935689819942 ], [ -60.614081178271462, 8.546582303617134 ], [ -60.612351551844014, 8.547321796621102 ], [ -60.61110594918857, 8.547603277292097 ], [ -60.610028396337, 8.547144741276915 ], [ -60.608876297154382, 8.545537982645794 ], [ -60.606547039914773, 8.544890999689731 ], [ -60.604583917655624, 8.54523134903652 ], [ -60.602969561067781, 8.544959247809311 ], [ -60.601519057994025, 8.544615932572956 ], [ -60.600324109495055, 8.544066306113349 ], [ -60.599057295099286, 8.5433805800184 ], [ -60.597379070972785, 8.543171393282829 ], [ -60.595994654816103, 8.542430784177711 ], [ -60.593857366660508, 8.541586057095843 ], [ -60.592121198437198, 8.541927738462672 ], [ -60.588632656862586, 8.540848695012016 ], [ -60.585012282642339, 8.540518835613987 ], [ -60.582132535135365, 8.540808206698767 ], [ -60.579446959233351, 8.54197532461108 ], [ -60.578061989191731, 8.542780084192675 ], [ -60.577133380192755, 8.543180876515475 ], [ -60.575933575124346, 8.541971414928954 ], [ -60.570951492714222, 8.541642057971037 ], [ -60.5676307954366, 8.541313937242435 ], [ -60.565060673981073, 8.541451417373004 ], [ -60.561319569888774, 8.541572455212535 ], [ -60.559988721121847, 8.540994719532533 ], [ -60.556001216649364, 8.539885147391445 ], [ -60.553536208950447, 8.540637812459593 ], [ -60.551868650349014, 8.540175420873041 ], [ -60.547990496222603, 8.540440130564319 ], [ -60.545038735085065, 8.54063831237303 ], [ -60.543196959535948, 8.540464017220087 ], [ -60.539683096171267, 8.540541100888571 ], [ -60.535072211228758, 8.540394351686507 ], [ -60.529125376834408, 8.539073204696169 ], [ -60.52609844555181, 8.538267708456162 ], [ -60.524082277015751, 8.536980559720618 ], [ -60.52106619428055, 8.535903974117835 ], [ -60.516852755048056, 8.534675131084823 ], [ -60.513527089649664, 8.533750115179881 ], [ -60.50855318199951, 8.532218050185232 ], [ -60.505088218334855, 8.530388442337086 ], [ -60.496492024241235, 8.52751362836155 ], [ -60.494878379795189, 8.527168829475995 ], [ -60.492861299843732, 8.527454062407372 ], [ -60.490832470494631, 8.528136749647915 ], [ -60.488945071676106, 8.528025167729622 ], [ -60.486848448797076, 8.529358026190611 ], [ -60.485607048091879, 8.530407276811234 ], [ -60.484536068631691, 8.531755908132475 ], [ -60.481657768133118, 8.533246382319209 ], [ -60.479666138580882, 8.532411069793746 ], [ -60.477592980013512, 8.531548168535357 ], [ -60.475772834845785, 8.530867559807975 ], [ -60.474161100148692, 8.528859940722656 ], [ -60.473386945863957, 8.529243528118066 ], [ -60.47189499552308, 8.526974645944764 ], [ -60.469553484060604, 8.525522563550194 ], [ -60.468087340654705, 8.52622694956807 ], [ -60.466310380579863, 8.525880948289585 ], [ -60.463272919475052, 8.526728668545298 ], [ -60.462056944847475, 8.526666444798289 ], [ -60.460151750549116, 8.527873985176274 ], [ -60.459841701501702, 8.527816300861872 ], [ -60.457232386138031, 8.527330728591064 ], [ -60.455764721070913, 8.52826999391306 ], [ -60.454147032810667, 8.528548493309554 ], [ -60.456461152729773, 8.530027607712629 ], [ -60.453874339869806, 8.532721618008907 ], [ -60.45159011412094, 8.536321238293324 ], [ -60.450054273361516, 8.539320339261716 ], [ -60.448534445888967, 8.541262169410624 ], [ -60.448084814719778, 8.541991226548948 ], [ -60.44767962948616, 8.544229576094361 ], [ -60.44623003570134, 8.546515265002599 ], [ -60.444960742593388, 8.546281017019837 ], [ -60.44320526920707, 8.546793574653256 ], [ -60.440761425685871, 8.547075563092639 ], [ -60.439669413576986, 8.548848608907573 ], [ -60.439628203613168, 8.549571212994987 ], [ -60.438759247748479, 8.551914992660114 ], [ -60.437734687884912, 8.55172743878699 ], [ -60.436647481146672, 8.554132979093916 ], [ -60.437045145829423, 8.557108558818161 ], [ -60.436779693278119, 8.558787665677382 ], [ -60.43695745053936, 8.559367146782616 ], [ -60.436549953508234, 8.560566263329966 ], [ -60.436374625047193, 8.562345244419561 ], [ -60.435854876731206, 8.562694252652262 ], [ -60.434490177664102, 8.563137032734048 ], [ -60.434387506729699, 8.56490746136174 ], [ -60.432670520835963, 8.563730388176479 ], [ -60.431757707387241, 8.564474320590467 ], [ -60.43084293878578, 8.56551643510965 ], [ -60.430560458748346, 8.564312769711691 ], [ -60.429834535330777, 8.564271773551054 ], [ -60.428622458631345, 8.564959519899052 ], [ -60.428458301121054, 8.567777811369737 ], [ -60.427886944814617, 8.569039063734767 ], [ -60.427525549960784, 8.571485554587992 ], [ -60.42683238050418, 8.570622440709331 ], [ -60.425219560763374, 8.571497293199299 ], [ -60.424421599594858, 8.570009991728613 ], [ -60.423431339794874, 8.570120840277209 ], [ -60.422345893250252, 8.572237139128084 ], [ -60.42054850406484, 8.573562555897933 ], [ -60.419168197009981, 8.573616576037523 ], [ -60.416731548814667, 8.575506965621097 ], [ -60.414252888794344, 8.576881920001217 ], [ -60.413153354450195, 8.577046317110113 ], [ -60.411425891622116, 8.5774232132941 ], [ -60.409295985696332, 8.576902900739841 ], [ -60.408090275103667, 8.580662909169474 ], [ -60.407992793399167, 8.582993641108384 ], [ -60.406960036892002, 8.585345108110406 ], [ -60.40902979715154, 8.588042770360087 ], [ -60.411167477089251, 8.590108386146818 ], [ -60.41509085782242, 8.592583559298589 ], [ -60.417744317203763, 8.593559203672594 ], [ -60.419413414598601, 8.595115607297307 ], [ -60.419700224180552, 8.597006085805347 ], [ -60.418370064387403, 8.597693001029885 ], [ -60.417155608988153, 8.598714999619631 ], [ -60.416981310098066, 8.600322296997842 ], [ -60.416405793917953, 8.600842553677595 ], [ -60.415997102684059, 8.602213250327294 ], [ -60.41570782868358, 8.603358909638363 ], [ -60.414607314094809, 8.603649740680023 ], [ -60.413919446381826, 8.604675251056342 ], [ -60.412989517662403, 8.605247320247107 ], [ -60.412183016758078, 8.605016044905984 ], [ -60.411602849242215, 8.606222960277115 ], [ -60.410681252349654, 8.606903507607944 ], [ -60.409754009893845, 8.60707804075582 ], [ -60.409347525028089, 8.608105355499232 ], [ -60.409811824432595, 8.60925614558754 ], [ -60.409748713948893, 8.610520763702921 ], [ -60.408536981156537, 8.611145094453736 ], [ -60.408475108814862, 8.612229043457399 ], [ -60.408764581953029, 8.613721978413377 ], [ -60.407897688091417, 8.614357674071975 ], [ -60.406854034273529, 8.614296432159305 ], [ -60.405986834260716, 8.614977393040821 ], [ -60.405640068535554, 8.617902733862554 ], [ -60.406274515135955, 8.619397996291138 ], [ -60.406616062518559, 8.621234642938351 ], [ -60.406152404154327, 8.62265922888554 ], [ -60.40626652271451, 8.624557643117017 ], [ -60.406610543510688, 8.626041917474936 ], [ -60.40597147376949, 8.627880951244698 ], [ -60.40493135090923, 8.628623880444112 ], [ -60.40377078666021, 8.62839017368923 ], [ -60.403258673252552, 8.627591459291331 ], [ -60.401867942129478, 8.627817041194863 ], [ -60.401694828423281, 8.629243635782027 ], [ -60.401866929259235, 8.630627257276712 ], [ -60.400652678904237, 8.631594959547664 ], [ -60.400300204643194, 8.63268594854206 ], [ -60.400991941491277, 8.633774958433763 ], [ -60.40053123792093, 8.634747771292613 ], [ -60.399954463305136, 8.634120389191342 ], [ -60.398862127718701, 8.633200277760251 ], [ -60.397477311596013, 8.633886729851616 ], [ -60.396030983644479, 8.635602801207542 ], [ -60.392332045568807, 8.637430011859584 ], [ -60.389666632114533, 8.638170963798983 ], [ -60.382390351679916, 8.639991770603185 ], [ -60.380772585100395, 8.640215707906407 ], [ -60.372115397053754, 8.640834096885818 ], [ -60.369397846280457, 8.64123114968309 ], [ -60.365416307097988, 8.641908536179013 ], [ -60.363335120203558, 8.64219245171703 ], [ -60.361491572420547, 8.642252038106609 ], [ -60.358947764040373, 8.642469422585677 ], [ -60.356230951245145, 8.642757939873745 ], [ -60.353863619617272, 8.642407245847307 ], [ -60.353358448554445, 8.642212696671464 ], [ -60.532952034909407, 7.81746527700188 ], [ -60.533656976455099, 7.816901345363586 ], [ -60.535354730410411, 7.8148055398344 ], [ -60.536103514903722, 7.812288541358243 ], [ -60.536125029764101, 7.808610463376334 ], [ -60.535849684123242, 7.804158159180885 ], [ -60.537500036503381, 7.796579997432469 ], [ -61.641783986487262, 7.957618592892847 ], [ -61.642467604452946, 7.958105098521684 ], [ -61.643399048120202, 7.958976304228304 ], [ -61.643832644424521, 7.959529335413647 ], [ -61.644012103661673, 7.960117681146596 ], [ -61.644236984014675, 7.96069717417825 ], [ -61.644516068442037, 7.961331068442813 ], [ -61.644795918655753, 7.961738933663943 ], [ -61.645148372022021, 7.962147043239679 ], [ -61.645582700531904, 7.962474043029336 ], [ -61.646035288121659, 7.962755778674912 ], [ -61.646415737982366, 7.962910747269015 ], [ -61.647248642916146, 7.963419866433433 ], [ -61.647646507586003, 7.963800998052825 ], [ -61.647896527949733, 7.964995440777488 ], [ -61.648846318523567, 7.965812438807764 ], [ -61.64911734253905, 7.966138812254407 ], [ -61.649506275412044, 7.96650182709583 ], [ -61.649641451040807, 7.966764556420439 ], [ -61.649919666916816, 7.967669724403555 ], [ -61.649699849255576, 7.968329216405587 ], [ -61.649443277717417, 7.96910602808035 ], [ -61.648931299251132, 7.970325111736577 ], [ -61.64847180649425, 7.972150342604444 ], [ -61.648230641496909, 7.973768248369139 ], [ -61.648180246126941, 7.97531445239852 ], [ -61.648282681542931, 7.977268088447382 ], [ -61.648107480230415, 7.978144639172068 ], [ -61.647866464031466, 7.9797173272119 ], [ -61.647351975660492, 7.981696088538431 ], [ -61.647091283799448, 7.983720876207042 ], [ -61.647186229114205, 7.985195219601852 ], [ -61.647376520186029, 7.988026239257048 ], [ -61.64744921039113, 7.990739342334536 ], [ -61.647670092371619, 7.992539600291892 ], [ -61.64841707242887, 7.994341623095648 ], [ -61.648771146035735, 7.997028535057438 ], [ -61.648228964460309, 7.999133782869535 ], [ -61.647438565145869, 8.000002711947992 ], [ -61.647438267752037, 8.000002708518856 ], [ -61.646244187192593, 8.00131567419454 ], [ -61.644725416440217, 8.002468198286108 ], [ -61.643426032327483, 8.003115073151141 ], [ -61.642907778360431, 8.00348407259831 ], [ -61.642679550570584, 8.003908377447905 ], [ -61.642832367832646, 8.004342934966681 ], [ -61.64292206456998, 8.004632561099436 ], [ -61.643130094544439, 8.004814149705616 ], [ -61.643482675993475, 8.00520409314443 ], [ -61.643799012489048, 8.005548811804532 ], [ -61.643961569766546, 8.005775459860139 ], [ -61.644060590517881, 8.00600181953299 ], [ -61.644177662422578, 8.006255367524409 ], [ -61.644285644547679, 8.006536087178306 ], [ -61.64440274731993, 8.006780592621602 ], [ -61.644546880072895, 8.007079518268439 ], [ -61.644682193905226, 8.00731504264259 ], [ -61.644772088217756, 8.007568573286706 ], [ -61.644843895148846, 8.007794841024435 ], [ -61.644933979477422, 8.008003196951996 ], [ -61.645122932929311, 8.008483087074454 ], [ -61.645166575581499, 8.008989652185832 ], [ -61.645174729045252, 8.0092609181639 ], [ -61.645146564436828, 8.009541215612442 ], [ -61.645100516048885, 8.009767087186908 ], [ -61.64505418420304, 8.010065408773491 ], [ -61.644989734541639, 8.010345472849254 ], [ -61.644806526799144, 8.010869359240722 ], [ -61.644715027114955, 8.011122316392528 ], [ -61.644623209265966, 8.011447500724771 ], [ -61.644558182945531, 8.011908487186432 ], [ -61.644511789754901, 8.012224856150912 ], [ -61.644438396554776, 8.012477799599584 ], [ -61.644401136100086, 8.012776114193329 ], [ -61.644354730504503, 8.013074323237831 ], [ -61.644326792738475, 8.013309408968469 ], [ -61.644307730972194, 8.013580582766444 ], [ -61.644306933666599, 8.013815759178751 ], [ -61.644333267171611, 8.014087086004201 ], [ -61.644350644197949, 8.014313243973666 ], [ -61.644377099847418, 8.014548438215085 ], [ -61.64444875358442, 8.01481999127664 ], [ -61.64449266078028, 8.015281344163908 ], [ -61.644400229841921, 8.015787338456214 ], [ -61.64419924336481, 8.016202690561624 ], [ -61.643898597274735, 8.01659057983807 ], [ -61.643807250596375, 8.016798213017545 ], [ -61.643715429837812, 8.017123507416564 ], [ -61.643623910171058, 8.017349223978895 ], [ -61.64353250065799, 8.017575052952024 ], [ -61.643394807033964, 8.018062920575144 ], [ -61.643285204523742, 8.018270528173547 ], [ -61.643193794692031, 8.018496356979899 ], [ -61.643075120727069, 8.018703896878041 ], [ -61.642938223014028, 8.018956699494987 ], [ -61.642637354451118, 8.019398730107257 ], [ -61.642482557773988, 8.01957916948839 ], [ -61.642291039926441, 8.019876888661436 ], [ -61.642199524336299, 8.020111758613025 ], [ -61.642253133590664, 8.020365091661706 ], [ -61.642343157757949, 8.020591531450817 ], [ -61.64252394255589, 8.020772952591063 ], [ -61.642759692237433, 8.020818922432825 ], [ -61.643013891586918, 8.020774566699107 ], [ -61.643476146513777, 8.020884558708204 ], [ -61.643683209310616, 8.021364543956143 ], [ -61.643844975391062, 8.021826254521553 ], [ -61.643979348722937, 8.022351207289365 ], [ -61.644078280825333, 8.02260469212345 ], [ -61.644195583259624, 8.022813101174341 ], [ -61.644358072788712, 8.023039672151533 ], [ -61.644493236805793, 8.023320480541338 ], [ -61.644745636495799, 8.023818702538527 ], [ -61.644862675704843, 8.024072247652656 ], [ -61.644952518406285, 8.024352903580411 ], [ -61.645068811164656, 8.024859709649515 ], [ -61.645166862519019, 8.025384501725771 ], [ -61.645211303581263, 8.025655887517054 ], [ -61.645255407052218, 8.026026813114983 ], [ -61.645281649857722, 8.026325265221013 ], [ -61.645308136326456, 8.026551489750059 ], [ -61.645352700025782, 8.026786706023357 ], [ -61.645379094708346, 8.027040057500216 ], [ -61.645423689097264, 8.027266231374741 ], [ -61.64545002261486, 8.027537667451172 ], [ -61.64547632683896, 8.027818034654327 ], [ -61.645493422777839, 8.028116529216359 ], [ -61.645519703009256, 8.028414981420195 ], [ -61.645564333468613, 8.02864126671785 ], [ -61.6456360891031, 8.028894659329387 ], [ -61.645707898597983, 8.02912099860376 ], [ -61.645824976697703, 8.029374543238264 ], [ -61.646032161052212, 8.029809313409999 ], [ -61.646122096799267, 8.03006287840088 ], [ -61.646166624012054, 8.030298093751687 ], [ -61.646238546334558, 8.030524359964364 ], [ -61.64619213890191, 8.030822677647626 ], [ -61.646145231361899, 8.031301805825153 ], [ -61.646171536168822, 8.031582172452344 ], [ -61.64617067893365, 8.031835394281478 ], [ -61.646224101256202, 8.032133936523385 ], [ -61.64624151649879, 8.032360129832185 ], [ -61.646340244100678, 8.032685951830084 ], [ -61.646403019664142, 8.032912260498179 ], [ -61.646520153168744, 8.033138714186569 ], [ -61.646800014260563, 8.033555605917504 ], [ -61.646917282759965, 8.033764049799437 ], [ -61.647125058824514, 8.034035946370757 ], [ -61.647260435229214, 8.034244376549315 ], [ -61.64742315620132, 8.034425808685015 ], [ -61.647748354350121, 8.034860974086333 ], [ -61.648027911741941, 8.035368287738788 ], [ -61.648163075354546, 8.03563997654668 ], [ -61.648261321586574, 8.036119591148779 ], [ -61.648259646805492, 8.036625996975841 ], [ -61.648195195529837, 8.036906057667462 ], [ -61.648075699749896, 8.037366855379876 ], [ -61.647983341422645, 8.037872956640966 ], [ -61.647827403689426, 8.038378880661655 ], [ -61.647708433570294, 8.038695001876109 ], [ -61.647616917948383, 8.038929796433647 ], [ -61.647570829516155, 8.03915577558381 ], [ -61.647551921396733, 8.03938173453677 ], [ -61.647533018571153, 8.039616847333152 ], [ -61.647532200043209, 8.039869994438552 ], [ -61.647549541785288, 8.040096185946723 ], [ -61.647648669211549, 8.040304456843034 ], [ -61.647811393138753, 8.040485814179275 ], [ -61.648291817568648, 8.040604941390113 ], [ -61.648527538579749, 8.040651018822786 ], [ -61.648754470432131, 8.040624616779324 ], [ -61.648963526815301, 8.040507693525903 ], [ -61.649191031904515, 8.0403004824476 ], [ -61.649400698907819, 8.040002713502385 ], [ -61.649555644151725, 8.039768130977343 ], [ -61.649737887355684, 8.039542609138978 ], [ -61.649929005128968, 8.03935336000802 ], [ -61.650111155136557, 8.039155075989758 ], [ -61.650547487929728, 8.038876113736633 ], [ -61.651010597432595, 8.038760115823569 ], [ -61.651282759944863, 8.038760991104894 ], [ -61.651491112919651, 8.038852076216195 ], [ -61.651717646862551, 8.03894325952324 ], [ -61.652207019991558, 8.039098656752158 ], [ -61.652323415341428, 8.039578293444499 ], [ -61.652204471995177, 8.039876293482809 ], [ -61.652094697910009, 8.040156313831201 ], [ -61.651957824000789, 8.040390919966621 ], [ -61.651884460075074, 8.040634892692159 ], [ -61.651956244408446, 8.040870197880151 ], [ -61.652100636196508, 8.04109670391761 ], [ -61.652281389642077, 8.041323443473985 ], [ -61.652462131160604, 8.041531986381845 ], [ -61.652697189466416, 8.041785997380016 ], [ -61.653022513413809, 8.0421758348373 ], [ -61.653203078109591, 8.042447784830967 ], [ -61.653464653254801, 8.042909821452229 ], [ -61.653527281802397, 8.043181265242922 ], [ -61.653598852702004, 8.043479976869179 ], [ -61.65364326942953, 8.043760401660283 ], [ -61.653650746551108, 8.044266836736064 ], [ -61.653559170888528, 8.044519790309144 ], [ -61.653186052873615, 8.044862224824298 ], [ -61.652777012260181, 8.045095956353205 ], [ -61.652567986204787, 8.045203764539812 ], [ -61.652358814297259, 8.045365826564611 ], [ -61.65196772632472, 8.045644940140773 ], [ -61.651713132056912, 8.045824934374588 ], [ -61.651531009485758, 8.046014287203272 ], [ -61.651394225246591, 8.046221765739453 ], [ -61.651257440465095, 8.046429281271497 ], [ -61.651211237602915, 8.046700471526741 ], [ -61.651210444753673, 8.046935532799212 ], [ -61.651327467449072, 8.047207269489929 ], [ -61.651099423792168, 8.047595363501747 ], [ -61.650917392758956, 8.047757515110499 ], [ -61.650753353481996, 8.047964938667347 ], [ -61.65066191109144, 8.048199807617637 ], [ -61.650597551236181, 8.048452740236366 ], [ -61.650524093910093, 8.048723838453514 ], [ -61.650459427385954, 8.049067304480785 ], [ -61.650413286192837, 8.04932029866564 ], [ -61.650485070646269, 8.049555640061287 ], [ -61.650693060834989, 8.049755305860355 ], [ -61.650901326696257, 8.049873517384206 ], [ -61.651155045118479, 8.04996479124082 ], [ -61.651400186580581, 8.049920364505473 ], [ -61.651654569507023, 8.049803666416759 ], [ -61.651936450274867, 8.04961472197213 ], [ -61.652299134541295, 8.049688238934239 ], [ -61.652534380349266, 8.049887921454477 ], [ -61.652832552242046, 8.050259692952 ], [ -61.652930409521467, 8.05085685195691 ], [ -61.652929343145424, 8.051173292736022 ], [ -61.652928587408702, 8.051408428004663 ], [ -61.652954835646518, 8.051706912872037 ], [ -61.652972028260209, 8.051978276854074 ], [ -61.653043753759356, 8.052231664945394 ], [ -61.653142884551237, 8.052440044627085 ], [ -61.653351091150142, 8.052576339414676 ], [ -61.653577875343615, 8.052595183515008 ], [ -61.653831670405424, 8.052686419706866 ], [ -61.654248052546222, 8.052968161965858 ], [ -61.654428829505008, 8.053167660704275 ], [ -61.654636640046753, 8.053421577790161 ], [ -61.654799278949724, 8.053630095346719 ], [ -61.654962009748395, 8.053811449141579 ], [ -61.655124252749175, 8.054137552330928 ], [ -61.655196106845828, 8.054363924801963 ], [ -61.655285954813671, 8.054635457781698 ], [ -61.655357589683867, 8.054916045923353 ], [ -61.655400979452281, 8.055513020564449 ], [ -61.655409047865433, 8.055811406515964 ], [ -61.655408133926009, 8.056082746650281 ], [ -61.655342942567735, 8.056616062378808 ], [ -61.655159843365418, 8.057094765725903 ], [ -61.654904032954477, 8.057645527916252 ], [ -61.654767155175755, 8.057880169740237 ], [ -61.654739121706591, 8.058133334589169 ], [ -61.654765578198642, 8.058359443323413 ], [ -61.655018090168895, 8.058821482043847 ], [ -61.65529803972629, 8.059229358854967 ], [ -61.655487976347111, 8.059392717737447 ], [ -61.655696132335834, 8.059556138050342 ], [ -61.656012220526982, 8.060009346537818 ], [ -61.656273861009538, 8.060444287593615 ], [ -61.656435650724298, 8.060906021906904 ], [ -61.656453018754995, 8.061159227295294 ], [ -61.656524746450287, 8.061412687794432 ], [ -61.656595811420416, 8.061874155722681 ], [ -61.656576943671901, 8.062100112780431 ], [ -61.656593992847618, 8.062425765678821 ], [ -61.656601240012442, 8.062968363193741 ], [ -61.656573306479437, 8.063203332403621 ], [ -61.656554400204001, 8.063429400039485 ], [ -61.656580012059173, 8.063917805347243 ], [ -61.656579197603932, 8.064170986332391 ], [ -61.656605655237804, 8.064397094258828 ], [ -61.656623039072201, 8.064623283008075 ], [ -61.656649351442638, 8.064903644259893 ], [ -61.656720410682141, 8.065356031690694 ], [ -61.65676476895969, 8.065654648497187 ], [ -61.656836609847154, 8.065908035532242 ], [ -61.65695366361583, 8.066161683512298 ], [ -61.657070830327768, 8.066415221552072 ], [ -61.657277985566012, 8.066877105679902 ], [ -61.657394888205623, 8.067175927115752 ], [ -61.657484776819409, 8.06744745832097 ], [ -61.657556505498405, 8.067700954896205 ], [ -61.657628326728307, 8.067927213831211 ], [ -61.657762811091928, 8.06841598145787 ], [ -61.657879825484194, 8.068714840879519 ], [ -61.657996797334789, 8.069004546069021 ], [ -61.658041308637181, 8.069257951503472 ], [ -61.65811280961664, 8.069601758819919 ], [ -61.658112056269275, 8.069836891838394 ], [ -61.658120126086516, 8.070135312571082 ], [ -61.658073661688483, 8.070451672430041 ], [ -61.658045727997731, 8.070686677855621 ], [ -61.658026632972479, 8.070957954884674 ], [ -61.657953147258539, 8.071237981964376 ], [ -61.657842700885681, 8.071716925786399 ], [ -61.657751031155982, 8.0719970028782 ], [ -61.657659355829502, 8.072267926197535 ], [ -61.657567760256974, 8.07254800403105 ], [ -61.657476121482127, 8.072818964721005 ], [ -61.657411669840513, 8.073099095427098 ], [ -61.657383600532022, 8.073352183871592 ], [ -61.65736473141898, 8.073578250764438 ], [ -61.657344883065157, 8.07408458574082 ], [ -61.657270787154197, 8.074545565694997 ], [ -61.657160948811772, 8.074843555149855 ], [ -61.657042340405916, 8.075051204287835 ], [ -61.656932731127959, 8.075258808718118 ], [ -61.656859425358725, 8.075484693519384 ], [ -61.656858574274672, 8.075737835488139 ], [ -61.656839461544465, 8.076036238926969 ], [ -61.656865700271034, 8.076316597634451 ], [ -61.656883067760276, 8.076569912127663 ], [ -61.65693678162301, 8.076796109918893 ], [ -61.656999493502852, 8.077022374182025 ], [ -61.657071358474738, 8.077257786207729 ], [ -61.657260365850505, 8.077710564579466 ], [ -61.657286679258199, 8.077990923873854 ], [ -61.657258547947556, 8.078262169959892 ], [ -61.657147917368619, 8.078795327366175 ], [ -61.657056186009235, 8.079093413364733 ], [ -61.656936968789616, 8.079481866759146 ], [ -61.656899710348412, 8.079780208997589 ], [ -61.656853366371635, 8.08006036173998 ], [ -61.656825461133188, 8.080286397934135 ], [ -61.65680627513882, 8.080584688638314 ], [ -61.656713934540292, 8.081063652996711 ], [ -61.656667755088918, 8.081316754254731 ], [ -61.656666788574633, 8.081615143325164 ], [ -61.656674857295648, 8.081913599286615 ], [ -61.656646861487253, 8.082166687371926 ], [ -61.656645917750701, 8.082447065838087 ], [ -61.656672095873319, 8.082745507756469 ], [ -61.656698438342978, 8.083016935427004 ], [ -61.656769567772706, 8.083460276903482 ], [ -61.656786534611712, 8.083821983684965 ], [ -61.656794755073811, 8.084075266013162 ], [ -61.656838964269852, 8.0844189790435 ], [ -61.656910617345247, 8.084717684626478 ], [ -61.656999734193057, 8.085197254108548 ], [ -61.657097626822051, 8.085776316842587 ], [ -61.657114958861179, 8.086029518473737 ], [ -61.657141301740786, 8.086300945650041 ], [ -61.657140395452046, 8.086581323932583 ], [ -61.657139544490306, 8.086834464420066 ], [ -61.657147857257698, 8.087060546071076 ], [ -61.657165204935943, 8.087286731678077 ], [ -61.657236883529805, 8.08756724106996 ], [ -61.657307838428302, 8.088073876172814 ], [ -61.657306810613228, 8.088390422380813 ], [ -61.657305868520083, 8.088670688763347 ], [ -61.657168259597995, 8.089131453048447 ], [ -61.656849298850275, 8.089537357941984 ], [ -61.656666986692315, 8.089790002992244 ], [ -61.656503034124398, 8.089979340190512 ], [ -61.656348222030104, 8.090159666023695 ], [ -61.655974828714349, 8.090574430703695 ], [ -61.655774583610274, 8.090763646290135 ], [ -61.655537984590538, 8.090970898629555 ], [ -61.655310574266615, 8.091132896467629 ], [ -61.655101438338129, 8.09126782919876 ], [ -61.654874270033311, 8.091357601718114 ], [ -61.65517332141934, 8.091476112768692 ], [ -61.655427365926087, 8.091476962180662 ], [ -61.655699570395548, 8.091495919990059 ], [ -61.65618914873405, 8.091606024847431 ], [ -61.656669508951474, 8.091770351528289 ], [ -61.657113667310881, 8.091907541598093 ], [ -61.657367445618043, 8.091998773712353 ], [ -61.657847593832351, 8.092226393445516 ], [ -61.658083226365974, 8.092317564604832 ], [ -61.658337021420621, 8.092381706329135 ], [ -61.65860885382989, 8.092500235607318 ], [ -61.658817304695077, 8.092591316008868 ], [ -61.659052937574558, 8.09268248670041 ], [ -61.659306641831236, 8.092773754005984 ], [ -61.659759876123715, 8.092910860790468 ], [ -61.660294858276345, 8.093021187421822 ], [ -61.660548977932336, 8.093022035125697 ], [ -61.660803077070454, 8.092995755344296 ], [ -61.661329388517906, 8.092997472664063 ], [ -61.661628701625332, 8.093016516680756 ], [ -61.662163806425475, 8.093090599130033 ], [ -61.662689966438123, 8.093137525162438 ], [ -61.662944102703946, 8.093111244738578 ], [ -61.663243702386424, 8.093066994483742 ], [ -61.663724816202198, 8.092996258345581 ], [ -61.664233035227035, 8.092970785780372 ], [ -61.664532635570623, 8.092926460653631 ], [ -61.664859544513284, 8.092855210929642 ], [ -61.665367854117584, 8.092802611147722 ], [ -61.665894181767435, 8.092777196801773 ], [ -61.666193592158535, 8.092778191558089 ], [ -61.666674198642745, 8.0928701724634 ], [ -61.667164006211308, 8.092935057383482 ], [ -61.667644672602499, 8.09300902741975 ], [ -61.667898529649975, 8.093055080290414 ], [ -61.668134406068589, 8.093073910544593 ], [ -61.668433551774491, 8.093165324656368 ], [ -61.668913917467584, 8.093329639615996 ], [ -61.66935786964325, 8.093530075969031 ], [ -61.66961165098229, 8.093621301884205 ], [ -61.669838310347345, 8.093694390876228 ], [ -61.670065039715915, 8.093713189296604 ], [ -61.670618118638195, 8.093850617531194 ], [ -61.670853844295436, 8.093914693674984 ], [ -61.671107702520324, 8.093960707864893 ], [ -61.671334361398124, 8.094033870283845 ], [ -61.671588309743065, 8.094052795222501 ], [ -61.671887758512305, 8.094053749993016 ], [ -61.672214366205282, 8.094072878730261 ], [ -61.672513724164638, 8.09410099624712 ], [ -61.672785742878141, 8.094165154543953 ], [ -61.673039638158386, 8.094211205242592 ], [ -61.673438830546921, 8.094230573338091 ], [ -61.673801790906687, 8.094231737059026 ], [ -61.67403800768836, 8.094114970029555 ], [ -61.67423825520661, 8.093934715916678 ], [ -61.674655781196982, 8.093908933372729 ], [ -61.674864069628057, 8.094027243489323 ], [ -61.67507238952679, 8.094136400330775 ], [ -61.675507069203867, 8.094409063711486 ], [ -61.675878109560912, 8.09470871664111 ], [ -61.676022474058357, 8.09496237302201 ], [ -61.676157277010411, 8.095351666217336 ], [ -61.676292569166712, 8.095605255417325 ], [ -61.676527123180634, 8.096022041456965 ], [ -61.67673448874028, 8.096429658373953 ], [ -61.676941614216403, 8.096909611177423 ], [ -61.677040614698292, 8.097163080169175 ], [ -61.67711241753431, 8.097398485994843 ], [ -61.677202411868791, 8.097642920419451 ], [ -61.67731940781163, 8.09794173326687 ], [ -61.677409358024448, 8.098177124729883 ], [ -61.677526444339755, 8.098448811445094 ], [ -61.6776434639877, 8.098729502612022 ], [ -61.677733420779873, 8.098974010450528 ], [ -61.677823446161135, 8.099209365509738 ], [ -61.677940518217397, 8.099463004190913 ], [ -61.678175143027865, 8.099870709992217 ], [ -61.678427811039924, 8.100287442472835 ], [ -61.678707899778395, 8.100677213908245 ], [ -61.679051426931089, 8.101067193640064 ], [ -61.679214181333613, 8.101248572186417 ], [ -61.679376996298899, 8.101411829637847 ], [ -61.679793050109375, 8.101820131922965 ], [ -61.680028299846072, 8.102028949372508 ], [ -61.680236384219988, 8.102210439486367 ], [ -61.680643666028267, 8.102528291208312 ], [ -61.68105999245067, 8.102855140296809 ], [ -61.681476213092878, 8.103236315809413 ], [ -61.681846911132595, 8.103653509072023 ], [ -61.682217452771127, 8.104106869436624 ], [ -61.682407362335248, 8.104297340720951 ], [ -61.682588152919209, 8.104523987856274 ], [ -61.682750745072354, 8.104732527045305 ], [ -61.682913501988708, 8.104913904050731 ], [ -61.683139621739905, 8.105140736752896 ], [ -61.683347745272457, 8.105322262769409 ], [ -61.683555742397495, 8.105530877101547 ], [ -61.683926832903921, 8.105830522797413 ], [ -61.684134770202995, 8.106057257816557 ], [ -61.684414866558093, 8.106447024901783 ], [ -61.684395193242629, 8.106908179365899 ], [ -61.684367225782779, 8.107134101836017 ], [ -61.684348038381735, 8.107459627208216 ], [ -61.684346937742099, 8.107803296067038 ], [ -61.684373446871909, 8.108029434806525 ], [ -61.68446345517701, 8.108237660412664 ], [ -61.684653619716251, 8.108373990735251 ], [ -61.684879967399084, 8.108510327768229 ], [ -61.685115671815666, 8.108583438740311 ], [ -61.685342393106112, 8.108629356894399 ], [ -61.685596483487934, 8.108630191628494 ], [ -61.685850626368193, 8.10860389995589 ], [ -61.686358919774541, 8.108560321551696 ], [ -61.686748340959632, 8.108805698451638 ], [ -61.687229504104423, 8.108734904006214 ], [ -61.687438489355593, 8.108645169054725 ], [ -61.687647623837684, 8.108510224253918 ], [ -61.687856788492269, 8.108366200351131 ], [ -61.688038830380663, 8.108203966564581 ], [ -61.688247964519078, 8.108069021484724 ], [ -61.68842996813791, 8.107906861213785 ], [ -61.688821293097376, 8.107564434996828 ], [ -61.689075606937855, 8.107474847571725 ], [ -61.68934793327864, 8.107448576968478 ], [ -61.689629295288931, 8.107422372569271 ], [ -61.690065597933639, 8.107197639376658 ], [ -61.690474820690937, 8.106918675638841 ], [ -61.690911211930199, 8.106666815776247 ], [ -61.691374523805912, 8.106505538306701 ], [ -61.691719435398355, 8.106479540996038 ], [ -61.692209244603518, 8.106526316508853 ], [ -61.692689883760323, 8.106636356885957 ], [ -61.693197578510222, 8.106773684917394 ], [ -61.69363244254761, 8.106973994415135 ], [ -61.694003242634267, 8.107364052094402 ], [ -61.694120400367254, 8.107617575628684 ], [ -61.694282276630389, 8.10807932384747 ], [ -61.694398653134705, 8.108558969716936 ], [ -61.694469848627612, 8.108993294988553 ], [ -61.694495886974039, 8.109364067177372 ], [ -61.694522221457298, 8.109644530986573 ], [ -61.696781605718378, 8.109660800489504 ], [ -61.833474875850285, 8.110074343854906 ], [ -61.836716228050477, 8.110083606108326 ], [ -61.846101150095244, 8.110110234462775 ], [ -61.853323410804428, 8.110130614171867 ], [ -61.88043084527915, 8.110205841597068 ], [ -61.885407224479735, 8.110219467434488 ], [ -61.953804739086195, 8.110400480481648 ], [ -61.980733240264634, 8.11046858302133 ], [ -61.998304324159356, 8.110512061699913 ], [ -62.002230503527748, 8.110521684387123 ], [ -62.005581414596527, 8.110529869026625 ], [ -62.00558148896188, 8.110529869831369 ], [ -62.005583720326072, 8.110529856921108 ], [ -62.01069308653544, 8.110542285679164 ], [ -62.012746552807201, 8.108130198080467 ], [ -62.086276513558857, 8.021728804357808 ], [ -62.127436119262676, 8.027644734717635 ], [ -62.175928906914983, 8.113609180743193 ], [ -62.17589226564214, 8.113627918477835 ], [ -62.176066492071008, 8.113852872191808 ], [ -62.18005489488025, 8.120921522510258 ], [ -62.08008425907213, 8.590338744119732 ] ] ] } },
{ "type": "Feature", "properties": { "capa": "P3" }, "geometry": { "type": "Polygon", "coordinates": [ [ [ -60.545637775485233, 8.54059809408685 ], [ -60.545038735085065, 8.54063831237303 ], [ -60.543196959535948, 8.540464017220087 ], [ -60.539683096171267, 8.540541100888571 ], [ -60.535072211228758, 8.540394351686507 ], [ -60.529125376834408, 8.539073204696169 ], [ -60.52609844555181, 8.538267708456162 ], [ -60.524082277015751, 8.536980559720618 ], [ -60.52106619428055, 8.535903974117835 ], [ -60.516852755048056, 8.534675131084823 ], [ -60.513527089649664, 8.533750115179881 ], [ -60.50855318199951, 8.532218050185232 ], [ -60.505088218334855, 8.530388442337086 ], [ -60.496492024241235, 8.52751362836155 ], [ -60.494878379795189, 8.527168829475995 ], [ -60.492861299843732, 8.527454062407372 ], [ -60.490832470494631, 8.528136749647915 ], [ -60.488945071676106, 8.528025167729622 ], [ -60.486848448797076, 8.529358026190611 ], [ -60.485607048091879, 8.530407276811234 ], [ -60.484536068631691, 8.531755908132475 ], [ -60.481657768133118, 8.533246382319209 ], [ -60.479666138580882, 8.532411069793746 ], [ -60.477592980013512, 8.531548168535357 ], [ -60.475772834845785, 8.530867559807975 ], [ -60.474161100148692, 8.528859940722656 ], [ -60.473386945863957, 8.529243528118066 ], [ -60.47189499552308, 8.526974645944764 ], [ -60.469553484060604, 8.525522563550194 ], [ -60.468087340654705, 8.52622694956807 ], [ -60.466310380579863, 8.525880948289585 ], [ -60.463272919475052, 8.526728668545298 ], [ -60.462056944847475, 8.526666444798289 ], [ -60.460151750549116, 8.527873985176274 ], [ -60.459841701501702, 8.527816300861872 ], [ -60.457232386138031, 8.527330728591064 ], [ -60.455764721070913, 8.52826999391306 ], [ -60.454147032810667, 8.528548493309554 ], [ -60.456461152729773, 8.530027607712629 ], [ -60.453874339869806, 8.532721618008907 ], [ -60.45159011412094, 8.536321238293324 ], [ -60.450054273361516, 8.539320339261716 ], [ -60.448534445888967, 8.541262169410624 ], [ -60.448084814719778, 8.541991226548948 ], [ -60.44767962948616, 8.544229576094361 ], [ -60.44623003570134, 8.546515265002599 ], [ -60.444960742593388, 8.546281017019837 ], [ -60.44320526920707, 8.546793574653256 ], [ -60.440761425685871, 8.547075563092639 ], [ -60.439669413576986, 8.548848608907573 ], [ -60.439628203613168, 8.549571212994987 ], [ -60.438759247748479, 8.551914992660114 ], [ -60.437734687884912, 8.55172743878699 ], [ -60.436647481146672, 8.554132979093916 ], [ -60.437045145829423, 8.557108558818161 ], [ -60.436779693278119, 8.558787665677382 ], [ -60.43695745053936, 8.559367146782616 ], [ -60.436549953508234, 8.560566263329966 ], [ -60.436374625047193, 8.562345244419561 ], [ -60.435854876731206, 8.562694252652262 ], [ -60.434490177664102, 8.563137032734048 ], [ -60.434387506729699, 8.56490746136174 ], [ -60.432670520835963, 8.563730388176479 ], [ -60.431757707387241, 8.564474320590467 ], [ -60.43084293878578, 8.56551643510965 ], [ -60.430560458748346, 8.564312769711691 ], [ -60.429834535330777, 8.564271773551054 ], [ -60.428622458631345, 8.564959519899052 ], [ -60.428458301121054, 8.567777811369737 ], [ -60.427886944814617, 8.569039063734767 ], [ -60.427525549960784, 8.571485554587992 ], [ -60.42683238050418, 8.570622440709331 ], [ -60.425219560763374, 8.571497293199299 ], [ -60.424421599594858, 8.570009991728613 ], [ -60.423431339794874, 8.570120840277209 ], [ -60.422345893250252, 8.572237139128084 ], [ -60.42054850406484, 8.573562555897933 ], [ -60.419168197009981, 8.573616576037523 ], [ -60.416731548814667, 8.575506965621097 ], [ -60.414252888794344, 8.576881920001217 ], [ -60.413153354450195, 8.577046317110113 ], [ -60.411425891622116, 8.5774232132941 ], [ -60.409295985696332, 8.576902900739841 ], [ -60.408090275103667, 8.580662909169474 ], [ -60.407992793399167, 8.582993641108384 ], [ -60.406960036892002, 8.585345108110406 ], [ -60.40902979715154, 8.588042770360087 ], [ -60.411167477089251, 8.590108386146818 ], [ -60.41509085782242, 8.592583559298589 ], [ -60.417744317203763, 8.593559203672594 ], [ -60.419413414598601, 8.595115607297307 ], [ -60.419700224180552, 8.597006085805347 ], [ -60.418370064387403, 8.597693001029885 ], [ -60.417155608988153, 8.598714999619631 ], [ -60.416981310098066, 8.600322296997842 ], [ -60.416405793917953, 8.600842553677595 ], [ -60.415997102684059, 8.602213250327294 ], [ -60.41570782868358, 8.603358909638363 ], [ -60.414607314094809, 8.603649740680023 ], [ -60.413919446381826, 8.604675251056342 ], [ -60.412989517662403, 8.605247320247107 ], [ -60.412183016758078, 8.605016044905984 ], [ -60.411602849242215, 8.606222960277115 ], [ -60.410681252349654, 8.606903507607944 ], [ -60.409754009893845, 8.60707804075582 ], [ -60.409347525028089, 8.608105355499232 ], [ -60.409811824432595, 8.60925614558754 ], [ -60.409748713948893, 8.610520763702921 ], [ -60.408536981156537, 8.611145094453736 ], [ -60.408475108814862, 8.612229043457399 ], [ -60.408764581953029, 8.613721978413377 ], [ -60.407897688091417, 8.614357674071975 ], [ -60.406854034273529, 8.614296432159305 ], [ -60.405986834260716, 8.614977393040821 ], [ -60.405640068535554, 8.617902733862554 ], [ -60.406274515135955, 8.619397996291138 ], [ -60.406616062518559, 8.621234642938351 ], [ -60.406152404154327, 8.62265922888554 ], [ -60.40626652271451, 8.624557643117017 ], [ -60.406610543510688, 8.626041917474936 ], [ -60.40597147376949, 8.627880951244698 ], [ -60.40493135090923, 8.628623880444112 ], [ -60.40377078666021, 8.62839017368923 ], [ -60.403258673252552, 8.627591459291331 ], [ -60.401867942129478, 8.627817041194863 ], [ -60.401694828423281, 8.629243635782027 ], [ -60.401866929259235, 8.630627257276712 ], [ -60.400652678904237, 8.631594959547664 ], [ -60.400300204643194, 8.63268594854206 ], [ -60.400991941491277, 8.633774958433763 ], [ -60.40053123792093, 8.634747771292613 ], [ -60.399954463305136, 8.634120389191342 ], [ -60.398862127718701, 8.633200277760251 ], [ -60.397477311596013, 8.633886729851616 ], [ -60.396030983644479, 8.635602801207542 ], [ -60.392332045568807, 8.637430011859584 ], [ -60.389666632114533, 8.638170963798983 ], [ -60.382390351679916, 8.639991770603185 ], [ -60.380772585100395, 8.640215707906407 ], [ -60.372115397053754, 8.640834096885818 ], [ -60.369397846280457, 8.64123114968309 ], [ -60.365416307097988, 8.641908536179013 ], [ -60.363335120203558, 8.64219245171703 ], [ -60.361491572420547, 8.642252038106609 ], [ -60.358947764040373, 8.642469422585677 ], [ -60.356230951245145, 8.642757939873745 ], [ -60.353863619617272, 8.642407245847307 ], [ -60.351617954846489, 8.641542400474128 ], [ -60.349541129069507, 8.64119369587001 ], [ -60.347687365423241, 8.641424804283043 ], [ -60.345498841383957, 8.641472958922369 ], [ -60.3441625817809, 8.641698592536599 ], [ -60.342781666935544, 8.641815489013387 ], [ -60.341046312737483, 8.64198422187148 ], [ -60.340700957833512, 8.642036041494524 ], [ -60.336260679044109, 8.639511343316107 ], [ -60.333320454453478, 8.638009001803734 ], [ -60.330889602074208, 8.637666861969398 ], [ -60.328182374663882, 8.637891939656644 ], [ -60.325124361402558, 8.637653771883826 ], [ -60.322291097662216, 8.636441253491235 ], [ -60.320679070805589, 8.635869776568146 ], [ -60.318940964845964, 8.636435881358027 ], [ -60.313229666888347, 8.635221327989035 ], [ -60.310915890683773, 8.636307420891937 ], [ -60.30884181020118, 8.636880187810652 ], [ -60.306183335234429, 8.636644667332884 ], [ -60.303528921181694, 8.635830874087276 ], [ -60.300876125698068, 8.634800322396329 ], [ -60.284248320294544, 8.63413168308837 ], [ -60.281193296828576, 8.633495620181517 ], [ -60.277901455408866, 8.632975357479594 ], [ -60.273974106660603, 8.632450486351168 ], [ -60.270682242845304, 8.631930138957902 ], [ -60.267400336308015, 8.631292395467669 ], [ -60.264278576458985, 8.631116601161265 ], [ -60.26029811023038, 8.631675446949199 ], [ -60.256946047982318, 8.631958723649088 ], [ -60.254231165176364, 8.632011582112867 ], [ -60.251635948660578, 8.631830396041085 ], [ -60.245113226580727, 8.629931375557867 ], [ -60.241481521451597, 8.628721710056677 ], [ -60.23761134598336, 8.627853565536368 ], [ -60.233857632830137, 8.627212159780349 ], [ -60.230518082079108, 8.627034526155381 ], [ -60.22779634450567, 8.626797984670961 ], [ -60.224397482300049, 8.626041622377757 ], [ -60.222033611213128, 8.625292719536425 ], [ -60.219379524492211, 8.624487411013153 ], [ -60.211526579041603, 8.622063407683354 ], [ -60.208182474789709, 8.620051410684221 ], [ -60.205823763782945, 8.618615774346424 ], [ -60.202939291688629, 8.617058877315268 ], [ -60.20057019220588, 8.615794857714926 ], [ -60.198613675880921, 8.615211404353527 ], [ -60.19629904938062, 8.616414201992477 ], [ -60.193411153074621, 8.616573764539943 ], [ -60.187877704620398, 8.613588083414614 ], [ -60.184996904235405, 8.612780919183159 ], [ -60.182051078684076, 8.612199205700596 ], [ -60.179227117070731, 8.612305035705743 ], [ -60.175756140897079, 8.61275830591239 ], [ -60.170158492033345, 8.61354834014746 ], [ -60.166870704642108, 8.612566448165785 ], [ -60.16214022107669, 8.609062410720602 ], [ -60.159202125129205, 8.607450646696497 ], [ -60.155971917040027, 8.606062530369345 ], [ -60.153435488320149, 8.605366227352778 ], [ -60.150261052212862, 8.605017466862209 ], [ -60.147320561188089, 8.60495049181433 ], [ -60.144146625845089, 8.604547497811685 ], [ -60.141665058570901, 8.603797318910345 ], [ -60.139647905735188, 8.602869830409679 ], [ -60.136760910609816, 8.601719074497199 ], [ -60.134861670336782, 8.600801498227129 ], [ -60.133239960821278, 8.600391986664581 ], [ -60.131745785084149, 8.599929152537158 ], [ -60.130297751999834, 8.599358244176607 ], [ -60.129033086726608, 8.598553729152778 ], [ -60.12770318251188, 8.59797467062149 ], [ -60.122975950621395, 8.59653001617963 ], [ -60.119567913683483, 8.59589024427823 ], [ -60.116285742923139, 8.59542299943802 ], [ -60.113918014400376, 8.595251705301413 ], [ -60.111208500900283, 8.594671300950308 ], [ -60.108896967143984, 8.594265464292251 ], [ -60.106421340215583, 8.59396685854359 ], [ -60.103475802895076, 8.594595151701935 ], [ -60.101511812156723, 8.595050135078994 ], [ -60.098389586737881, 8.595035655936707 ], [ -60.096373784766946, 8.593945436658041 ], [ -60.09401314535031, 8.592852592683659 ], [ -60.091818958392132, 8.592555940886266 ], [ -60.085064091737515, 8.591628662549009 ], [ -60.082759672489217, 8.591502753142271 ], [ -60.079927915206973, 8.591499363804097 ], [ -60.076240108435705, 8.590685491567728 ], [ -60.073300048291379, 8.589416548939585 ], [ -60.069954271522043, 8.587801174858198 ], [ -60.066955518820421, 8.585908350039963 ], [ -60.064021296276351, 8.583889554564553 ], [ -60.061599610826207, 8.582507079765881 ], [ -60.053123426048593, 8.5765343345562 ], [ -60.050308215271748, 8.574398963540428 ], [ -60.04799925469554, 8.573712858579897 ], [ -60.045342360378584, 8.573412551335093 ], [ -60.043157212325248, 8.571977501232542 ], [ -60.041658437050764, 8.569797993396959 ], [ -60.039470410477222, 8.567559011194449 ], [ -60.037458642555329, 8.565998838247268 ], [ -60.036078851062562, 8.563702713882522 ], [ -60.034873604346927, 8.561128047230609 ], [ -60.032967897611037, 8.55877371986624 ], [ -60.031009256233794, 8.557394688737364 ], [ -60.029459075078208, 8.556009648023748 ], [ -60.028247350552363, 8.554284009673539 ], [ -60.026178561417908, 8.55307565664339 ], [ -60.024505842740844, 8.55227693010559 ], [ -60.022953755804224, 8.549979584156741 ], [ -60.021797442433709, 8.548136843844196 ], [ -60.019781783368565, 8.547100561819089 ], [ -60.018343295714843, 8.546529413390195 ], [ -60.014200655197875, 8.542450555358011 ], [ -60.012753314968542, 8.541870292430708 ], [ -60.010280455584351, 8.541291142059858 ], [ -60.008146871288098, 8.54025392276268 ], [ -60.006411831880925, 8.539328238155372 ], [ -60.00491932147056, 8.537555145062983 ], [ -60.003479035060707, 8.536062548150401 ], [ -60.002272075036409, 8.53490602881986 ], [ -60.001174351941216, 8.533705174485837 ], [ -60.000120868009567, 8.532658174417911 ], [ -59.999850770386807, 8.532385163129419 ], [ -59.816793193314865, 8.301392762491336 ], [ -59.816746838825878, 8.300389834596745 ], [ -59.815977899652871, 8.299047062567118 ], [ -59.814765249543314, 8.297628353401569 ], [ -59.813706692225402, 8.296219939044949 ], [ -59.812565427488671, 8.294946415071056 ], [ -59.812259489288998, 8.293525965900143 ], [ -59.811789792490103, 8.291056595681251 ], [ -59.811255986803623, 8.289787812386152 ], [ -59.80958929581756, 8.288455888372173 ], [ -59.808072023998754, 8.286592196547122 ], [ -59.80663208026337, 8.28413316679527 ], [ -59.805566954287364, 8.282417571389223 ], [ -59.804790895910529, 8.279719935523133 ], [ -59.805005424138251, 8.277852110137983 ], [ -59.804392494976881, 8.276275686783499 ], [ -59.803551055779302, 8.274932221903038 ], [ -59.804299356813019, 8.274333121366601 ], [ -59.806549214659235, 8.273041529884708 ], [ -59.807892888893846, 8.271688437711052 ], [ -59.809613844991105, 8.270771916152135 ], [ -59.810892339822651, 8.270764036243547 ], [ -59.812014126009935, 8.269933078577669 ], [ -59.813204354244753, 8.268497493006786 ], [ -59.814399864611637, 8.267522529269655 ], [ -59.816286509428515, 8.267429194469742 ], [ -59.817935536458037, 8.267568757085762 ], [ -59.820032892911485, 8.266059048443219 ], [ -59.820849485684263, 8.264855291482029 ], [ -59.821141359466594, 8.263502781997127 ], [ -59.821037632999413, 8.261740774068148 ], [ -59.820842728645246, 8.261170258594873 ], [ -59.819889881755948, 8.26128006652397 ], [ -59.819313437296117, 8.260805799143791 ], [ -59.819877930006292, 8.259374216337434 ], [ -59.820340340028231, 8.258230876291043 ], [ -59.820327690193523, 8.256424437047192 ], [ -59.819940853298803, 8.254913021134287 ], [ -59.819832832770707, 8.253674856730921 ], [ -59.820881553744691, 8.254044390474359 ], [ -59.821739960066459, 8.253283536417428 ], [ -59.821760357639413, 8.252994611712305 ], [ -59.821562429754692, 8.25280340468664 ], [ -59.821392625449427, 8.252494965449955 ], [ -59.821340427730611, 8.252214615024021 ], [ -59.821179194392819, 8.251978456021858 ], [ -59.821064058946547, 8.251634378569735 ], [ -59.821220226065044, 8.251382673932829 ], [ -59.82145709068147, 8.25124006354336 ], [ -59.821694181810877, 8.251070367459224 ], [ -59.821931627215342, 8.250855429449247 ], [ -59.822070636523044, 8.250477284379903 ], [ -59.822164269927114, 8.25009863849756 ], [ -59.822207745974467, 8.249195797223623 ], [ -59.822205755734281, 8.248310611596597 ], [ -59.82209944276007, 8.24800276104682 ], [ -59.821911652850098, 8.247676076297305 ], [ -59.821905639624411, 8.247296738609862 ], [ -59.821909245366292, 8.246845172878558 ], [ -59.821951172364322, 8.246131930050645 ], [ -59.821990335639036, 8.24577102559531 ], [ -59.822031719704484, 8.245130036398537 ], [ -59.822081408794318, 8.24458852393014 ], [ -59.822174333408668, 8.244300286601051 ], [ -59.822721002232889, 8.243961358182521 ], [ -59.823075732348656, 8.243819675914811 ], [ -59.823365421653278, 8.243867152851344 ], [ -59.82383692546037, 8.243861828384698 ], [ -59.824172798378996, 8.243810317948554 ], [ -59.824582449488425, 8.243596757670002 ], [ -59.824884891260901, 8.243192768261855 ], [ -59.825069969038637, 8.242715557841263 ], [ -59.825065692502193, 8.242119421128336 ], [ -59.825015812329099, 8.241550017690559 ], [ -59.82500384689687, 8.240782150307266 ], [ -59.824906471670488, 8.240483402037839 ], [ -59.824804922518695, 8.239579364405206 ], [ -59.824684026482217, 8.238819707201797 ], [ -59.824688498970033, 8.23825975853301 ], [ -59.824874960598549, 8.237610953381441 ], [ -59.825051098523872, 8.237124638378871 ], [ -59.825419043398917, 8.236459194069278 ], [ -59.825696534772675, 8.235765960184738 ], [ -59.825829460618948, 8.23501732635696 ], [ -59.936936570238529, 8.215047929340411 ], [ -59.936936866634035, 8.215048007870818 ], [ -59.936936644615365, 8.215047930448041 ], [ -59.943328398049118, 8.213898079551067 ], [ -59.944431199334041, 8.211955410594207 ], [ -59.944108193890301, 8.210327049213541 ], [ -59.944286721348824, 8.208323077734065 ], [ -59.94487382117012, 8.205057641270853 ], [ -59.945108532684316, 8.204002599752705 ], [ -59.945431196764019, 8.202117128408531 ], [ -59.945692644364016, 8.199933165260447 ], [ -59.94586607888867, 8.198588523659334 ], [ -59.946337332733592, 8.19741785366662 ], [ -59.946799621756867, 8.196247086208729 ], [ -59.947895581999738, 8.19518950593814 ], [ -59.948991574831005, 8.194131923225841 ], [ -59.951190714974935, 8.1934530222963 ], [ -59.952515230007542, 8.193336483485746 ], [ -59.954429957898043, 8.193098080503811 ], [ -59.956143781013317, 8.19305683882293 ], [ -59.958790539162408, 8.19312194526089 ], [ -59.961738202465867, 8.192963446771083 ], [ -59.964215867182517, 8.19262081671973 ], [ -59.967325868710134, 8.19137050430678 ], [ -59.969925215925244, 8.19052291246817 ], [ -59.97304004584376, 8.189841633164795 ], [ -59.974886061523982, 8.189096729336233 ], [ -59.976674212490032, 8.187610604188983 ], [ -59.978525338279589, 8.184986776956956 ], [ -59.97956884389685, 8.182465267996184 ], [ -59.98027159899646, 8.179435449085311 ], [ -59.981034781883785, 8.175592965831392 ], [ -59.982081243513512, 8.172674062835805 ], [ -59.983518707642922, 8.170787771440821 ], [ -59.985427096406283, 8.168959251657752 ], [ -59.987043756789014, 8.167363399177338 ], [ -59.988894804109563, 8.16593184387566 ], [ -59.991376487004359, 8.163818417813543 ], [ -59.992538926714623, 8.162336565292568 ], [ -59.993290023312042, 8.161303306558011 ], [ -59.993753133515312, 8.159987845062671 ], [ -59.992610708879432, 8.156375136441383 ], [ -59.991176915798896, 8.154142237217497 ], [ -59.989741044238691, 8.152189505959406 ], [ -59.988076051428003, 8.15057825318805 ], [ -59.985770772646092, 8.148510544307889 ], [ -59.983879544755119, 8.146843449748086 ], [ -59.981982245115603, 8.144778793451277 ], [ -59.981010841826041, 8.142549398292315 ], [ -59.980899886641652, 8.140425761413912 ], [ -59.981535997246581, 8.137792793871622 ], [ -59.983045441982014, 8.135961197374597 ], [ -59.985068026615657, 8.134594099278468 ], [ -59.987143747565739, 8.133399068597731 ], [ -59.989159520327618, 8.131733854355735 ], [ -59.990836470981989, 8.130535835414868 ], [ -59.992688950391369, 8.128878381199346 ], [ -59.993952677172636, 8.127162295452122 ], [ -59.995000905321461, 8.125164625808093 ], [ -59.996621477406038, 8.121780104526195 ], [ -59.996972602834745, 8.119659867550954 ], [ -59.997381141514104, 8.117142562806976 ], [ -59.997791310910706, 8.114390428687102 ], [ -59.998320146408702, 8.111530790350503 ], [ -59.999014411712842, 8.109584679245428 ], [ -60.00000643675353, 8.107821409084684 ], [ -60.001047310105761, 8.105588784631863 ], [ -60.000990889713293, 8.103411363611016 ], [ -60.000362975903528, 8.101292910768972 ], [ -60.000205489437995, 8.098084935384771 ], [ -60.000610091923072, 8.096082496352464 ], [ -60.000896121887422, 8.094703624979633 ], [ -60.00101421902648, 8.094134304448197 ], [ -60.001142463304731, 8.091497490034426 ], [ -60.001033405470693, 8.089093761456494 ], [ -60.000974373902338, 8.087259538265045 ], [ -60.001447680600556, 8.085772578189982 ], [ -60.002311479483744, 8.08417097381821 ], [ -60.003818003307487, 8.082682442512001 ], [ -60.00554900790933, 8.081484588708209 ], [ -60.008663241222351, 8.079538168693466 ], [ -60.00831681857089, 8.078569031476171 ], [ -60.008212944446846, 8.076680251091529 ], [ -60.007755996971845, 8.074725737559573 ], [ -60.007183662187678, 8.072436044417303 ], [ -60.006381310778714, 8.069394988083365 ], [ -60.005764337251883, 8.065786144735267 ], [ -60.00616970683739, 8.06366626969584 ], [ -60.006927629634077, 8.061666337425402 ], [ -60.008310029161009, 8.059779389893038 ], [ -60.010040906747058, 8.058581542895263 ], [ -60.012464354469977, 8.056864819754308 ], [ -60.014948628513181, 8.05550072881484 ], [ -60.018233531084626, 8.053727002532826 ], [ -60.021117839721747, 8.05218513696396 ], [ -60.023433256730563, 8.050359064903057 ], [ -60.02527818521483, 8.048421132229821 ], [ -60.026501754601334, 8.044699135451026 ], [ -60.02690647802477, 8.042633359463219 ], [ -60.027833908175332, 8.040977911918732 ], [ -60.029795818557155, 8.039149302904224 ], [ -60.031642689127004, 8.038177967741394 ], [ -60.034240945537348, 8.037320412123329 ], [ -60.035735103898048, 8.037502899720987 ], [ -60.0386672877571, 8.039339750361535 ], [ -60.041085052647503, 8.03962822882222 ], [ -60.043568418448778, 8.038372268488672 ], [ -60.044605771926648, 8.036545954899756 ], [ -60.045593351543751, 8.034086783999854 ], [ -60.046866352796556, 8.032253100659984 ], [ -60.048308210138188, 8.030881233778066 ], [ -60.049865448003679, 8.029853505427704 ], [ -60.052001887735649, 8.028938340291049 ], [ -60.054482219463189, 8.028088917441025 ], [ -60.056844408414157, 8.027292712335541 ], [ -60.059148074584037, 8.027065313942554 ], [ -60.061680666970666, 8.027760909342584 ], [ -60.063472276540622, 8.02816218845096 ], [ -60.065935051920988, 8.031034408264919 ], [ -60.067431670402783, 8.032129148291769 ], [ -60.069734126653245, 8.032073316803681 ], [ -60.071640363150401, 8.03293603005466 ], [ -60.074049513087154, 8.034434768897267 ], [ -60.076242498422843, 8.035751289210236 ], [ -60.078946707420606, 8.036556449177882 ], [ -60.080620014058951, 8.035764333594893 ], [ -60.082230021377491, 8.034962651881814 ], [ -60.084132905666692, 8.035021328613031 ], [ -60.085051573010702, 8.035831905975192 ], [ -60.085913151021487, 8.037030496781771 ], [ -60.086663406236106, 8.03858061831982 ], [ -60.087697559665941, 8.039726243672144 ], [ -60.08924491841276, 8.040080536835253 ], [ -60.09046185889305, 8.039736804902331 ], [ -60.091319302927189, 8.040248760483696 ], [ -60.092935069941333, 8.039907841618383 ], [ -60.094032906287651, 8.039744001260239 ], [ -60.095006920985192, 8.040428393347923 ], [ -60.096336724630511, 8.039516400125853 ], [ -60.096510836434518, 8.037972772546498 ], [ -60.097093250875396, 8.036368832692411 ], [ -60.099338013915315, 8.035517352463932 ], [ -60.101705551881452, 8.035235878878574 ], [ -60.104126819407377, 8.035063248520883 ], [ -60.106144342908394, 8.03558337230904 ], [ -60.1068955681585, 8.034441330550774 ], [ -60.107761115974121, 8.033815032722737 ], [ -60.109431651110043, 8.033411186551252 ], [ -60.110902726755477, 8.031358341659079 ], [ -60.111866583537157, 8.030013286010789 ], [ -60.115490144869895, 8.025142152615988 ], [ -60.121708981329625, 8.015943573080742 ], [ -60.127695533759741, 8.007511096781098 ], [ -60.131390038207151, 8.00279371046855 ], [ -60.133663553390058, 8.00039725299019 ], [ -60.135870336151605, 7.998452084326888 ], [ -60.136579069422652, 7.998195037522221 ], [ -60.137216303460889, 7.997792854714969 ], [ -60.137763720957828, 7.997272659353702 ], [ -60.13880447126504, 7.99617766774703 ], [ -60.139342966607217, 7.995639328665434 ], [ -60.139908406673051, 7.995137329989568 ], [ -60.140500775292601, 7.994662591172156 ], [ -60.142313851292492, 7.99329281704154 ], [ -60.142906232817609, 7.992827081362584 ], [ -60.144665269620539, 7.991393805020576 ], [ -60.145266623143428, 7.990937165310701 ], [ -60.14589501630234, 7.990507823839406 ], [ -60.146532158315189, 7.990105663766442 ], [ -60.147187457216248, 7.989712734954955 ], [ -60.149152879611869, 7.988578818703397 ], [ -60.149825898195949, 7.988240216858644 ], [ -60.150525864289932, 7.987937806535644 ], [ -60.151225581923249, 7.987662595389486 ], [ -60.154069569948483, 7.986616097302103 ], [ -60.154787312216726, 7.986359006072136 ], [ -60.156204803834015, 7.985826659015595 ], [ -60.157613335510355, 7.985276203017152 ], [ -60.158313235549763, 7.984982823906142 ], [ -60.161094874142144, 7.983773235474962 ], [ -60.161776799268495, 7.983452647124034 ], [ -60.16244991693231, 7.983095942862557 ], [ -60.163105102124184, 7.982711885781231 ], [ -60.165025579676211, 7.98151443442453 ], [ -60.166282196290915, 7.980655696047501 ], [ -60.166919327905497, 7.980262477795686 ], [ -60.167592380570049, 7.979914808570724 ], [ -60.168274353442492, 7.979585168452703 ], [ -60.169665166702131, 7.978980310530357 ], [ -60.170364976652301, 7.978686912809496 ], [ -60.171073778653493, 7.978411730448572 ], [ -60.171773604308044, 7.978127374206482 ], [ -60.173155452521222, 7.97750436456584 ], [ -60.17383745566984, 7.977174717115657 ], [ -60.174510425641351, 7.97682700005706 ], [ -60.175147602435622, 7.976424765346686 ], [ -60.175757944154796, 7.975968142367101 ], [ -60.176332246736834, 7.975484165218353 ], [ -60.176897627929584, 7.974982083245778 ], [ -60.17747191088062, 7.974489061051486 ], [ -60.178073214546224, 7.974032378637528 ], [ -60.178710497164978, 7.973612165160601 ], [ -60.179347592206902, 7.973209923465604 ], [ -60.179957869889002, 7.972762300109982 ], [ -60.180442267713445, 7.972178360243526 ], [ -60.180890514904746, 7.971567065076546 ], [ -60.181491681333213, 7.971119382289103 ], [ -60.18214687310148, 7.970735335941002 ], [ -60.182810890287548, 7.97037843460025 ], [ -60.183299436986815, 7.970139050068647 ], [ -60.652700035170987, 8.037749992511532 ], [ -60.636651027182211, 8.112972999835176 ], [ -60.545637775485233, 8.54059809408685 ] ] ] } },
{ "type": "Feature", "properties": { "capa": "P4" }, "geometry": { "type": "Polygon", "coordinates": [ [ [ -60.521200030696349, 7.871779998068303 ], [ -60.532953292375019, 7.817464271070113 ], [ -60.533656976455099, 7.816901345363586 ], [ -60.535354730410411, 7.8148055398344 ], [ -60.536103514903722, 7.812288541358243 ], [ -60.536125029764101, 7.808610463376334 ], [ -60.535847668140271, 7.804125560668541 ], [ -60.540012375007841, 7.784935975168187 ], [ -60.541759064248666, 7.782615449963863 ], [ -60.545266608528095, 7.777800699235872 ], [ -60.549932601661773, 7.773200460114911 ], [ -60.554596646216034, 7.768916462221235 ], [ -60.558406457961624, 7.765043201300322 ], [ -60.561566038796173, 7.762368134959063 ], [ -60.563581763222309, 7.760066004371803 ], [ -60.564128471102904, 7.756390874419875 ], [ -60.564036077624444, 7.753552548216754 ], [ -60.564492067582705, 7.748295301751556 ], [ -60.564820088233724, 7.746408269439543 ], [ -60.565356378262663, 7.744522526046284 ], [ -60.566845300335622, 7.742425256097778 ], [ -60.568638579062061, 7.740962337826824 ], [ -60.574871934581971, 7.737843702568893 ], [ -60.579000792774167, 7.735137772280364 ], [ -60.581017482281638, 7.732618612761049 ], [ -60.580194723718577, 7.729143433364512 ], [ -60.578520939339356, 7.727136694565304 ], [ -60.576533906573545, 7.724450323128923 ], [ -60.573494561051838, 7.722010926590128 ], [ -60.57045871555767, 7.718947987480189 ], [ -60.568362229008244, 7.71641457170965 ], [ -60.567850633344101, 7.713989655266056 ], [ -60.567446405338046, 7.710200595460178 ], [ -60.568622799159392, 7.707260979867236 ], [ -60.569474303345061, 7.705693242190566 ], [ -60.571601926656115, 7.702759087344918 ], [ -60.5739373338033, 7.699934436067983 ], [ -60.575432558921406, 7.696680335363296 ], [ -60.576071920794504, 7.694162403604505 ], [ -60.576732357780493, 7.689538800030419 ], [ -60.576954980379355, 7.687018618251323 ], [ -60.577920460696596, 7.684502531432739 ], [ -60.581102859687626, 7.680842109025563 ], [ -60.585235910505453, 7.67728640248786 ], [ -60.588630645905972, 7.672895037259613 ], [ -60.588654934549169, 7.668584194603986 ], [ -60.587587589931758, 7.666680219465498 ], [ -60.58737153140796, 7.666444084423834 ], [ -60.586894139623496, 7.665962411886817 ], [ -60.586218353520032, 7.665316865653679 ], [ -60.585885808943054, 7.664845098984788 ], [ -60.585870486693352, 7.664338921664652 ], [ -60.58601814112231, 7.663869772370358 ], [ -60.586184308986432, 7.663310356992358 ], [ -60.586623607897891, 7.662517471151309 ], [ -60.587107835049792, 7.661797181871703 ], [ -60.587755308717881, 7.661023516014446 ], [ -60.588739525688922, 7.659980621900777 ], [ -60.589532171276375, 7.659189804921885 ], [ -60.590034707448389, 7.658415309517331 ], [ -60.59041057674736, 7.657622110734875 ], [ -60.590577602808644, 7.656918067356428 ], [ -60.59058739764145, 7.655173845800572 ], [ -60.59041011071664, 7.654486016591211 ], [ -60.590127133587941, 7.653246184329884 ], [ -60.590068421545219, 7.652405398798861 ], [ -60.590155343574281, 7.651456914696475 ], [ -60.5901639295775, 7.649920510348919 ], [ -60.590022521877444, 7.649296146110434 ], [ -60.589564027182739, 7.648669981478003 ], [ -60.588990297147241, 7.647600326796204 ], [ -60.588658602534466, 7.646974888081354 ], [ -60.588598659616586, 7.646359898999741 ], [ -60.588748789128381, 7.645429918456641 ], [ -60.589071658191024, 7.644401430774456 ], [ -60.589447482436228, 7.6436081536944 ], [ -60.589579728379981, 7.642632779891327 ], [ -60.589556092258945, 7.642009054799779 ], [ -60.589349725555657, 7.641646464330763 ], [ -60.588800406625019, 7.64107391939299 ], [ -60.586952149474051, 7.639509122559794 ], [ -60.586213562112263, 7.638763927652731 ], [ -60.586028397852942, 7.637868146476494 ], [ -60.58607712348369, 7.637253858016393 ], [ -60.586325421451235, 7.636586466388876 ], [ -60.586744835963607, 7.636109785353034 ], [ -60.587145513778466, 7.635723404877329 ], [ -60.587600121628583, 7.635427722493707 ], [ -60.588207890330565, 7.635277431039738 ], [ -60.590101338176751, 7.635233770170414 ], [ -60.59121476410931, 7.63535751201434 ], [ -60.592047087231073, 7.635551928280031 ], [ -60.592959659924965, 7.635963726213827 ], [ -60.593600268218779, 7.636419191044994 ], [ -60.594041652420941, 7.636864417163573 ], [ -60.594219961680849, 7.63737152183508 ], [ -60.594586804476641, 7.638187038974243 ], [ -60.595023960811183, 7.639400507480493 ], [ -60.595615442047396, 7.640533489515417 ], [ -60.596236695200169, 7.641214873169462 ], [ -60.596921971582255, 7.641779029987344 ], [ -60.597481760281063, 7.642116477355534 ], [ -60.598431347432928, 7.6423929152456 ], [ -60.599038049085571, 7.64243245685864 ], [ -60.59963701524601, 7.642227950638303 ], [ -60.600407451047111, 7.642150805695693 ], [ -60.601258816107837, 7.64217361983123 ], [ -60.601964652401193, 7.642313143430601 ], [ -60.602796610109799, 7.64257077365115 ], [ -60.603582407475074, 7.642981864665876 ], [ -60.604186172709596, 7.643554614333552 ], [ -60.605060397906264, 7.644354743231669 ], [ -60.606529833516426, 7.645628233478262 ], [ -60.607342157880616, 7.646156960337206 ], [ -60.608564809790813, 7.646217946782265 ], [ -60.609542206825125, 7.646376977623779 ], [ -60.610791390525939, 7.646546630490841 ], [ -60.612059772271543, 7.646526532902549 ], [ -60.613329440448929, 7.646262359971242 ], [ -60.614490574358598, 7.645979547947507 ], [ -60.615488612137142, 7.64569589061858 ], [ -60.616016086827472, 7.645328224329655 ], [ -60.616663336125185, 7.644590692302438 ], [ -60.617647424183417, 7.643547734821125 ], [ -60.618959932488842, 7.642099820124046 ], [ -60.619881266871801, 7.640939020575886 ], [ -60.620701737128144, 7.640003593175467 ], [ -60.621350573861832, 7.638976799634611 ], [ -60.622081880898477, 7.637778795990753 ], [ -60.622503107153896, 7.63696764922963 ], [ -60.622897061989839, 7.636156465649397 ], [ -60.623364548116335, 7.635164832388375 ], [ -60.623641443022393, 7.634235445331657 ], [ -60.623764312284443, 7.633305155424867 ], [ -60.623768729981464, 7.632500846057324 ], [ -60.62354666773458, 7.628423459685976 ], [ -60.623696533973074, 7.627529489557292 ], [ -60.623846337529969, 7.626653718521089 ], [ -60.623894930527605, 7.626048430070234 ], [ -60.623500085944421, 7.625368367573417 ], [ -60.623185271227179, 7.624969029560765 ], [ -60.622878558181419, 7.624741351064775 ], [ -60.622354797629377, 7.624440262660809 ], [ -60.62192106134605, 7.624248002676648 ], [ -60.621380371090119, 7.623738918314937 ], [ -60.62076730079918, 7.623211355327365 ], [ -60.620100028745505, 7.622656367239581 ], [ -60.619332513156671, 7.622227346067017 ], [ -60.618628680774897, 7.621735431110196 ], [ -60.618195680079531, 7.621407731644974 ], [ -60.617844945746214, 7.620953894232785 ], [ -60.617575631843941, 7.620509538917462 ], [ -60.617560621679978, 7.619940083508664 ], [ -60.617626214098031, 7.619551760777097 ], [ -60.617854473887071, 7.619227697406141 ], [ -60.61820943901531, 7.618913285999399 ], [ -60.618646569919406, 7.618490898457377 ], [ -60.619319898883518, 7.617952319744481 ], [ -60.620002021205664, 7.617449926451364 ], [ -60.620547994302569, 7.617001027514666 ], [ -60.620885877503504, 7.616505861372478 ], [ -60.620969765110353, 7.616072488893919 ], [ -60.620953737289568, 7.61568376222696 ], [ -60.621055314006561, 7.615331808409236 ], [ -60.621039592328799, 7.614906981587058 ], [ -60.621169326866671, 7.614383488361922 ], [ -60.621290118740994, 7.613823732408203 ], [ -60.621627950157944, 7.613337609094499 ], [ -60.621982762530145, 7.61305028905584 ], [ -60.622499619741276, 7.612962776072504 ], [ -60.623395879839087, 7.613049030182808 ], [ -60.62403857385479, 7.613124838567148 ], [ -60.624726919650456, 7.613146663960446 ], [ -60.625080802145554, 7.613031139295515 ], [ -60.625418484311531, 7.612572033912474 ], [ -60.625666279424749, 7.611985937921191 ], [ -60.625860250431366, 7.611309147954824 ], [ -60.625819160941923, 7.610531608152356 ], [ -60.625950632316268, 7.609691871978608 ], [ -60.626145870597377, 7.608780050010811 ], [ -60.626105451537995, 7.607885049883851 ], [ -60.626236738568288, 7.607072407067902 ], [ -60.626593497044013, 7.60645064430328 ], [ -60.627030205212613, 7.60608254678137 ], [ -60.627593984576826, 7.605696969805055 ], [ -60.628366016799532, 7.60531250924448 ], [ -60.629254503332874, 7.605163747549807 ], [ -60.630133864740017, 7.605033024036665 ], [ -60.631628378164983, 7.605041148542004 ], [ -60.632498810171711, 7.604892210749706 ], [ -60.633460366284737, 7.604626332335934 ], [ -60.634087028042174, 7.60433145263306 ], [ -60.635066904349223, 7.604029566595553 ], [ -60.636000951885237, 7.603835741979954 ], [ -60.636899322859527, 7.603533416280929 ], [ -60.637607533072845, 7.603229924049296 ], [ -60.638063430856072, 7.602690117401728 ], [ -60.638209898553669, 7.602401744843331 ], [ -60.638338410351729, 7.60209511411986 ], [ -60.638114420633791, 7.601641964642201 ], [ -60.637619081377984, 7.601115083931317 ], [ -60.637204262929124, 7.600778451211243 ], [ -60.636871337001537, 7.600369902258366 ], [ -60.636955573910001, 7.599882298695544 ], [ -60.637392889733725, 7.599405664132836 ], [ -60.638038992480098, 7.598857866552438 ], [ -60.638812002345894, 7.598301702742719 ], [ -60.639466692592393, 7.597835272830773 ], [ -60.640004279629011, 7.597259759960027 ], [ -60.640424275299061, 7.596638433257434 ], [ -60.640591697314896, 7.595843916923116 ], [ -60.640621642415518, 7.595337970112944 ], [ -60.640504244916578, 7.593602033289184 ], [ -60.640199811090504, 7.592958672740751 ], [ -60.6397602213558, 7.592178962504619 ], [ -60.639167772832039, 7.591190601818549 ], [ -60.638628459003236, 7.590428519645869 ], [ -60.638215239448854, 7.589802663958397 ], [ -60.638055150869342, 7.589259485533142 ], [ -60.638013827381315, 7.588536168247948 ], [ -60.637919942319904, 7.587487235474192 ], [ -60.637481378844576, 7.586517856693243 ], [ -60.637077229276059, 7.585891936512504 ], [ -60.636519565308824, 7.58516589202645 ], [ -60.635961868363935, 7.584466980316471 ], [ -60.635711620951717, 7.583841918672443 ], [ -60.635732701121107, 7.583299745183864 ], [ -60.63592628180831, 7.582677170159084 ], [ -60.636265001903205, 7.582019268848359 ], [ -60.63670325149333, 7.581379951219848 ], [ -60.637431926266011, 7.580642736962058 ], [ -60.638642217887202, 7.579600886547801 ], [ -60.639642235447461, 7.578928466387351 ], [ -60.640441807873223, 7.578462806265861 ], [ -60.641248453997711, 7.578367776859559 ], [ -60.641891337939128, 7.578407387924148 ], [ -60.642579853688218, 7.578374961143964 ], [ -60.643059955352399, 7.578359509528254 ], [ -60.643586418999483, 7.578163530832231 ], [ -60.644105585112491, 7.577624050648679 ], [ -60.644526565851166, 7.576821909557938 ], [ -60.644839111385693, 7.57599213149761 ], [ -60.645016041048791, 7.575098281508168 ], [ -60.645345546926869, 7.574458374432527 ], [ -60.646164627534475, 7.573739679239733 ], [ -60.647055499058595, 7.573147985875027 ], [ -60.647889917578546, 7.572935628640883 ], [ -60.6491619716803, 7.572201290437739 ], [ -60.650642743432606, 7.571377801404175 ], [ -60.651769846621754, 7.570642684395718 ], [ -60.65362467311683, 7.569333153996118 ], [ -60.65516825944573, 7.568618331770506 ], [ -60.656211595712307, 7.56829861315192 ], [ -60.656954718936966, 7.568221272589634 ], [ -60.657443273862164, 7.56833236245728 ], [ -60.657957800902544, 7.56865138636505 ], [ -60.658273318399004, 7.568924279971579 ], [ -60.658914804813179, 7.56921699214001 ], [ -60.659331215962744, 7.569273468503095 ], [ -60.660082789227026, 7.569304588796427 ], [ -60.660407865235676, 7.569478043776482 ], [ -60.660641357796123, 7.569849877348446 ], [ -60.660836334450877, 7.570646256283045 ], [ -60.660860359106287, 7.571233857262646 ], [ -60.661038797661803, 7.571731907510071 ], [ -60.661515646198197, 7.572340035491915 ], [ -60.662183389821251, 7.572795531451684 ], [ -60.662924017104608, 7.57318817727427 ], [ -60.663548517493041, 7.573281892630003 ], [ -60.664382363903577, 7.573168881315917 ], [ -60.665632865146215, 7.573067156459795 ], [ -60.66719221976944, 7.572795257565379 ], [ -60.66846150802013, 7.572576123459339 ], [ -60.669793890215956, 7.572402429538991 ], [ -60.670373840169347, 7.572351302787371 ], [ -60.670791619238564, 7.572136668933045 ], [ -60.671102356164425, 7.571632162880915 ], [ -60.671295132589513, 7.571145121086848 ], [ -60.671170762535134, 7.570683499691252 ], [ -60.671254865792839, 7.57021393611038 ], [ -60.671465768658486, 7.569726989861941 ], [ -60.671803906966943, 7.56916843535641 ], [ -60.672368841437361, 7.568529752764908 ], [ -60.673096391019286, 7.567991342433927 ], [ -60.673722047018359, 7.567859128124742 ], [ -60.674201302834454, 7.568015300272732 ], [ -60.674408705945936, 7.568188088839244 ], [ -60.67463297444268, 7.568577955434698 ], [ -60.674902826707878, 7.568931922950213 ], [ -60.675318053652141, 7.569205258334435 ], [ -60.675896275567915, 7.569479526801873 ], [ -60.676348364010188, 7.569617501178977 ], [ -60.676889844041028, 7.569990951282807 ], [ -60.677513386586426, 7.570265382862304 ], [ -60.678462489885419, 7.570622964455912 ], [ -60.67951966175297, 7.571098615516682 ], [ -60.680205201806857, 7.571626499548413 ], [ -60.680763476308627, 7.572253089484339 ], [ -60.68106789125985, 7.572914482226958 ], [ -60.68144373736618, 7.573766143976304 ], [ -60.681791895390297, 7.574726080519718 ], [ -60.682075283130182, 7.575929649049745 ], [ -60.68234377093254, 7.576536622384662 ], [ -60.682695073299968, 7.576909101928171 ], [ -60.683018919992797, 7.577317576168118 ], [ -60.683143876403243, 7.577670664883372 ], [ -60.683395553569184, 7.578042619849906 ], [ -60.683574207527023, 7.578504521768224 ], [ -60.683695508767798, 7.579535579264332 ], [ -60.683863562147621, 7.580295664733312 ], [ -60.684123361945083, 7.580839317694548 ], [ -60.684501128107783, 7.581329435415506 ], [ -60.685115252848433, 7.581667153639856 ], [ -60.685884809621491, 7.581743515052295 ], [ -60.686799905212268, 7.581694167484022 ], [ -60.68755263144611, 7.581517419793817 ], [ -60.688134057263909, 7.581195100401695 ], [ -60.688843062839268, 7.580728852470024 ], [ -60.68967907572582, 7.580227129812972 ], [ -60.690053551296863, 7.579650667630149 ], [ -60.690166050822754, 7.578928232753264 ], [ -60.690234438893505, 7.577997622099824 ], [ -60.690029016708323, 7.577454220219539 ], [ -60.689678946431044, 7.576846785673959 ], [ -60.689365264796088, 7.576221416506825 ], [ -60.688852018838737, 7.575640220738451 ], [ -60.688438950133722, 7.574969218775045 ], [ -60.688170646771859, 7.574326072054184 ], [ -60.688020371916593, 7.573638397571816 ], [ -60.687839457634716, 7.571892969447538 ], [ -60.687639225386476, 7.570373435633926 ], [ -60.687483521630483, 7.568989799354224 ], [ -60.687489220866993, 7.567923265469633 ], [ -60.687575903350385, 7.566947562283992 ], [ -60.687744072105517, 7.565981331078323 ], [ -60.687767515797098, 7.564987244056337 ], [ -60.687529734494717, 7.563720639917785 ], [ -60.687424060882606, 7.563141616826281 ], [ -60.687038386620131, 7.562434503015949 ], [ -60.686688425372992, 7.561809011885638 ], [ -60.686256460017233, 7.561300593175445 ], [ -60.686132317553337, 7.560793753226995 ], [ -60.68627874564072, 7.560505362280384 ], [ -60.686614870578325, 7.56031727055036 ], [ -60.687005157086382, 7.560156669959745 ], [ -60.687856214279314, 7.56023349440844 ], [ -60.688481381031913, 7.560191591448583 ], [ -60.688980760580392, 7.559968326154556 ], [ -60.689463262419189, 7.559500884737728 ], [ -60.690152310132817, 7.559368982493794 ], [ -60.690730625214357, 7.559625072683974 ], [ -60.691534139088596, 7.560117385269836 ], [ -60.693005531872544, 7.561056147780267 ], [ -60.694023961104079, 7.562010584733653 ], [ -60.694660611589988, 7.563225083943798 ], [ -60.695028636335394, 7.563850663266193 ], [ -60.695634149421778, 7.56410688996637 ], [ -60.697545106574999, 7.564135126802274 ], [ -60.698542917572581, 7.563869201090183 ], [ -60.699460200075841, 7.563404024531136 ], [ -60.702148023655603, 7.562116682046324 ], [ -60.703900840759175, 7.561231071892894 ], [ -60.704837908329758, 7.56044057662065 ], [ -60.705367880145026, 7.559566668621422 ], [ -60.705807291707217, 7.558692213512411 ], [ -60.706363807912858, 7.55792690019868 ], [ -60.707282161381258, 7.557253767763673 ], [ -60.708118920947165, 7.556598371408993 ], [ -60.708601723183229, 7.556076646936073 ], [ -60.708785914172466, 7.555490129540273 ], [ -60.708789308072596, 7.554848441496513 ], [ -60.708875579479574, 7.553935964318181 ], [ -60.708906494098038, 7.553231145794431 ], [ -60.709009794561617, 7.552535637118872 ], [ -60.709157417006331, 7.552030254435963 ], [ -60.709622333265067, 7.551454242379786 ], [ -60.709934172770076, 7.550714745247763 ], [ -60.71004583462382, 7.55014590053604 ], [ -60.709905934658096, 7.549196104016335 ], [ -60.709763681690774, 7.548689210691244 ], [ -60.70957728459431, 7.547965170038571 ], [ -60.709471852175582, 7.547350009645162 ], [ -60.709565188392702, 7.546826254071274 ], [ -60.70968775643685, 7.545904955989504 ], [ -60.709992042179216, 7.544876145081623 ], [ -60.710593843661727, 7.544119992961994 ], [ -60.711221207534521, 7.543653356442189 ], [ -60.711783457478589, 7.543520653265395 ], [ -60.712453198939365, 7.543623552555287 ], [ -60.713240139122071, 7.543817541108383 ], [ -60.713899480221059, 7.544155352852724 ], [ -60.71466766249263, 7.544484797116457 ], [ -60.715482361125737, 7.544570393609136 ], [ -60.716099139948668, 7.544401902567578 ], [ -60.716372168502026, 7.544150188468912 ], [ -60.71670940112562, 7.543745275057884 ], [ -60.717021038127612, 7.543041837001052 ], [ -60.717903228542824, 7.542350479501604 ], [ -60.718776164747396, 7.541695249914752 ], [ -60.719031656619102, 7.541344029141754 ], [ -60.718988659126417, 7.540891880853014 ], [ -60.718845729302515, 7.540520614688569 ], [ -60.718349067043903, 7.540228763346439 ], [ -60.71774394917022, 7.539900171032447 ], [ -60.717294515234094, 7.539256091387784 ], [ -60.716673591552777, 7.538475601372058 ], [ -60.715553908556693, 7.537827926685727 ], [ -60.71468552992652, 7.537624584888877 ], [ -60.712584290383056, 7.537613621386538 ], [ -60.711815107146755, 7.537492116374046 ], [ -60.710984184451966, 7.537044874108463 ], [ -60.710308110010892, 7.536435748173122 ], [ -60.709750736977512, 7.535637417019067 ], [ -60.709375400076922, 7.534677418860272 ], [ -60.709107858353555, 7.533880595996935 ], [ -60.708993602819668, 7.533220201175859 ], [ -60.70896919345423, 7.53269582966063 ], [ -60.709207138752951, 7.532227054201395 ], [ -60.709680758986472, 7.531723365266271 ], [ -60.710609597604083, 7.530761074830531 ], [ -60.711366680117521, 7.529734651393583 ], [ -60.711515709885049, 7.528958159763975 ], [ -60.711410961805136, 7.528198287076217 ], [ -60.71120672719421, 7.527419956053961 ], [ -60.710757406856345, 7.52675781635245 ], [ -60.710260810143851, 7.526456911424703 ], [ -60.709527585107935, 7.526380774468834 ], [ -60.7086766075954, 7.526313104801043 ], [ -60.708260915936805, 7.526139131214436 ], [ -60.707620362633087, 7.525665851317501 ], [ -60.706628884897121, 7.524765836431619 ], [ -60.705881760781672, 7.523876100066652 ], [ -60.705243580739356, 7.522950827430501 ], [ -60.704921454880257, 7.522217026224103 ], [ -60.704798107120872, 7.521556616946333 ], [ -60.704756372833273, 7.520887478076256 ], [ -60.704968926692906, 7.520075175862325 ], [ -60.705553500301725, 7.519129146419948 ], [ -60.706056097362811, 7.518282215498051 ], [ -60.706665630572175, 7.517761146545289 ], [ -60.707710128836474, 7.517179031745887 ], [ -60.708120335275865, 7.516675011093738 ], [ -60.708188701291242, 7.515726361642418 ], [ -60.707983674338855, 7.515101555942145 ], [ -60.707578898083028, 7.514575235737922 ], [ -60.70691259215392, 7.513830631479472 ], [ -60.706191372387259, 7.513203207570712 ], [ -60.705586142286201, 7.512910775154028 ], [ -60.70486279417652, 7.51269011886976 ], [ -60.704013282801114, 7.512333134641128 ], [ -60.703454077979309, 7.511905383464547 ], [ -60.702750716325426, 7.511323232754262 ], [ -60.702418374356242, 7.51079728569778 ], [ -60.702321377951812, 7.510290619225484 ], [ -60.702342336553727, 7.509757435745498 ], [ -60.702492199981087, 7.508809247220404 ], [ -60.702596409940952, 7.507933027980263 ], [ -60.702601101881825, 7.507038199772857 ], [ -60.702506797010429, 7.506025386595277 ], [ -60.702284365323486, 7.505265039721272 ], [ -60.702098506894174, 7.504450542690127 ], [ -60.702069024368448, 7.503166953144827 ], [ -60.702254257428152, 7.50237248177683 ], [ -60.702429695318948, 7.501731679823574 ], [ -60.702805397328632, 7.50089312846639 ], [ -60.703243740859619, 7.500199394173706 ], [ -60.703500142265433, 7.499658429900679 ], [ -60.703503221657002, 7.499070920377473 ], [ -60.703460174082146, 7.498645860878623 ], [ -60.703318651657924, 7.498003440189435 ], [ -60.703051232844842, 7.497188589318221 ], [ -60.702494672125582, 7.496245678273809 ], [ -60.702000564894917, 7.495483798641507 ], [ -60.700803158821159, 7.494139910176581 ], [ -60.700059436469445, 7.492626579732375 ], [ -60.699440816512052, 7.491430276363849 ], [ -60.698416541001471, 7.489888378704332 ], [ -60.697506692188021, 7.488970708628477 ], [ -60.696595611239097, 7.488288078394874 ], [ -60.696036365056756, 7.487860314463571 ], [ -60.695478259095246, 7.48721570790414 ], [ -60.695082723107525, 7.486662287071211 ], [ -60.694958446822902, 7.486182605968328 ], [ -60.694930029805583, 7.484700106217142 ], [ -60.695015659302612, 7.483905110785956 ], [ -60.695128805771823, 7.483047095379144 ], [ -60.695105352282177, 7.482351056920593 ], [ -60.694899472022556, 7.481879954815294 ], [ -60.694431128397561, 7.481407516081967 ], [ -60.693025083127964, 7.480134717929677 ], [ -60.69248520873748, 7.479472112717482 ], [ -60.692026296193902, 7.47890931077054 ], [ -60.691532839358032, 7.478029987771297 ], [ -60.690955950205876, 7.47752079682273 ], [ -60.690313523159979, 7.477418047093436 ], [ -60.689091114897316, 7.477393543164887 ], [ -60.687841271780194, 7.47742316013555 ], [ -60.68708854547031, 7.477636204011886 ], [ -60.686507657391338, 7.477886179613279 ], [ -60.685717289223142, 7.478370140117969 ], [ -60.685171644998988, 7.478810162528162 ], [ -60.684635931602429, 7.479078462555415 ], [ -60.683902397315009, 7.479074605192311 ], [ -60.683341718403739, 7.478936098565088 ], [ -60.68297206126816, 7.478626896253839 ], [ -60.68263904556354, 7.478236484703102 ], [ -60.682397588347975, 7.477647720740875 ], [ -60.682129689415099, 7.476932230100929 ], [ -60.681861312867277, 7.476307182943505 ], [ -60.681284663460382, 7.475761840727967 ], [ -60.680706782715468, 7.475442532694532 ], [ -60.680056626641125, 7.47509563547819 ], [ -60.67923622360999, 7.474404403687801 ], [ -60.678758823606913, 7.473913848270795 ], [ -60.678363544594006, 7.473324271887718 ], [ -60.67787161094094, 7.472155661139631 ], [ -60.677130944530333, 7.470090985617871 ], [ -60.676762733011572, 7.469510631174673 ], [ -60.675933196731243, 7.468828388796152 ], [ -60.67535513599227, 7.468545214460462 ], [ -60.674748924066193, 7.468451569352352 ], [ -60.67410588967622, 7.468466264820724 ], [ -60.673463179804486, 7.468426730618567 ], [ -60.671990137079412, 7.467849545301954 ], [ -60.67106045616211, 7.46728427258001 ], [ -60.670167381331694, 7.466637863316121 ], [ -60.669113506081843, 7.465583851810362 ], [ -60.66708476316218, 7.463937220446026 ], [ -60.665432326816884, 7.463051769638507 ], [ -60.664249025540578, 7.462503229703246 ], [ -60.662188256488562, 7.461778334515708 ], [ -60.661031291889259, 7.461383537573908 ], [ -60.658897005767791, 7.46086611831773 ], [ -60.657776507075262, 7.460417275953192 ], [ -60.656819032129349, 7.459978453658229 ], [ -60.655827146477641, 7.459195859537636 ], [ -60.65504364885669, 7.458378302934722 ], [ -60.654341478781284, 7.457597245084373 ], [ -60.65378362992832, 7.456934535203679 ], [ -60.652909974266016, 7.456053145574582 ], [ -60.65183523299708, 7.45552324189473 ], [ -60.650922040475038, 7.455265351657069 ], [ -60.650007533168043, 7.455260519291881 ], [ -60.648721437282987, 7.455307899095435 ], [ -60.64764330634717, 7.455419623337769 ], [ -60.646828750706469, 7.455343034253757 ], [ -60.646078498441064, 7.455103982625253 ], [ -60.645672817649078, 7.45476746132884 ], [ -60.645113747704421, 7.454321621606327 ], [ -60.64468122374074, 7.453921606047723 ], [ -60.64265413419804, 7.452003797436326 ], [ -60.641679547977631, 7.451374914435073 ], [ -60.640622017973186, 7.45102589851976 ], [ -60.639917734706948, 7.450651560284109 ], [ -60.639277039666503, 7.450241382251674 ], [ -60.638880585002568, 7.449868799281274 ], [ -60.638675379392041, 7.449298181158533 ], [ -60.638391059523499, 7.448293512460856 ], [ -60.638046830271662, 7.446619545750566 ], [ -60.637602687770269, 7.44501743882389 ], [ -60.637227748900258, 7.444021253524155 ], [ -60.637069282437743, 7.443170867248868 ], [ -60.636977801971938, 7.441651936242282 ], [ -60.636840604244242, 7.440223170499113 ], [ -60.636576478158169, 7.438820895827029 ], [ -60.636147529828769, 7.437752134049735 ], [ -60.636045038797697, 7.436603642867435 ], [ -60.636341836527002, 7.435276689498449 ], [ -60.636582242536676, 7.434346995978895 ], [ -60.637102844088133, 7.433500241145463 ], [ -60.637750274680748, 7.432645045397855 ], [ -60.638815805425452, 7.431502874988007 ], [ -60.639989781757087, 7.430379333306441 ], [ -60.640718510524657, 7.42956975485694 ], [ -60.640848960731006, 7.428865477579016 ], [ -60.640872173269301, 7.427916567072273 ], [ -60.64074873802101, 7.427292299144848 ], [ -60.640507681057734, 7.426649349787639 ], [ -60.640230166088898, 7.426060289071558 ], [ -60.639371235582324, 7.424130676126151 ], [ -60.63908804302848, 7.422890876651151 ], [ -60.639002152579415, 7.422031866211232 ], [ -60.639114713460678, 7.421291275908095 ], [ -60.639390149388262, 7.420578728207468 ], [ -60.639729518917967, 7.419758021207234 ], [ -60.639913168124878, 7.419271027921923 ], [ -60.639833090119602, 7.419017493897742 ], [ -60.639562661780623, 7.418790150110251 ], [ -60.639174178751979, 7.418625340149945 ], [ -60.638630936199768, 7.418622434849607 ], [ -60.637861175075649, 7.418645451362734 ], [ -60.637155302148464, 7.418596525272502 ], [ -60.636613247054242, 7.418358680918085 ], [ -60.636198627529531, 7.418013018317108 ], [ -60.635477765392466, 7.417367496145614 ], [ -60.634359217361208, 7.416584318256046 ], [ -60.63301395085, 7.415872132982159 ], [ -60.631316463198409, 7.414986425564355 ], [ -60.62963693447098, 7.414145959251573 ], [ -60.628110771053947, 7.413396721233521 ], [ -60.626973661583598, 7.41271273453357 ], [ -60.625936755338159, 7.411902877780578 ], [ -60.625171538529457, 7.41108532327215 ], [ -60.624515257722393, 7.410223277554125 ], [ -60.623994656890545, 7.409370856273627 ], [ -60.623609784069274, 7.408546299279799 ], [ -60.623262018808951, 7.407541229181935 ], [ -60.6230939782129, 7.406799241028767 ], [ -60.622789798441808, 7.406119797162802 ], [ -60.622317398975923, 7.405364917823588 ], [ -60.760229389057052, 6.767941680732341 ], [ -60.765134320883902, 6.770533663772895 ], [ -60.769595894436755, 6.773672670853423 ], [ -60.774111028916316, 6.776974554600304 ], [ -60.778287228528647, 6.779262509421137 ], [ -60.782249064914645, 6.780971019772531 ], [ -60.784506263541971, 6.781731512523938 ], [ -60.788179602019291, 6.783275906526033 ], [ -60.792074927075248, 6.785725265697352 ], [ -60.800709445376917, 6.791992509452048 ], [ -60.803981183840705, 6.794384727101813 ], [ -60.807534769729983, 6.796443743429959 ], [ -60.807602790459114, 6.79647215288335 ], [ -60.809854452576218, 6.797412421270466 ], [ -60.812736045519117, 6.798103364285466 ], [ -60.816026941940578, 6.798289944066583 ], [ -60.817329076653969, 6.798295792406332 ], [ -60.819593665861234, 6.797456338564642 ], [ -60.822151458624653, 6.795768338775444 ], [ -60.825336699615583, 6.793296851704989 ], [ -60.828513848322437, 6.790590104211404 ], [ -60.830504666075711, 6.788275870551595 ], [ -60.832383589431707, 6.786702333931886 ], [ -60.835500631960016, 6.785296993025771 ], [ -60.839080862894619, 6.783450856501861 ], [ -60.84134511953566, 6.782665394031716 ], [ -60.84309997687528, 6.782555672633322 ], [ -60.845821533758709, 6.782631019673895 ], [ -60.848025475824109, 6.783201256564249 ], [ -60.85040356148604, 6.783938016524371 ], [ -60.851755161938065, 6.784356744300685 ], [ -60.855318151479736, 6.786406429111837 ], [ -60.859835676373798, 6.789373366311132 ], [ -60.873560401346587, 6.796222603564915 ], [ -60.875824792576601, 6.797479998661909 ], [ -60.878809108457467, 6.799536064403612 ], [ -60.883716971498586, 6.804312497277313 ], [ -60.890649856066581, 6.811357683155189 ], [ -60.893813983814383, 6.813703819019207 ], [ -60.897594704998248, 6.815699939946578 ], [ -60.901494240268562, 6.817416475046274 ], [ -60.904384020132007, 6.818396223063671 ], [ -60.906588106011419, 6.819020553747354 ], [ -60.909870757152589, 6.81909804198109 ], [ -60.912758662841341, 6.818432461062234 ], [ -60.914861256825894, 6.817420077610945 ], [ -60.917021259676453, 6.815675563139532 ], [ -60.918957620265118, 6.813360655786916 ], [ -60.921295504827825, 6.81019766907575 ], [ -60.923065567004208, 6.806580163385321 ], [ -60.924220100172597, 6.800980238633115 ], [ -60.924574143322573, 6.79645273497068 ], [ -60.924479913411581, 6.79311646109795 ], [ -60.923593239449573, 6.788981442611312 ], [ -60.920672578789144, 6.782559452707329 ], [ -60.918312340861171, 6.77830956960196 ], [ -60.916900613607403, 6.776432278379583 ], [ -60.915441958888955, 6.77495245256423 ], [ -60.914143606686245, 6.774042854230845 ], [ -60.909619120743344, 6.77260422995714 ], [ -60.906275416762121, 6.772083591423198 ], [ -60.903846511970372, 6.771223339920968 ], [ -60.902551442726228, 6.769572501220469 ], [ -60.900362332396917, 6.765549285512278 ], [ -60.898959225394215, 6.761692250147513 ], [ -60.898802281050017, 6.760335607223265 ], [ -60.89936803444995, 6.759144737827927 ], [ -60.9006806952966, 6.756718680613187 ], [ -60.902109480822133, 6.754618508419353 ], [ -60.904097291900527, 6.752873239272024 ], [ -60.909144467349471, 6.75046318900379 ], [ -60.912778367433525, 6.748670692201149 ], [ -60.913984987277864, 6.748451150304732 ], [ -60.915837164184509, 6.748114243583426 ], [ -60.921100942279594, 6.747910708090004 ], [ -60.925522076282121, 6.748101261244203 ], [ -60.929542246693153, 6.746870835601755 ], [ -60.932153002078074, 6.745354106577317 ], [ -60.934431654255441, 6.743266428005205 ], [ -60.936649028210482, 6.74067219460202 ], [ -60.937005029633305, 6.740103361415287 ], [ -60.93841524087626, 6.737850129559346 ], [ -60.93888355252065, 6.734000919472192 ], [ -60.939758795222026, 6.728010964127526 ], [ -60.940952666590839, 6.725801188905352 ], [ -60.942487286737872, 6.724279799547698 ], [ -60.945271065386429, 6.72242915114905 ], [ -60.948841780712051, 6.720518601649847 ], [ -60.951965848034384, 6.719455880629704 ], [ -60.955876411428925, 6.718450657071433 ], [ -60.961260546106146, 6.717514793808459 ], [ -60.964878669377576, 6.717240489973748 ], [ -60.967428383722108, 6.717314303653557 ], [ -60.969859377616494, 6.717658931137893 ], [ -60.971503168950363, 6.718117744447478 ], [ -60.97382613656864, 6.718353328258015 ], [ -60.976484841057093, 6.718310081746443 ], [ -60.978293515049664, 6.718263282895352 ], [ -60.979822132403648, 6.718152102292853 ], [ -60.981638250468045, 6.718503136053927 ], [ -60.98406623776242, 6.719588948758554 ], [ -60.98807668386096, 6.722887068536597 ], [ -60.992975222560275, 6.72794265456028 ], [ -60.995011152443979, 6.72982242703065 ], [ -60.997544734088123, 6.731640884846823 ], [ -61.000207247949952, 6.73289940008106 ], [ -61.002465876998841, 6.733414909978009 ], [ -61.004735861904258, 6.733369934296844 ], [ -61.006998204212003, 6.732981344337093 ], [ -61.009551277768068, 6.732259380960324 ], [ -61.011987717310397, 6.731311082657084 ], [ -61.014202638387751, 6.729222637518191 ], [ -61.016817999942901, 6.726511954817228 ], [ -61.0193268614712, 6.723294589740673 ], [ -61.021712592119179, 6.721441912052629 ], [ -61.023922646211062, 6.720546753660739 ], [ -61.026365636608325, 6.720212999587838 ], [ -61.029077959212621, 6.720341526475964 ], [ -61.031401038475728, 6.720576809843245 ], [ -61.03440340948152, 6.720525601976138 ], [ -61.03666751726729, 6.719684801445 ], [ -61.038993322584531, 6.719242155776458 ], [ -61.043459543310561, 6.719485980248312 ], [ -61.044598977473136, 6.719490542583751 ], [ -61.047310211399378, 6.719899138807901 ], [ -61.050309516022857, 6.720643367447632 ], [ -61.05393276566403, 6.7213900387137 ], [ -61.0578872965839, 6.722996978019503 ], [ -61.062579327416614, 6.725619241004479 ], [ -61.068680278395902, 6.728699156733574 ], [ -61.071956297851976, 6.73041173885513 ], [ -61.07393086877142, 6.731893219130893 ], [ -61.075456729365719, 6.732523004259189 ], [ -61.076587841990694, 6.732355728506906 ], [ -61.078236825388494, 6.731566627332795 ], [ -61.079546131717692, 6.729763531500682 ], [ -61.080577291865595, 6.727389869444777 ], [ -61.081321371867759, 6.72444538080727 ], [ -61.0823411672948, 6.716953535806919 ], [ -61.082662087631711, 6.714595959660818 ], [ -61.083407618486135, 6.711262781289332 ], [ -61.084156854480376, 6.709285691184823 ], [ -61.085011753367716, 6.708041405439436 ], [ -61.086373914919619, 6.706573010555979 ], [ -61.087732748624056, 6.705954493066447 ], [ -61.089487264291755, 6.705907093213601 ], [ -61.091131515945087, 6.706311318801388 ], [ -61.092828473727558, 6.707104425854554 ], [ -61.095136006968438, 6.709039140631702 ], [ -61.099138136152632, 6.714723423934502 ], [ -61.100657584800565, 6.716998581853632 ], [ -61.102288514703204, 6.718532852543271 ], [ -61.104102192820406, 6.719552481741995 ], [ -61.106180836395858, 6.719972157321083 ], [ -61.106704631993757, 6.720077877887576 ], [ -61.108406112990586, 6.719740848654645 ], [ -61.109591643352857, 6.719519425988232 ], [ -61.111010745424124, 6.719696657490014 ], [ -61.112871222466744, 6.720327625830823 ], [ -61.116608347686253, 6.722095938968207 ], [ -61.120619187323761, 6.723232457972701 ], [ -61.124692776801368, 6.724540987474138 ], [ -61.128046163877109, 6.724996835580623 ], [ -61.130297509074616, 6.725122945041057 ], [ -61.1321504985061, 6.725374093399289 ], [ -61.13374175435127, 6.72547063709624 ], [ -61.135070792004001, 6.725557056060145 ], [ -61.135939289126107, 6.725478996901121 ], [ -61.136781479056872, 6.725183824580031 ], [ -61.138205037745017, 6.724203721261047 ], [ -61.142408749363597, 6.719834690667947 ], [ -61.1465397238835, 6.715537638584876 ], [ -61.149554743468961, 6.712194630753237 ], [ -61.149794653021843, 6.710929803335064 ], [ -61.150201049800941, 6.708680074353402 ], [ -61.150929620863522, 6.704921626370357 ], [ -61.151645840443997, 6.702040082800345 ], [ -61.151495630334267, 6.701090173907782 ], [ -61.15133593283921, 6.700266870459915 ], [ -61.150742145018121, 6.699468967677729 ], [ -61.14944425527294, 6.698315830731207 ], [ -61.148731773603636, 6.697806849589749 ], [ -61.148182283125749, 6.697244225579186 ], [ -61.148103830000977, 6.696457384809769 ], [ -61.148541926818105, 6.695392137924548 ], [ -61.149615076432127, 6.693777723881143 ], [ -61.150416771205741, 6.69219849720329 ], [ -61.150934188227865, 6.691685150904018 ], [ -61.151686069710784, 6.691335357363215 ], [ -61.152436919879278, 6.691256795545074 ], [ -61.153820474870123, 6.691261987369117 ], [ -61.155708793889872, 6.691703062813312 ], [ -61.161084144322793, 6.693106446999028 ], [ -61.164083601119707, 6.693868135213185 ], [ -61.164600065519053, 6.693589748872694 ], [ -61.164719424536848, 6.693120011335151 ], [ -61.164559313541638, 6.692405189902899 ], [ -61.163858794273253, 6.691100550098811 ], [ -61.161372724969532, 6.688478344535552 ], [ -61.160554706960227, 6.687173377044981 ], [ -61.160161961242061, 6.685788536167506 ], [ -61.160201946105971, 6.684767008155053 ], [ -61.160488166324136, 6.683185829688094 ], [ -61.161044087212211, 6.682039664890195 ], [ -61.161796540450169, 6.681527101025697 ], [ -61.162393395682273, 6.681529348727053 ], [ -61.163259373483136, 6.682084094275902 ], [ -61.164990927647494, 6.683356375186941 ], [ -61.166336658779429, 6.683786243772422 ], [ -61.167123998144248, 6.683635522744298 ], [ -61.168040413040082, 6.682807151564302 ], [ -61.168878620583193, 6.681110413935619 ], [ -61.169991520539327, 6.678510609560367 ], [ -61.170428102409588, 6.677834136833758 ], [ -61.171098594932666, 6.677484000813178 ], [ -61.172048477750714, 6.677370007944709 ], [ -61.173232626059196, 6.677491889073912 ], [ -61.174659029710313, 6.678130146067496 ], [ -61.176672656755692, 6.678924151251951 ], [ -61.177576871746027, 6.678927515189378 ], [ -61.178881539445776, 6.678263289397929 ], [ -61.17988057133406, 6.677082560060229 ], [ -61.181226229242483, 6.675107397731245 ], [ -61.181746452328937, 6.673807307824731 ], [ -61.181949177307054, 6.672777317013391 ], [ -61.182337425353822, 6.670482245319947 ], [ -61.183475191983064, 6.668470148457224 ], [ -61.183786250523191, 6.667485777205935 ], [ -61.183788042471335, 6.667006669679078 ], [ -61.183991152262927, 6.665868087421069 ], [ -61.184147539106711, 6.665136347286433 ], [ -61.183811022823548, 6.660750014290233 ], [ -61.183896432296599, 6.659647260515648 ], [ -61.184369327878635, 6.658916578615596 ], [ -61.185031049724593, 6.658485007323248 ], [ -61.185655647202729, 6.658297449572563 ], [ -61.186281060172547, 6.657901906123267 ], [ -61.186871453347734, 6.657171760997057 ], [ -61.187615377643787, 6.656514456420214 ], [ -61.188829618560838, 6.655822641421732 ], [ -61.189337565853258, 6.655390481239654 ], [ -61.189457907142184, 6.654622437098604 ], [ -61.188955836309233, 6.653445247913996 ], [ -61.188409582033444, 6.651987547653201 ], [ -61.188463071553116, 6.64971832330402 ], [ -61.188311403806402, 6.649166263656514 ], [ -61.187761654891396, 6.648648872170708 ], [ -61.186364016588954, 6.64758589729785 ], [ -61.184958391981304, 6.646224506719919 ], [ -61.183517522726923, 6.644609814923222 ], [ -61.182236623594164, 6.643764251993972 ], [ -61.181696398700353, 6.643138414425617 ], [ -61.181418391573104, 6.642513552022526 ], [ -61.181505050719664, 6.641085286693881 ], [ -61.181661160924705, 6.640425840243859 ], [ -61.18213372906024, 6.639776610950016 ], [ -61.182605553621123, 6.639335293215102 ], [ -61.182681095251226, 6.638458502931156 ], [ -61.18261172210542, 6.637653610085322 ], [ -61.182142750441479, 6.637317334741897 ], [ -61.18136699306244, 6.636808162139882 ], [ -61.180663732369773, 6.636254067979968 ], [ -61.180312335633829, 6.635918295287208 ], [ -61.180314484375472, 6.635339642232077 ], [ -61.18129396645412, 6.634538504751612 ], [ -61.182155871747938, 6.63373700956537 ], [ -61.183557874971271, 6.633588376400193 ], [ -61.185086178382512, 6.633557807984745 ], [ -61.187193349323152, 6.633447996491546 ], [ -61.18816271705635, 6.632945180201771 ], [ -61.189024453996339, 6.632179857317021 ], [ -61.189616837091933, 6.630898043921887 ], [ -61.190362159769201, 6.629833881360994 ], [ -61.190973909251937, 6.629460480942758 ], [ -61.190973983398145, 6.629460481867205 ], [ -61.190974132615182, 6.629460409576118 ], [ -61.190974880087225, 6.629459936909945 ], [ -61.191929281552682, 6.629071083349698 ], [ -61.192707407541242, 6.628929180452502 ], [ -61.193140387732079, 6.629193033379636 ], [ -61.193563035892687, 6.629845534587866 ], [ -61.194030689904466, 6.630543383928842 ], [ -61.194499662728646, 6.630879685507397 ], [ -61.195278060938719, 6.630665521207323 ], [ -61.197162796586618, 6.629569311386989 ], [ -61.19911325569921, 6.627786118784607 ], [ -61.199636456123812, 6.627153371895251 ], [ -61.199903364376439, 6.626830538982808 ], [ -61.199825730943111, 6.625808540200202 ], [ -61.199751812252565, 6.623755841394312 ], [ -61.200190091344432, 6.622554923856531 ], [ -61.200581195124322, 6.621932469517112 ], [ -61.200429951953119, 6.621235747548591 ], [ -61.199763574241786, 6.620500911564439 ], [ -61.199071298776012, 6.619404410594375 ], [ -61.198877028144125, 6.618119833078045 ], [ -61.199234772688797, 6.616692528612804 ], [ -61.199782763739051, 6.615193589237806 ], [ -61.200924631862264, 6.614465398621184 ], [ -61.201785736492468, 6.613880790663663 ], [ -61.202212673272655, 6.613330819275113 ], [ -61.202137125238274, 6.611721118639689 ], [ -61.201480890344286, 6.610651874648412 ], [ -61.201249349522769, 6.609665479708979 ], [ -61.201762303128561, 6.607831824992046 ], [ -61.204307675277782, 6.604034525756222 ], [ -61.205845379091791, 6.601336622636278 ], [ -61.206632053204125, 6.598807782630119 ], [ -61.206334226841783, 6.596139430618563 ], [ -61.206373689336253, 6.595226333313583 ], [ -61.207000318858846, 6.594460093369788 ], [ -61.208098632154233, 6.593252471592977 ], [ -61.209349226326303, 6.592452203331115 ], [ -61.210360839660424, 6.592745222636889 ], [ -61.21129931525077, 6.593263938975675 ], [ -61.212696586575142, 6.594408190627632 ], [ -61.213949500860636, 6.59550670975646 ], [ -61.215231672349177, 6.595990499405741 ], [ -61.216244295219816, 6.595994104594087 ], [ -61.217502894493073, 6.595483219298363 ], [ -61.218399790348577, 6.594971065877158 ], [ -61.219105944166287, 6.594720338241789 ], [ -61.219729721120416, 6.594758743311823 ], [ -61.220542097421713, 6.595132356085122 ], [ -61.221400891436794, 6.595171599647476 ], [ -61.222224800532288, 6.5948400204058 ], [ -61.223204290146029, 6.594002615180925 ], [ -61.22320665873724, 6.593333535295066 ], [ -61.22262109074029, 6.592743770415423 ], [ -61.221998882447018, 6.59227137748186 ], [ -61.221530765214261, 6.591718179550734 ], [ -61.221570162868971, 6.590805080327898 ], [ -61.221544596345638, 6.589253172113787 ], [ -61.221562791395449, 6.590359373164719 ], [ -61.221562717254919, 6.590359372244651 ], [ -61.221540362205168, 6.589014758347767 ], [ -61.222289229653462, 6.586892517820902 ], [ -61.222213238265205, 6.585391407927423 ], [ -61.221872923030283, 6.584476970510482 ], [ -61.220738152440219, 6.583225218430203 ], [ -61.220080537098497, 6.58256273970457 ], [ -61.219847556281863, 6.58197423299915 ], [ -61.219579425192372, 6.581096282698955 ], [ -61.219075714077782, 6.580362080138297 ], [ -61.218843118671636, 6.579665056293369 ], [ -61.218682855116008, 6.578968225892705 ], [ -61.219589836681116, 6.578166780393946 ], [ -61.220371280185319, 6.577075509421952 ], [ -61.221076871934962, 6.576969553752678 ], [ -61.222052854325504, 6.577081473950302 ], [ -61.222829363345902, 6.57737351652685 ], [ -61.224353715932523, 6.578409680477075 ], [ -61.225519209302547, 6.57863087170455 ], [ -61.226613362269774, 6.578598614189549 ], [ -61.22727517384569, 6.578085569094956 ], [ -61.22801950378846, 6.577247277646307 ], [ -61.228610505802422, 6.576299972023809 ], [ -61.229002718597052, 6.575343008975706 ], [ -61.229476194607493, 6.5743952836467 ], [ -61.23022093286837, 6.573448509652721 ], [ -61.229871377018114, 6.572570185714128 ], [ -61.228862037533155, 6.571644420129314 ], [ -61.228357330740948, 6.571199592086444 ], [ -61.227888696032771, 6.57076392357325 ], [ -61.227031009931181, 6.570426316709254 ], [ -61.225747594107972, 6.570313299883924 ], [ -61.22460838173334, 6.570309255164862 ], [ -61.222935074940828, 6.570520295926396 ], [ -61.221994947397995, 6.570480786642135 ], [ -61.220748825845348, 6.570042433222419 ], [ -61.219502593413033, 6.569631103714021 ], [ -61.218528237769377, 6.569039954311808 ], [ -61.218141712839632, 6.568423771991588 ], [ -61.218426924221632, 6.56703232904715 ], [ -61.218386291295438, 6.565748216465088 ], [ -61.218391998542451, 6.564138818183441 ], [ -61.218869005293335, 6.562205628600299 ], [ -61.219696498954775, 6.560852283205989 ], [ -61.220949977687113, 6.55921113780407 ], [ -61.221964628806248, 6.558627028739076 ], [ -61.22282641993133, 6.557789163686603 ], [ -61.223572444206873, 6.556471765758161 ], [ -61.223574658873794, 6.555847915152436 ], [ -61.223032988941696, 6.555628934555645 ], [ -61.221903044085266, 6.555588775048868 ], [ -61.220303299967668, 6.555438486882352 ], [ -61.219517472770988, 6.555245873046611 ], [ -61.218658862671965, 6.555170404359131 ], [ -61.218034634706257, 6.555276773528 ], [ -61.217255441634208, 6.555753201186449 ], [ -61.216078045360454, 6.556336725413803 ], [ -61.215100685895216, 6.556622527483144 ], [ -61.214477376599149, 6.556475674475179 ], [ -61.213620990721907, 6.555776457885641 ], [ -61.212456825200448, 6.555184531555385 ], [ -61.211285654437432, 6.554014018138123 ], [ -61.209384674232837, 6.552171841823744 ], [ -61.208602170182616, 6.551038855607845 ], [ -61.208532732105375, 6.550233849867276 ], [ -61.209231940762081, 6.549359282374423 ], [ -61.210687044166001, 6.546941329988556 ], [ -61.211200209014571, 6.545008224379674 ], [ -61.211321878963275, 6.54382423020007 ], [ -61.210980341533933, 6.543271444325673 ], [ -61.210465055718309, 6.543269635709542 ], [ -61.209768247930164, 6.543447946672077 ], [ -61.208908000014979, 6.543851797035752 ], [ -61.208321196683123, 6.54362371155216 ], [ -61.207698908744064, 6.543187483968176 ], [ -61.207430973621499, 6.542273266793083 ], [ -61.207587404707184, 6.541505328228303 ], [ -61.208294994398152, 6.540811574710995 ], [ -61.209506159455074, 6.540888219714454 ], [ -61.211022985548155, 6.541445163185545 ], [ -61.211798278924739, 6.542062810829391 ], [ -61.212384734956068, 6.542399372511757 ], [ -61.213090049061364, 6.542365723198986 ], [ -61.214302027713899, 6.542189211502634 ], [ -61.215388016792978, 6.541894638832306 ], [ -61.216482899029039, 6.541609257933158 ], [ -61.217341717990287, 6.541612286653823 ], [ -61.218126637610638, 6.542085262081172 ], [ -61.218596543617068, 6.542123056434442 ], [ -61.218824248843674, 6.541653683154456 ], [ -61.219296678588158, 6.540995331260992 ], [ -61.219806284238203, 6.540047765257996 ], [ -61.219812408720387, 6.538320727616915 ], [ -61.219400486266601, 6.534630253785377 ], [ -61.219759604238341, 6.532796110277842 ], [ -61.220895390181376, 6.53115454045994 ], [ -61.221324721491087, 6.529908329573916 ], [ -61.221174624874308, 6.528886096190926 ], [ -61.220551998681202, 6.528558364389448 ], [ -61.219656371910141, 6.528736000486565 ], [ -61.218714711371767, 6.52916670082079 ], [ -61.217890831852678, 6.529498348829152 ], [ -61.216841778505575, 6.529603111063118 ], [ -61.216254949926082, 6.529384080705895 ], [ -61.215280676492576, 6.528792849624527 ], [ -61.21435120750818, 6.528310435470522 ], [ -61.213375169283132, 6.528234573254514 ], [ -61.212706207747708, 6.528232191692078 ], [ -61.212514376371473, 6.528783056701606 ], [ -61.212349026328035, 6.529514885409974 ], [ -61.212427087124311, 6.53046455822346 ], [ -61.212504230572641, 6.531640235308024 ], [ -61.212102970886846, 6.532624363389977 ], [ -61.21144204829335, 6.53291131057262 ], [ -61.210582901157863, 6.532980602985592 ], [ -61.210041028548567, 6.532834014890002 ], [ -61.20933884492856, 6.531990701308387 ], [ -61.208601751444576, 6.530821647041129 ], [ -61.20805299581987, 6.530051203233968 ], [ -61.207241197269568, 6.529532940982739 ], [ -61.206573429418285, 6.529195991627627 ], [ -61.206033723602509, 6.528425583942609 ], [ -61.205414036968747, 6.527293170603871 ], [ -61.204868262925828, 6.525681837451407 ], [ -61.204247619847777, 6.524802566111586 ], [ -61.203552841730627, 6.524429349707074 ], [ -61.202928993498894, 6.524463295090416 ], [ -61.202186748762493, 6.524722893903148 ], [ -61.20202157781587, 6.525409451867025 ], [ -61.2025228527651, 6.526803672841537 ], [ -61.203539824916263, 6.528091155922616 ], [ -61.204195221035121, 6.529377473877823 ], [ -61.204623914199573, 6.530843643578188 ], [ -61.205039279667822, 6.533512431912143 ], [ -61.205032487477744, 6.535420207955954 ], [ -61.204640408514209, 6.536368221073157 ], [ -61.2039320110947, 6.53727892872376 ], [ -61.202762529478797, 6.538187863196314 ], [ -61.202093475173626, 6.538221652853026 ], [ -61.200845632300663, 6.538289611961979 ], [ -61.198891859156177, 6.538580946105358 ], [ -61.197372420771877, 6.538756297026803 ], [ -61.196159438472506, 6.539195031799275 ], [ -61.195336416100524, 6.539300638242494 ], [ -61.194867100677726, 6.539081898347091 ], [ -61.194326392050428, 6.53860077057397 ], [ -61.193786731916269, 6.537830350641825 ], [ -61.193789489575636, 6.537061760850788 ], [ -61.194181316828448, 6.536186199438306 ], [ -61.195045556385672, 6.534688382733569 ], [ -61.195631715354821, 6.532565703934561 ], [ -61.195636952637571, 6.531100967183844 ], [ -61.195133713842075, 6.530258258928301 ], [ -61.194502212309864, 6.529885336834262 ], [ -61.193065134340451, 6.529807878230291 ], [ -61.192206805291704, 6.529660069086603 ], [ -61.191385781173835, 6.529214075753214 ], [ -61.190962949342776, 6.528624891173616 ], [ -61.19056654784459, 6.528261866368368 ], [ -61.190060322802402, 6.528260038556694 ], [ -61.189553047899054, 6.528547501934646 ], [ -61.188810401142241, 6.528915560879898 ], [ -61.18786918498968, 6.529201464584885 ], [ -61.186782265954541, 6.529785345571697 ], [ -61.185640957950092, 6.530405065318108 ], [ -61.184354881856699, 6.531060459110341 ], [ -61.182833817249843, 6.531705944994273 ], [ -61.181927679106003, 6.532290367577703 ], [ -61.180407586444097, 6.532655637199536 ], [ -61.17939630392722, 6.532317400709873 ], [ -61.179082844143942, 6.531511639330088 ], [ -61.179122276640321, 6.530598539783005 ], [ -61.179442623169876, 6.529496636313175 ], [ -61.180423821371129, 6.5281529473263 ], [ -61.18078221788695, 6.526544873238968 ], [ -61.180623198095319, 6.525513542745538 ], [ -61.180082945610614, 6.524923920074024 ], [ -61.178872605349518, 6.524630282000742 ], [ -61.17739231767915, 6.524001102245228 ], [ -61.175442586204476, 6.523189307332944 ], [ -61.17330216091532, 6.522630055337892 ], [ -61.172174295335232, 6.522047311880857 ], [ -61.171426060501311, 6.521456931858379 ], [ -61.171275318414985, 6.520651643408487 ], [ -61.171359557258441, 6.519847292536111 ], [ -61.172296002604497, 6.518385935301508 ], [ -61.173358409530508, 6.517069784603877 ], [ -61.173795755821587, 6.51612198966924 ], [ -61.173756143291648, 6.514584762662659 ], [ -61.173877343484939, 6.513554486556413 ], [ -61.174269773028101, 6.51253420169432 ], [ -61.174472771880517, 6.511368619284143 ], [ -61.174041434915715, 6.51067079143774 ], [ -61.173619853066583, 6.509756152673267 ], [ -61.173151909251501, 6.509166758811412 ], [ -61.172683418028655, 6.508722028763342 ], [ -61.172177724639802, 6.508575481260863 ], [ -61.171635102230702, 6.508645922864211 ], [ -61.170929594933348, 6.508751847029346 ], [ -61.170306312555347, 6.50864112501909 ], [ -61.169720793948734, 6.508051220669258 ], [ -61.169687563471882, 6.507246474818201 ], [ -61.169845614797694, 6.506044552935967 ], [ -61.17008503292017, 6.504833786874554 ], [ -61.170594656308062, 6.50388634255746 ], [ -61.171419749464292, 6.503193071548808 ], [ -61.172317625578302, 6.502391668675735 ], [ -61.172673167806522, 6.501552040253891 ], [ -61.173036167761389, 6.498660116989113 ], [ -61.172958303667023, 6.497674326090432 ], [ -61.172961760923947, 6.496715913453111 ], [ -61.173316428632091, 6.496138550304529 ], [ -61.173942090126083, 6.495589268735553 ], [ -61.174612380494139, 6.495220957082016 ], [ -61.175272609293231, 6.495114832601768 ], [ -61.176249518151209, 6.494937549998959 ], [ -61.177734852579015, 6.494138179364515 ], [ -61.180938748204824, 6.493055658137576 ], [ -61.181916627293681, 6.492616100012205 ], [ -61.182388786419928, 6.492030113348156 ], [ -61.182309303735991, 6.491487326707652 ], [ -61.182240071665071, 6.490637158373554 ], [ -61.18239766087887, 6.489543674252806 ], [ -61.182707873697851, 6.488740140884977 ], [ -61.183262134796152, 6.487937393332734 ], [ -61.184078021446062, 6.487280321480428 ], [ -61.184481681437298, 6.48562716699188 ], [ -61.183867902069693, 6.485380806994449 ], [ -61.183137209707724, 6.484953315126395 ], [ -61.182009103323757, 6.484461017587789 ], [ -61.180680891932383, 6.484284405359509 ], [ -61.179640337007925, 6.484588109411005 ], [ -61.178789173557199, 6.484982938484679 ], [ -61.177984129286457, 6.485142760537073 ], [ -61.177179751092673, 6.485112759624524 ], [ -61.176349616381167, 6.484684793451628 ], [ -61.175240274701999, 6.483993690386165 ], [ -61.174745295900927, 6.483395172058919 ], [ -61.174720006470011, 6.482888765970249 ], [ -61.175011278974942, 6.482311164894272 ], [ -61.176026382916277, 6.481555267690147 ], [ -61.177021195261162, 6.481432264745423 ], [ -61.177925372492787, 6.48134512908817 ], [ -61.17851412211872, 6.481030740110969 ], [ -61.179039840073052, 6.480616680631041 ], [ -61.179512109201298, 6.479994548607205 ], [ -61.179586540742513, 6.479398070169109 ], [ -61.180131672121377, 6.478622499850593 ], [ -61.180676329860503, 6.478000492568745 ], [ -61.181085322829496, 6.477378124703689 ], [ -61.180971465630769, 6.476337938977556 ], [ -61.180902354719699, 6.475451696359781 ], [ -61.180569475179574, 6.475007443388895 ], [ -61.179819731400222, 6.474869162122195 ], [ -61.178580497889243, 6.47510879781154 ], [ -61.177307164088262, 6.474769652791797 ], [ -61.17666724826406, 6.474252004276259 ], [ -61.176129881833084, 6.472857746998353 ], [ -61.175858215877142, 6.470478804724117 ], [ -61.175573857727777, 6.469121597515808 ], [ -61.175007405880216, 6.468278668868592 ], [ -61.173646045632765, 6.46727923584689 ], [ -61.172065620682012, 6.466893784057707 ], [ -61.170739380945029, 6.466201884613527 ], [ -61.168286832883496, 6.464511399390392 ], [ -61.166728176041602, 6.463104308751498 ], [ -61.164800767148094, 6.461189692956533 ], [ -61.163501805981959, 6.460452586184386 ], [ -61.162029660757391, 6.460130895412606 ], [ -61.160565023889291, 6.460216020550171 ], [ -61.158673762525865, 6.460814934260172 ], [ -61.157377313149119, 6.461895208211577 ], [ -61.15694977501812, 6.462653209180862 ], [ -61.156802137737074, 6.463475376695784 ], [ -61.156867786114574, 6.465338204675072 ], [ -61.156765289081306, 6.466178623560837 ], [ -61.156410263089185, 6.466864567391481 ], [ -61.156199390281493, 6.467686497742874 ], [ -61.15526683496892, 6.468108110757464 ], [ -61.154797636324922, 6.46789849131538 ], [ -61.154346259295217, 6.467724984788666 ], [ -61.153803955593673, 6.467723038072059 ], [ -61.153424173172347, 6.46776684284856 ], [ -61.152908407144892, 6.467918760761576 ], [ -61.152221437415903, 6.467916257619571 ], [ -61.151561956178909, 6.467823373043434 ], [ -61.151111093730492, 6.467514393567866 ], [ -61.150850633945403, 6.46707039923903 ], [ -61.150879639685144, 6.466537051135527 ], [ -61.150927125686401, 6.465913394859042 ], [ -61.150947443033864, 6.465289620001242 ], [ -61.150742528128049, 6.464466069038661 ], [ -61.150438840707487, 6.463470393745713 ], [ -61.150018656339931, 6.462185025151002 ], [ -61.150067534896209, 6.461181614564526 ], [ -61.150803659018571, 6.460072191427407 ], [ -61.152500008145232, 6.458387642042015 ], [ -61.153470513159448, 6.45745986373876 ], [ -61.154375361168697, 6.457200893630318 ], [ -61.155225469927537, 6.457068369650745 ], [ -61.155986288914633, 6.456628066883489 ], [ -61.156123695717092, 6.45612225382233 ], [ -61.155991087751836, 6.455299055583256 ], [ -61.155353244402598, 6.454211766062629 ], [ -61.154056136947709, 6.452986437951805 ], [ -61.153253242339098, 6.45255855187522 ], [ -61.152494373161709, 6.452465422163431 ], [ -61.151382513050208, 6.452488506884864 ], [ -61.149963350741032, 6.452519521493869 ], [ -61.148543669050468, 6.452695271228131 ], [ -61.147811739437664, 6.452629353040932 ], [ -61.14724335890336, 6.452337914017595 ], [ -61.146848132576849, 6.451649338207134 ], [ -61.146707093061508, 6.450672350320843 ], [ -61.147137543325073, 6.449118812324671 ], [ -61.147681140007052, 6.448768113480098 ], [ -61.148396331157301, 6.448454346421653 ], [ -61.149145948908114, 6.448610729505971 ], [ -61.14997556742037, 6.449147183309284 ], [ -61.151066551875793, 6.44988345767083 ], [ -61.151725091589761, 6.450247507001309 ], [ -61.152294269428552, 6.450312860126372 ], [ -61.152765157837102, 6.450052413831771 ], [ -61.152929259256496, 6.449673218185149 ], [ -61.152858973594306, 6.449112410886427 ], [ -61.152698764450754, 6.448424712522516 ], [ -61.152232175755771, 6.447473672514764 ], [ -61.151928020379181, 6.446604532930019 ], [ -61.151977131482013, 6.445537835619731 ], [ -61.152660871755508, 6.443912874502064 ], [ -61.153706404285721, 6.442207844120483 ], [ -61.153947462675212, 6.440527014144387 ], [ -61.153671868856826, 6.43926018328265 ], [ -61.152892722772499, 6.437277356994623 ], [ -61.151884433791764, 6.436161536319006 ], [ -61.151055670100789, 6.43539006965469 ], [ -61.15041750401943, 6.43440224451639 ], [ -61.149689376221509, 6.43331466619497 ], [ -61.14903117698082, 6.432869235694778 ], [ -61.148390188251909, 6.432668019266102 ], [ -61.147685498524382, 6.432575080309132 ], [ -61.146881284062232, 6.432526976026163 ], [ -61.145858985887983, 6.432794467432904 ], [ -61.144863891971042, 6.433053103696719 ], [ -61.144102944653163, 6.433520416615238 ], [ -61.143515419439282, 6.433536354103166 ], [ -61.143091323307935, 6.433335965843283 ], [ -61.142596111610366, 6.432827840236931 ], [ -61.142498550029217, 6.432312106701166 ], [ -61.142762380097025, 6.431824829856601 ], [ -61.143360503819906, 6.431383947178466 ], [ -61.144166867808273, 6.430853434956385 ], [ -61.145135976843733, 6.430305427120501 ], [ -61.146629542138719, 6.429668942210323 ], [ -61.147753745223909, 6.428714593896384 ], [ -61.148161665068166, 6.428381581515949 ], [ -61.148308475891199, 6.427767329102339 ], [ -61.148239235532344, 6.426917153767009 ], [ -61.148053344915049, 6.425831525169301 ], [ -61.148267599293604, 6.424078284387355 ], [ -61.147845743448926, 6.423253971791752 ], [ -61.147305640197459, 6.422655302754807 ], [ -61.146720999911466, 6.421875549354279 ], [ -61.146298668041297, 6.42118692852211 ], [ -61.145922549996371, 6.420227155990919 ], [ -61.145853193024585, 6.419413239287535 ], [ -61.145696836285509, 6.41765856871821 ], [ -61.146024797570831, 6.416927429658926 ], [ -61.146668835351576, 6.416278825600923 ], [ -61.147683054820078, 6.415730971979101 ], [ -61.14854337020293, 6.415272947363806 ], [ -61.14943850982511, 6.415158647672894 ], [ -61.150215327791045, 6.415278962528726 ], [ -61.15059276342825, 6.41587703242896 ], [ -61.151204368279267, 6.416720149554548 ], [ -61.152193143214035, 6.418215462550711 ], [ -61.152994272939374, 6.419122502667145 ], [ -61.153705805642829, 6.41981218850719 ], [ -61.154320407049688, 6.419796319565259 ], [ -61.154909139856656, 6.419463976127347 ], [ -61.155697391177306, 6.418915273674568 ], [ -61.156198348269001, 6.417850201986876 ], [ -61.15570346283841, 6.417224561430961 ], [ -61.154612621074222, 6.41647016733635 ], [ -61.153766201601705, 6.41557197881775 ], [ -61.15337106876008, 6.414883445641248 ], [ -61.153464167537912, 6.414115281549138 ], [ -61.153918161273126, 6.413538287810736 ], [ -61.154651708711967, 6.41311596097565 ], [ -61.15579259524408, 6.41254142832173 ], [ -61.156717041513282, 6.411812314210656 ], [ -61.157072344473384, 6.411036092690938 ], [ -61.156886800068889, 6.409841949408576 ], [ -61.156305174728637, 6.408221392325739 ], [ -61.156244135499257, 6.405083789868106 ], [ -61.155905065917864, 6.401330385336786 ], [ -61.155863815672859, 6.400245238963223 ], [ -61.156202657079362, 6.398998795798817 ], [ -61.156708717407462, 6.396478025346148 ], [ -61.15655781260191, 6.395864665524933 ], [ -61.163504774997605, 6.396881238638819 ], [ -61.163963545791525, 6.397163966699072 ], [ -61.164703217642462, 6.397564424417837 ], [ -61.165218554063372, 6.397502992981067 ], [ -61.165609687467658, 6.397189238141183 ], [ -62.240366028352121, 6.55325924298785 ], [ -62.240306026483992, 6.554306166934165 ], [ -62.239796138012949, 6.556548584670941 ], [ -62.239160323716625, 6.558329589481487 ], [ -62.237610076708556, 6.560733214001522 ], [ -62.236513298605523, 6.5623416180727 ], [ -62.232315881928642, 6.562868889071846 ], [ -62.229315783278011, 6.561145718008153 ], [ -62.22683205454944, 6.558853505564601 ], [ -62.224185686715821, 6.556506678099866 ], [ -62.223436018900379, 6.555872400537013 ], [ -62.221476334085366, 6.553987928797945 ], [ -62.218883893532002, 6.551867348853794 ], [ -62.216751694722149, 6.550434968780566 ], [ -62.21519645597489, 6.550206358162298 ], [ -62.213584501817778, 6.551524483403993 ], [ -62.213003978576197, 6.552618030154808 ], [ -62.212261375826436, 6.553250038589759 ], [ -62.210698190814881, 6.55233399417171 ], [ -62.209432292986236, 6.552105906836694 ], [ -62.209665212270473, 6.553535440932428 ], [ -62.21070226411107, 6.555490766865563 ], [ -62.211396992715244, 6.556577251346426 ], [ -62.21243405075797, 6.558469360143005 ], [ -62.213073342247746, 6.56030647989607 ], [ -62.213711916300426, 6.56259594526949 ], [ -62.212841631291326, 6.563915143168989 ], [ -62.210998681181252, 6.562546492040575 ], [ -62.209961460489531, 6.560708657133863 ], [ -62.208633683141038, 6.559621148687619 ], [ -62.207539623354535, 6.559447612092712 ], [ -62.206273276413491, 6.559508921300257 ], [ -62.204602718744106, 6.557842000502336 ], [ -62.203392409545259, 6.556817956693174 ], [ -62.200970081020778, 6.555837237042295 ], [ -62.19751510085247, 6.555904106214126 ], [ -62.195669305623021, 6.556362470987327 ], [ -62.195504271995546, 6.557800407601525 ], [ -62.195846278608201, 6.558832088528084 ], [ -62.196251080970825, 6.560207521273139 ], [ -62.196538360859471, 6.561519583597471 ], [ -62.196887734245884, 6.563645726021043 ], [ -62.195800674039603, 6.564738466171964 ], [ -62.194761459291684, 6.564166955942643 ], [ -62.192917044602034, 6.563765996674316 ], [ -62.191476896357642, 6.565084222417535 ], [ -62.190443120713034, 6.56674691083776 ], [ -62.190214944832654, 6.568067098978728 ], [ -62.189931196233907, 6.570128948626034 ], [ -62.188544387249422, 6.57197185730208 ], [ -62.187622513892649, 6.571572444075481 ], [ -62.186927998728606, 6.570422605424874 ], [ -62.186757674004397, 6.56944544299207 ], [ -62.185609377463081, 6.56921741938848 ], [ -62.183998393117371, 6.569911337027184 ], [ -62.183246397691043, 6.570715084714993 ], [ -62.181691257145857, 6.570423159716512 ], [ -62.181574733859463, 6.569735450795123 ], [ -62.182038484198451, 6.568243785936854 ], [ -62.182610706456295, 6.566752333746574 ], [ -62.182378341782901, 6.565033310287867 ], [ -62.180762670536076, 6.563031801953418 ], [ -62.179144486038616, 6.562567844321364 ], [ -62.177478428788007, 6.563722896631527 ], [ -62.176844099594682, 6.56446351045871 ], [ -62.176591483796606, 6.564065185961484 ], [ -62.175831372772485, 6.564308112286208 ], [ -62.174428826056591, 6.564758087968427 ], [ -62.171316069209368, 6.565621308410893 ], [ -62.168617773714089, 6.567516268250355 ], [ -62.165965159041271, 6.569067600449713 ], [ -62.16245226153984, 6.571304929214076 ], [ -62.160441663146479, 6.572911573840827 ], [ -62.158593657536017, 6.574690398769287 ], [ -62.156294024308693, 6.576070374840632 ], [ -62.154737179462437, 6.576764289514587 ], [ -62.153875597332949, 6.578137608439745 ], [ -62.154858245909622, 6.580029704573855 ], [ -62.157107605940524, 6.58168873830077 ], [ -62.158724269454716, 6.583066318594452 ], [ -62.159814911503325, 6.585302267083404 ], [ -62.159764044344207, 6.588684949439559 ], [ -62.15780937521216, 6.589260556887865 ], [ -62.155852709180337, 6.591039187294776 ], [ -62.155278903794908, 6.593389881965741 ], [ -62.154468059326504, 6.596888957765142 ], [ -62.154009955734232, 6.600334292294998 ], [ -62.154250529261105, 6.602514515735066 ], [ -62.154073951354817, 6.605263994585005 ], [ -62.152813420663627, 6.607215507165843 ], [ -62.15119539559646, 6.606588667561406 ], [ -62.149640904851502, 6.605844373243399 ], [ -62.148319749063063, 6.606185765866942 ], [ -62.146069447869607, 6.605105577657842 ], [ -62.143874840668126, 6.603157224463248 ], [ -62.141976290099734, 6.602638388154218 ], [ -62.140077499010459, 6.602237107361598 ], [ -62.13742925084609, 6.601147177095823 ], [ -62.136289472197191, 6.599897564397692 ], [ -62.135181286615058, 6.598683023367595 ], [ -62.133964509000819, 6.596220750230184 ], [ -62.129526410935448, 6.594557740547335 ], [ -62.12878225188274, 6.595994622983176 ], [ -62.1291302466784, 6.598690603670863 ], [ -62.128844800000351, 6.601620699641416 ], [ -62.127519143479113, 6.604539861898918 ], [ -62.125393752841042, 6.604427641672907 ], [ -62.124002754766096, 6.603339798030532 ], [ -62.121874165816294, 6.605063638322997 ], [ -62.121996290457233, 6.607641658419443 ], [ -62.121592409517831, 6.610969529633983 ], [ -62.119520424965806, 6.611372863331852 ], [ -62.118248798768775, 6.609254102241363 ], [ -62.117041396462305, 6.606619897785983 ], [ -62.115941829651327, 6.604438116019141 ], [ -62.11427182580222, 6.602544821788821 ], [ -62.113062638842763, 6.600941758594866 ], [ -62.111158185763031, 6.598704198280449 ], [ -62.109142097741, 6.598194107714285 ], [ -62.109023324885079, 6.598881365129583 ], [ -62.109203460102698, 6.599279580882969 ], [ -62.10983324826713, 6.601171117745237 ], [ -62.110932818708434, 6.603352913686563 ], [ -62.112549079319656, 6.604902442045497 ], [ -62.113811565520848, 6.607075473354473 ], [ -62.112721090778663, 6.609949866581986 ], [ -62.111048731358309, 6.609377079738818 ], [ -62.109441567115766, 6.60777325486576 ], [ -62.107422425677846, 6.608972586313741 ], [ -62.106902691768298, 6.611323283009026 ], [ -62.106901734169526, 6.611847885952463 ], [ -62.106654157042094, 6.613692663705265 ], [ -62.105711726815244, 6.614694953497489 ], [ -62.105521331615144, 6.614938805859545 ], [ -62.104959116209805, 6.615715689799027 ], [ -62.102444857818547, 6.615575424965306 ], [ -62.100600036724224, 6.61533699845728 ], [ -62.098609969337588, 6.615450933881246 ], [ -62.096693175500434, 6.615022344994794 ], [ -62.094840274777965, 6.614277364790833 ], [ -62.092867383843597, 6.61487977772684 ], [ -62.092223299133465, 6.615918746744374 ], [ -62.091137222536233, 6.616287639874492 ], [ -62.089916883021765, 6.615842185702603 ], [ -62.0881615833908, 6.616191792860208 ], [ -62.087038583734426, 6.616913274665543 ], [ -62.085580158207335, 6.61810450294931 ], [ -62.085088966674121, 6.619614099301971 ], [ -62.084409082535608, 6.620445017330814 ], [ -62.082346877553633, 6.620395987357195 ], [ -62.079498700317103, 6.619793710482917 ], [ -62.07736187730071, 6.620974681046953 ], [ -62.074639344910018, 6.620978678320535 ], [ -62.071319478625981, 6.621153397478705 ], [ -62.068406414481224, 6.621446468023961 ], [ -62.066506323776629, 6.62174131728608 ], [ -62.065348361341378, 6.621847669882571 ], [ -62.064063946045636, 6.621845254642395 ], [ -62.063060231827684, 6.621671562214345 ], [ -62.062320315310494, 6.620729502792672 ], [ -62.060115445169828, 6.619603780938353 ], [ -62.057710895546514, 6.618866673679697 ], [ -62.055947124286, 6.618863345223892 ], [ -62.05472316176602, 6.62038957198497 ], [ -62.054846674642249, 6.621990730932738 ], [ -62.055044487952259, 6.62262421232542 ], [ -62.05491694208196, 6.623130509709193 ], [ -62.052706316900526, 6.624998511630816 ], [ -62.051069398352574, 6.624895910119171 ], [ -62.04917905342667, 6.624838066534731 ], [ -62.04688874520523, 6.625819570818782 ], [ -62.045501815533271, 6.627390696180242 ], [ -62.044411849082337, 6.629758279151592 ], [ -62.044471790544144, 6.631513135193155 ], [ -62.044421602575902, 6.63411790005096 ], [ -62.044768898160989, 6.636949548824595 ], [ -62.044880681974945, 6.639979753049871 ], [ -62.045004182173606, 6.641589958386578 ], [ -62.045171342759225, 6.64406856199663 ], [ -62.044787865302766, 6.645894824882284 ], [ -62.043845896086303, 6.646562289994053 ], [ -62.041132716158138, 6.646294819692468 ], [ -62.037784931084609, 6.646785788740193 ], [ -62.035756162190879, 6.648111378606222 ], [ -62.035281899311236, 6.650100303088402 ], [ -62.035216199494705, 6.651366411810014 ], [ -62.035367182982014, 6.652777710726678 ], [ -62.034233260521006, 6.654457792300362 ], [ -62.033174429961328, 6.654681892018997 ], [ -62.03204365517005, 6.654724916067956 ], [ -62.030544296872364, 6.653609473198259 ], [ -62.028709319656869, 6.652927474972461 ], [ -62.026492254078057, 6.653402491416506 ], [ -62.025097469328614, 6.654268083521509 ], [ -62.023902884391056, 6.654564177843628 ], [ -62.022084705322534, 6.65456058880301 ], [ -62.020699195316809, 6.65533573189226 ], [ -62.0195729927106, 6.657639874875948 ], [ -62.01853811486707, 6.659519123070105 ], [ -62.017539284574191, 6.661407435039326 ], [ -62.016657096855113, 6.663802564136664 ], [ -62.016184115345062, 6.665104000333523 ], [ -62.015800566740729, 6.666939358910861 ], [ -62.015961188787365, 6.668052164353375 ], [ -62.014745644125938, 6.669768169058088 ], [ -62.01294427452595, 6.670397711969561 ], [ -62.011089954921509, 6.670339747992408 ], [ -62.009288447238511, 6.671032637656851 ], [ -62.008308990297898, 6.672278778395111 ], [ -62.007728624847964, 6.673010198539784 ], [ -62.007084789939881, 6.673777744539247 ], [ -62.006132155501611, 6.675195866426823 ], [ -62.004936874494831, 6.675772306876919 ], [ -62.003335119287804, 6.676094629235908 ], [ -62.002310877909814, 6.677105549676337 ], [ -62.000978783621946, 6.678269616337622 ], [ -61.999964985758254, 6.678602246880027 ], [ -61.99917874725331, 6.678202670658349 ], [ -61.99861852378455, 6.677912141018377 ], [ -61.998066828923413, 6.677829657233343 ], [ -61.997677839111034, 6.677846931281283 ], [ -61.997325146502398, 6.677782923468131 ], [ -61.996800574397987, 6.677763760758804 ], [ -61.996510962530415, 6.677808400827387 ], [ -61.996121563402873, 6.678033697145088 ], [ -61.995641360653082, 6.67842165458686 ], [ -61.995432697677074, 6.678728701695499 ], [ -61.995178395630546, 6.679198493524257 ], [ -61.995014932708706, 6.679505735538809 ], [ -61.994869579423479, 6.679821924208429 ], [ -61.994543220572773, 6.680155941673148 ], [ -61.994063267019676, 6.68040827990255 ], [ -61.993502115371435, 6.68058799398209 ], [ -61.992814267579639, 6.680722209378396 ], [ -61.992117470933003, 6.680874530270295 ], [ -61.99160163791106, 6.68095496665431 ], [ -61.990886961705478, 6.680971582071469 ], [ -61.990326268292968, 6.680925214215445 ], [ -61.989485032614347, 6.680887247044087 ], [ -61.988860979524787, 6.680822651125468 ], [ -61.987902523465536, 6.680621757639218 ], [ -61.987043533728944, 6.680457204288226 ], [ -61.986310907588368, 6.680392423401815 ], [ -61.985677918207131, 6.680273448352252 ], [ -61.984773750398006, 6.680045519591603 ], [ -61.983806604740309, 6.679699819790813 ], [ -61.982658700053022, 6.679254269279332 ], [ -61.981908506154021, 6.678954308945258 ], [ -61.981293748618526, 6.678744952886196 ], [ -61.980841716310039, 6.678626462160372 ], [ -61.980127569209287, 6.678407938303176 ], [ -61.979539858056555, 6.678289189878249 ], [ -61.978771230148332, 6.678142810954037 ], [ -61.978174410687224, 6.678033044938241 ], [ -61.977451107006083, 6.677868806425983 ], [ -61.976899797305663, 6.677605303420966 ], [ -61.976149683119587, 6.677278196384167 ], [ -61.975553271478624, 6.677005598145373 ], [ -61.974965735023517, 6.676769244252552 ], [ -61.974432104116509, 6.676713885415873 ], [ -61.97411545913463, 6.676758439954232 ], [ -61.973762684621306, 6.676766748177825 ], [ -61.973346366333587, 6.676838242462162 ], [ -61.972921123772849, 6.676891620462898 ], [ -61.972360005395487, 6.677017033704434 ], [ -61.971644802857014, 6.677295996198572 ], [ -61.971001933514643, 6.677593062046979 ], [ -61.97033185736889, 6.677899209765101 ], [ -61.969697959973267, 6.678223436773287 ], [ -61.969037090288907, 6.678484414771243 ], [ -61.968358150509609, 6.678736185145344 ], [ -61.967615911784428, 6.678960791009931 ], [ -61.966909839637268, 6.679194429721552 ], [ -61.966212578060151, 6.679527673191574 ], [ -61.965379722835294, 6.679842526501308 ], [ -61.964781986288621, 6.680175855480033 ], [ -61.96422056319593, 6.680464127008245 ], [ -61.963776824156938, 6.680662147164346 ], [ -61.96314312891068, 6.68092315524284 ], [ -61.962644878462392, 6.681256680409249 ], [ -61.962146514007955, 6.681644592904102 ], [ -61.961820369257417, 6.681906147191652 ], [ -61.961557496160296, 6.68214985623873 ], [ -61.961430304537572, 6.682393715477314 ], [ -61.961293677285695, 6.682845684759623 ], [ -61.96144680508791, 6.683162609686756 ], [ -61.961690649111127, 6.683353026380542 ], [ -61.962042768625025, 6.683652256682456 ], [ -61.962629921076001, 6.684069547309174 ], [ -61.963234934232524, 6.684586356623228 ], [ -61.963758256963466, 6.685211531547528 ], [ -61.964245526110425, 6.685800422868829 ], [ -61.964696431313449, 6.686452536636592 ], [ -61.965021063335548, 6.686959714397345 ], [ -61.965218950871744, 6.687493756853325 ], [ -61.965516204966249, 6.688073227653016 ], [ -61.965696158419945, 6.688562027586664 ], [ -61.965776511009445, 6.689050590918156 ], [ -61.965847852540726, 6.689539166892486 ], [ -61.965910084593553, 6.690063865485175 ], [ -61.966018040898035, 6.69034440616725 ], [ -61.966125636763095, 6.690823998524014 ], [ -61.96619723918495, 6.691176919811463 ], [ -61.966156397577492, 6.693401788206263 ], [ -61.966117056203537, 6.694903080164893 ], [ -61.966187891193549, 6.695644835280231 ], [ -61.966331171971063, 6.696323539412153 ], [ -61.966410993623185, 6.697074364796713 ], [ -61.966410088321751, 6.69749949358762 ], [ -61.966318888098137, 6.697870135828501 ], [ -61.966001026722196, 6.698448292061913 ], [ -61.965719840929822, 6.698809441559048 ], [ -61.965339322968333, 6.699098098147908 ], [ -61.964886519960928, 6.699296094111208 ], [ -61.964524668943831, 6.699322463507641 ], [ -61.962923447439344, 6.699319108885597 ], [ -61.96241658927223, 6.699444734065144 ], [ -61.961737680492334, 6.699660310561127 ], [ -61.961104148216535, 6.699812725084408 ], [ -61.96063364348047, 6.699866079440076 ], [ -61.960521414493641, 6.699853876775892 ], [ -61.960208543736769, 6.699819865069862 ], [ -61.959476204934575, 6.699601298981904 ], [ -61.958816401015063, 6.69935571983112 ], [ -61.95846392355498, 6.699210196750164 ], [ -61.957821567588326, 6.699254066265431 ], [ -61.957404915561547, 6.699479330828264 ], [ -61.956852027421697, 6.699984687191519 ], [ -61.956353002993943, 6.700670965626449 ], [ -61.955890293719996, 6.701339252201649 ], [ -61.9554096635542, 6.701862823772687 ], [ -61.955010840789924, 6.702250892465396 ], [ -61.954666470372452, 6.70251250162413 ], [ -61.954268198086744, 6.702647316697464 ], [ -61.95385206884081, 6.702628334195209 ], [ -61.953508499745666, 6.702546229384854 ], [ -61.953111119516414, 6.702237822154609 ], [ -61.952560459739431, 6.701693976725436 ], [ -61.952073050036681, 6.70119549939953 ], [ -61.95167543238896, 6.700986671742933 ], [ -61.951259694019463, 6.70081386732658 ], [ -61.95087995995339, 6.700695512668649 ], [ -61.949541192857659, 6.70068361155635 ], [ -61.948654319931087, 6.700844465563993 ], [ -61.947558908656447, 6.701212985579164 ], [ -61.946699140104478, 6.701401049982207 ], [ -61.946092821383012, 6.701499318330738 ], [ -61.945495728852272, 6.701507075989544 ], [ -61.944826465405619, 6.701424245128841 ], [ -61.943831922225414, 6.70117786365979 ], [ -61.942648076392267, 6.700623644084294 ], [ -61.941934118523804, 6.700305522716137 ], [ -61.941464082534097, 6.700123623675355 ], [ -61.941075378536517, 6.699978135435293 ], [ -61.940804072436471, 6.699941379844335 ], [ -61.940469365936579, 6.699940631834264 ], [ -61.940152729909364, 6.699949017205086 ], [ -61.939872158989296, 6.700029798243857 ], [ -61.939437300631717, 6.700318209200081 ], [ -61.938648757274983, 6.701040143710185 ], [ -61.93752450144617, 6.702186343493818 ], [ -61.936917351013456, 6.702700535875595 ], [ -61.936319122247255, 6.703232881112245 ], [ -61.935693481183705, 6.703873665113497 ], [ -61.935367103344021, 6.704234745820107 ], [ -61.93524886523543, 6.704505798401506 ], [ -61.935229835925817, 6.704957977912951 ], [ -61.935473144551686, 6.705392650809891 ], [ -61.935598634009885, 6.705935584631461 ], [ -61.93573236939978, 6.706831303151223 ], [ -61.935668432624084, 6.707111480047877 ], [ -61.935496028410093, 6.707364400588072 ], [ -61.935142406342507, 6.707707274277704 ], [ -61.934879517202461, 6.707987117038997 ], [ -61.934797266047106, 6.708357777739764 ], [ -61.93473307345046, 6.708755516345939 ], [ -61.934660022056413, 6.709071963362885 ], [ -61.934487425879745, 6.709406260927568 ], [ -61.933907499790855, 6.709848193169642 ], [ -61.933282790353047, 6.710100030842297 ], [ -61.932802972141829, 6.710243682759292 ], [ -61.932395731251496, 6.710306122906666 ], [ -61.931943463923979, 6.710305114062254 ], [ -61.931382708016216, 6.710231578856921 ], [ -61.930858335346485, 6.710103832010766 ], [ -61.930415515292644, 6.709894861132923 ], [ -61.929882840825933, 6.70939627236071 ], [ -61.929413492008841, 6.708915879432541 ], [ -61.928871565795774, 6.708516733949063 ], [ -61.928356656272797, 6.708189959027155 ], [ -61.927913773672252, 6.708017207437979 ], [ -61.927624291328399, 6.708007531890337 ], [ -61.9273437533341, 6.708061167478887 ], [ -61.926963322019375, 6.708295555545021 ], [ -61.92668213114721, 6.708620461065096 ], [ -61.926373573612906, 6.709063000463564 ], [ -61.926046903127947, 6.709550682833684 ], [ -61.92564779696206, 6.710029151091238 ], [ -61.925167433200471, 6.710444178453799 ], [ -61.924877409589683, 6.710678633962702 ], [ -61.92448745393208, 6.711093840983505 ], [ -61.924296919012882, 6.711382817233679 ], [ -61.92418762802366, 6.711726298918567 ], [ -61.924005861998474, 6.712087704883885 ], [ -61.92369751931853, 6.712439707885865 ], [ -61.923190123083401, 6.712800380173989 ], [ -61.922782232330142, 6.713170342123273 ], [ -61.922473785004215, 6.713558602498987 ], [ -61.92228330434795, 6.713775208247667 ], [ -61.921739697956006, 6.714153906212537 ], [ -61.921477199162283, 6.714252783452576 ], [ -61.920825865782014, 6.714224248165412 ], [ -61.920509516395853, 6.71411502277481 ], [ -61.920193182124351, 6.713987630627425 ], [ -61.919903761523507, 6.713941803314984 ], [ -61.919550920784211, 6.713977175067432 ], [ -61.918917371256057, 6.714111518279645 ], [ -61.917695296126205, 6.714470531562696 ], [ -61.91690745299536, 6.714848680579975 ], [ -61.916463405095506, 6.715164294494043 ], [ -61.916118652617335, 6.715615771027551 ], [ -61.916045626895368, 6.715932104328797 ], [ -61.916080277522781, 6.716619522350962 ], [ -61.91615179729412, 6.716990541793394 ], [ -61.916385670911872, 6.717596998732351 ], [ -61.916764499611432, 6.718140507272237 ], [ -61.917151981004139, 6.718810684746543 ], [ -61.917358710999324, 6.719417101184781 ], [ -61.91745727226283, 6.719851483060122 ], [ -61.917528561282118, 6.720330906691306 ], [ -61.917459452089531, 6.722953602548648 ], [ -61.917539928563123, 6.723396979322136 ], [ -61.917674725071066, 6.7238042881494 ], [ -61.917600963736319, 6.728525259463391 ], [ -61.917417848056374, 6.729528784678824 ], [ -61.917044968291357, 6.730414357380353 ], [ -61.916726642833837, 6.731155235135495 ], [ -61.916263958588047, 6.731760197675444 ], [ -61.915774389752677, 6.732220382333608 ], [ -61.915249024566094, 6.73252675566441 ], [ -61.914932213841503, 6.732589364070682 ], [ -61.914434682948105, 6.732588248112952 ], [ -61.913756331767026, 6.7325324894956 ], [ -61.912752319335482, 6.732430721143863 ], [ -61.912354250415554, 6.732429811383058 ], [ -61.911919868952964, 6.732483111658429 ], [ -61.911548592821191, 6.732645144585122 ], [ -61.911068443377673, 6.732960577173946 ], [ -61.910886995175851, 6.733204416871303 ], [ -61.910777849127015, 6.733466406034577 ], [ -61.910722865235954, 6.733773853928027 ], [ -61.910450878606163, 6.734035490509073 ], [ -61.910079678270215, 6.734170384378949 ], [ -61.909871189986674, 6.73435078652125 ], [ -61.909698738190286, 6.734612706449123 ], [ -61.909616310210822, 6.735037563756578 ], [ -61.909516027442358, 6.735390076112354 ], [ -61.909153128443492, 6.735877680049865 ], [ -61.908881088223502, 6.736157407689523 ], [ -61.908753698536529, 6.736482741118996 ], [ -61.908706492620468, 6.737378059484874 ], [ -61.908606393285218, 6.73764007387671 ], [ -61.908334443080449, 6.737874644998511 ], [ -61.90798119724225, 6.73804569829086 ], [ -61.907619149637377, 6.738117219309514 ], [ -61.907139751309366, 6.738089009508514 ], [ -61.906742108570327, 6.737898239740259 ], [ -61.906074069072233, 6.737281753462871 ], [ -61.905369984327031, 6.736574664637523 ], [ -61.904647385795364, 6.736039434537448 ], [ -61.904078244174435, 6.735712629630055 ], [ -61.903689432722771, 6.735612195263654 ], [ -61.90320990736371, 6.735629211642611 ], [ -61.902675996315622, 6.735691376470889 ], [ -61.902187392529036, 6.73574455070181 ], [ -61.901788846949273, 6.735960700762561 ], [ -61.901272440657181, 6.736294186273708 ], [ -61.900855681824758, 6.736537421215449 ], [ -61.900402786154025, 6.736798719272496 ], [ -61.89975946841323, 6.737249512765828 ], [ -61.899016230585069, 6.737871894359468 ], [ -61.897901023341966, 6.738945622297574 ], [ -61.897656344314939, 6.739134998721482 ], [ -61.897157728668155, 6.739586092998742 ], [ -61.896731736787544, 6.739955981235122 ], [ -61.896133236135313, 6.740578663289456 ], [ -61.895162984776974, 6.74156230389643 ], [ -61.89434715768931, 6.742274930408002 ], [ -61.893277871762649, 6.743068462791157 ], [ -61.892136368170135, 6.743762239921907 ], [ -61.891384630017583, 6.744149461355215 ], [ -61.890415268188256, 6.744717048607836 ], [ -61.889391987409617, 6.745166953908046 ], [ -61.888441461283946, 6.745427024980507 ], [ -61.887482098580691, 6.745587635699653 ], [ -61.886513853760079, 6.745703063079924 ], [ -61.885301208942863, 6.745844992312517 ], [ -61.884577316533537, 6.745924717204469 ], [ -61.884224428967777, 6.745942008510132 ], [ -61.88383523648605, 6.746022480062873 ], [ -61.883192227408507, 6.746319506372968 ], [ -61.882249900206418, 6.746959488589233 ], [ -61.881787526926566, 6.747374488201026 ], [ -61.881442669325679, 6.747843994376001 ], [ -61.881296730943923, 6.748368243719608 ], [ -61.881187214145349, 6.748802138149388 ], [ -61.880969009687163, 6.749244724842583 ], [ -61.88069663668707, 6.749669173606249 ], [ -61.880379175585169, 6.750039288923063 ], [ -61.880143012730244, 6.750445787376563 ], [ -61.880178126213352, 6.750907128594857 ], [ -61.880285995280289, 6.751205777666457 ], [ -61.880547550484877, 6.751568159298021 ], [ -61.881161708404413, 6.752012757470372 ], [ -61.88168545667483, 6.75242991690334 ], [ -61.88192916695224, 6.752692813298663 ], [ -61.88189080363761, 6.753642392502633 ], [ -61.881780666797738, 6.754302325037596 ], [ -61.881461865182175, 6.755260321194542 ], [ -61.881197405122258, 6.756164049636117 ], [ -61.881105689969303, 6.756724677594084 ], [ -61.881074730768724, 6.75837968646483 ], [ -61.88095595231021, 6.758885884606421 ], [ -61.880873759487358, 6.759220276483996 ], [ -61.880854285030559, 6.759808103481815 ], [ -61.88103395645394, 6.760387352619588 ], [ -61.881123329712615, 6.760848813628619 ], [ -61.881258201386039, 6.761210900239139 ], [ -61.881310286515635, 6.762187842730179 ], [ -61.881161441432063, 6.763978199419349 ], [ -61.88082346739769, 6.765379321321283 ], [ -61.880713494925224, 6.765994060439928 ], [ -61.88071212970798, 6.766590948882659 ], [ -61.880990567219868, 6.767450837708322 ], [ -61.881602136852997, 6.769034972059857 ], [ -61.881826192862093, 6.769976117495764 ], [ -61.881897066574801, 6.770627417564806 ], [ -61.881912689089511, 6.771721814695673 ], [ -61.881793524875512, 6.772372710632613 ], [ -61.881357043215459, 6.77333944574181 ], [ -61.880856908937638, 6.774423593774586 ], [ -61.880556244800239, 6.775363510723538 ], [ -61.880409609256105, 6.776149979894897 ], [ -61.880091101054944, 6.776963273508918 ], [ -61.879953682582972, 6.777704539454689 ], [ -61.879915072118671, 6.778762630610582 ], [ -61.879658709267908, 6.780064442615926 ], [ -61.8792955760875, 6.780624353367396 ], [ -61.878697304896619, 6.781093303434719 ], [ -61.878008970484679, 6.78142626346986 ], [ -61.877374883337488, 6.781750445286153 ], [ -61.876731519329105, 6.782165022553555 ], [ -61.876052194623988, 6.782498005861149 ], [ -61.875119462953592, 6.782848600332802 ], [ -61.874068731155752, 6.783370760765246 ], [ -61.873135426290673, 6.783992620662626 ], [ -61.872545804434829, 6.784633352367979 ], [ -61.872019088620675, 6.785500419302804 ], [ -61.871700132703921, 6.786485505951686 ], [ -61.871462368704719, 6.787570262082023 ], [ -61.871196861058799, 6.788908225970828 ], [ -61.87096824119358, 6.789947666792964 ], [ -61.870404358713998, 6.791230703628941 ], [ -61.869558759359457, 6.793001363021749 ], [ -61.868731900780347, 6.794500768678855 ], [ -61.868277519139674, 6.795358959073549 ], [ -61.868140891080422, 6.79574746401478 ], [ -61.867922807561825, 6.796163016823544 ], [ -61.86762310009096, 6.796650698264395 ], [ -61.867187723431108, 6.797110954573125 ], [ -61.866679920887975, 6.797580043837283 ], [ -61.866290105423907, 6.797895733409264 ], [ -61.865755630541074, 6.798201915561537 ], [ -61.865193972433815, 6.798481026656571 ], [ -61.864777203446728, 6.79874228604413 ], [ -61.864233111665676, 6.799265579693093 ], [ -61.863761285241779, 6.79983424111107 ], [ -61.86342499342733, 6.800475594616612 ], [ -61.863206434850142, 6.801063017801946 ], [ -61.863051263296491, 6.801650516498386 ], [ -61.86300468053367, 6.802229214281929 ], [ -61.862904245356589, 6.802617898141214 ], [ -61.862694778862107, 6.803178135307853 ], [ -61.862185631373421, 6.804226087565212 ], [ -61.861667742292937, 6.805156341214557 ], [ -61.860932723822444, 6.806086177367126 ], [ -61.859953217961362, 6.807060669543324 ], [ -61.858647205377451, 6.80835989044575 ], [ -61.857958273399674, 6.808928054116512 ], [ -61.857450900032703, 6.809207242435632 ], [ -61.8571158744831, 6.809314990908466 ], [ -61.856672478184507, 6.809332032934081 ], [ -61.856202231969533, 6.809222387975766 ], [ -61.855614757973463, 6.808931660761638 ], [ -61.854982473966473, 6.808505073827586 ], [ -61.854485423208445, 6.808241565404439 ], [ -61.854060525443302, 6.808086822469625 ], [ -61.853264396126967, 6.808066856427813 ], [ -61.85283036839509, 6.807939223344345 ], [ -61.852396820046053, 6.807612578859118 ], [ -61.852144530994572, 6.807186891164125 ], [ -61.852037129309046, 6.806707319346884 ], [ -61.851866390787258, 6.806173282574294 ], [ -61.851587528433321, 6.805503384219231 ], [ -61.85116367248461, 6.804923590108535 ], [ -61.850694540969926, 6.804352707225013 ], [ -61.850215918487024, 6.803980734400206 ], [ -61.849709931035044, 6.803681121858057 ], [ -61.84923979998711, 6.803535212592245 ], [ -61.848905095167005, 6.803498257073254 ], [ -61.848515939627113, 6.803524461711222 ], [ -61.847990967440509, 6.803622705536038 ], [ -61.84747449011725, 6.80391994895637 ], [ -61.846912339013741, 6.804434124314072 ], [ -61.846422048683877, 6.80512932131019 ], [ -61.845885129517008, 6.806448555610147 ], [ -61.845502160545479, 6.807659508634001 ], [ -61.845210023600742, 6.808771226258495 ], [ -61.845154234908215, 6.809395124381553 ], [ -61.845106569960038, 6.8104169975838 ], [ -61.845205060347851, 6.810860397582654 ], [ -61.845511218612593, 6.811467095213749 ], [ -61.845872196866779, 6.811874943771535 ], [ -61.846224326775427, 6.812165240980481 ], [ -61.846802836088422, 6.812401712922365 ], [ -61.847607232064512, 6.812774471688757 ], [ -61.84833005402777, 6.813201262851896 ], [ -61.848925661435629, 6.813862908879438 ], [ -61.849313288454631, 6.814478781039007 ], [ -61.849591477764854, 6.815438150386944 ], [ -61.849932788274145, 6.816488092705649 ], [ -61.850157028682503, 6.81732966665499 ], [ -61.850219146219331, 6.817845325308811 ], [ -61.850288901347788, 6.818948960017652 ], [ -61.850359563399834, 6.81967262785321 ], [ -61.850277017540883, 6.820115599836448 ], [ -61.849903847545022, 6.821037148389735 ], [ -61.849267253668785, 6.822419409849269 ], [ -61.848413313751607, 6.823846365381631 ], [ -61.847596407515887, 6.82492971848489 ], [ -61.847205944422008, 6.825489520915523 ], [ -61.846942585908948, 6.825877789969217 ], [ -61.846860039558564, 6.826356945761428 ], [ -61.84679576282479, 6.826754667511984 ], [ -61.846614142628987, 6.827034627732554 ], [ -61.846305719755115, 6.827359440603287 ], [ -61.846169216489088, 6.827684727611132 ], [ -61.845805635476225, 6.828371178887823 ], [ -61.845306251955883, 6.829084548956768 ], [ -61.844780413839722, 6.829526460183073 ], [ -61.84405498329351, 6.830166824917892 ], [ -61.843474964608461, 6.830554371373903 ], [ -61.84282275825197, 6.830869297148007 ], [ -61.842297575148528, 6.831003643212144 ], [ -61.841754668102375, 6.83101140373074 ], [ -61.8410308697921, 6.830991597145864 ], [ -61.840425217746791, 6.83074599222703 ], [ -61.839991254972844, 6.83059121092182 ], [ -61.839656740262164, 6.83047276203635 ], [ -61.839304062893071, 6.830399563131394 ], [ -61.837611882714917, 6.830458790100073 ], [ -61.837059528646314, 6.830611289902777 ], [ -61.836379708215716, 6.831116127650191 ], [ -61.835191741713558, 6.832207579968718 ], [ -61.834438848130922, 6.832983501463457 ], [ -61.833976356966936, 6.83339845281446 ], [ -61.833523187268831, 6.833722972222256 ], [ -61.833061307910036, 6.833884599727007 ], [ -61.832527053391551, 6.834073222349998 ], [ -61.832092269563226, 6.834253096373224 ], [ -61.831793162537465, 6.834460367255803 ], [ -61.831611279333643, 6.83484883592429 ], [ -61.831347399989234, 6.835454124604797 ], [ -61.831164903147439, 6.836095804742078 ], [ -61.831018551484981, 6.836719463545973 ], [ -61.831013897353166, 6.838636827780538 ], [ -61.831112353660792, 6.839089274640554 ], [ -61.831120573909281, 6.839414843210943 ], [ -61.831092702338786, 6.839740378328429 ], [ -61.830947323972687, 6.839966090704042 ], [ -61.830666098364006, 6.840282003773186 ], [ -61.830475449377715, 6.840525672054533 ], [ -61.830401772642396, 6.841059089453361 ], [ -61.830056848076751, 6.841501416928256 ], [ -61.829712518763927, 6.841708661866248 ], [ -61.829178000020285, 6.841969610099299 ], [ -61.828833852272602, 6.84210437596214 ], [ -61.828453121101539, 6.842401970414652 ], [ -61.828135145467591, 6.842898615891105 ], [ -61.828034449980905, 6.84338675878944 ], [ -61.827911449030907, 6.845602208168422 ], [ -61.827971566078787, 6.846922841832475 ], [ -61.828104986136786, 6.84787269988708 ], [ -61.828266100045042, 6.84860572334018 ], [ -61.828472892787168, 6.849148881443837 ], [ -61.828887753318, 6.849701562842933 ], [ -61.829375248642108, 6.850191141262409 ], [ -61.830368520606626, 6.851025540489321 ], [ -61.831036879584964, 6.851542687048044 ], [ -61.831578511163308, 6.852077581106804 ], [ -61.832101724915425, 6.852730090656998 ], [ -61.832624654943004, 6.853527186426254 ], [ -61.833084662017257, 6.8541432845554 ], [ -61.833643336012386, 6.855094304101339 ], [ -61.834445496713343, 6.856416715264336 ], [ -61.83485967757462, 6.857249702519446 ], [ -61.835084494410516, 6.857847150271556 ], [ -61.835137882876339, 6.858227166456265 ], [ -61.835109830076661, 6.858588883400847 ], [ -61.834982227576056, 6.858959311011251 ], [ -61.834900204066841, 6.859221435481585 ], [ -61.834935382084822, 6.859637580660942 ], [ -61.835106693253401, 6.859882112107811 ], [ -61.835350492229452, 6.860099834247352 ], [ -61.835612601704867, 6.860236086409795 ], [ -61.836209269717706, 6.860445521834911 ], [ -61.836706460363537, 6.860663853752232 ], [ -61.83708602384251, 6.860845611682142 ], [ -61.837510279201375, 6.86128979926799 ], [ -61.837021734207333, 6.861243404343126 ], [ -61.836560658501284, 6.86107941992901 ], [ -61.836244242241037, 6.860943042663865 ], [ -61.835791911847998, 6.860905764179519 ], [ -61.835456586777113, 6.861112927930382 ], [ -61.835428615061574, 6.8614475443176 ], [ -61.835816234565897, 6.862072505516969 ], [ -61.836131894488133, 6.862498350774356 ], [ -61.836375228054649, 6.862896878507723 ], [ -61.836483043662952, 6.863249808653893 ], [ -61.83650899997005, 6.863711118009486 ], [ -61.836445007070026, 6.864009480479774 ], [ -61.836272572411133, 6.864226067249717 ], [ -61.83588256850593, 6.864568830429481 ], [ -61.835184894746348, 6.864937958281794 ], [ -61.834568904588366, 6.865207750417841 ], [ -61.833934983417358, 6.865432369987871 ], [ -61.832892882166796, 6.866035767724045 ], [ -61.832485279332523, 6.866197556976427 ], [ -61.831869755757594, 6.866286465565286 ], [ -61.831181884292704, 6.866330037040671 ], [ -61.830448551410996, 6.866491105917492 ], [ -61.829588105335041, 6.866796451910283 ], [ -61.828700605251292, 6.867092780899582 ], [ -61.827369602591354, 6.867424104969108 ], [ -61.826418958196172, 6.867611762065367 ], [ -61.825631569598478, 6.867664072447972 ], [ -61.824572984151168, 6.867616280812729 ], [ -61.823767537774771, 6.867641432843522 ], [ -61.822536346537881, 6.867864494203672 ], [ -61.821902551893622, 6.868007684991313 ], [ -61.820427506292276, 6.868031215710833 ], [ -61.819594533490637, 6.868228114074479 ], [ -61.819196185533201, 6.868308507196547 ], [ -61.818526076114878, 6.868487693208196 ], [ -61.81791933260633, 6.868676190796106 ], [ -61.81730388544235, 6.868737981256272 ], [ -61.816760900826019, 6.86874567744092 ], [ -61.816181958416998, 6.868671924928098 ], [ -61.815413500989649, 6.868389614052576 ], [ -61.814564187273788, 6.867872010217984 ], [ -61.814004050892542, 6.867481814806815 ], [ -61.813588726334686, 6.867118974952725 ], [ -61.813200454902066, 6.866801446837496 ], [ -61.812739727304631, 6.866474799765477 ], [ -61.811971659177608, 6.866029731667665 ], [ -61.81095068559322, 6.865412205307335 ], [ -61.809595257124172, 6.864640062029855 ], [ -61.80828466421238, 6.864030915849348 ], [ -61.807163696570406, 6.863593995657794 ], [ -61.80575330042489, 6.863102098762345 ], [ -61.804604758934353, 6.862827989707959 ], [ -61.803827054003733, 6.862627009098917 ], [ -61.803239078884239, 6.862562260266646 ], [ -61.802325147275845, 6.862559982821693 ], [ -61.801238904031216, 6.86272916069084 ], [ -61.799346924856593, 6.863031888534915 ], [ -61.798713027790747, 6.863220279939164 ], [ -61.798269184531406, 6.863390976395607 ], [ -61.797843053115344, 6.863724591221706 ], [ -61.797443844350276, 6.864157608644134 ], [ -61.797171283694951, 6.864600097588099 ], [ -61.797034692368626, 6.864952507466747 ], [ -61.79699757023068, 6.86528705581542 ], [ -61.797105220135172, 6.865685186257328 ], [ -61.797240059190059, 6.866047327175577 ], [ -61.797736081507978, 6.866690667065408 ], [ -61.798819492274013, 6.867688230559558 ], [ -61.799614039531306, 6.868386537688092 ], [ -61.80004696801425, 6.868957388719344 ], [ -61.800308119768907, 6.869464502483234 ], [ -61.80038861799683, 6.869826512465558 ], [ -61.800277757298488, 6.870739701804253 ], [ -61.80015820638809, 6.871499046078501 ], [ -61.800048916733779, 6.87177917233487 ], [ -61.79975742044185, 6.872565201734942 ], [ -61.799402341096588, 6.873423551235076 ], [ -61.799066409635785, 6.873856799933778 ], [ -61.798612052433597, 6.874633431270355 ], [ -61.797994196959188, 6.875644791521829 ], [ -61.797231351604445, 6.876710054877908 ], [ -61.796677424124184, 6.87748648940993 ], [ -61.796123922020577, 6.878100097932103 ], [ -61.795389735809785, 6.878577572259458 ], [ -61.794655725314406, 6.878973595355358 ], [ -61.794048904974531, 6.879180118566105 ], [ -61.792239121411271, 6.879175585075673 ], [ -61.791741549115194, 6.87912911909951 ], [ -61.790909535004566, 6.878909896735053 ], [ -61.790186387501123, 6.878609670165131 ], [ -61.789454423475718, 6.878209872851594 ], [ -61.78862311950742, 6.877737511621832 ], [ -61.78784595778734, 6.877319480490836 ], [ -61.787068964573187, 6.87684724744585 ], [ -61.78635571540859, 6.876203337224789 ], [ -61.785516104947305, 6.875432540217034 ], [ -61.784929446991235, 6.874807036760409 ], [ -61.784487564390709, 6.874208933708957 ], [ -61.784190352220847, 6.87364746176933 ], [ -61.783912506725564, 6.872606726422883 ], [ -61.783635832673383, 6.87110479964056 ], [ -61.783358412301368, 6.869892154774781 ], [ -61.783070751253796, 6.869122765632391 ], [ -61.782629222548387, 6.868389009414472 ], [ -61.78234082224337, 6.867918096695864 ], [ -61.782034498782231, 6.867401824801441 ], [ -61.781530919529956, 6.866152404051148 ], [ -61.780955456997503, 6.864722100380733 ], [ -61.780559950781502, 6.863671987260207 ], [ -61.780200724282238, 6.862621986966736 ], [ -61.78008406634563, 6.862214704663836 ], [ -61.779922434333187, 6.861716897586549 ], [ -61.77988709466991, 6.861391170750756 ], [ -61.779960188205436, 6.861111047134695 ], [ -61.780187196641435, 6.86080411531379 ], [ -61.780332641990718, 6.860542234058966 ], [ -61.780406768590872, 6.859882146809317 ], [ -61.780290082151716, 6.859483984354564 ], [ -61.780372677400443, 6.859022970864379 ], [ -61.780727036354818, 6.858463147344078 ], [ -61.781144489576462, 6.857975812317145 ], [ -61.781480145174406, 6.857632995714632 ], [ -61.781625663856722, 6.857334967286676 ], [ -61.781871503530525, 6.856756677411656 ], [ -61.781971832186187, 6.85644950006848 ], [ -61.782189852750264, 6.856097309045007 ], [ -61.78250750805266, 6.855709205914368 ], [ -61.782789013339844, 6.855339194420237 ], [ -61.782979796100989, 6.85501405629476 ], [ -61.783216281593759, 6.854544362090515 ], [ -61.783470520955916, 6.854210449312307 ], [ -61.784477016551406, 6.85335375412696 ], [ -61.785447340940081, 6.852533203914012 ], [ -61.786317729031047, 6.851857115022899 ], [ -61.787242326725774, 6.851199246703717 ], [ -61.788194148731179, 6.850505313836934 ], [ -61.788711165702694, 6.85000015051643 ], [ -61.789001976355699, 6.84952153812922 ], [ -61.789202399507055, 6.848979435466686 ], [ -61.78936652614496, 6.848491459708111 ], [ -61.789467269097983, 6.848012371128436 ], [ -61.789531688063718, 6.847560307818498 ], [ -61.789543339830679, 6.846538371288182 ], [ -61.789472350530062, 6.845995579277509 ], [ -61.789221475691264, 6.844991071875862 ], [ -61.788798573143453, 6.844031337177944 ], [ -61.788320881834288, 6.843288573763202 ], [ -61.787897104262989, 6.842708693071998 ], [ -61.787517863048016, 6.842373079128826 ], [ -61.787075528413929, 6.841964976674603 ], [ -61.786624498191117, 6.841430277582933 ], [ -61.786245669631668, 6.84094996561274 ], [ -61.785902781515802, 6.840578353544769 ], [ -61.785405799941074, 6.840305770100446 ], [ -61.784619206693897, 6.840077705357665 ], [ -61.784076279996768, 6.84007635773425 ], [ -61.783587704261393, 6.840048002810112 ], [ -61.783153628957002, 6.839956457740376 ], [ -61.782078007878724, 6.839501565706692 ], [ -61.781391360050115, 6.839101857737323 ], [ -61.780759617249252, 6.838449142575813 ], [ -61.780272526402555, 6.837860049564456 ], [ -61.779938959157491, 6.837379873199851 ], [ -61.779542169882198, 6.836845298259212 ], [ -61.77905579696256, 6.835966771398545 ], [ -61.778596652720985, 6.835052144531224 ], [ -61.778255289560086, 6.83407452415649 ], [ -61.777860479877518, 6.832762220759522 ], [ -61.77740269500805, 6.831341132612214 ], [ -61.776998895656817, 6.830010708135315 ], [ -61.776495657194729, 6.828643789615593 ], [ -61.775955719710602, 6.827484814275223 ], [ -61.775514351287605, 6.826678753293563 ], [ -61.775243950233566, 6.826262128647449 ], [ -61.7750012477143, 6.825646541347777 ], [ -61.774840613865479, 6.824750782763211 ], [ -61.774625997873684, 6.823764433461365 ], [ -61.77434792639734, 6.822823153265221 ], [ -61.774195193870327, 6.822379607940484 ], [ -61.773989176828522, 6.821574205090422 ], [ -61.773747054842325, 6.820714413029004 ], [ -61.773612621640119, 6.820207602703971 ], [ -61.77338795907869, 6.819601116043138 ], [ -61.773126634439826, 6.819166314704167 ], [ -61.772693646474089, 6.818649712243887 ], [ -61.77189945980264, 6.81786093566517 ], [ -61.771357776289889, 6.817398305993172 ], [ -61.770762161384397, 6.816781835933003 ], [ -61.7702027947822, 6.816174487955036 ], [ -61.769588941290273, 6.815603152178375 ], [ -61.769046798658522, 6.815312355488814 ], [ -61.768251552510712, 6.814948547071818 ], [ -61.767474341448128, 6.814593913681043 ], [ -61.766480392601082, 6.814066836973839 ], [ -61.765848157684388, 6.813658231200572 ], [ -61.765152308895146, 6.813321792605708 ], [ -61.763968062913044, 6.812920833009544 ], [ -61.762350008814799, 6.812328875883647 ], [ -61.760885485920667, 6.811863966557853 ], [ -61.760017545816304, 6.81160846843599 ], [ -61.759339353635326, 6.811462044080391 ], [ -61.75845291241464, 6.811369350634283 ], [ -61.757611990848076, 6.811168172575825 ], [ -61.756987949401726, 6.811058062247592 ], [ -61.75649045589801, 6.811020607476978 ], [ -61.755974682474339, 6.811028324148598 ], [ -61.755377129718823, 6.811198611385699 ], [ -61.754552883109184, 6.811531158731693 ], [ -61.75363791169822, 6.811980979988483 ], [ -61.752477958073221, 6.812710526722911 ], [ -61.751608396511315, 6.813097165663641 ], [ -61.750929102520395, 6.813357648821104 ], [ -61.750277214827868, 6.813536915241519 ], [ -61.74927251160161, 6.81370612943801 ], [ -61.748439629701174, 6.813893829309318 ], [ -61.747624845701061, 6.81408173348191 ], [ -61.74664697564274, 6.814350459151085 ], [ -61.745985756820041, 6.814629122323742 ], [ -61.745270921237726, 6.814645353973843 ], [ -61.744529463942619, 6.814471645133089 ], [ -61.743634336353651, 6.814252217133992 ], [ -61.7424497639282, 6.814004988993167 ], [ -61.741364641990423, 6.813767008828249 ], [ -61.740496794156215, 6.813484413782813 ], [ -61.739601912453736, 6.813165547167786 ], [ -61.739222617376555, 6.812875199654543 ], [ -61.738897978664596, 6.812485446498158 ], [ -61.738773040192882, 6.811815902096288 ], [ -61.73876542480032, 6.811273190694579 ], [ -61.738776057232258, 6.810649196834609 ], [ -61.738804398588648, 6.810206106409503 ], [ -61.738814292571128, 6.809871583071287 ], [ -61.738796922267234, 6.809573045503693 ], [ -61.738571964524986, 6.809120250220383 ], [ -61.737858987328046, 6.808440155944703 ], [ -61.737299207551203, 6.807977468139439 ], [ -61.736314448055303, 6.807432269249662 ], [ -61.735157785163622, 6.806895676876046 ], [ -61.733721214597239, 6.806123249501697 ], [ -61.732555955406418, 6.805423758108319 ], [ -61.731046835641983, 6.80472345926113 ], [ -61.730567967920514, 6.804478090871773 ], [ -61.730224374404536, 6.804404844716917 ], [ -61.729699752990861, 6.804340100948187 ], [ -61.729184413120336, 6.804203092629012 ], [ -61.728470271694277, 6.803984217620788 ], [ -61.727512575981201, 6.803448133491761 ], [ -61.726500831172729, 6.802857635585672 ], [ -61.724920351390317, 6.801804405488736 ], [ -61.724347210221858, 6.801350633594548 ], [ -61.723728527244667, 6.800860712490316 ], [ -61.723033573112545, 6.800225847697979 ], [ -61.722654964897735, 6.799682237399232 ], [ -61.722384855970155, 6.79919314163833 ], [ -61.722150409389627, 6.798894052985507 ], [ -61.721744857455384, 6.798287070194502 ], [ -61.721041607653035, 6.797362739305995 ], [ -61.720609179118895, 6.796683338213076 ], [ -61.720294426133144, 6.795950001936682 ], [ -61.719961800720988, 6.79513515635235 ], [ -61.719530604544367, 6.793994521073039 ], [ -61.719387844022549, 6.793225405999261 ], [ -61.719281486466329, 6.792393160399643 ], [ -61.719148482526997, 6.791370861658613 ], [ -61.719168291817326, 6.790737850718001 ], [ -61.719232787250981, 6.790267737624359 ], [ -61.719360399610977, 6.789915353350385 ], [ -61.719859549003552, 6.789328858227194 ], [ -61.720086620521968, 6.789003821395029 ], [ -61.720123675409127, 6.788669385063672 ], [ -61.720052201699446, 6.78832547879765 ], [ -61.719881004755379, 6.788035712217899 ], [ -61.71980188523402, 6.787176304797492 ], [ -61.719839058275554, 6.786805573532375 ], [ -61.720039254855372, 6.78637200838713 ], [ -61.720448325335902, 6.785631513179853 ], [ -61.720639383765977, 6.785225056303712 ], [ -61.720730640863046, 6.784908812124788 ], [ -61.720812931184931, 6.784601511788356 ], [ -61.720795659944628, 6.784275834859934 ], [ -61.720724686889298, 6.783742074112521 ], [ -61.720608175833661, 6.783343932059338 ], [ -61.72050958268386, 6.78299092922868 ], [ -61.720176158463246, 6.782483608824955 ], [ -61.720015024465376, 6.781823023406165 ], [ -61.719790858136925, 6.78105364493947 ], [ -61.719611808817092, 6.780347808754104 ], [ -61.719515135613136, 6.779262303017622 ], [ -61.719462903976016, 6.778484358461571 ], [ -61.719373900106753, 6.777941530298907 ], [ -61.719194691070825, 6.77726279355725 ], [ -61.718943728279498, 6.776384960864156 ], [ -61.718782352217346, 6.775823732337837 ], [ -61.718711578778695, 6.775217639951918 ], [ -61.718650574273596, 6.774331261969583 ], [ -61.718571400528511, 6.773489944743055 ], [ -61.718428115408635, 6.772919839192982 ], [ -61.718004840508414, 6.772204278835678 ], [ -61.717698239529035, 6.771823613580766 ], [ -61.717129615235883, 6.771315679463971 ], [ -61.716101064203635, 6.770245809778615 ], [ -61.715442497557177, 6.769556773107774 ], [ -61.715099827455013, 6.769148888743232 ], [ -61.714720966263378, 6.768704739031391 ], [ -61.714360738704912, 6.768106941227771 ], [ -61.714081778608495, 6.76751837691803 ], [ -61.71386666312776, 6.766776162432001 ], [ -61.713732996608876, 6.765998100644755 ], [ -61.71364563587867, 6.764813152048621 ], [ -61.713567113931184, 6.763727702142209 ], [ -61.713497246983479, 6.762786980261382 ], [ -61.713292182723379, 6.76165600119776 ], [ -61.713122277854495, 6.760868700585803 ], [ -61.712807990655747, 6.759990583746632 ], [ -61.712349222955041, 6.758994658701409 ], [ -61.711889780059423, 6.758287984010428 ], [ -61.711493124757467, 6.757753350212941 ], [ -61.711114576181572, 6.757227821147191 ], [ -61.710970529039777, 6.756965203055603 ], [ -61.710835641295439, 6.756657347029055 ], [ -61.710673466530601, 6.756403753142299 ], [ -61.710168349654857, 6.75584170257745 ], [ -61.709915714755113, 6.755578731711379 ], [ -61.709753591871944, 6.755297999220178 ], [ -61.709609781942021, 6.754962938930641 ], [ -61.709411947131315, 6.754510251933369 ], [ -61.709268069901285, 6.754184348254031 ], [ -61.70905198517243, 6.753812943011589 ], [ -61.708474434984694, 6.753241682812314 ], [ -61.708113244425775, 6.753014580752311 ], [ -61.707353615659713, 6.752895033016349 ], [ -61.706612152208429, 6.75276646040358 ], [ -61.705726359919986, 6.75247469875382 ], [ -61.704669225625871, 6.752001604904517 ], [ -61.70381133263659, 6.751411483364067 ], [ -61.703314976002993, 6.750976062691681 ], [ -61.702953743446145, 6.750740021295288 ], [ -61.702673614158122, 6.750630778179874 ], [ -61.702320916178486, 6.750575574578052 ], [ -61.701877972415886, 6.750456754307728 ], [ -61.701299689917754, 6.750193014109916 ], [ -61.70078490011668, 6.749884101938642 ], [ -61.700234097346296, 6.749484795560267 ], [ -61.699701358015645, 6.749130667524855 ], [ -61.699276867988061, 6.748858158167299 ], [ -61.698599736309617, 6.748349995782229 ], [ -61.698121337456726, 6.747959821732846 ], [ -61.697778407867077, 6.747651393495125 ], [ -61.697309539273121, 6.747080401923927 ], [ -61.69677740257513, 6.746464046122512 ], [ -61.696561470535983, 6.746038396100089 ], [ -61.696417737623186, 6.74564912880467 ], [ -61.69636439045567, 6.745314397155567 ], [ -61.69645995256834, 6.743379287871069 ], [ -61.696488179113253, 6.742981425930218 ], [ -61.696544202246514, 6.742339521296334 ], [ -61.696614723581177, 6.739635670179273 ], [ -61.696552550202206, 6.739210448190357 ], [ -61.696436579058215, 6.738577100323783 ], [ -61.696130923837238, 6.737861865830882 ], [ -61.695653610048943, 6.737064691543892 ], [ -61.695428848208863, 6.73653957815554 ], [ -61.695240770298703, 6.735842745963608 ], [ -61.695043978116438, 6.735010156095965 ], [ -61.694846985603036, 6.734250008416232 ], [ -61.694505141036466, 6.733534616955308 ], [ -61.694244023803122, 6.733081789945327 ], [ -61.693946816309456, 6.732574567453598 ], [ -61.693685893381165, 6.732040288420167 ], [ -61.693208337044176, 6.731342580814779 ], [ -61.692478693738742, 6.73021020376729 ], [ -61.691595204473167, 6.729050292645687 ], [ -61.691225687189082, 6.728542868643394 ], [ -61.691036400300391, 6.728307271339393 ], [ -61.690197433513887, 6.727436794605644 ], [ -61.68951138851795, 6.726910423442236 ], [ -61.688626893752321, 6.726139301484643 ], [ -61.687850619081992, 6.72551323502909 ], [ -61.687119574070287, 6.724914417968926 ], [ -61.686306684383375, 6.724451021809304 ], [ -61.68552936406136, 6.724222866638691 ], [ -61.684562316030679, 6.7238946889413 ], [ -61.683676250507801, 6.723738578761173 ], [ -61.682582098664128, 6.723572882551343 ], [ -61.681928479558216, 6.723504306113362 ], [ -61.681343237748123, 6.723442891912453 ], [ -61.679949855177142, 6.723556780882723 ], [ -61.678474728964382, 6.723796930414841 ], [ -61.677478418453155, 6.724255469923972 ], [ -61.676717166113022, 6.724787006620244 ], [ -61.675910144850299, 6.725499238543446 ], [ -61.675646744005824, 6.725887423693252 ], [ -61.675293163713349, 6.726193969536588 ], [ -61.674840341732796, 6.726400716012022 ], [ -61.674523362546928, 6.726517413193231 ], [ -61.674269571086583, 6.726724781739932 ], [ -61.673988178095527, 6.727058555092868 ], [ -61.673353335590711, 6.727680855755104 ], [ -61.672646524747336, 6.728131114146138 ], [ -61.671994214473024, 6.728518230002532 ], [ -61.671450209310258, 6.72897799898055 ], [ -61.671032923326273, 6.729392883021285 ], [ -61.670652042458663, 6.729744491035047 ], [ -61.670253439360899, 6.72996049639069 ], [ -61.66966509242522, 6.730103576290515 ], [ -61.669212620353697, 6.730147562106474 ], [ -61.668543165569162, 6.730190975278813 ], [ -61.667963865626334, 6.730334157450222 ], [ -61.66740241619646, 6.730540572332965 ], [ -61.66678686165681, 6.730701650425811 ], [ -61.665909347028524, 6.730726386019698 ], [ -61.665412075511199, 6.730625592837118 ], [ -61.664779693616786, 6.730316436508532 ], [ -61.664102804333517, 6.729753802783008 ], [ -61.663489650383397, 6.729028698558549 ], [ -61.662912117151073, 6.728520671238969 ], [ -61.662180416887452, 6.728147857402665 ], [ -61.661276381114469, 6.727964547194322 ], [ -61.660091792200411, 6.727816630311981 ], [ -61.659567059973455, 6.727833302040237 ], [ -61.659295296083982, 6.727968196339217 ], [ -61.65901437633029, 6.728157299848648 ], [ -61.658498486520614, 6.728246406056084 ], [ -61.658154955226962, 6.728173110306745 ], [ -61.657667070652693, 6.727972759908639 ], [ -61.656789872853558, 6.727870908890198 ], [ -61.656509598100506, 6.727833971538511 ], [ -61.656202376215191, 6.727715565461293 ], [ -61.655777576864658, 6.727569663492028 ], [ -61.655460611868563, 6.727713562072535 ], [ -61.655269806635893, 6.728002361061654 ], [ -61.655042034170847, 6.72859860471514 ], [ -61.654633500905916, 6.729131030421787 ], [ -61.653972042525979, 6.729554276971374 ], [ -61.653437679067046, 6.729787979989359 ], [ -61.652958012659482, 6.729868044878603 ], [ -61.652487600450002, 6.729875808563787 ], [ -61.651999351043592, 6.729784041496806 ], [ -61.651068583059086, 6.729455885419337 ], [ -61.650526753131317, 6.72911972885205 ], [ -61.649966970707183, 6.728729382806852 ], [ -61.649669204934099, 6.728457220359691 ], [ -61.649498021317385, 6.728203575610656 ], [ -61.649326930124502, 6.72792271872979 ], [ -61.649119680714776, 6.727641851583454 ], [ -61.648858104040734, 6.727360726990059 ], [ -61.648578849382609, 6.726943962450324 ], [ -61.648435079722233, 6.72659998558177 ], [ -61.648409956419599, 6.725867313152164 ], [ -61.648474115199093, 6.725569118260578 ], [ -61.648900414740055, 6.725136189868246 ], [ -61.649353551261221, 6.724838969718047 ], [ -61.649679854315075, 6.724586701045381 ], [ -61.649888705863575, 6.724324955034387 ], [ -61.649953456279498, 6.723773506549016 ], [ -61.649891099889182, 6.723447822222507 ], [ -61.649612476922663, 6.722777768051106 ], [ -61.649432550995336, 6.722433669933848 ], [ -61.649425031517922, 6.721891062530485 ], [ -61.649452831165441, 6.721619771445231 ], [ -61.649436178904566, 6.721113280827866 ], [ -61.649220635379386, 6.720542983186977 ], [ -61.648842179351256, 6.720017405350615 ], [ -61.648273590993966, 6.719536528819585 ], [ -61.647912541715442, 6.719282356204422 ], [ -61.647668853797526, 6.719064576524735 ], [ -61.64725373779482, 6.718710824605069 ], [ -61.646802382245788, 6.718393023913566 ], [ -61.646161071060213, 6.718056601316248 ], [ -61.64536587517842, 6.7177379362796 ], [ -61.644706244698703, 6.717500920817885 ], [ -61.644344686215142, 6.71740953670149 ], [ -61.643684244842795, 6.717434817268613 ], [ -61.643322370687024, 6.717470003363719 ], [ -61.642969671730903, 6.717423804185619 ], [ -61.642671592526561, 6.717269273031324 ], [ -61.642175328516068, 6.716842837167754 ], [ -61.641426862471292, 6.716008805799871 ], [ -61.64087696878164, 6.715310876539903 ], [ -61.640389749641628, 6.714875460097962 ], [ -61.640028419509107, 6.7146845657192 ], [ -61.639648889799652, 6.714556933023935 ], [ -61.639251226575311, 6.714429238340663 ], [ -61.638781477162702, 6.714201791891538 ], [ -61.637986843992394, 6.713720287337295 ], [ -61.63731831278632, 6.713420056987093 ], [ -61.63678522671286, 6.713192431030895 ], [ -61.636270365575825, 6.712937839559749 ], [ -61.635683345250392, 6.712583494788854 ], [ -61.635033006911407, 6.712256073604223 ], [ -61.634454723882143, 6.712037449664761 ], [ -61.633885103107531, 6.711954509432031 ], [ -61.633088937984525, 6.712024620993867 ], [ -61.632472970221528, 6.712321385017026 ], [ -61.631856776154926, 6.712717507171695 ], [ -61.631384363892259, 6.71344875017005 ], [ -61.630602314809138, 6.714938741549471 ], [ -61.629829045115947, 6.716528231922184 ], [ -61.62955541557848, 6.71734134202794 ], [ -61.629191539985875, 6.718072877757526 ], [ -61.628990997226289, 6.718614926011252 ], [ -61.628862811245369, 6.719166192578396 ], [ -61.628644572161129, 6.7195905441465 ], [ -61.627864488318004, 6.72035710572017 ], [ -61.627338573311981, 6.720798796974643 ], [ -61.626776427194763, 6.721294604760578 ], [ -61.626132806036352, 6.721790207774621 ], [ -61.625290005583395, 6.722339481371126 ], [ -61.624510988516882, 6.722726066780142 ], [ -61.623967489766002, 6.723004938711219 ], [ -61.623541900311601, 6.723148408945595 ], [ -61.623125760356146, 6.723174386163599 ], [ -61.622691517280046, 6.723191254765997 ], [ -61.621986009789353, 6.723162150607141 ], [ -61.621425075079053, 6.72321480715309 ], [ -61.620492777711313, 6.723429282627535 ], [ -61.61985896498016, 6.723635471715196 ], [ -61.619551364291475, 6.723652659727666 ], [ -61.618981968361638, 6.72347927925158 ], [ -61.618756499059245, 6.723261549038509 ], [ -61.618631648185861, 6.722619142759225 ], [ -61.618470250268295, 6.722112266288339 ], [ -61.618290432329786, 6.72173200979642 ], [ -61.617920188221362, 6.72151385711213 ], [ -61.617422879731727, 6.721440117979291 ], [ -61.616880186054182, 6.72142954589921 ], [ -61.616002536223952, 6.72150843422818 ], [ -61.614636059773268, 6.721721669487222 ], [ -61.613794540660898, 6.721818770247959 ], [ -61.613342226684779, 6.721817476257636 ], [ -61.612962792564808, 6.721662611568286 ], [ -61.61249334584771, 6.72132673655516 ], [ -61.612178030110549, 6.720891735670941 ], [ -61.611862496974929, 6.720520056433784 ], [ -61.611546446802656, 6.720320251481899 ], [ -61.611067542369959, 6.72014709920793 ], [ -61.610678937597768, 6.720028348491915 ], [ -61.610281732127262, 6.719746922719086 ], [ -61.610056524216134, 6.719411663199122 ], [ -61.609587232351252, 6.719021434946937 ], [ -61.609149645153344, 6.718765268399747 ], [ -61.610676016872716, 6.716609982464958 ], [ -61.608638011495025, 6.715184003584438 ], [ -61.605266987728832, 6.713797992525475 ], [ -61.60251900993228, 6.712281003205526 ], [ -61.599323994454764, 6.711651001586167 ], [ -61.597194983494717, 6.710668001232524 ], [ -61.593997998071544, 6.710836988061246 ], [ -61.59053199298824, 6.711981006234032 ], [ -61.587512003144738, 6.712060999273816 ], [ -61.584407985846227, 6.710630992983246 ], [ -61.581483017825697, 6.708846990605004 ], [ -61.579621010353101, 6.707864998922332 ], [ -61.576510990365165, 6.708743993859483 ], [ -61.574292017447796, 6.708293986404467 ], [ -61.571899012135539, 6.70668900117247 ], [ -61.570754014023173, 6.703577985543903 ], [ -61.568985009715441, 6.701265002603614 ], [ -61.566502004265239, 6.700015006423996 ], [ -61.564995004945779, 6.699299985507241 ], [ -61.561797001112552, 6.699646013459679 ], [ -61.558511988170949, 6.699459006212077 ], [ -61.555316982941243, 6.69909499932439 ], [ -61.553096001475154, 6.69935401359752 ], [ -61.55202599840846, 6.700948986541515 ], [ -61.55170103199719, 6.701690158034661 ], [ -61.55113199540331, 6.702988000597522 ], [ -61.54970901189575, 6.703694016910704 ], [ -61.549420665404533, 6.703865807207606 ], [ -61.547484993448954, 6.705018996882175 ], [ -61.544285016346386, 6.706341009562509 ], [ -61.542330005682601, 6.706691012398644 ], [ -61.541170004722218, 6.708551992612735 ], [ -61.540797234957992, 6.709263193201869 ], [ -61.540009013116403, 6.7107669900506 ], [ -61.539205003813791, 6.712452008831706 ], [ -61.537516017156335, 6.713157007849473 ], [ -61.536707996825605, 6.716083996321015 ], [ -61.5344759821648, 6.720160994078562 ], [ -61.533401017592844, 6.723265014347877 ], [ -61.532006093801016, 6.724373836929171 ], [ -61.53162098248481, 6.724679985771943 ], [ -61.529128001518018, 6.726625984398823 ], [ -61.52664001286108, 6.727328007601312 ], [ -61.523709007500216, 6.727586002052131 ], [ -61.520071003220927, 6.726598017998907 ], [ -61.516873994178738, 6.726855017141817 ], [ -61.514209002236861, 6.727112987123748 ], [ -61.51127501682187, 6.728258010546849 ], [ -61.507894010076946, 6.730555991586703 ], [ -61.506379451329678, 6.733410533763363 ], [ -61.506107013485085, 6.733923987402124 ], [ -61.504590998341435, 6.736227012511575 ], [ -61.50325746719993, 6.737263629953359 ], [ -61.502543011815476, 6.737819003522557 ], [ -61.499342983484446, 6.739052009677641 ], [ -61.495699991242866, 6.739661993639374 ], [ -61.493832995453026, 6.740543993252156 ], [ -61.491695985535394, 6.742135995970608 ], [ -61.489383015475468, 6.743637994558056 ], [ -61.487335016469792, 6.745318014102489 ], [ -61.48377301202634, 6.748680000945923 ], [ -61.481754468955948, 6.751004306044683 ], [ -61.479851987392593, 6.753194992599402 ], [ -61.476996997821857, 6.75726998930794 ], [ -61.475829981701068, 6.761172012397322 ], [ -61.474832988621245, 6.76782699054568 ], [ -61.474551987553973, 6.772442014252161 ], [ -61.476312984228692, 6.777153007732426 ], [ -61.478698013063422, 6.781243995379783 ], [ -61.480644985906082, 6.783379984966339 ], [ -61.48224200078252, 6.783829008062902 ], [ -61.483221015088482, 6.783299982038849 ], [ -61.484471005649837, 6.781083998713185 ], [ -61.487139011469644, 6.78002699288767 ], [ -61.490956015861315, 6.780305006466939 ], [ -61.493795017539775, 6.781291012648559 ], [ -61.49565498934485, 6.782893996228097 ], [ -61.496270993973567, 6.784760985482607 ], [ -61.496437002415988, 6.788488990838168 ], [ -61.495267015086789, 6.793634983591408 ], [ -61.494367012563686, 6.797182981645275 ], [ -61.492315990797856, 6.800105988000736 ], [ -61.490263008000419, 6.80329501149957 ], [ -61.48901300741646, 6.80542198615285 ], [ -61.488046617554446, 6.805740883398025 ], [ -61.487412981974629, 6.805949985756804 ], [ -61.483150010624989, 6.806025013685783 ], [ -61.479151994426473, 6.806366982456941 ], [ -61.475243016718672, 6.806710016572626 ], [ -61.47213500705184, 6.806700004148467 ], [ -61.469823012639672, 6.807402989978206 ], [ -61.467780003705087, 6.807573994590412 ], [ -61.46609598765594, 6.80659301516077 ], [ -61.46565700968209, 6.804904988411776 ], [ -61.465039999390591, 6.803571017140235 ], [ -61.463979006988851, 6.801970001474015 ], [ -61.460785982500951, 6.800717005668319 ], [ -61.456795998602779, 6.798839994442113 ], [ -61.453693989784576, 6.796877015734738 ], [ -61.449878005433526, 6.795711011807039 ], [ -61.445349006783154, 6.79587400462772 ], [ -61.44232798857508, 6.79630800630361 ], [ -61.439037996262051, 6.797629013852891 ], [ -61.436991992681094, 6.798509992469293 ], [ -61.432461989447894, 6.798850002523175 ], [ -61.42784301627205, 6.799102001007915 ], [ -61.423316011741989, 6.798466003192627 ], [ -61.417014999097802, 6.79711401069511 ], [ -61.409557995865093, 6.796379010534174 ], [ -61.406272994898359, 6.795924009918672 ], [ -61.40316100172501, 6.797068004328386 ], [ -61.401264156196589, 6.799449689954906 ], [ -61.400129000233491, 6.80087500348714 ], [ -61.398968013717656, 6.803002017986397 ], [ -61.397630990634404, 6.804329016282631 ], [ -61.395051993863653, 6.805474010075691 ], [ -61.392906989050779, 6.806468994169503 ], [ -61.389537006568581, 6.80802999941107 ], [ -61.388444644153203, 6.809476378953796 ], [ -61.38766401536563, 6.810509983137404 ], [ -61.386421440099568, 6.811279631421083 ], [ -61.386239999811266, 6.811392001595267 ], [ -61.385483017319466, 6.978635016555628 ], [ -61.383207740773329, 7.244458678623784 ], [ -61.380096748433573, 7.607665355348469 ], [ -61.38346343256022, 7.606412066132264 ], [ -61.386022299123823, 7.605367638115513 ], [ -61.386027983197501, 7.605367632515451 ], [ -61.388386887804742, 7.605232194216113 ], [ -61.389229852018858, 7.605040039709754 ], [ -61.390817313033367, 7.604678633961048 ], [ -61.392704075171217, 7.60424795365383 ], [ -61.39310886729379, 7.604155601112144 ], [ -61.395155642974586, 7.603714754756067 ], [ -61.395412760499759, 7.603659394935962 ], [ -61.395607967597307, 7.603617820102009 ], [ -61.395671552252345, 7.603573103860758 ], [ -61.396097565739773, 7.603274094149182 ], [ -61.397139515137901, 7.60254291508696 ], [ -61.399224507249436, 7.601736323061978 ], [ -61.40081733455294, 7.600907752439246 ], [ -61.401028476967156, 7.600798570830202 ], [ -61.40102885915973, 7.600797685808785 ], [ -61.401032448326845, 7.600795801472148 ], [ -61.40103252395938, 7.600795691179694 ], [ -61.401032599144159, 7.600795617949015 ], [ -61.401512823541914, 7.599591290053684 ], [ -61.401971207594912, 7.5984418178532 ], [ -61.402539161345913, 7.598204410244105 ], [ -61.403687631897206, 7.597728928630533 ], [ -61.406277016827765, 7.599888763430943 ], [ -61.407060785178828, 7.601103244069474 ], [ -61.40830611765886, 7.603040596455736 ], [ -61.408361318177988, 7.605297625219714 ], [ -61.408405096442102, 7.607229767891186 ], [ -61.408150214738228, 7.60868219159203 ], [ -61.408066560583102, 7.609158613605045 ], [ -61.408066559688592, 7.609158687728888 ], [ -61.408066119335714, 7.609161314217773 ], [ -61.408127828573775, 7.609432053851545 ], [ -61.408338452823727, 7.610372683400155 ], [ -61.408338601405042, 7.610372685185081 ], [ -61.40833859916885, 7.610372870494686 ], [ -61.408342490036382, 7.610373695649484 ], [ -61.40834256119637, 7.61037395597539 ], [ -61.408446358391821, 7.610395664044592 ], [ -61.40886853955805, 7.610484915338669 ], [ -61.409663726713767, 7.610653188744121 ], [ -61.410355863430425, 7.610269774097643 ], [ -61.411048294022898, 7.609886547328323 ], [ -61.412548014747614, 7.608202608069417 ], [ -61.41271017543253, 7.60802096032952 ], [ -61.41487063453043, 7.607034174772295 ], [ -61.417695597440037, 7.605226932549615 ], [ -61.420411182472272, 7.603582125892765 ], [ -61.422133958319094, 7.602649479327986 ], [ -61.424064780329978, 7.601607783780382 ], [ -61.425603758740095, 7.601215663550505 ], [ -61.42705468790642, 7.600848357155784 ], [ -61.43059322468531, 7.599649484730522 ], [ -61.43446240493585, 7.599663459692141 ], [ -61.434666000150422, 7.600135390964581 ], [ -61.435556821733606, 7.602200877063364 ], [ -61.435034935768172, 7.603400770553699 ], [ -61.434925363107595, 7.603652630087632 ], [ -61.434307203415635, 7.605070142155975 ], [ -61.433185264032879, 7.607082561062608 ], [ -61.43398793462481, 7.608152437125728 ], [ -61.434693275019242, 7.608328640983174 ], [ -61.434807129407247, 7.60835746968115 ], [ -61.435313288651045, 7.608485660362622 ], [ -61.437081765840553, 7.607820655548665 ], [ -61.437359792142203, 7.607716150922816 ], [ -61.437632997673688, 7.60761399788211 ], [ -61.437633750368583, 7.607613191400185 ], [ -61.437637482687123, 7.607611753329561 ], [ -61.438508314756682, 7.606641288564016 ], [ -61.438884668772154, 7.606221885382456 ], [ -61.441190577132289, 7.603657175356162 ], [ -61.443621251433612, 7.603114300325412 ], [ -61.446374877868621, 7.605990617417347 ], [ -61.446942498031063, 7.608933976271082 ], [ -61.447160285974434, 7.610063939978978 ], [ -61.447459710976418, 7.611617073435671 ], [ -61.447488797525459, 7.612044880004937 ], [ -61.447555523706455, 7.613042340072118 ], [ -61.44766668177985, 7.614702980440046 ], [ -61.448210402782252, 7.617245828513227 ], [ -61.448449012232075, 7.620197144661806 ], [ -61.448530352378775, 7.621215422221402 ], [ -61.448589816007242, 7.62262683129274 ], [ -61.448646956749002, 7.623987207585429 ], [ -61.448781655701445, 7.624790983181931 ], [ -61.449047475052808, 7.62639963988063 ], [ -61.449589244932199, 7.629485038077781 ], [ -61.449591983407871, 7.629489036918621 ], [ -61.449592088629018, 7.629489557111915 ], [ -61.449790202319925, 7.629776261644689 ], [ -61.450815372503229, 7.631261681393718 ], [ -61.451533688336738, 7.632187508305296 ], [ -61.451585529356883, 7.632254587659668 ], [ -61.453162667867751, 7.632879069917125 ], [ -61.454677244917548, 7.63348189552746 ], [ -61.459317045599143, 7.633606945946184 ], [ -61.460653010314452, 7.634411011879842 ], [ -61.461300768189673, 7.634801886378666 ], [ -61.4626270111726, 7.6356023466088 ], [ -61.463110796768923, 7.636600757017381 ], [ -61.464821478349236, 7.640131571242728 ], [ -61.465151338868651, 7.641876561670941 ], [ -61.465363750374571, 7.643000878517591 ], [ -61.465353155488387, 7.645978547183399 ], [ -61.465077775122225, 7.646279995745989 ], [ -61.463652489912462, 7.647840443723871 ], [ -61.463243320644011, 7.648287675788672 ], [ -61.46147132172333, 7.649601536054491 ], [ -61.458809420523508, 7.651355260533888 ], [ -61.45801446610939, 7.652036193549804 ], [ -61.457259970262704, 7.652676759809276 ], [ -61.456834794867873, 7.653138102965467 ], [ -61.456129031009318, 7.653903680665993 ], [ -61.45492555475122, 7.655202532649108 ], [ -61.452379484554505, 7.65750822484432 ], [ -61.45216882114017, 7.658081838353557 ], [ -61.451733830121896, 7.659262335801425 ], [ -61.451039506305484, 7.661146041896278 ], [ -61.450712151122744, 7.66376151586529 ], [ -61.450584163611474, 7.664783691160191 ], [ -61.450664171006323, 7.665780806671656 ], [ -61.450799773011816, 7.667471467757479 ], [ -61.45085205218367, 7.669368594470192 ], [ -61.450914129241113, 7.671762711278325 ], [ -61.450766261590289, 7.67289962606672 ], [ -61.450630453968884, 7.673913772193031 ], [ -61.450574523379188, 7.675787178191844 ], [ -61.450465849643955, 7.679416746352878 ], [ -61.450191201726071, 7.682199775924045 ], [ -61.45017445327472, 7.682369524707974 ], [ -61.450174452386264, 7.682369598829799 ], [ -61.450174451497801, 7.682369672951682 ], [ -61.450976357007399, 7.688811513854134 ], [ -61.451103647151434, 7.691227294869829 ], [ -61.451099865410015, 7.692029581876986 ], [ -61.451098322437225, 7.692347442002334 ], [ -61.451088743595093, 7.693645825534923 ], [ -61.451080022334644, 7.696060053762023 ], [ -61.453270296541291, 7.701963534289859 ], [ -61.453950493613199, 7.704380332962195 ], [ -61.455463061736658, 7.707197907905604 ], [ -61.457465310593626, 7.708858221412121 ], [ -61.459336934280614, 7.710415298603058 ], [ -61.463764954201849, 7.712828511354652 ], [ -61.465865337051461, 7.713197065842254 ], [ -61.468339416738083, 7.713631473548945 ], [ -61.47018253205497, 7.714148475111694 ], [ -61.471372623453206, 7.714482535950895 ], [ -61.472631178316576, 7.714837015271465 ], [ -61.475405001847882, 7.714837834261007 ], [ -61.477873955822766, 7.715151930071762 ], [ -61.479568343593414, 7.715369679069169 ], [ -61.481587075292744, 7.715828454310262 ], [ -61.482450637864922, 7.716024695920627 ], [ -61.484282804554518, 7.716442735579463 ], [ -61.485188635205496, 7.716840221360797 ], [ -61.487673734767228, 7.717933802662339 ], [ -61.488848844611361, 7.718451044870577 ], [ -61.492144923372869, 7.720102302932094 ], [ -61.492862673367746, 7.720461963474859 ], [ -61.494287099588014, 7.721559404407091 ], [ -61.497563078737478, 7.724085207530154 ], [ -61.502405341320944, 7.726227163296287 ], [ -61.503148643167606, 7.726595561242463 ], [ -61.507806129487399, 7.728909040851579 ], [ -61.509270610099996, 7.730127296873236 ], [ -61.511675242029774, 7.732127756839033 ], [ -61.51205800277377, 7.732574169143869 ], [ -61.514430150343131, 7.735347821135329 ], [ -61.515803071934307, 7.739376562519106 ], [ -61.516487725714811, 7.740845122023601 ], [ -61.516520303751619, 7.74091504073723 ], [ -61.51656853686859, 7.741018539907443 ], [ -61.517496782622054, 7.743013590756277 ], [ -61.517863028741374, 7.743800986958473 ], [ -61.517951731009738, 7.74479471322792 ], [ -61.517982802122752, 7.745142269280624 ], [ -61.518256099882166, 7.748228646533472 ], [ -61.518349056110587, 7.751647553619823 ], [ -61.518376015301683, 7.752658710269862 ], [ -61.517603459335611, 7.754672350686407 ], [ -61.516830972395525, 7.756685914954276 ], [ -61.516828850591622, 7.756692487498414 ], [ -61.515418802921779, 7.761113531737736 ], [ -61.514994672352572, 7.763128565953807 ], [ -61.515946202728216, 7.766462843286567 ], [ -61.515952229549157, 7.766484226671302 ], [ -61.515974175782283, 7.766567103110662 ], [ -61.516767138364543, 7.769573036525967 ], [ -61.517178070940709, 7.771319631674184 ], [ -61.517932419926922, 7.772787730421086 ], [ -61.518552430089201, 7.773998755909259 ], [ -61.519152465375093, 7.774687969835739 ], [ -61.520070446819538, 7.77574264535514 ], [ -61.520666156237489, 7.777101490599069 ], [ -61.520891347901603, 7.777617156997982 ], [ -61.521855264368519, 7.779365700494264 ], [ -61.522928538492977, 7.780639063648202 ], [ -61.523000843281324, 7.780725015926409 ], [ -61.523079718227415, 7.780852409710527 ], [ -61.524216535287017, 7.781866361515975 ], [ -61.524240027806002, 7.781887876266727 ], [ -61.525171679946034, 7.782515011806622 ], [ -61.526394956063086, 7.782718262018948 ], [ -61.527971166241635, 7.783085375503302 ], [ -61.530515187762497, 7.784134074879455 ], [ -61.532877681875547, 7.785254569432473 ], [ -61.533791798600184, 7.785709761816108 ], [ -61.535183345032593, 7.787061967798136 ], [ -61.536407903125756, 7.789525808100527 ], [ -61.537389715228173, 7.791382898881069 ], [ -61.538276642942286, 7.791838095797859 ], [ -61.539546971102411, 7.791562104198782 ], [ -61.540474146578795, 7.790869032283702 ], [ -61.541511127528473, 7.789877915727176 ], [ -61.542762859239488, 7.789728494991945 ], [ -61.543648738756175, 7.790518214174881 ], [ -61.544432959982778, 7.791832126264939 ], [ -61.545620813556241, 7.794422416045697 ], [ -61.546920588904101, 7.796126878380433 ], [ -61.547553739138145, 7.796563105152979 ], [ -61.549046648679834, 7.797481579565906 ], [ -61.549859838910308, 7.79829811930163 ], [ -61.551078926575833, 7.799740132916397 ], [ -61.552651645339928, 7.80381473585832 ], [ -61.553967933303745, 7.805998494792202 ], [ -61.554808982635869, 7.806616241092545 ], [ -61.55838621437168, 7.807867256181454 ], [ -61.561256044412481, 7.809170193977518 ], [ -61.563466996680503, 7.809584539596218 ], [ -61.56466561254399, 7.809082223780698 ], [ -61.566693138644794, 7.807434273951242 ], [ -61.569572554155357, 7.805924812569101 ], [ -61.572451287196145, 7.804614323685091 ], [ -61.574077139951861, 7.803778802752232 ], [ -61.576439263849657, 7.802376118294243 ], [ -61.579077837567525, 7.802357847135635 ], [ -61.580878647443214, 7.803403797836269 ], [ -61.582044920506, 7.804420509188544 ], [ -61.583139215744765, 7.805256060717388 ], [ -61.583785378548932, 7.807229590154559 ], [ -61.584966250164129, 7.809313390510807 ], [ -61.586146741020578, 7.811487580887555 ], [ -61.58763171846379, 7.814802179361069 ], [ -61.588090531963282, 7.815870780951573 ], [ -61.588466049749854, 7.817463570343849 ], [ -61.588658689937127, 7.819489802802726 ], [ -61.588906125106355, 7.821416784571872 ], [ -61.588894523635624, 7.82757484406337 ], [ -61.588538447670608, 7.828306189073216 ], [ -61.588747122097367, 7.830956418262626 ], [ -61.589005391237841, 7.83235887944215 ], [ -61.589617633079762, 7.83365408689869 ], [ -61.589911926425366, 7.835129054356083 ], [ -61.590670268295668, 7.836117294679417 ], [ -61.591712129371857, 7.836410074367283 ], [ -61.592600163241357, 7.836584829238766 ], [ -61.593516380087856, 7.836479375960524 ], [ -61.594777952563803, 7.836158116335059 ], [ -61.595665735537082, 7.836405174094486 ], [ -61.597201656265248, 7.83807415622819 ], [ -61.597704889817003, 7.839441319658378 ], [ -61.598562301797095, 7.840664940252063 ], [ -61.600199746559419, 7.841809752081494 ], [ -61.601083488944631, 7.843277662321183 ], [ -61.602575026063413, 7.844702376990243 ], [ -61.603389042432198, 7.84533802573396 ], [ -61.604854991676113, 7.846256259145959 ], [ -61.605695035606765, 7.84724464245155 ], [ -61.607854432403926, 7.84962102806946 ], [ -61.608639980627444, 7.85063645834195 ], [ -61.609551125388904, 7.852059225968732 ], [ -61.610343119898275, 7.853879409384823 ], [ -61.610916350624429, 7.856033511501904 ], [ -61.612268008590128, 7.85862424307415 ], [ -61.613585661798638, 7.860527643756442 ], [ -61.615157467780939, 7.862359415906544 ], [ -61.616094719581362, 7.864134900027392 ], [ -61.61792017103479, 7.866067077636049 ], [ -61.618687080267613, 7.867263247200595 ], [ -61.621642609773183, 7.873024256000308 ], [ -61.622604022993123, 7.875722162206211 ], [ -61.622342387625757, 7.878063473019259 ], [ -61.62134562680037, 7.880574166642491 ], [ -61.619887734804969, 7.882640095056002 ], [ -61.619122962827625, 7.883550946025761 ], [ -61.617804432111278, 7.884613671611184 ], [ -61.615330353293807, 7.886811976482583 ], [ -61.613773645338327, 7.888579270328851 ], [ -61.613415424325069, 7.889952550849869 ], [ -61.613103907724955, 7.890910083954543 ], [ -61.613352076501911, 7.892629039209551 ], [ -61.614316678788981, 7.89437757731484 ], [ -61.613798318189524, 7.897531818899012 ], [ -61.613423523955198, 7.89841671344591 ], [ -61.613291647187289, 7.899881266903038 ], [ -61.614047138881112, 7.901791819834688 ], [ -61.614577216275457, 7.903285693536258 ], [ -61.614389596974704, 7.905156876620357 ], [ -61.614410615208882, 7.907028884229175 ], [ -61.614504990473243, 7.90864786368017 ], [ -61.614845789874707, 7.909788370974512 ], [ -61.615944715522673, 7.912070775375961 ], [ -61.616574602389832, 7.913546895061217 ], [ -61.616766370380027, 7.915880557847784 ], [ -61.616971417280467, 7.916948289254735 ], [ -61.618107971952007, 7.918823951834649 ], [ -61.619031574528293, 7.922019149327852 ], [ -61.619709850964483, 7.925322016603301 ], [ -61.619631666597328, 7.927012771742572 ], [ -61.619373806619301, 7.928178535270067 ], [ -61.618993247876553, 7.930790666110389 ], [ -61.61924119610002, 7.935321916421652 ], [ -61.619256471564135, 7.938902974711465 ], [ -61.619447918493655, 7.941336189168258 ], [ -61.620013322779876, 7.943146574505269 ], [ -61.619872759999204, 7.947206392563048 ], [ -61.620829990515787, 7.948475541412189 ], [ -61.62192356825841, 7.949672810685824 ], [ -61.623777566597923, 7.951279518248075 ], [ -61.624916750317624, 7.952395660649583 ], [ -61.627503874564496, 7.954529292832416 ], [ -61.628753152522037, 7.955274897258439 ], [ -61.63002231692537, 7.955477999262121 ], [ -61.633932679656631, 7.95519247555812 ], [ -61.636427426221005, 7.955101225875087 ], [ -61.638340451189755, 7.955351586772432 ], [ -61.64003420614889, 7.956098627305274 ], [ -61.640948315929045, 7.956707576435345 ], [ -61.641752705810887, 7.957596331544972 ], [ -61.642467604452946, 7.958105098521684 ], [ -61.643399048120202, 7.958976304228304 ], [ -61.643832644424521, 7.959529335413647 ], [ -61.644012103661673, 7.960117681146596 ], [ -61.644236984014675, 7.96069717417825 ], [ -61.644516068442037, 7.961331068442813 ], [ -61.644795918655753, 7.961738933663943 ], [ -61.645148372022021, 7.962147043239679 ], [ -61.645582700531904, 7.962474043029336 ], [ -61.646035288121659, 7.962755778674912 ], [ -61.646415737982366, 7.962910747269015 ], [ -61.647248642916146, 7.963419866433433 ], [ -61.647646507586003, 7.963800998052825 ], [ -61.647896527949733, 7.964995440777488 ], [ -61.648846318523567, 7.965812438807764 ], [ -61.64911734253905, 7.966138812254407 ], [ -61.649506275412044, 7.96650182709583 ], [ -61.649641451040807, 7.966764556420439 ], [ -61.649919666916816, 7.967669724403555 ], [ -61.649699849255576, 7.968329216405587 ], [ -61.649443277717417, 7.96910602808035 ], [ -61.648931299251132, 7.970325111736577 ], [ -61.64847180649425, 7.972150342604444 ], [ -61.648230641496909, 7.973768248369139 ], [ -61.648180246126941, 7.97531445239852 ], [ -61.648282681542931, 7.977268088447382 ], [ -61.648107480230415, 7.978144639172068 ], [ -61.647866464031466, 7.9797173272119 ], [ -61.647351975660492, 7.981696088538431 ], [ -61.647091283799448, 7.983720876207042 ], [ -61.647186229114205, 7.985195219601852 ], [ -61.647376520186029, 7.988026239257048 ], [ -61.64744921039113, 7.990739342334536 ], [ -61.647670092371619, 7.992539600291892 ], [ -61.64841707242887, 7.994341623095648 ], [ -61.648771146035735, 7.997028535057438 ], [ -61.648228964460309, 7.999133782869535 ], [ -61.647438565145869, 8.000002711947992 ], [ -61.647438267752037, 8.000002708518856 ], [ -61.646244187192593, 8.00131567419454 ], [ -61.644725416440217, 8.002468198286108 ], [ -61.643426032327483, 8.003115073151141 ], [ -61.642907778360431, 8.00348407259831 ], [ -61.642679550570584, 8.003908377447905 ], [ -61.642832367832646, 8.004342934966681 ], [ -61.64292206456998, 8.004632561099436 ], [ -61.643130094544439, 8.004814149705616 ], [ -61.643482675993475, 8.00520409314443 ], [ -61.643799012489048, 8.005548811804532 ], [ -61.643961569766546, 8.005775459860139 ], [ -61.644060590517881, 8.00600181953299 ], [ -61.644177662422578, 8.006255367524409 ], [ -61.644285644547679, 8.006536087178306 ], [ -61.64440274731993, 8.006780592621602 ], [ -61.644546880072895, 8.007079518268439 ], [ -61.644682193905226, 8.00731504264259 ], [ -61.644772088217756, 8.007568573286706 ], [ -61.644843895148846, 8.007794841024435 ], [ -61.644933979477422, 8.008003196951996 ], [ -61.645122932929311, 8.008483087074454 ], [ -61.645166575581499, 8.008989652185832 ], [ -61.645174729045252, 8.0092609181639 ], [ -61.645146564436828, 8.009541215612442 ], [ -61.645100516048885, 8.009767087186908 ], [ -61.64505418420304, 8.010065408773491 ], [ -61.644989734541639, 8.010345472849254 ], [ -61.644806526799144, 8.010869359240722 ], [ -61.644715027114955, 8.011122316392528 ], [ -61.644623209265966, 8.011447500724771 ], [ -61.644558182945531, 8.011908487186432 ], [ -61.644511789754901, 8.012224856150912 ], [ -61.644438396554776, 8.012477799599584 ], [ -61.644401136100086, 8.012776114193329 ], [ -61.644354730504503, 8.013074323237831 ], [ -61.644326792738475, 8.013309408968469 ], [ -61.644307730972194, 8.013580582766444 ], [ -61.644306933666599, 8.013815759178751 ], [ -61.644333267171611, 8.014087086004201 ], [ -61.644350644197949, 8.014313243973666 ], [ -61.644377099847418, 8.014548438215085 ], [ -61.64444875358442, 8.01481999127664 ], [ -61.64449266078028, 8.015281344163908 ], [ -61.644400229841921, 8.015787338456214 ], [ -61.64419924336481, 8.016202690561624 ], [ -61.643898597274735, 8.01659057983807 ], [ -61.643807250596375, 8.016798213017545 ], [ -61.643715429837812, 8.017123507416564 ], [ -61.643623910171058, 8.017349223978895 ], [ -61.64353250065799, 8.017575052952024 ], [ -61.643394807033964, 8.018062920575144 ], [ -61.643285204523742, 8.018270528173547 ], [ -61.643193794692031, 8.018496356979899 ], [ -61.643075120727069, 8.018703896878041 ], [ -61.642938223014028, 8.018956699494987 ], [ -61.642637354451118, 8.019398730107257 ], [ -61.642482557773988, 8.01957916948839 ], [ -61.642291039926441, 8.019876888661436 ], [ -61.642199524336299, 8.020111758613025 ], [ -61.642253133590664, 8.020365091661706 ], [ -61.642343157757949, 8.020591531450817 ], [ -61.64252394255589, 8.020772952591063 ], [ -61.642759692237433, 8.020818922432825 ], [ -61.643013891586918, 8.020774566699107 ], [ -61.643476146513777, 8.020884558708204 ], [ -61.643683209310616, 8.021364543956143 ], [ -61.643844975391062, 8.021826254521553 ], [ -61.643979348722937, 8.022351207289365 ], [ -61.644078280825333, 8.02260469212345 ], [ -61.644195583259624, 8.022813101174341 ], [ -61.644358072788712, 8.023039672151533 ], [ -61.644493236805793, 8.023320480541338 ], [ -61.644745636495799, 8.023818702538527 ], [ -61.644862675704843, 8.024072247652656 ], [ -61.644952518406285, 8.024352903580411 ], [ -61.645068811164656, 8.024859709649515 ], [ -61.645166862519019, 8.025384501725771 ], [ -61.645211303581263, 8.025655887517054 ], [ -61.645255407052218, 8.026026813114983 ], [ -61.645281649857722, 8.026325265221013 ], [ -61.645308136326456, 8.026551489750059 ], [ -61.645352700025782, 8.026786706023357 ], [ -61.645379094708346, 8.027040057500216 ], [ -61.645423689097264, 8.027266231374741 ], [ -61.64545002261486, 8.027537667451172 ], [ -61.64547632683896, 8.027818034654327 ], [ -61.645493422777839, 8.028116529216359 ], [ -61.645519703009256, 8.028414981420195 ], [ -61.645564333468613, 8.02864126671785 ], [ -61.6456360891031, 8.028894659329387 ], [ -61.645707898597983, 8.02912099860376 ], [ -61.645824976697703, 8.029374543238264 ], [ -61.646032161052212, 8.029809313409999 ], [ -61.646122096799267, 8.03006287840088 ], [ -61.646166624012054, 8.030298093751687 ], [ -61.646238546334558, 8.030524359964364 ], [ -61.64619213890191, 8.030822677647626 ], [ -61.646145231361899, 8.031301805825153 ], [ -61.646171536168822, 8.031582172452344 ], [ -61.64617067893365, 8.031835394281478 ], [ -61.646224101256202, 8.032133936523385 ], [ -61.64624151649879, 8.032360129832185 ], [ -61.646340244100678, 8.032685951830084 ], [ -61.646403019664142, 8.032912260498179 ], [ -61.646520153168744, 8.033138714186569 ], [ -61.646800014260563, 8.033555605917504 ], [ -61.646917282759965, 8.033764049799437 ], [ -61.647125058824514, 8.034035946370757 ], [ -61.647260435229214, 8.034244376549315 ], [ -61.64742315620132, 8.034425808685015 ], [ -61.647748354350121, 8.034860974086333 ], [ -61.648027911741941, 8.035368287738788 ], [ -61.648163075354546, 8.03563997654668 ], [ -61.648258164479181, 8.03610417892193 ], [ -60.521200030696349, 7.871779998068303 ] ] ] } },
{ "type": "Feature", "properties": { "capa": "P5" }, "geometry": { "type": "MultiPolygon", "coordinates": [ [ [ [ -60.920040999952889, 6.781422229800424 ], [ -60.918312340861171, 6.77830956960196 ], [ -60.916900613607403, 6.776432278379583 ], [ -60.915441958888955, 6.77495245256423 ], [ -60.914143606686245, 6.774042854230845 ], [ -60.909619120743344, 6.77260422995714 ], [ -60.906275416762121, 6.772083591423198 ], [ -60.903846511970372, 6.771223339920968 ], [ -60.902551442726228, 6.769572501220469 ], [ -60.900362332396917, 6.765549285512278 ], [ -60.898959225394215, 6.761692250147513 ], [ -60.898802281050017, 6.760335607223265 ], [ -60.89936803444995, 6.759144737827927 ], [ -60.9006806952966, 6.756718680613187 ], [ -60.902109480822133, 6.754618508419353 ], [ -60.904097291900527, 6.752873239272024 ], [ -60.909144467349471, 6.75046318900379 ], [ -60.912778367433525, 6.748670692201149 ], [ -60.913984987277864, 6.748451150304732 ], [ -60.915837164184509, 6.748114243583426 ], [ -60.921100942279594, 6.747910708090004 ], [ -60.925522076282121, 6.748101261244203 ], [ -60.927220820388513, 6.747581343078608 ], [ -60.920040999952889, 6.781422229800424 ] ] ], [ [ [ -60.636700036465136, 8.112979996028178 ], [ -60.636651027182211, 8.112972999835176 ], [ -60.099272115088105, 8.035542349298193 ], [ -60.099338013915315, 8.035517352463932 ], [ -60.101705551881452, 8.035235878878574 ], [ -60.104126819407377, 8.035063248520883 ], [ -60.106144342908394, 8.03558337230904 ], [ -60.1068955681585, 8.034441330550774 ], [ -60.107761115974121, 8.033815032722737 ], [ -60.109431651110043, 8.033411186551252 ], [ -60.110902726755477, 8.031358341659079 ], [ -60.111866583537157, 8.030013286010789 ], [ -60.115490144869895, 8.025142152615988 ], [ -60.121708981329625, 8.015943573080742 ], [ -60.127695533759741, 8.007511096781098 ], [ -60.131390038207151, 8.00279371046855 ], [ -60.133663553390058, 8.00039725299019 ], [ -60.135870336151605, 7.998452084326888 ], [ -60.136579069422652, 7.998195037522221 ], [ -60.137216303460889, 7.997792854714969 ], [ -60.137763720957828, 7.997272659353702 ], [ -60.13880447126504, 7.99617766774703 ], [ -60.139342966607217, 7.995639328665434 ], [ -60.139908406673051, 7.995137329989568 ], [ -60.140500775292601, 7.994662591172156 ], [ -60.142313851292492, 7.99329281704154 ], [ -60.142906232817609, 7.992827081362584 ], [ -60.144665269620539, 7.991393805020576 ], [ -60.145266623143428, 7.990937165310701 ], [ -60.14589501630234, 7.990507823839406 ], [ -60.146532158315189, 7.990105663766442 ], [ -60.147187457216248, 7.989712734954955 ], [ -60.149152879611869, 7.988578818703397 ], [ -60.149825898195949, 7.988240216858644 ], [ -60.150525864289932, 7.987937806535644 ], [ -60.151225581923249, 7.987662595389486 ], [ -60.154069569948483, 7.986616097302103 ], [ -60.154787312216726, 7.986359006072136 ], [ -60.156204803834015, 7.985826659015595 ], [ -60.157613335510355, 7.985276203017152 ], [ -60.158313235549763, 7.984982823906142 ], [ -60.161094874142144, 7.983773235474962 ], [ -60.161776799268495, 7.983452647124034 ], [ -60.16244991693231, 7.983095942862557 ], [ -60.163105102124184, 7.982711885781231 ], [ -60.165025579676211, 7.98151443442453 ], [ -60.166282196290915, 7.980655696047501 ], [ -60.166919327905497, 7.980262477795686 ], [ -60.167592380570049, 7.979914808570724 ], [ -60.168274353442492, 7.979585168452703 ], [ -60.169665166702131, 7.978980310530357 ], [ -60.170364976652301, 7.978686912809496 ], [ -60.171073778653493, 7.978411730448572 ], [ -60.171773604308044, 7.978127374206482 ], [ -60.173155452521222, 7.97750436456584 ], [ -60.17383745566984, 7.977174717115657 ], [ -60.174510425641351, 7.97682700005706 ], [ -60.175147602435622, 7.976424765346686 ], [ -60.175757944154796, 7.975968142367101 ], [ -60.176332246736834, 7.975484165218353 ], [ -60.176897627929584, 7.974982083245778 ], [ -60.17747191088062, 7.974489061051486 ], [ -60.178073214546224, 7.974032378637528 ], [ -60.178710497164978, 7.973612165160601 ], [ -60.179347592206902, 7.973209923465604 ], [ -60.179957869889002, 7.972762300109982 ], [ -60.180442267713445, 7.972178360243526 ], [ -60.180890514904746, 7.971567065076546 ], [ -60.181491681333213, 7.971119382289103 ], [ -60.18214687310148, 7.970735335941002 ], [ -60.182810890287548, 7.97037843460025 ], [ -60.184174845729707, 7.969710103973917 ], [ -60.184856736635282, 7.969389519437396 ], [ -60.186256554055859, 7.968793638519286 ], [ -60.186938442399345, 7.968473051041177 ], [ -60.187602529535937, 7.968098057544547 ], [ -60.188239628129274, 7.967704847143571 ], [ -60.188858905194394, 7.967266310907875 ], [ -60.189415176966314, 7.966755075800696 ], [ -60.18987255344144, 7.966143828674358 ], [ -60.190446737430179, 7.965668875161711 ], [ -60.191182102029991, 7.965475102133362 ], [ -60.19194335960735, 7.965480245915217 ], [ -60.192593359637385, 7.965846074707234 ], [ -60.192987781215415, 7.966490233018164 ], [ -60.193594593722636, 7.967876700903577 ], [ -60.193952623256344, 7.9685386428154 ], [ -60.194328776861951, 7.9691916906678 ], [ -60.195126627601688, 7.970480020267877 ], [ -60.19558468331261, 7.971079503882047 ], [ -60.196143157952449, 7.97158922099315 ], [ -60.196774727247707, 7.972009037575365 ], [ -60.197410714877066, 7.971769424966968 ], [ -60.197723592918457, 7.97108493292485 ], [ -60.197927869308053, 7.970354402770528 ], [ -60.198086995231627, 7.969614661200363 ], [ -60.198191791898978, 7.968865427933668 ], [ -60.198196885184458, 7.968115575277597 ], [ -60.198156757122803, 7.967356324925672 ], [ -60.198179954031531, 7.96660662099246 ], [ -60.198284711692601, 7.96585746017202 ], [ -60.198452907366899, 7.965117699116479 ], [ -60.198657196468474, 7.964396321251272 ], [ -60.198888622427326, 7.963675111079978 ], [ -60.199228538750312, 7.962999714214099 ], [ -60.199757864141198, 7.962461208766029 ], [ -60.200359116001614, 7.961995416614624 ], [ -60.200996252373635, 7.961593220624564 ], [ -60.201669295951511, 7.961245355324378 ], [ -60.202377945013382, 7.960988100735865 ], [ -60.203104340594969, 7.960776168661585 ], [ -60.203821909263198, 7.960537015724241 ], [ -60.204503924796057, 7.960198355908306 ], [ -60.205132080275618, 7.959786944958722 ], [ -60.205715426013811, 7.959293943910464 ], [ -60.206208590625963, 7.958728077679676 ], [ -60.20657564781969, 7.958061959596816 ], [ -60.206987719360164, 7.957432290648102 ], [ -60.207463021523033, 7.956839110143372 ], [ -60.207992332193513, 7.956300557426997 ], [ -60.208674189832784, 7.955979938781383 ], [ -60.209426531322109, 7.955957909628346 ], [ -60.210177955467159, 7.956071368065773 ], [ -60.210920197374108, 7.956202817241737 ], [ -60.211671678532007, 7.956307230922448 ], [ -60.212423046333043, 7.956429802658366 ], [ -60.213165289352503, 7.956561248527888 ], [ -60.213917051298324, 7.956638569930477 ], [ -60.214696829443589, 7.956580568199061 ], [ -60.215449284054387, 7.956540445062435 ], [ -60.215924369014033, 7.955974420497999 ], [ -60.216182922592488, 7.955262336079193 ], [ -60.216269584635668, 7.954513056331692 ], [ -60.215938709859017, 7.953851293265376 ], [ -60.215352855958052, 7.953368478806675 ], [ -60.214821835853293, 7.952831857004128 ], [ -60.214454721298559, 7.952169757464261 ], [ -60.214332823594546, 7.951428119814968 ], [ -60.21469066378814, 7.950770978886519 ], [ -60.215201987875041, 7.95020521426463 ], [ -60.215740260257888, 7.949675749828247 ], [ -60.216305518137169, 7.949182586053243 ], [ -60.216852765208905, 7.948662218261791 ], [ -60.217318957993143, 7.948060000418536 ], [ -60.217640791882367, 7.947375431954083 ], [ -60.217881234148685, 7.946663306265472 ], [ -60.218058390087272, 7.945923623790534 ], [ -60.21817212906852, 7.945183475788673 ], [ -60.218204421652985, 7.944424776254367 ], [ -60.218245729253788, 7.943675100937782 ], [ -60.218431860473608, 7.942944515339282 ], [ -60.219023907947623, 7.942505732416569 ], [ -60.219785374264923, 7.942465658050634 ], [ -60.220499828084861, 7.942687240866525 ], [ -60.221167997073174, 7.943053149628526 ], [ -60.221845517369545, 7.943373937509962 ], [ -60.222587519707886, 7.943541503736793 ], [ -60.223348595665833, 7.943564648058678 ], [ -60.224092481909828, 7.943452190383638 ], [ -60.224720600558385, 7.943040751832209 ], [ -60.225015191224706, 7.942347039755825 ], [ -60.224956866077726, 7.94159667624238 ], [ -60.224698792026579, 7.940890222512252 ], [ -60.224404381918717, 7.940192587368606 ], [ -60.224191772874839, 7.939468290186403 ], [ -60.224060830944445, 7.938726594917941 ], [ -60.224011466265488, 7.937976284300482 ], [ -60.224152366846702, 7.937236373442915 ], [ -60.224636568422888, 7.936652342614299 ], [ -60.225219812811687, 7.936168319168297 ], [ -60.225704012126769, 7.935584287020108 ], [ -60.226070934049702, 7.934927152386122 ], [ -60.226410757436831, 7.934251727335695 ], [ -60.226651181066771, 7.933539592969616 ], [ -60.22649276665954, 7.93283382449334 ], [ -60.225778530569144, 7.932585047568956 ], [ -60.225036542752747, 7.932417522176013 ], [ -60.224294891393086, 7.932195776907431 ], [ -60.224535057685578, 7.931519664651224 ], [ -60.224974201908971, 7.930899182829553 ], [ -60.225431280224122, 7.930305902583574 ], [ -60.226327628297, 7.929083133693582 ], [ -60.226820797891165, 7.92850808532052 ], [ -60.22737698737857, 7.927996873085809 ], [ -60.228041066034315, 7.92762178330673 ], [ -60.228749654945119, 7.927364450644357 ], [ -60.229493572618502, 7.927242904457093 ], [ -60.23024516359721, 7.927329207312044 ], [ -60.230831039105745, 7.92779392428209 ], [ -60.231729171020419, 7.929010569467078 ], [ -60.232287635606468, 7.929520257247685 ], [ -60.23289171145403, 7.929976040241849 ], [ -60.23357832880702, 7.930296870777415 ], [ -60.234330148112889, 7.930347033919728 ], [ -60.235083194192384, 7.930216529854381 ], [ -60.235764945610988, 7.929904765186064 ], [ -60.236240093892086, 7.92932066604739 ], [ -60.236471487725829, 7.928599389927539 ], [ -60.236567112271807, 7.927850040504693 ], [ -60.236454220707742, 7.927108454607808 ], [ -60.236196101867009, 7.926401927147973 ], [ -60.236028903720978, 7.925659970971785 ], [ -60.236196899902566, 7.924929261637359 ], [ -60.236725459225539, 7.92449002781972 ], [ -60.23732012913171, 7.924999932869608 ], [ -60.238369852999824, 7.925223696450363 ], [ -60.2391138204813, 7.925093130420868 ], [ -60.239795561951304, 7.924781396627147 ], [ -60.240414760657238, 7.924333708082312 ], [ -60.240988905780952, 7.923849608021484 ], [ -60.241527179280652, 7.923311029763684 ], [ -60.242029413271339, 7.922745138482949 ], [ -60.242495459657263, 7.922151895081852 ], [ -60.242952638988193, 7.921549591998765 ], [ -60.243382645413789, 7.920928998113896 ], [ -60.243767617018513, 7.920281036956244 ], [ -60.244215705250745, 7.919669595816472 ], [ -60.24472687341445, 7.919112723962418 ], [ -60.24580327061139, 7.918044635065278 ], [ -60.246915664442128, 7.917021941861874 ], [ -60.247489943503197, 7.91651974786773 ], [ -60.248575231578876, 7.91547887246794 ], [ -60.249221249809409, 7.915085556336898 ], [ -60.24997375101939, 7.915027295778748 ], [ -60.250725327833777, 7.915113531750615 ], [ -60.251477126215818, 7.91516366985512 ], [ -60.252238346178018, 7.915168686799039 ], [ -60.252990293092871, 7.915200737760384 ], [ -60.253741666854665, 7.915314096872804 ], [ -60.254502776519267, 7.915337158794213 ], [ -60.255237877621546, 7.915170342272487 ], [ -60.255919651231494, 7.914849542623744 ], [ -60.256520869347995, 7.914383637228384 ], [ -60.256914722320623, 7.913744723488544 ], [ -60.257182227851203, 7.913032732600321 ], [ -60.257259679860873, 7.912283225997008 ], [ -60.257563259696411, 7.911598546321043 ], [ -60.258029351849416, 7.91100528656383 ], [ -60.258585492008017, 7.910493924686472 ], [ -60.259186647016271, 7.910037057906972 ], [ -60.259823728428906, 7.909625587020869 ], [ -60.26117836779207, 7.90894782009958 ], [ -60.261815446204579, 7.908536346500523 ], [ -60.263017688504249, 7.907613559290187 ], [ -60.263636808579164, 7.907183962369345 ], [ -60.264928854653377, 7.906388245011962 ], [ -60.265583826081532, 7.906003966712703 ], [ -60.266911626871007, 7.905280842642199 ], [ -60.26750368008819, 7.904814828851673 ], [ -60.267915632611796, 7.904185057252834 ], [ -60.268201201292435, 7.903482210366588 ], [ -60.268468649879779, 7.902770098367451 ], [ -60.268699893005852, 7.902057840677601 ], [ -60.269144405251858, 7.900606011585388 ], [ -60.269420901270585, 7.899903070655871 ], [ -60.270084434039831, 7.899600151426529 ], [ -60.270835991307813, 7.899686358244431 ], [ -60.27158819195418, 7.899673205019329 ], [ -60.272171146771605, 7.899216172795846 ], [ -60.272637265518355, 7.898613853358484 ], [ -60.273076267257743, 7.898002325932491 ], [ -60.27358743627282, 7.897436413551157 ], [ -60.274251256171155, 7.897079305332568 ], [ -60.27496879230619, 7.896831039276539 ], [ -60.275677370247067, 7.896564520416003 ], [ -60.276394812637605, 7.896325294553162 ], [ -60.277094412025811, 7.896049676395868 ], [ -60.277740437200102, 7.895647351655305 ], [ -60.278323546592851, 7.895163220142376 ], [ -60.279426735979719, 7.894131308728639 ], [ -60.280009934247076, 7.893638132651176 ], [ -60.281212090398014, 7.892724302140444 ], [ -60.281849369522057, 7.89226762268678 ], [ -60.283078507414793, 7.89139008605077 ], [ -60.283688482038627, 7.890942355815307 ], [ -60.28428959154482, 7.890485418030316 ], [ -60.285428908322551, 7.88948080263198 ], [ -60.28605689091593, 7.889060196645007 ], [ -60.286774319831906, 7.888820807039489 ], [ -60.287509408788871, 7.888653942211405 ], [ -60.288218114059603, 7.888369430847207 ], [ -60.288863975110772, 7.88798506447048 ], [ -60.289474053566074, 7.887537216981801 ], [ -60.290048090833132, 7.887043972037924 ], [ -60.290702983095997, 7.886677707504603 ], [ -60.291455857893986, 7.886556122345999 ], [ -60.29219990202516, 7.88640735388995 ], [ -60.2928547175703, 7.886041085414803 ], [ -60.293455867772565, 7.885575092877633 ], [ -60.293975923702916, 7.885027296510666 ], [ -60.294369798307443, 7.884379302540959 ], [ -60.294582913450789, 7.883657837673153 ], [ -60.29465119906903, 7.882908259813205 ], [ -60.294547281809251, 7.882157681821733 ], [ -60.294121799291034, 7.880709178524879 ], [ -60.293872671443637, 7.879993786826439 ], [ -60.293823134355378, 7.879243461053902 ], [ -60.293873447093077, 7.878484842289694 ], [ -60.294230894195252, 7.877854675939671 ], [ -60.295001401395993, 7.877814469095224 ], [ -60.295743680441142, 7.877936683180782 ], [ -60.296476197275837, 7.878167281445783 ], [ -60.297227983367158, 7.878217279057528 ], [ -60.297756858596024, 7.877696622078455 ], [ -60.298231886987359, 7.877112376379801 ], [ -60.298850883951125, 7.876673611772029 ], [ -60.299585569709841, 7.876569917530861 ], [ -60.300290441468576, 7.876872689798035 ], [ -60.300931249699424, 7.877265285185953 ], [ -60.301571985650277, 7.877676040094827 ], [ -60.302185260614728, 7.878122727422736 ], [ -60.302780363502087, 7.878587391700528 ], [ -60.303402817989053, 7.879016120243168 ], [ -60.304098737246797, 7.879300635457063 ], [ -60.304849887651947, 7.879450092832737 ], [ -60.305601621336251, 7.879509157938624 ], [ -60.306362897775472, 7.879495970974941 ], [ -60.307106656247392, 7.879392246315274 ], [ -60.30789194259745, 7.878466693029373 ], [ -60.308384932570384, 7.877891551120245 ], [ -60.30881489720359, 7.877270778912616 ], [ -60.309235770907506, 7.876640981939036 ], [ -60.309674672527713, 7.876029378987806 ], [ -60.31016769472231, 7.875454272279096 ], [ -60.310705806094639, 7.874915570783834 ], [ -60.311690448612538, 7.873991166652463 ], [ -60.312174452035237, 7.873406960197788 ], [ -60.312667543144777, 7.872831851414205 ], [ -60.313106363491798, 7.872220206305206 ], [ -60.313355614597931, 7.871516958490561 ], [ -60.313360515879332, 7.870758025873878 ], [ -60.313537376896015, 7.870027288273388 ], [ -60.313849905565434, 7.869333460552853 ], [ -60.31440563479341, 7.868867167479198 ], [ -60.315138400888102, 7.869061642740665 ], [ -60.315834166998755, 7.869364228479702 ], [ -60.316566988260597, 7.869549695774207 ], [ -60.317318292122884, 7.869671932507813 ], [ -60.318062049509059, 7.869559259046256 ], [ -60.318707955816834, 7.86916577187579 ], [ -60.319309062031429, 7.868699745059455 ], [ -60.319927976508396, 7.868269958896958 ], [ -60.321210857285479, 7.867464950105719 ], [ -60.321820845049089, 7.86701705893436 ], [ -60.322367949521684, 7.866487440071847 ], [ -60.322680355756987, 7.865811654587191 ], [ -60.322558246026261, 7.865069974477206 ], [ -60.322245516247854, 7.864381268164787 ], [ -60.321796304969169, 7.863773024690666 ], [ -60.321283362529712, 7.863218585975193 ], [ -60.320697566363151, 7.862726903562129 ], [ -60.320719252951839, 7.862166796590602 ], [ -60.321463416540247, 7.861990780586447 ], [ -60.322207361801006, 7.861850972329655 ], [ -60.322942654133215, 7.861647882812438 ], [ -60.323579532035559, 7.861245290902456 ], [ -60.324117522483824, 7.860715614079735 ], [ -60.324628559830579, 7.860149602892495 ], [ -60.325121570045873, 7.859583484393179 ], [ -60.325560493410656, 7.858962708755393 ], [ -60.326107439560992, 7.858451169300479 ], [ -60.326815807492125, 7.858193653253157 ], [ -60.328303576596078, 7.857931994218179 ], [ -60.329029991814593, 7.857701713082669 ], [ -60.329702718727361, 7.857362592128546 ], [ -60.330090925228596, 7.857134794323142 ], [ -60.33035757611588, 7.856978295568552 ], [ -60.332250304174288, 7.855725200918507 ], [ -60.332878297533469, 7.855295450908163 ], [ -60.333488296862107, 7.854847580788993 ], [ -60.334062291592574, 7.854354242067452 ], [ -60.334528168683967, 7.85376074694834 ], [ -60.334930944688864, 7.853121771489463 ], [ -60.335441945292871, 7.852564790956547 ], [ -60.336176319130658, 7.852506183417336 ], [ -60.336872127505508, 7.852799810793641 ], [ -60.337494709620195, 7.853219312445257 ], [ -60.338053126766873, 7.853746951366956 ], [ -60.338760872463801, 7.853597823262773 ], [ -60.339370881893558, 7.853140865155527 ], [ -60.339944906618356, 7.85264748286183 ], [ -60.34050995224343, 7.852145040559481 ], [ -60.341047878577498, 7.851615305997555 ], [ -60.341621899400899, 7.851121958520261 ], [ -60.34226772551682, 7.850728511619586 ], [ -60.343001143215211, 7.850823513407115 ], [ -60.343687724955274, 7.851144058626147 ], [ -60.344401925854541, 7.85140161196941 ], [ -60.345145580655348, 7.851306910264311 ], [ -60.345827319630985, 7.850967820171979 ], [ -60.346437212236701, 7.850528901960271 ], [ -60.347002302898396, 7.850017408941854 ], [ -60.347495220488049, 7.849442221505792 ], [ -60.347970128567674, 7.848857847014573 ], [ -60.34849913983556, 7.848319045674494 ], [ -60.349082127676759, 7.847834748140931 ], [ -60.349700991721143, 7.847404884495606 ], [ -60.350364873338762, 7.847029620521066 ], [ -60.351082249132773, 7.846790135877295 ], [ -60.351824550427757, 7.846903189597296 ], [ -60.352548085817993, 7.847115644658171 ], [ -60.353291787583963, 7.847011813701014 ], [ -60.353955559039278, 7.846654593934322 ], [ -60.35456549309874, 7.846206622073246 ], [ -60.355148472676149, 7.845722317103904 ], [ -60.355713330202406, 7.845228897736889 ], [ -60.356197293268963, 7.844644567992012 ], [ -60.35664521574877, 7.844032969512329 ], [ -60.357219048043788, 7.843548607088609 ], [ -60.357882866890542, 7.843182264477784 ], [ -60.358573493242858, 7.84287037568526 ], [ -60.359972593977091, 7.84228268793301 ], [ -60.36065424017314, 7.841961700177863 ], [ -60.361344901351636, 7.841649733848773 ], [ -60.362026561738318, 7.84131973765443 ], [ -60.362690300363617, 7.840953350280703 ], [ -60.363318233512736, 7.840532566212515 ], [ -60.364529017661738, 7.83962746263225 ], [ -60.365121032059221, 7.839152241738738 ], [ -60.365793762468847, 7.838804101136425 ], [ -60.366536305517315, 7.838881036187638 ], [ -60.367278422283718, 7.839030203360981 ], [ -60.3679600752506, 7.838700198803657 ], [ -60.369080915348128, 7.83768610916208 ], [ -60.369735740155029, 7.837310654210103 ], [ -60.371161589940371, 7.836795438533721 ], [ -60.372560695280555, 7.83620778909109 ], [ -60.373242289670515, 7.835886671847731 ], [ -60.373923989450589, 7.835547504574323 ], [ -60.376596925232541, 7.834127467170266 ], [ -60.377296469819228, 7.833824535663968 ], [ -60.377996017367266, 7.83353976497459 ], [ -60.378677604170768, 7.833218677100549 ], [ -60.380031956156408, 7.832540347667929 ], [ -60.380695669634655, 7.832173972344623 ], [ -60.381341479755754, 7.831780361680447 ], [ -60.382005211313739, 7.831423102756919 ], [ -60.38272260365467, 7.831174491548244 ], [ -60.383483986423506, 7.831143066411549 ], [ -60.384996594953193, 7.831233778277873 ], [ -60.386374041469772, 7.831215176504649 ], [ -60.391338897126545, 7.831318198884038 ], [ -60.393936655802513, 7.830322186261468 ], [ -60.396688697267756, 7.827818073817367 ], [ -60.400182449087254, 7.825526254159055 ], [ -60.403980888355314, 7.825233395418468 ], [ -60.407350164325521, 7.825470949569699 ], [ -60.410819213984503, 7.827173013177604 ], [ -60.413863664005106, 7.828664671247537 ], [ -60.417024675684132, 7.828891838500043 ], [ -60.421031660670899, 7.828600132954391 ], [ -60.427927113590158, 7.830115216124448 ], [ -60.432345152512639, 7.832247667726715 ], [ -60.440116062141662, 7.835864338895023 ], [ -60.446636491573081, 7.838009453246044 ], [ -60.452113612389105, 7.838883089244147 ], [ -60.456522544749269, 7.838078263812202 ], [ -60.460850009662252, 7.837264004242451 ], [ -60.464020721611625, 7.835918504647263 ], [ -60.46961918250777, 7.833213961839094 ], [ -60.473426692785964, 7.831456540438429 ], [ -60.47712865534713, 7.829165192517907 ], [ -60.481246991118411, 7.82844878979185 ], [ -60.485562218209971, 7.828158207790068 ], [ -60.490721598670561, 7.829137824958647 ], [ -60.495987316997656, 7.830533760013322 ], [ -60.499739983685679, 7.830366166608368 ], [ -60.505131973331217, 7.828825624231724 ], [ -60.508405415414202, 7.826947231140489 ], [ -60.513265828804954, 7.824879255217895 ], [ -60.51622489051686, 7.824056163904164 ], [ -60.519393079122651, 7.823125850028553 ], [ -60.52486877830728, 7.822733219138012 ], [ -60.530269969306097, 7.819610825540348 ], [ -60.533656976455099, 7.816901345363586 ], [ -60.535354730410411, 7.8148055398344 ], [ -60.536103514903722, 7.812288541358243 ], [ -60.536125029764101, 7.808610463376334 ], [ -60.535744279594617, 7.802453758126605 ], [ -60.535459078213627, 7.796984537099654 ], [ -60.536009856749899, 7.792676843370228 ], [ -60.537398320265282, 7.78921461074571 ], [ -60.539320780341718, 7.785854769696159 ], [ -60.541759064248666, 7.782615449963863 ], [ -60.545266608528095, 7.777800699235872 ], [ -60.549932601661773, 7.773200460114911 ], [ -60.554596646216034, 7.768916462221235 ], [ -60.558406457961624, 7.765043201300322 ], [ -60.561566038796173, 7.762368134959063 ], [ -60.563581763222309, 7.760066004371803 ], [ -60.564128471102904, 7.756390874419875 ], [ -60.564036077624444, 7.753552548216754 ], [ -60.564492067582705, 7.748295301751556 ], [ -60.564820088233724, 7.746408269439543 ], [ -60.565356378262663, 7.744522526046284 ], [ -60.566845300335622, 7.742425256097778 ], [ -60.568638579062061, 7.740962337826824 ], [ -60.574871934581971, 7.737843702568893 ], [ -60.579000792774167, 7.735137772280364 ], [ -60.581017482281638, 7.732618612761049 ], [ -60.580194723718577, 7.729143433364512 ], [ -60.578520939339356, 7.727136694565304 ], [ -60.576533906573545, 7.724450323128923 ], [ -60.573494561051838, 7.722010926590128 ], [ -60.57045871555767, 7.718947987480189 ], [ -60.568362229008244, 7.71641457170965 ], [ -60.567850633344101, 7.713989655266056 ], [ -60.567446405338046, 7.710200595460178 ], [ -60.568622799159392, 7.707260979867236 ], [ -60.569474303345061, 7.705693242190566 ], [ -60.571601926656115, 7.702759087344918 ], [ -60.5739373338033, 7.699934436067983 ], [ -60.575432558921406, 7.696680335363296 ], [ -60.576071920794504, 7.694162403604505 ], [ -60.576732357780493, 7.689538800030419 ], [ -60.576954980379355, 7.687018618251323 ], [ -60.577920460696596, 7.684502531432739 ], [ -60.581102859687626, 7.680842109025563 ], [ -60.585235910505453, 7.67728640248786 ], [ -60.588630645905972, 7.672895037259613 ], [ -60.588654934549169, 7.668584194603986 ], [ -60.587587589931758, 7.666680219465498 ], [ -60.58737153140796, 7.666444084423834 ], [ -60.586894139623496, 7.665962411886817 ], [ -60.586218353520032, 7.665316865653679 ], [ -60.585885808943054, 7.664845098984788 ], [ -60.585870486693352, 7.664338921664652 ], [ -60.58601814112231, 7.663869772370358 ], [ -60.586184308986432, 7.663310356992358 ], [ -60.586623607897891, 7.662517471151309 ], [ -60.587107835049792, 7.661797181871703 ], [ -60.587755308717881, 7.661023516014446 ], [ -60.588739525688922, 7.659980621900777 ], [ -60.589532171276375, 7.659189804921885 ], [ -60.590034707448389, 7.658415309517331 ], [ -60.59041057674736, 7.657622110734875 ], [ -60.590577602808644, 7.656918067356428 ], [ -60.59058739764145, 7.655173845800572 ], [ -60.59041011071664, 7.654486016591211 ], [ -60.590127133587941, 7.653246184329884 ], [ -60.590068421545219, 7.652405398798861 ], [ -60.590155343574281, 7.651456914696475 ], [ -60.5901639295775, 7.649920510348919 ], [ -60.590022521877444, 7.649296146110434 ], [ -60.589564027182739, 7.648669981478003 ], [ -60.588990297147241, 7.647600326796204 ], [ -60.588658602534466, 7.646974888081354 ], [ -60.588598659616586, 7.646359898999741 ], [ -60.588748789128381, 7.645429918456641 ], [ -60.589071658191024, 7.644401430774456 ], [ -60.589447482436228, 7.6436081536944 ], [ -60.589579728379981, 7.642632779891327 ], [ -60.589556092258945, 7.642009054799779 ], [ -60.589349725555657, 7.641646464330763 ], [ -60.588800406625019, 7.64107391939299 ], [ -60.586952149474051, 7.639509122559794 ], [ -60.586213562112263, 7.638763927652731 ], [ -60.586028397852942, 7.637868146476494 ], [ -60.58607712348369, 7.637253858016393 ], [ -60.586325421451235, 7.636586466388876 ], [ -60.586744835963607, 7.636109785353034 ], [ -60.587145513778466, 7.635723404877329 ], [ -60.587600121628583, 7.635427722493707 ], [ -60.588207890330565, 7.635277431039738 ], [ -60.590101338176751, 7.635233770170414 ], [ -60.59121476410931, 7.63535751201434 ], [ -60.592047087231073, 7.635551928280031 ], [ -60.592959659924965, 7.635963726213827 ], [ -60.593600268218779, 7.636419191044994 ], [ -60.594041652420941, 7.636864417163573 ], [ -60.594219961680849, 7.63737152183508 ], [ -60.594586804476641, 7.638187038974243 ], [ -60.595023960811183, 7.639400507480493 ], [ -60.595615442047396, 7.640533489515417 ], [ -60.596236695200169, 7.641214873169462 ], [ -60.596921971582255, 7.641779029987344 ], [ -60.597481760281063, 7.642116477355534 ], [ -60.598431347432928, 7.6423929152456 ], [ -60.599038049085571, 7.64243245685864 ], [ -60.59963701524601, 7.642227950638303 ], [ -60.600407451047111, 7.642150805695693 ], [ -60.601258816107837, 7.64217361983123 ], [ -60.601964652401193, 7.642313143430601 ], [ -60.602796610109799, 7.64257077365115 ], [ -60.603582407475074, 7.642981864665876 ], [ -60.604186172709596, 7.643554614333552 ], [ -60.605060397906264, 7.644354743231669 ], [ -60.606529833516426, 7.645628233478262 ], [ -60.607342157880616, 7.646156960337206 ], [ -60.608564809790813, 7.646217946782265 ], [ -60.609542206825125, 7.646376977623779 ], [ -60.610791390525939, 7.646546630490841 ], [ -60.612059772271543, 7.646526532902549 ], [ -60.613329440448929, 7.646262359971242 ], [ -60.614490574358598, 7.645979547947507 ], [ -60.615488612137142, 7.64569589061858 ], [ -60.616016086827472, 7.645328224329655 ], [ -60.616663336125185, 7.644590692302438 ], [ -60.617647424183417, 7.643547734821125 ], [ -60.618959932488842, 7.642099820124046 ], [ -60.619881266871801, 7.640939020575886 ], [ -60.620701737128144, 7.640003593175467 ], [ -60.621350573861832, 7.638976799634611 ], [ -60.622081880898477, 7.637778795990753 ], [ -60.622503107153896, 7.63696764922963 ], [ -60.622897061989839, 7.636156465649397 ], [ -60.623364548116335, 7.635164832388375 ], [ -60.623641443022393, 7.634235445331657 ], [ -60.623764312284443, 7.633305155424867 ], [ -60.623768729981464, 7.632500846057324 ], [ -60.62354666773458, 7.628423459685976 ], [ -60.623696533973074, 7.627529489557292 ], [ -60.623846337529969, 7.626653718521089 ], [ -60.623894930527605, 7.626048430070234 ], [ -60.623500085944421, 7.625368367573417 ], [ -60.623185271227179, 7.624969029560765 ], [ -60.622878558181419, 7.624741351064775 ], [ -60.622354797629377, 7.624440262660809 ], [ -60.62192106134605, 7.624248002676648 ], [ -60.621380371090119, 7.623738918314937 ], [ -60.62076730079918, 7.623211355327365 ], [ -60.620100028745505, 7.622656367239581 ], [ -60.619332513156671, 7.622227346067017 ], [ -60.618628680774897, 7.621735431110196 ], [ -60.618195680079531, 7.621407731644974 ], [ -60.617844945746214, 7.620953894232785 ], [ -60.617575631843941, 7.620509538917462 ], [ -60.617560621679978, 7.619940083508664 ], [ -60.617626214098031, 7.619551760777097 ], [ -60.617854473887071, 7.619227697406141 ], [ -60.61820943901531, 7.618913285999399 ], [ -60.618646569919406, 7.618490898457377 ], [ -60.619319898883518, 7.617952319744481 ], [ -60.620002021205664, 7.617449926451364 ], [ -60.620547994302569, 7.617001027514666 ], [ -60.620885877503504, 7.616505861372478 ], [ -60.620969765110353, 7.616072488893919 ], [ -60.620953737289568, 7.61568376222696 ], [ -60.621055314006561, 7.615331808409236 ], [ -60.621039592328799, 7.614906981587058 ], [ -60.621169326866671, 7.614383488361922 ], [ -60.621290118740994, 7.613823732408203 ], [ -60.621627950157944, 7.613337609094499 ], [ -60.621982762530145, 7.61305028905584 ], [ -60.622499619741276, 7.612962776072504 ], [ -60.623395879839087, 7.613049030182808 ], [ -60.62403857385479, 7.613124838567148 ], [ -60.624726919650456, 7.613146663960446 ], [ -60.625080802145554, 7.613031139295515 ], [ -60.625418484311531, 7.612572033912474 ], [ -60.625666279424749, 7.611985937921191 ], [ -60.625860250431366, 7.611309147954824 ], [ -60.625819160941923, 7.610531608152356 ], [ -60.625950632316268, 7.609691871978608 ], [ -60.626145870597377, 7.608780050010811 ], [ -60.626105451537995, 7.607885049883851 ], [ -60.626236738568288, 7.607072407067902 ], [ -60.626593497044013, 7.60645064430328 ], [ -60.627030205212613, 7.60608254678137 ], [ -60.627593984576826, 7.605696969805055 ], [ -60.628366016799532, 7.60531250924448 ], [ -60.629254503332874, 7.605163747549807 ], [ -60.630133864740017, 7.605033024036665 ], [ -60.631628378164983, 7.605041148542004 ], [ -60.632498810171711, 7.604892210749706 ], [ -60.633460366284737, 7.604626332335934 ], [ -60.634087028042174, 7.60433145263306 ], [ -60.635066904349223, 7.604029566595553 ], [ -60.636000951885237, 7.603835741979954 ], [ -60.636899322859527, 7.603533416280929 ], [ -60.637607533072845, 7.603229924049296 ], [ -60.638063430856072, 7.602690117401728 ], [ -60.638209898553669, 7.602401744843331 ], [ -60.638338410351729, 7.60209511411986 ], [ -60.638114420633791, 7.601641964642201 ], [ -60.637619081377984, 7.601115083931317 ], [ -60.637204262929124, 7.600778451211243 ], [ -60.636871337001537, 7.600369902258366 ], [ -60.636955573910001, 7.599882298695544 ], [ -60.637392889733725, 7.599405664132836 ], [ -60.638038992480098, 7.598857866552438 ], [ -60.638812002345894, 7.598301702742719 ], [ -60.639466692592393, 7.597835272830773 ], [ -60.640004279629011, 7.597259759960027 ], [ -60.640424275299061, 7.596638433257434 ], [ -60.640591697314896, 7.595843916923116 ], [ -60.640621642415518, 7.595337970112944 ], [ -60.640504244916578, 7.593602033289184 ], [ -60.640199811090504, 7.592958672740751 ], [ -60.6397602213558, 7.592178962504619 ], [ -60.639167772832039, 7.591190601818549 ], [ -60.638628459003236, 7.590428519645869 ], [ -60.638215239448854, 7.589802663958397 ], [ -60.638055150869342, 7.589259485533142 ], [ -60.638013827381315, 7.588536168247948 ], [ -60.637919942319904, 7.587487235474192 ], [ -60.637481378844576, 7.586517856693243 ], [ -60.637077229276059, 7.585891936512504 ], [ -60.636519565308824, 7.58516589202645 ], [ -60.635961868363935, 7.584466980316471 ], [ -60.635711620951717, 7.583841918672443 ], [ -60.635732701121107, 7.583299745183864 ], [ -60.63592628180831, 7.582677170159084 ], [ -60.636265001903205, 7.582019268848359 ], [ -60.63670325149333, 7.581379951219848 ], [ -60.637431926266011, 7.580642736962058 ], [ -60.638642217887202, 7.579600886547801 ], [ -60.639642235447461, 7.578928466387351 ], [ -60.640441807873223, 7.578462806265861 ], [ -60.641248453997711, 7.578367776859559 ], [ -60.641891337939128, 7.578407387924148 ], [ -60.642579853688218, 7.578374961143964 ], [ -60.643059955352399, 7.578359509528254 ], [ -60.643586418999483, 7.578163530832231 ], [ -60.644105585112491, 7.577624050648679 ], [ -60.644526565851166, 7.576821909557938 ], [ -60.644839111385693, 7.57599213149761 ], [ -60.645016041048791, 7.575098281508168 ], [ -60.645345546926869, 7.574458374432527 ], [ -60.646164627534475, 7.573739679239733 ], [ -60.647055499058595, 7.573147985875027 ], [ -60.647889917578546, 7.572935628640883 ], [ -60.6491619716803, 7.572201290437739 ], [ -60.650642743432606, 7.571377801404175 ], [ -60.651769846621754, 7.570642684395718 ], [ -60.65362467311683, 7.569333153996118 ], [ -60.65516825944573, 7.568618331770506 ], [ -60.656211595712307, 7.56829861315192 ], [ -60.656954718936966, 7.568221272589634 ], [ -60.657443273862164, 7.56833236245728 ], [ -60.657957800902544, 7.56865138636505 ], [ -60.658273318399004, 7.568924279971579 ], [ -60.658914804813179, 7.56921699214001 ], [ -60.659331215962744, 7.569273468503095 ], [ -60.660082789227026, 7.569304588796427 ], [ -60.660407865235676, 7.569478043776482 ], [ -60.660641357796123, 7.569849877348446 ], [ -60.660836334450877, 7.570646256283045 ], [ -60.660860359106287, 7.571233857262646 ], [ -60.661038797661803, 7.571731907510071 ], [ -60.661515646198197, 7.572340035491915 ], [ -60.662183389821251, 7.572795531451684 ], [ -60.662924017104608, 7.57318817727427 ], [ -60.663548517493041, 7.573281892630003 ], [ -60.664382363903577, 7.573168881315917 ], [ -60.665632865146215, 7.573067156459795 ], [ -60.66719221976944, 7.572795257565379 ], [ -60.66846150802013, 7.572576123459339 ], [ -60.669793890215956, 7.572402429538991 ], [ -60.670373840169347, 7.572351302787371 ], [ -60.670791619238564, 7.572136668933045 ], [ -60.671102356164425, 7.571632162880915 ], [ -60.671295132589513, 7.571145121086848 ], [ -60.671170762535134, 7.570683499691252 ], [ -60.671254865792839, 7.57021393611038 ], [ -60.671465768658486, 7.569726989861941 ], [ -60.671803906966943, 7.56916843535641 ], [ -60.672368841437361, 7.568529752764908 ], [ -60.673096391019286, 7.567991342433927 ], [ -60.673722047018359, 7.567859128124742 ], [ -60.674201302834454, 7.568015300272732 ], [ -60.674408705945936, 7.568188088839244 ], [ -60.67463297444268, 7.568577955434698 ], [ -60.674902826707878, 7.568931922950213 ], [ -60.675318053652141, 7.569205258334435 ], [ -60.675896275567915, 7.569479526801873 ], [ -60.676348364010188, 7.569617501178977 ], [ -60.676889844041028, 7.569990951282807 ], [ -60.677513386586426, 7.570265382862304 ], [ -60.678462489885419, 7.570622964455912 ], [ -60.67951966175297, 7.571098615516682 ], [ -60.680205201806857, 7.571626499548413 ], [ -60.680763476308627, 7.572253089484339 ], [ -60.68106789125985, 7.572914482226958 ], [ -60.68144373736618, 7.573766143976304 ], [ -60.681791895390297, 7.574726080519718 ], [ -60.682075283130182, 7.575929649049745 ], [ -60.68234377093254, 7.576536622384662 ], [ -60.682695073299968, 7.576909101928171 ], [ -60.683018919992797, 7.577317576168118 ], [ -60.683143876403243, 7.577670664883372 ], [ -60.683395553569184, 7.578042619849906 ], [ -60.683574207527023, 7.578504521768224 ], [ -60.683695508767798, 7.579535579264332 ], [ -60.683863562147621, 7.580295664733312 ], [ -60.684123361945083, 7.580839317694548 ], [ -60.684501128107783, 7.581329435415506 ], [ -60.685115252848433, 7.581667153639856 ], [ -60.685884809621491, 7.581743515052295 ], [ -60.686799905212268, 7.581694167484022 ], [ -60.68755263144611, 7.581517419793817 ], [ -60.688134057263909, 7.581195100401695 ], [ -60.688843062839268, 7.580728852470024 ], [ -60.68967907572582, 7.580227129812972 ], [ -60.690053551296863, 7.579650667630149 ], [ -60.690166050822754, 7.578928232753264 ], [ -60.690234438893505, 7.577997622099824 ], [ -60.690029016708323, 7.577454220219539 ], [ -60.689678946431044, 7.576846785673959 ], [ -60.689365264796088, 7.576221416506825 ], [ -60.688852018838737, 7.575640220738451 ], [ -60.688438950133722, 7.574969218775045 ], [ -60.688170646771859, 7.574326072054184 ], [ -60.688020371916593, 7.573638397571816 ], [ -60.687839457634716, 7.571892969447538 ], [ -60.687639225386476, 7.570373435633926 ], [ -60.687483521630483, 7.568989799354224 ], [ -60.687489220866993, 7.567923265469633 ], [ -60.687575903350385, 7.566947562283992 ], [ -60.687744072105517, 7.565981331078323 ], [ -60.687767515797098, 7.564987244056337 ], [ -60.687529734494717, 7.563720639917785 ], [ -60.687424060882606, 7.563141616826281 ], [ -60.687038386620131, 7.562434503015949 ], [ -60.686688425372992, 7.561809011885638 ], [ -60.686256460017233, 7.561300593175445 ], [ -60.686132317553337, 7.560793753226995 ], [ -60.68627874564072, 7.560505362280384 ], [ -60.686614870578325, 7.56031727055036 ], [ -60.687005157086382, 7.560156669959745 ], [ -60.687856214279314, 7.56023349440844 ], [ -60.688481381031913, 7.560191591448583 ], [ -60.688980760580392, 7.559968326154556 ], [ -60.689463262419189, 7.559500884737728 ], [ -60.690152310132817, 7.559368982493794 ], [ -60.690730625214357, 7.559625072683974 ], [ -60.691534139088596, 7.560117385269836 ], [ -60.693005531872544, 7.561056147780267 ], [ -60.694023961104079, 7.562010584733653 ], [ -60.694660611589988, 7.563225083943798 ], [ -60.695028636335394, 7.563850663266193 ], [ -60.695634149421778, 7.56410688996637 ], [ -60.697545106574999, 7.564135126802274 ], [ -60.698542917572581, 7.563869201090183 ], [ -60.699460200075841, 7.563404024531136 ], [ -60.702148023655603, 7.562116682046324 ], [ -60.703900840759175, 7.561231071892894 ], [ -60.704837908329758, 7.56044057662065 ], [ -60.705367880145026, 7.559566668621422 ], [ -60.705807291707217, 7.558692213512411 ], [ -60.706363807912858, 7.55792690019868 ], [ -60.707282161381258, 7.557253767763673 ], [ -60.708118920947165, 7.556598371408993 ], [ -60.708601723183229, 7.556076646936073 ], [ -60.708785914172466, 7.555490129540273 ], [ -60.708789308072596, 7.554848441496513 ], [ -60.708875579479574, 7.553935964318181 ], [ -60.708906494098038, 7.553231145794431 ], [ -60.709009794561617, 7.552535637118872 ], [ -60.709157417006331, 7.552030254435963 ], [ -60.709622333265067, 7.551454242379786 ], [ -60.709934172770076, 7.550714745247763 ], [ -60.71004583462382, 7.55014590053604 ], [ -60.709905934658096, 7.549196104016335 ], [ -60.709763681690774, 7.548689210691244 ], [ -60.70957728459431, 7.547965170038571 ], [ -60.709471852175582, 7.547350009645162 ], [ -60.709565188392702, 7.546826254071274 ], [ -60.70968775643685, 7.545904955989504 ], [ -60.709992042179216, 7.544876145081623 ], [ -60.710593843661727, 7.544119992961994 ], [ -60.711221207534521, 7.543653356442189 ], [ -60.711783457478589, 7.543520653265395 ], [ -60.712453198939365, 7.543623552555287 ], [ -60.713240139122071, 7.543817541108383 ], [ -60.713899480221059, 7.544155352852724 ], [ -60.71466766249263, 7.544484797116457 ], [ -60.715482361125737, 7.544570393609136 ], [ -60.716099139948668, 7.544401902567578 ], [ -60.716372168502026, 7.544150188468912 ], [ -60.71670940112562, 7.543745275057884 ], [ -60.717021038127612, 7.543041837001052 ], [ -60.717903228542824, 7.542350479501604 ], [ -60.718776164747396, 7.541695249914752 ], [ -60.719031656619102, 7.541344029141754 ], [ -60.718988659126417, 7.540891880853014 ], [ -60.718845729302515, 7.540520614688569 ], [ -60.718349067043903, 7.540228763346439 ], [ -60.71774394917022, 7.539900171032447 ], [ -60.717294515234094, 7.539256091387784 ], [ -60.716673591552777, 7.538475601372058 ], [ -60.715553908556693, 7.537827926685727 ], [ -60.71468552992652, 7.537624584888877 ], [ -60.712584290383056, 7.537613621386538 ], [ -60.711815107146755, 7.537492116374046 ], [ -60.710984184451966, 7.537044874108463 ], [ -60.710308110010892, 7.536435748173122 ], [ -60.709750736977512, 7.535637417019067 ], [ -60.709375400076922, 7.534677418860272 ], [ -60.709107858353555, 7.533880595996935 ], [ -60.708993602819668, 7.533220201175859 ], [ -60.70896919345423, 7.53269582966063 ], [ -60.709207138752951, 7.532227054201395 ], [ -60.709680758986472, 7.531723365266271 ], [ -60.710609597604083, 7.530761074830531 ], [ -60.711366680117521, 7.529734651393583 ], [ -60.711515709885049, 7.528958159763975 ], [ -60.711410961805136, 7.528198287076217 ], [ -60.71120672719421, 7.527419956053961 ], [ -60.710757406856345, 7.52675781635245 ], [ -60.710260810143851, 7.526456911424703 ], [ -60.709527585107935, 7.526380774468834 ], [ -60.7086766075954, 7.526313104801043 ], [ -60.708260915936805, 7.526139131214436 ], [ -60.707620362633087, 7.525665851317501 ], [ -60.706628884897121, 7.524765836431619 ], [ -60.705881760781672, 7.523876100066652 ], [ -60.705243580739356, 7.522950827430501 ], [ -60.704921454880257, 7.522217026224103 ], [ -60.704798107120872, 7.521556616946333 ], [ -60.704756372833273, 7.520887478076256 ], [ -60.704968926692906, 7.520075175862325 ], [ -60.705553500301725, 7.519129146419948 ], [ -60.706056097362811, 7.518282215498051 ], [ -60.706665630572175, 7.517761146545289 ], [ -60.707710128836474, 7.517179031745887 ], [ -60.708120335275865, 7.516675011093738 ], [ -60.708188701291242, 7.515726361642418 ], [ -60.707983674338855, 7.515101555942145 ], [ -60.707578898083028, 7.514575235737922 ], [ -60.70691259215392, 7.513830631479472 ], [ -60.706191372387259, 7.513203207570712 ], [ -60.705586142286201, 7.512910775154028 ], [ -60.70486279417652, 7.51269011886976 ], [ -60.704013282801114, 7.512333134641128 ], [ -60.703454077979309, 7.511905383464547 ], [ -60.702750716325426, 7.511323232754262 ], [ -60.702418374356242, 7.51079728569778 ], [ -60.702321377951812, 7.510290619225484 ], [ -60.702342336553727, 7.509757435745498 ], [ -60.702492199981087, 7.508809247220404 ], [ -60.702596409940952, 7.507933027980263 ], [ -60.702601101881825, 7.507038199772857 ], [ -60.702506797010429, 7.506025386595277 ], [ -60.702284365323486, 7.505265039721272 ], [ -60.702098506894174, 7.504450542690127 ], [ -60.702069024368448, 7.503166953144827 ], [ -60.702254257428152, 7.50237248177683 ], [ -60.702429695318948, 7.501731679823574 ], [ -60.702805397328632, 7.50089312846639 ], [ -60.703243740859619, 7.500199394173706 ], [ -60.703500142265433, 7.499658429900679 ], [ -60.703503221657002, 7.499070920377473 ], [ -60.703460174082146, 7.498645860878623 ], [ -60.703318651657924, 7.498003440189435 ], [ -60.703051232844842, 7.497188589318221 ], [ -60.702494672125582, 7.496245678273809 ], [ -60.702000564894917, 7.495483798641507 ], [ -60.700803158821159, 7.494139910176581 ], [ -60.700059436469445, 7.492626579732375 ], [ -60.699440816512052, 7.491430276363849 ], [ -60.698416541001471, 7.489888378704332 ], [ -60.697506692188021, 7.488970708628477 ], [ -60.696595611239097, 7.488288078394874 ], [ -60.696036365056756, 7.487860314463571 ], [ -60.695478259095246, 7.48721570790414 ], [ -60.695082723107525, 7.486662287071211 ], [ -60.694958446822902, 7.486182605968328 ], [ -60.694930029805583, 7.484700106217142 ], [ -60.695015659302612, 7.483905110785956 ], [ -60.695128805771823, 7.483047095379144 ], [ -60.695105352282177, 7.482351056920593 ], [ -60.694899472022556, 7.481879954815294 ], [ -60.694431128397561, 7.481407516081967 ], [ -60.693025083127964, 7.480134717929677 ], [ -60.69248520873748, 7.479472112717482 ], [ -60.692026296193902, 7.47890931077054 ], [ -60.691532839358032, 7.478029987771297 ], [ -60.690955950205876, 7.47752079682273 ], [ -60.690313523159979, 7.477418047093436 ], [ -60.689091114897316, 7.477393543164887 ], [ -60.687841271780194, 7.47742316013555 ], [ -60.68708854547031, 7.477636204011886 ], [ -60.686507657391338, 7.477886179613279 ], [ -60.685717289223142, 7.478370140117969 ], [ -60.685171644998988, 7.478810162528162 ], [ -60.684635931602429, 7.479078462555415 ], [ -60.683902397315009, 7.479074605192311 ], [ -60.683341718403739, 7.478936098565088 ], [ -60.68297206126816, 7.478626896253839 ], [ -60.68263904556354, 7.478236484703102 ], [ -60.682397588347975, 7.477647720740875 ], [ -60.682129689415099, 7.476932230100929 ], [ -60.681861312867277, 7.476307182943505 ], [ -60.681284663460382, 7.475761840727967 ], [ -60.680706782715468, 7.475442532694532 ], [ -60.680056626641125, 7.47509563547819 ], [ -60.67923622360999, 7.474404403687801 ], [ -60.678758823606913, 7.473913848270795 ], [ -60.678363544594006, 7.473324271887718 ], [ -60.67787161094094, 7.472155661139631 ], [ -60.677130944530333, 7.470090985617871 ], [ -60.676762733011572, 7.469510631174673 ], [ -60.675933196731243, 7.468828388796152 ], [ -60.67535513599227, 7.468545214460462 ], [ -60.674748924066193, 7.468451569352352 ], [ -60.67410588967622, 7.468466264820724 ], [ -60.673463179804486, 7.468426730618567 ], [ -60.671990137079412, 7.467849545301954 ], [ -60.67106045616211, 7.46728427258001 ], [ -60.670167381331694, 7.466637863316121 ], [ -60.669113506081843, 7.465583851810362 ], [ -60.66708476316218, 7.463937220446026 ], [ -60.665432326816884, 7.463051769638507 ], [ -60.664249025540578, 7.462503229703246 ], [ -60.662188256488562, 7.461778334515708 ], [ -60.661031291889259, 7.461383537573908 ], [ -60.658897005767791, 7.46086611831773 ], [ -60.657776507075262, 7.460417275953192 ], [ -60.656819032129349, 7.459978453658229 ], [ -60.655827146477641, 7.459195859537636 ], [ -60.65504364885669, 7.458378302934722 ], [ -60.654341478781284, 7.457597245084373 ], [ -60.65378362992832, 7.456934535203679 ], [ -60.652909974266016, 7.456053145574582 ], [ -60.65183523299708, 7.45552324189473 ], [ -60.650922040475038, 7.455265351657069 ], [ -60.650007533168043, 7.455260519291881 ], [ -60.648721437282987, 7.455307899095435 ], [ -60.64764330634717, 7.455419623337769 ], [ -60.646828750706469, 7.455343034253757 ], [ -60.646078498441064, 7.455103982625253 ], [ -60.645672817649078, 7.45476746132884 ], [ -60.645113747704421, 7.454321621606327 ], [ -60.64468122374074, 7.453921606047723 ], [ -60.64265413419804, 7.452003797436326 ], [ -60.641679547977631, 7.451374914435073 ], [ -60.640622017973186, 7.45102589851976 ], [ -60.639917734706948, 7.450651560284109 ], [ -60.639277039666503, 7.450241382251674 ], [ -60.638880585002568, 7.449868799281274 ], [ -60.638675379392041, 7.449298181158533 ], [ -60.638391059523499, 7.448293512460856 ], [ -60.638046830271662, 7.446619545750566 ], [ -60.637602687770269, 7.44501743882389 ], [ -60.637227748900258, 7.444021253524155 ], [ -60.637069282437743, 7.443170867248868 ], [ -60.636977801971938, 7.441651936242282 ], [ -60.636840604244242, 7.440223170499113 ], [ -60.636576478158169, 7.438820895827029 ], [ -60.636147529828769, 7.437752134049735 ], [ -60.636045038797697, 7.436603642867435 ], [ -60.636341836527002, 7.435276689498449 ], [ -60.636582242536676, 7.434346995978895 ], [ -60.637102844088133, 7.433500241145463 ], [ -60.637750274680748, 7.432645045397855 ], [ -60.638815805425452, 7.431502874988007 ], [ -60.639989781757087, 7.430379333306441 ], [ -60.640718510524657, 7.42956975485694 ], [ -60.640848960731006, 7.428865477579016 ], [ -60.640872173269301, 7.427916567072273 ], [ -60.64074873802101, 7.427292299144848 ], [ -60.640507681057734, 7.426649349787639 ], [ -60.640230166088898, 7.426060289071558 ], [ -60.639371235582324, 7.424130676126151 ], [ -60.63908804302848, 7.422890876651151 ], [ -60.639002152579415, 7.422031866211232 ], [ -60.639114713460678, 7.421291275908095 ], [ -60.639390149388262, 7.420578728207468 ], [ -60.639729518917967, 7.419758021207234 ], [ -60.639913168124878, 7.419271027921923 ], [ -60.639833090119602, 7.419017493897742 ], [ -60.639562661780623, 7.418790150110251 ], [ -60.639174178751979, 7.418625340149945 ], [ -60.638630936199768, 7.418622434849607 ], [ -60.637861175075649, 7.418645451362734 ], [ -60.637155302148464, 7.418596525272502 ], [ -60.636613247054242, 7.418358680918085 ], [ -60.636198627529531, 7.418013018317108 ], [ -60.635477765392466, 7.417367496145614 ], [ -60.634359217361208, 7.416584318256046 ], [ -60.63301395085, 7.415872132982159 ], [ -60.631316463198409, 7.414986425564355 ], [ -60.62963693447098, 7.414145959251573 ], [ -60.628110771053947, 7.413396721233521 ], [ -60.626973661583598, 7.41271273453357 ], [ -60.625936755338159, 7.411902877780578 ], [ -60.625171538529457, 7.41108532327215 ], [ -60.624515257722393, 7.410223277554125 ], [ -60.623994656890545, 7.409370856273627 ], [ -60.623609784069274, 7.408546299279799 ], [ -60.623262018808951, 7.407541229181935 ], [ -60.6230939782129, 7.406799241028767 ], [ -60.622789798441808, 7.406119797162802 ], [ -60.62229604480072, 7.405330794462095 ], [ -60.62159283985963, 7.404784764378655 ], [ -60.620824270692744, 7.404590870347412 ], [ -60.620199876134386, 7.404524305322171 ], [ -60.619556849475735, 7.404566029609908 ], [ -60.618832595388575, 7.404562165432361 ], [ -60.618045589412851, 7.404440490074677 ], [ -60.617521778159208, 7.404184595758484 ], [ -60.61699187694758, 7.403386458923823 ], [ -60.616453395500706, 7.402506834522005 ], [ -60.615625493923474, 7.40157149026358 ], [ -60.614905524923643, 7.4007632804353 ], [ -60.614203789754434, 7.399927995920073 ], [ -60.613583551315479, 7.399102269649561 ], [ -60.612653865531946, 7.39857309258803 ], [ -60.611821164331893, 7.398532490229778 ], [ -60.611114072485854, 7.39870037465817 ], [ -60.610360869493164, 7.399030705636583 ], [ -60.609634771750017, 7.399361255692139 ], [ -60.608801420201466, 7.399447162114233 ], [ -60.60809625043364, 7.39925359131133 ], [ -60.607391658629709, 7.398960566460869 ], [ -60.606797460391945, 7.398333773831879 ], [ -60.606239886426607, 7.397643902103482 ], [ -60.605943421032833, 7.397217521879337 ], [ -60.605899923659798, 7.396891893375646 ], [ -60.606074487535309, 7.396413904302002 ], [ -60.606465569779246, 7.396081545701342 ], [ -60.607264466428525, 7.395679108711957 ], [ -60.608506816580778, 7.395297121033754 ], [ -60.609613639149678, 7.394878329975531 ], [ -60.610276907360792, 7.394429966992568 ], [ -60.610596837537869, 7.393871358326462 ], [ -60.610636926722663, 7.393148465774816 ], [ -60.610415380029629, 7.392252565606167 ], [ -60.609840973670813, 7.391318578436259 ], [ -60.609366404560646, 7.390339905671281 ], [ -60.609181066530006, 7.389444125707662 ], [ -60.60879848783555, 7.388203906877749 ], [ -60.608695539515622, 7.387145911909085 ], [ -60.608844192586524, 7.386432723865556 ], [ -60.608910421624707, 7.385908885371606 ], [ -60.608813738544157, 7.385366075597284 ], [ -60.60838233239145, 7.384776230927025 ], [ -60.607840842268615, 7.384457063662159 ], [ -60.607219185382029, 7.383884352270157 ], [ -60.606247191617342, 7.382830735197192 ], [ -60.605565063297917, 7.381715406479178 ], [ -60.605261217918688, 7.380981641745554 ], [ -60.605310629918066, 7.380204675636864 ], [ -60.605580627141755, 7.37882330160277 ], [ -60.605966181911732, 7.377831187649212 ], [ -60.606278726920145, 7.376956225412671 ], [ -60.606971915276745, 7.375992835685413 ], [ -60.607891698849762, 7.374985520252814 ], [ -60.608892369331855, 7.37407798593368 ], [ -60.609583698293783, 7.373476157905506 ], [ -60.609767960646522, 7.372871624200076 ], [ -60.609753419188458, 7.372211783595612 ], [ -60.609529910894175, 7.371686376010756 ], [ -60.609279087697018, 7.371178909967816 ], [ -60.608765577229583, 7.370715211629912 ], [ -60.608395247661036, 7.370559630069639 ], [ -60.607600954660711, 7.370121546608955 ], [ -60.607006987265081, 7.369458532782089 ], [ -60.606550476258299, 7.368489104282197 ], [ -60.606230038617788, 7.367475112987762 ], [ -60.605630807974237, 7.366107154323866 ], [ -60.604768722367268, 7.364801085745487 ], [ -60.604039419753526, 7.364056040876008 ], [ -60.602965969395783, 7.363354392563047 ], [ -60.60213724691085, 7.362572662642663 ], [ -60.60151639801078, 7.361864381500491 ], [ -60.600832943027214, 7.361020270793866 ], [ -60.599426765325184, 7.359882908851728 ], [ -60.598100185809308, 7.35911667183381 ], [ -60.59700692384137, 7.358722134634274 ], [ -60.595715395117409, 7.35815488507055 ], [ -60.594534077220509, 7.357308059463961 ], [ -60.593777597276514, 7.356580903590173 ], [ -60.593157222452788, 7.355782311450779 ], [ -60.592346585753937, 7.355018715275293 ], [ -60.59150018001106, 7.354182748705415 ], [ -60.590943971263052, 7.353248827880985 ], [ -60.590643545027262, 7.351882434667321 ], [ -60.590623300350622, 7.350599008154996 ], [ -60.59090086330238, 7.349488835159182 ], [ -60.591340300911114, 7.348578347713747 ], [ -60.592115211469888, 7.34755217314117 ], [ -60.592943958956859, 7.346634719870983 ], [ -60.594518626617678, 7.345034417087393 ], [ -60.595582948683415, 7.344064005771497 ], [ -60.596293934129093, 7.343155062250109 ], [ -60.596504592146474, 7.342695243498206 ], [ -60.596380776633829, 7.342161359199338 ], [ -60.596066454600482, 7.34168063486574 ], [ -60.595182731245323, 7.341052318690247 ], [ -60.594388557251406, 7.340596157638132 ], [ -60.593425115740757, 7.339642005728924 ], [ -60.592676834188353, 7.339077662428107 ], [ -60.591224512938943, 7.338129891063769 ], [ -60.59000772758823, 7.337138246166445 ], [ -60.589243161612451, 7.336239438469541 ], [ -60.588940761261647, 7.335243651291303 ], [ -60.58885566229177, 7.334230956921109 ], [ -60.588951194685848, 7.333300540755471 ], [ -60.589571967897129, 7.332327759611186 ], [ -60.590285935556359, 7.330858377043866 ], [ -60.590293178984659, 7.329511813628534 ], [ -60.590355555636236, 7.328002812253707 ], [ -60.590198758500911, 7.32685419764491 ], [ -60.589516765464992, 7.325747911315238 ], [ -60.588292213295283, 7.324539357340368 ], [ -60.588243267869977, 7.323535864586209 ], [ -60.587978472407691, 7.322278155567514 ], [ -60.587078923969983, 7.321224912058986 ], [ -60.586331133473436, 7.320570218849144 ], [ -60.586011185925962, 7.319465899280195 ], [ -60.586072512056177, 7.318164703532409 ], [ -60.586404840872007, 7.31696448101351 ], [ -60.587106325823605, 7.316118732310533 ], [ -60.588070162322239, 7.315319490165965 ], [ -60.588878943082641, 7.314718281677366 ], [ -60.589307603520055, 7.314124084520847 ], [ -60.589312677313316, 7.313175116674443 ], [ -60.589400256115063, 7.312027790534655 ], [ -60.58990879078911, 7.311723174349969 ], [ -60.590867654857739, 7.311845759312994 ], [ -60.591618310920374, 7.311967320423675 ], [ -60.592477823107444, 7.312035164450481 ], [ -60.593765002544494, 7.311689554187025 ], [ -60.594997137292964, 7.311497297945068 ], [ -60.596554319432087, 7.31144236948031 ], [ -60.598163801081469, 7.31175816194875 ], [ -60.599537260683974, 7.312217391110284 ], [ -60.600814270544049, 7.312088642649491 ], [ -60.6023722417941, 7.311888978875302 ], [ -60.603658615450428, 7.311697032141556 ], [ -60.604630321518819, 7.311096643894045 ], [ -60.605223210478599, 7.31025020701589 ], [ -60.605550147405729, 7.308344976304197 ], [ -60.605827519356801, 7.30725283344185 ], [ -60.606364502859712, 7.306704395535679 ], [ -60.607162180295681, 7.306500675215204 ], [ -60.607750485919567, 7.306503784061531 ], [ -60.608186017884499, 7.306307295743233 ], [ -60.608342786626302, 7.30575683533523 ], [ -60.608402679778372, 7.304708739542996 ], [ -60.608676636562905, 7.304258261261261 ], [ -60.609637389794464, 7.304010229608375 ], [ -60.610281367515043, 7.303769677929655 ], [ -60.610817559520029, 7.303365767247925 ], [ -60.611199273865353, 7.303069562679481 ], [ -60.611787980327179, 7.303018473299691 ], [ -60.612267687499354, 7.303021027469428 ], [ -60.612529913472372, 7.303076603628438 ], [ -60.613172567791445, 7.303080000102097 ], [ -60.613499684213316, 7.30282861305118 ], [ -60.613710260713106, 7.302377826583195 ], [ -60.613505250426073, 7.301780259523843 ], [ -60.613292552208677, 7.300929609345176 ], [ -60.612817631745997, 7.300023271753173 ], [ -60.612345870479146, 7.298520452543859 ], [ -60.612082495907579, 7.296964486367306 ], [ -60.612188382310102, 7.295772061587525 ], [ -60.612029503362415, 7.29502101178933 ], [ -60.611283272760929, 7.294059119297482 ], [ -60.610699476505815, 7.29320642360919 ], [ -60.610495564617146, 7.292400894892137 ], [ -60.610600167367608, 7.291452533292852 ], [ -60.611093134786557, 7.290650695893054 ], [ -60.611894982378729, 7.289651718908186 ], [ -60.612596387238021, 7.288805891232937 ], [ -60.613722743181938, 7.288061631971633 ], [ -60.614585214479717, 7.287569062151244 ], [ -60.615012500226769, 7.287218902828337 ], [ -60.615288018856376, 7.286470158689346 ], [ -60.615074467621099, 7.285764074840797 ], [ -60.614708148236225, 7.284858320898127 ], [ -60.614493841324254, 7.284305852753202 ], [ -60.614170907474978, 7.283752835022787 ], [ -60.613693835967865, 7.283253219039745 ], [ -60.613433736938255, 7.282799962885233 ], [ -60.613645051157981, 7.282204565890686 ], [ -60.614617557121932, 7.281450538579757 ], [ -60.616385908451825, 7.280809010578007 ], [ -60.618261866764406, 7.280376096660026 ], [ -60.61986563439558, 7.280050102978558 ], [ -60.620726573248675, 7.279837654813696 ], [ -60.621261194445154, 7.279732028560924 ], [ -60.622006240953034, 7.279193624083578 ], [ -60.622980264682326, 7.278141281758832 ], [ -60.62373594776416, 7.277295728227748 ], [ -60.624973176334166, 7.276100073796706 ], [ -60.625401518415735, 7.275550990134601 ], [ -60.626072991799589, 7.275229194352026 ], [ -60.626525681374218, 7.275204454501007 ], [ -60.626950794992091, 7.275260898862657 ], [ -60.627386268622423, 7.275055235164843 ], [ -60.62770862292998, 7.274008501276066 ], [ -60.628414699545317, 7.272258818831159 ], [ -60.629327965797621, 7.270709019873306 ], [ -60.629921556063167, 7.269708890957749 ], [ -60.630677994156905, 7.268718642906261 ], [ -60.631216414854613, 7.267862864603106 ], [ -60.631970576712291, 7.267315484965265 ], [ -60.632723048139681, 7.267075335677398 ], [ -60.633258684814479, 7.266770892131323 ], [ -60.63368693574332, 7.266221799040856 ], [ -60.633857178576903, 7.264821738197373 ], [ -60.633383249481945, 7.263716605770901 ], [ -60.633009421387705, 7.26251258587566 ], [ -60.632485108524712, 7.260656982400219 ], [ -60.632263858965445, 7.259688732630472 ], [ -60.631960263701174, 7.25890087220044 ], [ -60.631799687710448, 7.258448118875897 ], [ -60.63163911200752, 7.257995365444349 ], [ -60.631703373300695, 7.256097652490179 ], [ -60.63192343257905, 7.255547479488814 ], [ -60.632777673256619, 7.25490117303683 ], [ -60.633695459650063, 7.254201007480204 ], [ -60.63412263120734, 7.253850716606776 ], [ -60.634288208084882, 7.25334544003321 ], [ -60.633967541479031, 7.252349557571717 ], [ -60.633862101276733, 7.251743478549479 ], [ -60.633819980956225, 7.251146747088145 ], [ -60.633868619279326, 7.250496267160598 ], [ -60.634514349926526, 7.249894064917228 ], [ -60.635050950914966, 7.249399746646636 ], [ -60.635062179567896, 7.248975012206644 ], [ -60.63383670696961, 7.247938285052701 ], [ -60.63298101196456, 7.247138417426253 ], [ -60.632613655773184, 7.246431546300818 ], [ -60.632828113851701, 7.24523060047029 ], [ -60.633051056937397, 7.244129123307522 ], [ -60.633109045915681, 7.243424383681548 ], [ -60.633003523302001, 7.242827310470824 ], [ -60.632149781439544, 7.241666010201004 ], [ -60.629333486036273, 7.238497054952914 ], [ -60.628487200988552, 7.237642993790473 ], [ -60.627901041991223, 7.237242334351381 ], [ -60.627361181181904, 7.236633991764102 ], [ -60.626830878927308, 7.235926201363476 ], [ -60.626303425414143, 7.234676226031408 ], [ -60.626102615492165, 7.233274235470146 ], [ -60.625781490584664, 7.23236871875851 ], [ -60.625524548923977, 7.231318933406815 ], [ -60.625684635008504, 7.23011772978372 ], [ -60.626006732304106, 7.229107126859543 ], [ -60.625793103895901, 7.228410118097596 ], [ -60.625373863038632, 7.227251063657294 ], [ -60.625105149721016, 7.226698334843515 ], [ -60.624574386332768, 7.226099082416432 ], [ -60.62420598511401, 7.225591007192151 ], [ -60.624264652449597, 7.224741690901669 ], [ -60.624268793227323, 7.223946390698039 ], [ -60.623948043858661, 7.222986675351376 ], [ -60.623310218938869, 7.222079525243458 ], [ -60.623050057295309, 7.221635274005038 ], [ -60.622943844977023, 7.221182806161122 ], [ -60.622900530291666, 7.219076712319929 ], [ -60.622426630446896, 7.217971592673002 ], [ -60.62226794065694, 7.217166406454004 ], [ -60.622164801132655, 7.216117442506545 ], [ -60.621852825617204, 7.215211969051644 ], [ -60.621529890252276, 7.214658982247858 ], [ -60.620845501230207, 7.214004698067792 ], [ -60.619292660351135, 7.213291573097783 ], [ -60.618389221106142, 7.212988651557659 ], [ -60.617958961560646, 7.212191043981161 ], [ -60.617432640835055, 7.210733236405928 ], [ -60.616742944806695, 7.209373860572994 ], [ -60.615788581275091, 7.208419873967559 ], [ -60.614987078089811, 7.207665560829515 ], [ -60.613550598564679, 7.207206167408273 ], [ -60.611949162735577, 7.207143578844452 ], [ -60.610926736828382, 7.207093085524075 ], [ -60.610132550297507, 7.206682195249138 ], [ -60.609381481494708, 7.206678282459278 ], [ -60.608463245976132, 7.207477798172178 ], [ -60.607816288028069, 7.208324044331264 ], [ -60.606853300778639, 7.209023926571365 ], [ -60.605618107429336, 7.209867096177296 ], [ -60.604711051182818, 7.210260031122195 ], [ -60.603210450540928, 7.209953884627027 ], [ -60.601874499041855, 7.209296152729397 ], [ -60.600594233835068, 7.208385597480537 ], [ -60.599269769295717, 7.207276022886618 ], [ -60.598341899657868, 7.206466836135141 ], [ -60.597659176247987, 7.20551425326791 ], [ -60.596968665298945, 7.204308577916602 ], [ -60.596386264076664, 7.203202802938669 ], [ -60.59596036805118, 7.20159181744557 ], [ -60.595812001136466, 7.200542634566583 ], [ -60.5956006800008, 7.199438911786745 ], [ -60.595443294682923, 7.198389679438689 ], [ -60.595721069874351, 7.197189114315824 ], [ -60.596260052939449, 7.196233898149099 ], [ -60.596427950056714, 7.195285784291432 ], [ -60.596432392317553, 7.194436281132848 ], [ -60.596219115929664, 7.193684945811865 ], [ -60.596331489765149, 7.192980608005687 ], [ -60.596815831002246, 7.192079328293662 ], [ -60.596710152435506, 7.191527465725232 ], [ -60.596659245017939, 7.190876474811095 ], [ -60.596830031462126, 7.189377049329517 ], [ -60.596996595368097, 7.188673004199536 ], [ -60.596891384211993, 7.188021754812739 ], [ -60.596251805416053, 7.187467064688562 ], [ -60.594807428233032, 7.186808684489787 ], [ -60.593264759989104, 7.185905909105026 ], [ -60.592679244189, 7.185396698341013 ], [ -60.592154787708743, 7.183595359675082 ], [ -60.591888093373079, 7.182690217216714 ], [ -60.591041963556933, 7.18183619240951 ], [ -60.590030868884142, 7.18137897044229 ], [ -60.588901064404403, 7.181120024935304 ], [ -60.588331685057931, 7.180981388696825 ], [ -60.587198543704766, 7.17965594917494 ], [ -60.58602635393833, 7.178854409868993 ], [ -60.584560908776162, 7.178756330591394 ], [ -60.582702233290654, 7.179451580687844 ], [ -60.581532437976058, 7.179915294588561 ], [ -60.580726771064157, 7.179965387122689 ], [ -60.58008691041212, 7.179473955039449 ], [ -60.579719343480839, 7.178821229515253 ], [ -60.578970979854013, 7.178311148723563 ], [ -60.577939310142888, 7.178332902207534 ], [ -60.577207265521928, 7.178157255926434 ], [ -60.576348477539199, 7.177999117254114 ], [ -60.575706019147923, 7.177995711538471 ], [ -60.574746803918515, 7.177990644041341 ], [ -60.574161861023711, 7.177382062326525 ], [ -60.573950485523, 7.176278322569725 ], [ -60.573532672748009, 7.174875211596264 ], [ -60.573375637880048, 7.173771806093397 ], [ -60.572846482010355, 7.172874221011813 ], [ -60.571947452452413, 7.171766858559324 ], [ -60.570128160111345, 7.170148530584875 ], [ -60.567257662918486, 7.167123747037466 ], [ -60.566239963157436, 7.166223693257458 ], [ -60.565446897536063, 7.165613955931173 ], [ -60.56480844033743, 7.164860376580412 ], [ -60.564432692393261, 7.164054078955382 ], [ -60.563738840935471, 7.163499119534078 ], [ -60.563370868859913, 7.162945878261003 ], [ -60.563214584055508, 7.161697779260442 ], [ -60.563013178699485, 7.160440497987352 ], [ -60.562582289840769, 7.159787519564007 ], [ -60.561841918567552, 7.159485315822395 ], [ -60.559751750233509, 7.159474218404627 ], [ -60.559110924978803, 7.159172558877841 ], [ -60.558314945330238, 7.159114123526691 ], [ -60.557616673898721, 7.159408703511869 ], [ -60.557028502209157, 7.159405572897353 ], [ -60.556116976952815, 7.158957874692222 ], [ -60.55542512791429, 7.158050400165269 ], [ -60.555238295141464, 7.157443914170623 ], [ -60.555282181127737, 7.155998062411771 ], [ -60.554856967142982, 7.154287710954639 ], [ -60.554772391505644, 7.153184656726259 ], [ -60.554868428331531, 7.152127751016138 ], [ -60.55488977679952, 7.151522375846005 ], [ -60.554767216189418, 7.15074441570049 ], [ -60.553813026391559, 7.149826629644624 ], [ -60.552641558161582, 7.14891661282537 ], [ -60.551949354609654, 7.148063364637549 ], [ -60.550415316667156, 7.145597030794907 ], [ -60.550205033638292, 7.144294424695532 ], [ -60.550085096462894, 7.143037582931016 ], [ -60.550132730603018, 7.142585940180213 ], [ -60.550009364286673, 7.141961709749701 ], [ -60.549676734369761, 7.141553230154004 ], [ -60.549098690654937, 7.141360375704416 ], [ -60.548387099647094, 7.14076014092458 ], [ -60.548353143491411, 7.140344192303471 ], [ -60.547995165222424, 7.139601145950179 ], [ -60.547609642366574, 7.138939394066421 ], [ -60.54686435236647, 7.137878018717802 ], [ -60.546498437314405, 7.136927101848592 ], [ -60.545969931458494, 7.135921085453561 ], [ -60.545486153771094, 7.13501481700746 ], [ -60.544802522371917, 7.134261030623808 ], [ -60.544480537872602, 7.133554399107384 ], [ -60.54423176616887, 7.132703518436879 ], [ -60.544271415082477, 7.132053014025765 ], [ -60.544179052439368, 7.130705974904561 ], [ -60.54321710941651, 7.129543964766848 ], [ -60.542688426347702, 7.128592290477209 ], [ -60.542212828482974, 7.127839577191973 ], [ -60.541898914382585, 7.127331805365864 ], [ -60.541519978185448, 7.127130999307727 ], [ -60.540613610858308, 7.127424367072605 ], [ -60.539698473665482, 7.127672605335314 ], [ -60.538946227592064, 7.12792159764423 ], [ -60.538286437807997, 7.127782549614596 ], [ -60.537736349068133, 7.127445181837254 ], [ -60.537402554629622, 7.127262714363468 ], [ -60.536848226606686, 7.127720664667711 ], [ -60.536606372240215, 7.128957489064839 ], [ -60.536318141378551, 7.130411037884789 ], [ -60.536366273353813, 7.131559052939182 ], [ -60.536895787546406, 7.132366269001976 ], [ -60.53790322862924, 7.133474232368315 ], [ -60.538432496443988, 7.134326598604828 ], [ -60.538427140550596, 7.135329698190917 ], [ -60.538053785325957, 7.135779570327072 ], [ -60.537519422616356, 7.135876142600639 ], [ -60.536878123775011, 7.135673914467723 ], [ -60.536291638789386, 7.135372600030427 ], [ -60.535322239046927, 7.135611408935484 ], [ -60.534785685632492, 7.136114644994994 ], [ -60.534039533645405, 7.136905951111898 ], [ -60.533121114239492, 7.137759617019042 ], [ -60.530814978572948, 7.139247573514389 ], [ -60.529579977866689, 7.140090537237156 ], [ -60.529044020468255, 7.140485223792526 ], [ -60.528345670052168, 7.1407888094737 ], [ -60.527756824569607, 7.140930221966692 ], [ -60.526952110399826, 7.140826535019348 ], [ -60.526156741977125, 7.140677708700455 ], [ -60.525404964280817, 7.140818246928712 ], [ -60.52486959366145, 7.141113654278629 ], [ -60.524543020447659, 7.141265496103802 ], [ -60.524062466786326, 7.141461707294782 ], [ -60.523626460114322, 7.141775720917257 ], [ -60.523531273375475, 7.142642782521751 ], [ -60.523586271082003, 7.144197512412118 ], [ -60.523191482389066, 7.145270876044282 ], [ -60.523022679723205, 7.146372598911921 ], [ -60.522690980071921, 7.147473412282907 ], [ -60.522261227973758, 7.148320552589174 ], [ -60.521609064846892, 7.15012460793187 ], [ -60.521219389874595, 7.15192093370369 ], [ -60.521266325978324, 7.153276835970839 ], [ -60.521531587323189, 7.154426021430162 ], [ -60.521581788227678, 7.155185419975192 ], [ -60.521360728770226, 7.155907270393057 ], [ -60.51986148187482, 7.157074073472707 ], [ -60.519215289211807, 7.157775457328222 ], [ -60.519049413122112, 7.158325861067085 ], [ -60.518784104240517, 7.158875709933213 ], [ -60.518183417919637, 7.159523147406282 ], [ -60.517490897530074, 7.160423196488608 ], [ -60.517325106557216, 7.160964554625896 ], [ -60.517322344779608, 7.161470641764363 ], [ -60.518385406964541, 7.16232593243016 ], [ -60.518970049264617, 7.162979770195615 ], [ -60.519391198175256, 7.163732082349687 ], [ -60.519382523161312, 7.165340795983483 ], [ -60.519273241236846, 7.167138642165208 ], [ -60.519156824947522, 7.168593053692803 ], [ -60.518828709294965, 7.16904319841926 ], [ -60.51808404473298, 7.169536130683239 ], [ -60.516950017850696, 7.170081380519483 ], [ -60.516261538277213, 7.170231267167993 ], [ -60.515567552053959, 7.169721432446953 ], [ -60.514765775807412, 7.169066414340501 ], [ -60.514072895310072, 7.168366740386332 ], [ -60.513595255702633, 7.168011738399062 ], [ -60.513063012414023, 7.167710591726041 ], [ -60.512203704508188, 7.167651729694698 ], [ -60.511078769994235, 7.1681969438016 ], [ -60.510706446671023, 7.168447909001246 ], [ -60.510117816384223, 7.168544222422852 ], [ -60.509103566834845, 7.168692347508547 ], [ -60.508558847269668, 7.169032836549453 ], [ -60.508608776608853, 7.169837385424378 ], [ -60.509295373739029, 7.171693813853228 ], [ -60.509291307442759, 7.17244386075601 ], [ -60.508916514242721, 7.173146713146558 ], [ -60.508749236160973, 7.173950191276715 ], [ -60.508850568739753, 7.175297273692856 ], [ -60.509058703277816, 7.176952313753173 ], [ -60.508572097951571, 7.178251019531361 ], [ -60.507923714081159, 7.179341030953566 ], [ -60.507115395910837, 7.17988789883096 ], [ -60.505991204820994, 7.180288525325652 ], [ -60.504810291561235, 7.18113164995213 ], [ -60.503792805550553, 7.181876189787952 ], [ -60.502393920831608, 7.182871708818028 ], [ -60.501377779065521, 7.183363237893932 ], [ -60.499929441473817, 7.183463788174012 ], [ -60.494605913925966, 7.18897467190158 ], [ -60.490194977275813, 7.189745798057785 ], [ -60.484903161214177, 7.189454777956524 ], [ -60.483580433643489, 7.18975473194703 ], [ -60.479749547686062, 7.190366267585877 ], [ -60.47736362649492, 7.1914737519576 ], [ -60.475655626717, 7.192720566639635 ], [ -60.473073780032074, 7.194902360751237 ], [ -60.470619279387435, 7.196958339471967 ], [ -60.467274192581904, 7.199696172530905 ], [ -60.465316972349861, 7.2018180841648 ], [ -60.463924566705231, 7.204873952665684 ], [ -60.462029553793791, 7.207185933671037 ], [ -60.461071469288214, 7.210253236815173 ], [ -60.458984288580815, 7.212934708656265 ], [ -60.457532047192871, 7.213739988380736 ], [ -60.454766609509349, 7.214727716175451 ], [ -60.451880474048558, 7.214648385635666 ], [ -60.447562232717175, 7.213377118454688 ], [ -60.445623102189479, 7.212236672011527 ], [ -60.442683880566641, 7.210340605349947 ], [ -60.439807643256387, 7.20850805150689 ], [ -60.436969692979709, 7.206296201090521 ], [ -60.433233105353331, 7.201386338730533 ], [ -60.430610438530444, 7.197928532782631 ], [ -60.428373640422116, 7.195033268243215 ], [ -60.426634912996995, 7.192077435859598 ], [ -60.425708865289579, 7.189433496749144 ], [ -60.422530206602431, 7.185096058637267 ], [ -60.420913992729211, 7.18289104892355 ], [ -60.418351322576093, 7.180057089746803 ], [ -60.416662920411234, 7.179424073397922 ], [ -60.412151715488484, 7.178766132768766 ], [ -60.409204662860347, 7.178315711641449 ], [ -60.402403709317277, 7.177789306049696 ], [ -60.396812194076482, 7.179384235424553 ], [ -60.390336247056901, 7.182166975444899 ], [ -60.384980657798828, 7.185208940009217 ], [ -60.378305957181205, 7.189499318321832 ], [ -60.375225899491639, 7.191731747757972 ], [ -60.372463535407356, 7.192221961135343 ], [ -60.366085762352114, 7.192049847640547 ], [ -60.361515397577001, 7.190704215003363 ], [ -60.35670327113894, 7.187351136600007 ], [ -60.352893280292797, 7.184383289309577 ], [ -60.351402287494736, 7.182495165452987 ], [ -60.347860593042149, 7.176962508471949 ], [ -60.34586771875361, 7.174258225400686 ], [ -60.346127817078077, 7.173094049485226 ], [ -60.346771628444799, 7.171281501991604 ], [ -60.346089883149219, 7.168702240671553 ], [ -60.345043404637998, 7.166626880867025 ], [ -60.345561187047316, 7.163123743313416 ], [ -60.344443098102502, 7.160921503238839 ], [ -60.342138681321153, 7.158902138154766 ], [ -60.340010224392103, 7.157760332732553 ], [ -60.338065550601669, 7.157694877880147 ], [ -60.335424270143093, 7.159179618211938 ], [ -60.332990375947738, 7.159228788387957 ], [ -60.330856853716966, 7.158963365600916 ], [ -60.328739616864041, 7.157451158089344 ], [ -60.325670019175959, 7.15636707381613 ], [ -60.323350897250904, 7.155350585790753 ], [ -60.320669620339736, 7.152831958780138 ], [ -60.319424988745304, 7.150628974817056 ], [ -60.318079238851617, 7.148696413896577 ], [ -60.316270069116946, 7.147122674398553 ], [ -60.313387964765042, 7.146482421717449 ], [ -60.310940162316662, 7.145835637333738 ], [ -60.30882604712243, 7.143817291366899 ], [ -60.307770298701548, 7.14180510368242 ], [ -60.305897832078443, 7.140230944024147 ], [ -60.303147620847191, 7.138714894629811 ], [ -60.298948584786089, 7.137434413962776 ], [ -60.296199136305709, 7.13579184040425 ], [ -60.293406113226965, 7.135404988076258 ], [ -60.29121278329913, 7.134578952168923 ], [ -60.289346736721079, 7.131938575660289 ], [ -60.287544042562018, 7.129289527419187 ], [ -60.286805040774361, 7.127288211517395 ], [ -60.287454034341415, 7.124590318306947 ], [ -60.288903737088155, 7.122656089771817 ], [ -60.288413146249781, 7.121469524207686 ], [ -60.286659666642109, 7.119697186697774 ], [ -60.285981403310508, 7.118130087368682 ], [ -60.28643304531127, 7.116696011164874 ], [ -60.288450727672583, 7.115072356142518 ], [ -60.290456009129016, 7.114017861348826 ], [ -60.291287971513938, 7.112522719433147 ], [ -60.291167189143934, 7.111519038467142 ], [ -60.290109700292334, 7.109823161839549 ], [ -60.289303886071764, 7.108408809328387 ], [ -60.288370137454827, 7.107210628821317 ], [ -60.288629348182766, 7.106209167960087 ], [ -60.289770574929094, 7.104399555193385 ], [ -60.290035281282726, 7.102458454641886 ], [ -60.290105588338456, 7.101266077732171 ], [ -60.289113275515952, 7.099254361365768 ], [ -60.288247285305566, 7.09730657699826 ], [ -60.287499197208831, 7.095305265815691 ], [ -60.287508422000073, 7.09373304543232 ], [ -60.287897418399545, 7.092172127335119 ], [ -60.288781401924972, 7.091047797819633 ], [ -60.289852670207665, 7.090367352623513 ], [ -60.290861100890069, 7.089614160895659 ], [ -60.292124207123692, 7.088618530177339 ], [ -60.293074723108631, 7.086934354970488 ], [ -60.293224048838347, 7.083049803823807 ], [ -60.293486623509139, 7.079897817039943 ], [ -60.293764669991148, 7.075634449650083 ], [ -60.293408520492335, 7.071557176455918 ], [ -60.293479486757704, 7.070247423174202 ], [ -60.294619251752351, 7.068681789146195 ], [ -60.297007379657011, 7.067069176880576 ], [ -60.298022636961498, 7.065132280319281 ], [ -60.299166640688888, 7.062816680081647 ], [ -60.300188394924341, 7.059750361024083 ], [ -60.301396010891288, 7.057380824687127 ], [ -60.302973726187084, 7.055130955911772 ], [ -60.305122649417974, 7.052640353067273 ], [ -60.307576637854261, 7.050585249048934 ], [ -60.310098874540579, 7.04921731323174 ], [ -60.312419692459869, 7.048290880879984 ], [ -60.315241831246681, 7.048243876203869 ], [ -60.317365788193285, 7.050081311602492 ], [ -60.318304280528864, 7.050457209684708 ], [ -60.32144269163588, 7.050475197915151 ], [ -60.324413000804803, 7.049841648063362 ], [ -60.326362565460464, 7.04897625511341 ], [ -60.328893712257944, 7.04604488412041 ], [ -60.332034226316658, 7.044120096206227 ], [ -60.335301057316684, 7.043822384915729 ], [ -60.336310669889741, 7.042825126860755 ], [ -60.336446939600854, 7.041136122899998 ], [ -60.335759765724596, 7.039505688917155 ], [ -60.335775146186919, 7.036812996890388 ], [ -60.338371740538584, 7.033502447225635 ], [ -60.338512630379611, 7.032581505043208 ], [ -60.338760892374253, 7.031868994341606 ], [ -60.339189544518682, 7.031247939137448 ], [ -60.339779975213204, 7.030790445472378 ], [ -60.340513760968783, 7.030586825598758 ], [ -60.341264740874919, 7.030536862412048 ], [ -60.342016005739993, 7.030432699080158 ], [ -60.343483071439181, 7.030097628896166 ], [ -60.34363204131342, 7.029357500608293 ], [ -60.343871240679356, 7.028644933138637 ], [ -60.344146562648461, 7.027941699662983 ], [ -60.344448917753589, 7.027247634617884 ], [ -60.344760384347126, 7.026562595958525 ], [ -60.345649463196601, 7.024471209320523 ], [ -60.345933817981148, 7.023777036953555 ], [ -60.34623624234365, 7.023082971308669 ], [ -60.346556646888089, 7.02239794608308 ], [ -60.347242611652007, 7.021046439661188 ], [ -60.347572086600252, 7.02037058788896 ], [ -60.347856416531457, 7.019667330297728 ], [ -60.348086604418846, 7.01894573440257 ], [ -60.348298721987845, 7.018223994327739 ], [ -60.348546924988298, 7.017511550384691 ], [ -60.348840288396531, 7.016817428607768 ], [ -60.349160685440971, 7.016132400879567 ], [ -60.349499134014621, 7.015456599844248 ], [ -60.350221151739156, 7.014123355642901 ], [ -60.350604668649062, 7.013474846687362 ], [ -60.3510152538773, 7.012835580372642 ], [ -60.351434858391428, 7.012214459298539 ], [ -60.351881457974272, 7.01160250558898 ], [ -60.352346072714248, 7.010999703648767 ], [ -60.352819670111955, 7.010415009255804 ], [ -60.353311357877146, 7.009839393469742 ], [ -60.353838895404699, 7.009300171427884 ], [ -60.354921168591844, 7.008239979369934 ], [ -60.355448776933251, 7.007700756528902 ], [ -60.35646791570796, 7.006585985905218 ], [ -60.357787779061184, 7.005084315935601 ], [ -60.358225401940018, 7.004463257267486 ], [ -60.359939684170939, 7.00196986922595 ], [ -60.360540718876585, 7.00124122272009 ], [ -60.361340578449123, 7.000540922963666 ], [ -60.361813835578523, 7.000010417813769 ], [ -60.362375335782033, 6.996651939949103 ], [ -60.363752874262744, 6.992909520266264 ], [ -60.36430796512925, 6.990689700218489 ], [ -60.364381925332722, 6.988783351612258 ], [ -60.3640640579966, 6.985790599077303 ], [ -60.364410769460811, 6.983632794606075 ], [ -60.363546343984027, 6.981341690972657 ], [ -60.362748488940269, 6.978472709021853 ], [ -60.362765936253382, 6.975355210221429 ], [ -60.363520962875207, 6.972946672733329 ], [ -60.364831884681948, 6.96977313846375 ], [ -60.365318070305086, 6.966920356249563 ], [ -60.366964626230434, 6.963558937745857 ], [ -60.367404892404437, 6.960814244813277 ], [ -60.368083436402308, 6.957519709200868 ], [ -60.368710705112292, 6.955300219917715 ], [ -60.369321182239041, 6.954481264418258 ], [ -60.369246936098342, 6.953197716548563 ], [ -60.369950245968226, 6.951936537758717 ], [ -60.369884344623806, 6.950779421900257 ], [ -60.369013520200546, 6.949635995561217 ], [ -60.36943530608923, 6.946963515989252 ], [ -60.370185637072026, 6.945377255422853 ], [ -60.370942838134738, 6.944179637923146 ], [ -60.371086577072198, 6.942716487879581 ], [ -60.372043126070977, 6.941447673005942 ], [ -60.37265605526364, 6.940176873828506 ], [ -60.372807110613003, 6.939039123200861 ], [ -60.373219693190627, 6.938020246345241 ], [ -60.373560636763841, 6.936874527363083 ], [ -60.373232330098041, 6.935734106783889 ], [ -60.37310132828479, 6.934902000116467 ], [ -60.373105870203347, 6.934079735382602 ], [ -60.373850162111488, 6.933577794981379 ], [ -60.374526585195845, 6.933897746135361 ], [ -60.375610654528494, 6.934093558174363 ], [ -60.376767737846514, 6.934163227086458 ], [ -60.377237932465967, 6.934165800937049 ], [ -60.378052110060032, 6.934107070955039 ], [ -60.378807583570641, 6.933216583871878 ], [ -60.380187955585988, 6.932157886396038 ], [ -60.382217810570467, 6.934663200894104 ], [ -60.385588848348746, 6.938305467416961 ], [ -60.390993276201513, 6.943820418717817 ], [ -60.394321704880632, 6.947010557416712 ], [ -60.396637050407513, 6.948604724329932 ], [ -60.39844009738875, 6.949635753577168 ], [ -60.400309188151979, 6.950152098760328 ], [ -60.402568727749788, 6.950390359955627 ], [ -60.404549774313068, 6.950292775006917 ], [ -60.406705090766373, 6.949735260251979 ], [ -60.40795771408348, 6.948892628050556 ], [ -60.409601972328268, 6.947546139416485 ], [ -60.411027911621396, 6.946424341016038 ], [ -60.41216232048874, 6.945689451658795 ], [ -60.416808754156314, 6.944359301697351 ], [ -60.423102016170624, 6.94286627260886 ], [ -60.428434548169868, 6.941765609339632 ], [ -60.435349303591309, 6.940727641148683 ], [ -60.435541120786574, 6.940695948950308 ], [ -60.441015564337242, 6.939791221832687 ], [ -60.444131258056558, 6.938904288380264 ], [ -60.447539671761653, 6.937395362495403 ], [ -60.452138273902676, 6.934871552142797 ], [ -60.45503579762395, 6.932501362990811 ], [ -60.457826891741753, 6.929741907069796 ], [ -60.459367038683773, 6.927545007629627 ], [ -60.461084906703483, 6.92421948340328 ], [ -60.462508053247646, 6.92190456698373 ], [ -60.463320545797892, 6.920973000151105 ], [ -60.464673535739458, 6.919421815388125 ], [ -60.466608090064618, 6.917850603248366 ], [ -60.468368443487996, 6.916730320200075 ], [ -60.471380643765976, 6.91487556264233 ], [ -60.474110670566681, 6.913362746229757 ], [ -60.476608839069229, 6.911225131585676 ], [ -60.479121463768635, 6.908066317554487 ], [ -60.482376041667109, 6.903104013654148 ], [ -60.485913268115695, 6.897691243440078 ], [ -60.489329633235585, 6.892901268718759 ], [ -60.492467438443292, 6.88946548401321 ], [ -60.495817788895806, 6.886880274202031 ], [ -60.498430036582107, 6.885366620228526 ], [ -60.501441598147991, 6.883565836844482 ], [ -60.504613007775845, 6.882335165441898 ], [ -60.507680777005945, 6.881899274358435 ], [ -60.511751072825881, 6.881694540809956 ], [ -60.515548311825633, 6.881831735585921 ], [ -60.520302995002325, 6.882190800693096 ], [ -60.526584933811073, 6.882738441746 ], [ -60.528628317193785, 6.882812261675517 ], [ -60.531172231073398, 6.882256045651257 ], [ -60.533502647501209, 6.881020772066745 ], [ -60.535265332742043, 6.879385011715778 ], [ -60.53766074838164, 6.876062451523191 ], [ -60.53857699313108, 6.873744527711548 ], [ -60.539792359540201, 6.869512059717182 ], [ -60.542522931691522, 6.864284174434085 ], [ -60.544741468898394, 6.861918583339998 ], [ -60.547129975221381, 6.859897263863183 ], [ -60.551219951863338, 6.857595457647626 ], [ -60.554390889388841, 6.856418671361926 ], [ -60.55836419802808, 6.855706747064029 ], [ -60.563574872194614, 6.855281287169308 ], [ -60.572005335356195, 6.854754587759647 ], [ -60.577442939183037, 6.854158429383299 ], [ -60.580845763489485, 6.853615192069507 ], [ -60.584647319432079, 6.852893225127164 ], [ -60.586801163070668, 6.852560564746079 ], [ -60.589341262934077, 6.852745032781808 ], [ -60.591039560101493, 6.85309700004344 ], [ -60.593018443666267, 6.853387166446471 ], [ -60.595170858279353, 6.853343602780399 ], [ -60.597497409916173, 6.85284007310358 ], [ -60.599427726895094, 6.852000195695702 ], [ -60.601695930810642, 6.850484061087219 ], [ -60.604205198403733, 6.847785117518938 ], [ -60.605622347295032, 6.846490649776359 ], [ -60.608526139080624, 6.844462451423568 ], [ -60.612492598187025, 6.84329817068304 ], [ -60.616737725590795, 6.842469659640541 ], [ -60.621099316231572, 6.841867521745874 ], [ -60.624276906380906, 6.841142117208071 ], [ -60.630797563610997, 6.83914058664164 ], [ -60.6358381863622, 6.838370055662772 ], [ -60.640260837409009, 6.838219938574606 ], [ -60.645527176070395, 6.837513618849094 ], [ -60.651421084725207, 6.836069108635307 ], [ -60.65419942806259, 6.835630715036942 ], [ -60.656861790558352, 6.834848308754383 ], [ -60.661682680882727, 6.832783840065801 ], [ -60.665548758845702, 6.829910200296089 ], [ -60.668617748976693, 6.82733094263374 ], [ -60.669276988438817, 6.826523064637142 ], [ -60.671519549152642, 6.823774805003181 ], [ -60.678419252477987, 6.814362656278681 ], [ -60.683487085606792, 6.807870063800468 ], [ -60.685483914555057, 6.8044268930571 ], [ -60.687376716385131, 6.800025093392066 ], [ -60.68824643855941, 6.795889512718082 ], [ -60.689396997392578, 6.791646814002125 ], [ -60.6908864134368, 6.788372786602737 ], [ -60.692546105032683, 6.785434095265195 ], [ -60.694873689532741, 6.782733543239267 ], [ -60.700856525676038, 6.775738706773339 ], [ -60.703754887509788, 6.772796778137805 ], [ -60.705408946133403, 6.770996785096926 ], [ -60.706377560986468, 6.768850122345685 ], [ -60.707078329310576, 6.765970099240004 ], [ -60.708443908896911, 6.763987962770358 ], [ -60.713898425286501, 6.759656889558774 ], [ -60.716337771245968, 6.758140747922568 ], [ -60.718385624167482, 6.757192207667645 ], [ -60.720594235862123, 6.756687311665214 ], [ -60.721779432293765, 6.756530190203638 ], [ -60.723877071467406, 6.75653996353202 ], [ -60.725855597963665, 6.756883596063959 ], [ -60.728626906482688, 6.757863705306026 ], [ -60.733600168744452, 6.759748936265592 ], [ -60.737274914158881, 6.760895866389753 ], [ -60.743380070128843, 6.762451799886363 ], [ -60.751354576628401, 6.764531517240045 ], [ -60.757800846872442, 6.766658303840348 ], [ -60.765134320883902, 6.770533663772895 ], [ -60.769595894436755, 6.773672670853423 ], [ -60.774111028916316, 6.776974554600304 ], [ -60.778287228528647, 6.779262509421137 ], [ -60.782249064914645, 6.780971019772531 ], [ -60.784506263541971, 6.781731512523938 ], [ -60.788179602019291, 6.783275906526033 ], [ -60.792074927075248, 6.785725265697352 ], [ -60.800709445376917, 6.791992509452048 ], [ -60.803981183840705, 6.794384727101813 ], [ -60.807534769729983, 6.796443743429959 ], [ -60.807602790459114, 6.79647215288335 ], [ -60.809854452576218, 6.797412421270466 ], [ -60.812736045519117, 6.798103364285466 ], [ -60.816026941940578, 6.798289944066583 ], [ -60.817329076653969, 6.798295792406332 ], [ -60.819593665861234, 6.797456338564642 ], [ -60.822151458624653, 6.795768338775444 ], [ -60.825336699615583, 6.793296851704989 ], [ -60.828513848322437, 6.790590104211404 ], [ -60.830504666075711, 6.788275870551595 ], [ -60.832383589431707, 6.786702333931886 ], [ -60.835500631960016, 6.785296993025771 ], [ -60.839080862894619, 6.783450856501861 ], [ -60.84134511953566, 6.782665394031716 ], [ -60.84309997687528, 6.782555672633322 ], [ -60.845821533758709, 6.782631019673895 ], [ -60.848025475824109, 6.783201256564249 ], [ -60.85040356148604, 6.783938016524371 ], [ -60.851755161938065, 6.784356744300685 ], [ -60.855318151479736, 6.786406429111837 ], [ -60.859835676373798, 6.789373366311132 ], [ -60.873560401346587, 6.796222603564915 ], [ -60.875824792576601, 6.797479998661909 ], [ -60.878809108457467, 6.799536064403612 ], [ -60.883716971498586, 6.804312497277313 ], [ -60.890649856066581, 6.811357683155189 ], [ -60.893813983814383, 6.813703819019207 ], [ -60.897594704998248, 6.815699939946578 ], [ -60.901494240268562, 6.817416475046274 ], [ -60.904384020132007, 6.818396223063671 ], [ -60.906588106011419, 6.819020553747354 ], [ -60.909870757152589, 6.81909804198109 ], [ -60.9121582318839, 6.818570844991721 ], [ -60.636700036465136, 8.112979996028178 ] ] ], [ [ [ -60.052485556464667, 8.028772702655742 ], [ -60.054482219463189, 8.028088917441025 ], [ -60.056844408414157, 8.027292712335541 ], [ -60.059148074584037, 8.027065313942554 ], [ -60.061680666970666, 8.027760909342584 ], [ -60.063472276540622, 8.02816218845096 ], [ -60.065626488914965, 8.030674548332149 ], [ -60.052485556464667, 8.028772702655742 ] ] ] ] } },
{ "type": "Feature", "properties": { "capa": "P6" }, "geometry": { "type": "Polygon", "coordinates": [ [ [ -61.181048303831972, 6.477039924053344 ], [ -61.180971465630769, 6.476337938977556 ], [ -61.180902354719699, 6.475451696359781 ], [ -61.180569475179574, 6.475007443388895 ], [ -61.179819731400222, 6.474869162122195 ], [ -61.178580497889243, 6.47510879781154 ], [ -61.177307164088262, 6.474769652791797 ], [ -61.17666724826406, 6.474252004276259 ], [ -61.176129881833084, 6.472857746998353 ], [ -61.175858215877142, 6.470478804724117 ], [ -61.175573857727777, 6.469121597515808 ], [ -61.175007405880216, 6.468278668868592 ], [ -61.173646045632765, 6.46727923584689 ], [ -61.172065620682012, 6.466893784057707 ], [ -61.170739380945029, 6.466201884613527 ], [ -61.168286832883496, 6.464511399390392 ], [ -61.166728176041602, 6.463104308751498 ], [ -61.164800767148094, 6.461189692956533 ], [ -61.163501805981959, 6.460452586184386 ], [ -61.162029660757391, 6.460130895412606 ], [ -61.160565023889291, 6.460216020550171 ], [ -61.158673762525865, 6.460814934260172 ], [ -61.157377313149119, 6.461895208211577 ], [ -61.15694977501812, 6.462653209180862 ], [ -61.156802137737074, 6.463475376695784 ], [ -61.156867786114574, 6.465338204675072 ], [ -61.156765289081306, 6.466178623560837 ], [ -61.156410263089185, 6.466864567391481 ], [ -61.156199390281493, 6.467686497742874 ], [ -61.15526683496892, 6.468108110757464 ], [ -61.154797636324922, 6.46789849131538 ], [ -61.154346259295217, 6.467724984788666 ], [ -61.153803955593673, 6.467723038072059 ], [ -61.153424173172347, 6.46776684284856 ], [ -61.152908407144892, 6.467918760761576 ], [ -61.152221437415903, 6.467916257619571 ], [ -61.151561956178909, 6.467823373043434 ], [ -61.151111093730492, 6.467514393567866 ], [ -61.150850633945403, 6.46707039923903 ], [ -61.150879639685144, 6.466537051135527 ], [ -61.150927125686401, 6.465913394859042 ], [ -61.150947443033864, 6.465289620001242 ], [ -61.150742528128049, 6.464466069038661 ], [ -61.150438840707487, 6.463470393745713 ], [ -61.150018656339931, 6.462185025151002 ], [ -61.150067534896209, 6.461181614564526 ], [ -61.150803659018571, 6.460072191427407 ], [ -61.152500008145232, 6.458387642042015 ], [ -61.153470513159448, 6.45745986373876 ], [ -61.154375361168697, 6.457200893630318 ], [ -61.155225469927537, 6.457068369650745 ], [ -61.155986288914633, 6.456628066883489 ], [ -61.156123695717092, 6.45612225382233 ], [ -61.155991087751836, 6.455299055583256 ], [ -61.155353244402598, 6.454211766062629 ], [ -61.154056136947709, 6.452986437951805 ], [ -61.153253242339098, 6.45255855187522 ], [ -61.152494373161709, 6.452465422163431 ], [ -61.151382513050208, 6.452488506884864 ], [ -61.149963350741032, 6.452519521493869 ], [ -61.148543669050468, 6.452695271228131 ], [ -61.147811739437664, 6.452629353040932 ], [ -61.14724335890336, 6.452337914017595 ], [ -61.146848132576849, 6.451649338207134 ], [ -61.146707093061508, 6.450672350320843 ], [ -61.147137543325073, 6.449118812324671 ], [ -61.147681140007052, 6.448768113480098 ], [ -61.148396331157301, 6.448454346421653 ], [ -61.149145948908114, 6.448610729505971 ], [ -61.14997556742037, 6.449147183309284 ], [ -61.151066551875793, 6.44988345767083 ], [ -61.151725091589761, 6.450247507001309 ], [ -61.152294269428552, 6.450312860126372 ], [ -61.152765157837102, 6.450052413831771 ], [ -61.152929259256496, 6.449673218185149 ], [ -61.152858973594306, 6.449112410886427 ], [ -61.152698764450754, 6.448424712522516 ], [ -61.152232175755771, 6.447473672514764 ], [ -61.151928020379181, 6.446604532930019 ], [ -61.151977131482013, 6.445537835619731 ], [ -61.152660871755508, 6.443912874502064 ], [ -61.153706404285721, 6.442207844120483 ], [ -61.153947462675212, 6.440527014144387 ], [ -61.153671868856826, 6.43926018328265 ], [ -61.152892722772499, 6.437277356994623 ], [ -61.151884433791764, 6.436161536319006 ], [ -61.151055670100789, 6.43539006965469 ], [ -61.15041750401943, 6.43440224451639 ], [ -61.149689376221509, 6.43331466619497 ], [ -61.14903117698082, 6.432869235694778 ], [ -61.148390188251909, 6.432668019266102 ], [ -61.147685498524382, 6.432575080309132 ], [ -61.146881284062232, 6.432526976026163 ], [ -61.145858985887983, 6.432794467432904 ], [ -61.144863891971042, 6.433053103696719 ], [ -61.144102944653163, 6.433520416615238 ], [ -61.143515419439282, 6.433536354103166 ], [ -61.143091323307935, 6.433335965843283 ], [ -61.142596111610366, 6.432827840236931 ], [ -61.142498550029217, 6.432312106701166 ], [ -61.142762380097025, 6.431824829856601 ], [ -61.143360503819906, 6.431383947178466 ], [ -61.144166867808273, 6.430853434956385 ], [ -61.145135976843733, 6.430305427120501 ], [ -61.146629542138719, 6.429668942210323 ], [ -61.147753745223909, 6.428714593896384 ], [ -61.148161665068166, 6.428381581515949 ], [ -61.148308475891199, 6.427767329102339 ], [ -61.148239235532344, 6.426917153767009 ], [ -61.148053344915049, 6.425831525169301 ], [ -61.148267599293604, 6.424078284387355 ], [ -61.147845743448926, 6.423253971791752 ], [ -61.147305640197459, 6.422655302754807 ], [ -61.146720999911466, 6.421875549354279 ], [ -61.146298668041297, 6.42118692852211 ], [ -61.145922549996371, 6.420227155990919 ], [ -61.145853193024585, 6.419413239287535 ], [ -61.145696836285509, 6.41765856871821 ], [ -61.146024797570831, 6.416927429658926 ], [ -61.146668835351576, 6.416278825600923 ], [ -61.147683054820078, 6.415730971979101 ], [ -61.14854337020293, 6.415272947363806 ], [ -61.14943850982511, 6.415158647672894 ], [ -61.150215327791045, 6.415278962528726 ], [ -61.15059276342825, 6.41587703242896 ], [ -61.151204368279267, 6.416720149554548 ], [ -61.152193143214035, 6.418215462550711 ], [ -61.152994272939374, 6.419122502667145 ], [ -61.153705805642829, 6.41981218850719 ], [ -61.154320407049688, 6.419796319565259 ], [ -61.154909139856656, 6.419463976127347 ], [ -61.155697391177306, 6.418915273674568 ], [ -61.156198348269001, 6.417850201986876 ], [ -61.15570346283841, 6.417224561430961 ], [ -61.154612621074222, 6.41647016733635 ], [ -61.153766201601705, 6.41557197881775 ], [ -61.15337106876008, 6.414883445641248 ], [ -61.153464167537912, 6.414115281549138 ], [ -61.153918161273126, 6.413538287810736 ], [ -61.154651708711967, 6.41311596097565 ], [ -61.15579259524408, 6.41254142832173 ], [ -61.156717041513282, 6.411812314210656 ], [ -61.157072344473384, 6.411036092690938 ], [ -61.156886800068889, 6.409841949408576 ], [ -61.156305174728637, 6.408221392325739 ], [ -61.156244135499257, 6.405083789868106 ], [ -61.155905065917864, 6.401330385336786 ], [ -61.155863815672859, 6.400245238963223 ], [ -61.156202657079362, 6.398998795798817 ], [ -61.156708717407462, 6.396478025346148 ], [ -61.156477165080481, 6.395536869176326 ], [ -61.156101329498853, 6.394477668970271 ], [ -61.156004237907844, 6.393826355884891 ], [ -61.156313248543661, 6.393339193990551 ], [ -61.15679307686878, 6.393123978367377 ], [ -61.157643674561726, 6.392819572134186 ], [ -61.158638441091441, 6.392642327040722 ], [ -61.159270736534573, 6.392734974110454 ], [ -61.159604255991155, 6.392980336575709 ], [ -61.159603226345276, 6.393269629717968 ], [ -61.159249323172311, 6.393666209584374 ], [ -61.158651294915188, 6.394107111712991 ], [ -61.158061599655348, 6.394728827333934 ], [ -61.158032088386967, 6.395415851130593 ], [ -61.158338402824853, 6.395679188935136 ], [ -61.158790317620877, 6.395662757975694 ], [ -61.159478659273219, 6.395240228397632 ], [ -61.160256119740616, 6.395179752428802 ], [ -61.161230429845212, 6.395671472204052 ], [ -61.162665021829575, 6.396363719524515 ], [ -61.163963545791525, 6.397163966699072 ], [ -61.164703217642462, 6.397564424417837 ], [ -61.165218554063372, 6.397502992981067 ], [ -61.165689895306436, 6.397124897865658 ], [ -61.165864436139216, 6.396329907402773 ], [ -61.166107328774551, 6.394106594600421 ], [ -61.165804764173053, 6.392776365154955 ], [ -61.165339544419432, 6.391445655381154 ], [ -61.164322434388708, 6.390284662861128 ], [ -61.163546639224535, 6.389884159677091 ], [ -61.163068314119357, 6.389701535161702 ], [ -61.162642665283492, 6.38994420464787 ], [ -61.162315773576147, 6.390386061509659 ], [ -61.161599206584491, 6.391115862813205 ], [ -61.160765398983848, 6.39176384932312 ], [ -61.159726173745661, 6.391732988308719 ], [ -61.158732634658449, 6.391575785961416 ], [ -61.158001782190695, 6.391238607871902 ], [ -61.157056239715061, 6.390285828439014 ], [ -61.156498351831274, 6.389614795255839 ], [ -61.156499780158818, 6.389216947795118 ], [ -61.156898345707326, 6.388947174700865 ], [ -61.157541027719965, 6.388660107964519 ], [ -61.158582070902263, 6.388175599240179 ], [ -61.159361183586533, 6.387653990969254 ], [ -61.159886976062708, 6.387203840357138 ], [ -61.160033602289431, 6.386634778256452 ], [ -61.159963794193189, 6.385938278333373 ], [ -61.159209903451341, 6.3844527466524 ], [ -61.158603391268933, 6.382208331060037 ], [ -61.158769331393358, 6.381295703320637 ], [ -61.159177960460127, 6.380745646935579 ], [ -61.159703750666267, 6.380277366272574 ], [ -61.16029105043102, 6.380324734180417 ], [ -61.16078646026353, 6.380796585052552 ], [ -61.161776691381775, 6.381885171948745 ], [ -61.162766099272957, 6.383199689249955 ], [ -61.163351744797914, 6.383708076088263 ], [ -61.163966339119618, 6.383692195884723 ], [ -61.164843527678869, 6.383541643701467 ], [ -61.165576938713095, 6.383164495833024 ], [ -61.165913460725875, 6.382541825436763 ], [ -61.165824925388286, 6.382035181816109 ], [ -61.165420804090985, 6.381319405360532 ], [ -61.164810281105858, 6.380187086639877 ], [ -61.164460383066604, 6.379453487572035 ], [ -61.164227958377381, 6.378738415054798 ], [ -61.163970187751751, 6.377516859810146 ], [ -61.163828781697859, 6.376630337440064 ], [ -61.162757570147527, 6.375432996109857 ], [ -61.160209583171152, 6.372756670573 ], [ -61.158821978705106, 6.371576376475812 ], [ -61.158254115028043, 6.371176506901855 ], [ -61.157667460125886, 6.37094839779818 ], [ -61.157072238409938, 6.370593639271521 ], [ -61.156558910846513, 6.370103577852938 ], [ -61.1564612708233, 6.369596892393148 ], [ -61.156843353908151, 6.368911139556316 ], [ -61.157678047173633, 6.36798283737961 ], [ -61.160585965796152, 6.366013064554204 ], [ -61.161937370493959, 6.364643610857724 ], [ -61.162773865324745, 6.363208972613441 ], [ -61.16329303823278, 6.362071601588915 ], [ -61.163235592455678, 6.3604348919328 ], [ -61.16274198210526, 6.359456641203725 ], [ -61.162482838400884, 6.358632933184301 ], [ -61.162314118783833, 6.35779152352243 ], [ -61.162605292698849, 6.357231984196003 ], [ -61.163147751515062, 6.357170635736418 ], [ -61.163906755677132, 6.357191380154857 ], [ -61.164875466600016, 6.35670658339346 ], [ -61.165517670504215, 6.356536995754542 ], [ -61.166278014821181, 6.356178092577863 ], [ -61.166912590347565, 6.355628820965931 ], [ -61.167222199649331, 6.354960765291983 ], [ -61.167062078448453, 6.354255015768152 ], [ -61.16661434870867, 6.35307805857718 ], [ -61.166553857068465, 6.352291173201601 ], [ -61.166840712092906, 6.35041158875555 ], [ -61.167693362401728, 6.349501403456854 ], [ -61.168954481588088, 6.348086309863465 ], [ -61.170858371029269, 6.346339009674569 ], [ -61.171567906393875, 6.345012440257851 ], [ -61.171598258740545, 6.344099335568469 ], [ -61.171103783071906, 6.343365155208088 ], [ -61.170437310713368, 6.342720881870748 ], [ -61.169924944102689, 6.341959633191633 ], [ -61.169548606501451, 6.341054117693915 ], [ -61.169695525554822, 6.340385618355462 ], [ -61.170167287154698, 6.339853806963041 ], [ -61.170756552130669, 6.339322427712188 ], [ -61.1715886901791, 6.339108308446628 ], [ -61.172302416482957, 6.339156021613133 ], [ -61.172671051661723, 6.339690787428191 ], [ -61.173001277524712, 6.34086741830552 ], [ -61.173257988696101, 6.342396354582406 ], [ -61.173516475278731, 6.343400869484793 ], [ -61.174364105077601, 6.343937325453052 ], [ -61.175023862780492, 6.343912431693798 ], [ -61.175902277675839, 6.343382067579417 ], [ -61.176473651454096, 6.342805410294747 ], [ -61.176547794635567, 6.3422722171175 ], [ -61.175646421375248, 6.341609033459997 ], [ -61.174708487803393, 6.341072302838886 ], [ -61.17421487040275, 6.34011215660686 ], [ -61.173934411645043, 6.337624799584782 ], [ -61.174153736367501, 6.336938333037779 ], [ -61.17475113353202, 6.336651160932941 ], [ -61.176054896844988, 6.335950449743799 ], [ -61.177611908245801, 6.335178378351186 ], [ -61.178850885069927, 6.334893327397348 ], [ -61.179980213002949, 6.334987787194267 ], [ -61.180883499376336, 6.335099441018547 ], [ -61.181689950983696, 6.33446031313659 ], [ -61.181883234582955, 6.333457369011614 ], [ -61.181641727068758, 6.332751237842549 ], [ -61.180704430261805, 6.332033705445103 ], [ -61.178338569415551, 6.331537159445196 ], [ -61.176072330521905, 6.330977669222776 ], [ -61.174511159221865, 6.330366443419972 ], [ -61.173240275589606, 6.329430682982718 ], [ -61.170908175235155, 6.327044600199063 ], [ -61.168102448098971, 6.323155845368645 ], [ -61.166430326328921, 6.320681681141836 ], [ -61.164406701280583, 6.317971084244638 ], [ -61.163722383634187, 6.317281530535842 ], [ -61.163353416352422, 6.316855276034776 ], [ -61.163635053840743, 6.31641322301202 ], [ -61.164251028723008, 6.315981476635455 ], [ -61.164777375060098, 6.315359369506175 ], [ -61.164971439671419, 6.314121415338536 ], [ -61.165355182901045, 6.31034340880297 ], [ -61.165240169342098, 6.30965587227311 ], [ -61.164699893019595, 6.309120544757115 ], [ -61.163780113762613, 6.308583835304276 ], [ -61.163023522752248, 6.307875874979622 ], [ -61.162629974519639, 6.306717204589766 ], [ -61.162853889542845, 6.304728831860793 ], [ -61.162857489409404, 6.303707167300906 ], [ -61.162626212404632, 6.3026665792261 ], [ -61.162366786925652, 6.301906194077498 ], [ -61.161736307299918, 6.301325352510489 ], [ -61.161022477016708, 6.301322818400878 ], [ -61.160100297988357, 6.301473279960286 ], [ -61.159513599025132, 6.301299451232019 ], [ -61.158919609200616, 6.300610207852417 ], [ -61.1589048612949, 6.299651750653816 ], [ -61.159190687351469, 6.298052418374621 ], [ -61.158625450074005, 6.296902195698356 ], [ -61.157490103618592, 6.295984964311302 ], [ -61.156318353851496, 6.295158036244621 ], [ -61.15556178798483, 6.294468232254134 ], [ -61.154806816882086, 6.293317293001217 ], [ -61.154338584341851, 6.292845480063535 ], [ -61.153670403341387, 6.292734652502699 ], [ -61.152802927771972, 6.292731587099434 ], [ -61.151736145676551, 6.292881515685854 ], [ -61.150757464447622, 6.293673633431076 ], [ -61.148603568956553, 6.294642524611851 ], [ -61.147038111517119, 6.295278996575315 ], [ -61.145465568397086, 6.295363791498538 ], [ -61.144995982068131, 6.295280771303698 ], [ -61.144238909684674, 6.294744661900217 ], [ -61.143412156966143, 6.293448761842512 ], [ -61.142349132694449, 6.292540821584195 ], [ -61.141031432659766, 6.292111259576969 ], [ -61.139236192158513, 6.291309188409974 ], [ -61.138695802613313, 6.290819027256928 ], [ -61.138688766489977, 6.290258420135178 ], [ -61.139849851812592, 6.288978731728833 ], [ -61.140610274852591, 6.288574525329571 ], [ -61.140919112541937, 6.288132604822542 ], [ -61.140985770739952, 6.287156336029159 ], [ -61.140453841796159, 6.284270305723038 ], [ -61.140390848927161, 6.281657085102455 ], [ -61.139781027700799, 6.280361979643822 ], [ -61.13902486405685, 6.279581763836962 ], [ -61.138321391601679, 6.279208528231473 ], [ -61.137562952075349, 6.27904311669109 ], [ -61.136875151151685, 6.279357061725979 ], [ -61.136493898298156, 6.279862061842176 ], [ -61.13602420689417, 6.279815181154476 ], [ -61.135618484080233, 6.279569672159083 ], [ -61.135620934575861, 6.27888253212629 ], [ -61.135669235804059, 6.277996647419452 ], [ -61.135655452148121, 6.276794091797838 ], [ -61.135115524711246, 6.276177317273921 ], [ -61.134141914518757, 6.275550002796047 ], [ -61.133789279046965, 6.275612040631671 ], [ -61.133028989018683, 6.275989098322443 ], [ -61.131609634137021, 6.276210105543958 ], [ -61.13035333851704, 6.276314111192639 ], [ -61.129368922878889, 6.276174908250712 ], [ -61.128303654543799, 6.27592705220562 ], [ -61.127434950463353, 6.276294652719945 ], [ -61.126528389008271, 6.27713219786656 ], [ -61.125513328244928, 6.277996588612837 ], [ -61.124897807622339, 6.278310872519442 ], [ -61.124301537188245, 6.278308730248492 ], [ -61.123733651170056, 6.277926950822229 ], [ -61.122858975591825, 6.277435560057261 ], [ -61.122128032783067, 6.27716165330572 ], [ -61.121657614000533, 6.277322784849291 ], [ -61.120969640843278, 6.277690948699385 ], [ -61.120354603568302, 6.277869645376144 ], [ -61.119741114904592, 6.277596141895068 ], [ -61.117762463167431, 6.275066521662891 ], [ -61.116276832791662, 6.273596565808252 ], [ -61.115972851423756, 6.272700339708838 ], [ -61.116241171916407, 6.270947351787458 ], [ -61.117859836006062, 6.268050849989986 ], [ -61.119800710442306, 6.265996369391114 ], [ -61.120398658721292, 6.265555477373156 ], [ -61.121058440818494, 6.265485533851185 ], [ -61.121509587670381, 6.265668004884862 ], [ -61.121814870403554, 6.266202565179484 ], [ -61.122265013847688, 6.266647114738879 ], [ -61.122734896122807, 6.266630721642626 ], [ -61.123260277720249, 6.266252904541769 ], [ -61.123759668207498, 6.265567508447344 ], [ -61.124423728839481, 6.264322186927027 ], [ -61.124666149421053, 6.262216422288851 ], [ -61.125472966216748, 6.261441802588544 ], [ -61.126282199768156, 6.260007070062577 ], [ -61.127044442961427, 6.25909659498048 ], [ -61.127777472413541, 6.258746565440593 ], [ -61.128228895680117, 6.258856735348145 ], [ -61.128669388524706, 6.259482163563932 ], [ -61.129264540569125, 6.259818751397224 ], [ -61.129761663920483, 6.259748193064401 ], [ -61.130260028697535, 6.259352194887101 ], [ -61.130734417064865, 6.258069958131485 ], [ -61.130734322359523, 6.255556449507676 ], [ -61.130761191136322, 6.253070235184546 ], [ -61.131646468781405, 6.250559871192666 ], [ -61.132390671337589, 6.247072514143766 ], [ -61.133199640698919, 6.243133383181417 ], [ -61.132944027338738, 6.241342202239593 ], [ -61.132513755104711, 6.240373358850406 ], [ -61.132338833600507, 6.238727123739162 ], [ -61.131315646149602, 6.236824870995473 ], [ -61.130920818341224, 6.236054904532783 ], [ -61.130895674638637, 6.235494255508046 ], [ -61.131141124833917, 6.2350883231259 ], [ -61.131620744305948, 6.234863936248296 ], [ -61.132190319645524, 6.234757471874267 ], [ -61.13303119059421, 6.23455253811769 ], [ -61.133646366415206, 6.234337642422736 ], [ -61.133783497800238, 6.233886075889305 ], [ -61.13402923537847, 6.233371586761241 ], [ -61.134302735097521, 6.232676367066553 ], [ -61.135146569837026, 6.231657682367804 ], [ -61.135780914974546, 6.231099366500046 ], [ -61.136226049621847, 6.23042284235585 ], [ -61.136300542273354, 6.229790222508786 ], [ -61.136290182361037, 6.227593070007845 ], [ -61.136312962126667, 6.226264102302022 ], [ -61.136595618767394, 6.225523652795343 ], [ -61.137139268567893, 6.225073568605736 ], [ -61.137871953068263, 6.224832006109155 ], [ -61.138469363658572, 6.224499535233603 ], [ -61.139148852608152, 6.223959431761613 ], [ -61.139421497742347, 6.223499373010064 ], [ -61.139229514080974, 6.221590909929855 ], [ -61.139367883589848, 6.220777642950632 ], [ -61.139668534539702, 6.220046353749001 ], [ -61.13957105601483, 6.219521612266201 ], [ -61.139013629947051, 6.218742154773456 ], [ -61.137852622293089, 6.217463175217357 ], [ -61.136903711139134, 6.214982444165331 ], [ -61.136011933672457, 6.214247011168333 ], [ -61.134702319704111, 6.214133903757721 ], [ -61.133247943528723, 6.214092640210774 ], [ -61.132590493447935, 6.213493589069375 ], [ -61.132294716861544, 6.212823420188037 ], [ -61.132537971375093, 6.210446455665536 ], [ -61.132278955695796, 6.209613689026114 ], [ -61.131847625184754, 6.208952156843834 ], [ -61.130692753915248, 6.208505041228096 ], [ -61.12954590822666, 6.208365422291931 ], [ -61.128731114877787, 6.208850788295397 ], [ -61.128331178293223, 6.209554569493624 ], [ -61.12830115294183, 6.21037724421248 ], [ -61.128793175089115, 6.211762269522982 ], [ -61.128889994953965, 6.212467899229202 ], [ -61.128518263168822, 6.212864415430302 ], [ -61.127741074735468, 6.212934000128779 ], [ -61.127127419458184, 6.212723829324799 ], [ -61.126387805016499, 6.212386715385521 ], [ -61.1258106685315, 6.212086278045194 ], [ -61.124997969699116, 6.2119749241303 ], [ -61.124619467980096, 6.211711359701215 ], [ -61.124620678774235, 6.211376874016649 ], [ -61.12494740637878, 6.210962107871951 ], [ -61.125499649292543, 6.210629490919811 ], [ -61.126142692462146, 6.210170661619366 ], [ -61.127477610050782, 6.208213482290879 ], [ -61.127943243981349, 6.206831740069578 ], [ -61.128595480953024, 6.206327716677285 ], [ -61.129437026022565, 6.205941903822833 ], [ -61.130007618131287, 6.205537103684957 ], [ -61.130335312586112, 6.204823957819787 ], [ -61.130158065764995, 6.203855891581909 ], [ -61.129600465745249, 6.203148720169984 ], [ -61.128727248515702, 6.202268614767952 ], [ -61.127676919436745, 6.200366274347163 ], [ -61.12690241808636, 6.199676424144582 ], [ -61.126208220781876, 6.199285158119759 ], [ -61.125557858350966, 6.19923765746592 ], [ -61.124744250442873, 6.199388456726076 ], [ -61.124002753731219, 6.199593776225929 ], [ -61.123352910749723, 6.199419701415303 ], [ -61.123010696918506, 6.199120184784594 ], [ -61.122714618014669, 6.198540398296789 ], [ -61.122700911793977, 6.1973107813458 ], [ -61.123684437914861, 6.195090092941607 ], [ -61.12437070576037, 6.192615168066559 ], [ -61.125068573332044, 6.191966683548356 ], [ -61.126261995325201, 6.191690572678982 ], [ -61.127969611435248, 6.191642321756908 ], [ -61.129414353994932, 6.191846392235465 ], [ -61.130233601320207, 6.192653888518244 ], [ -61.130801678855086, 6.192954317843648 ], [ -61.13116361936769, 6.192801823348439 ], [ -61.13152665596899, 6.192305906509488 ], [ -61.132004209873024, 6.190083315186716 ], [ -61.132534740977917, 6.188222697495401 ], [ -61.132536954604788, 6.187598883128175 ], [ -61.132340426275249, 6.186965224437544 ], [ -61.131818886512598, 6.186258176460345 ], [ -61.131425018348693, 6.185244152097003 ], [ -61.131193584872584, 6.184257830520022 ], [ -61.131331554937518, 6.183553121042193 ], [ -61.131956320004655, 6.183139399303937 ], [ -61.132471926037809, 6.182942309227364 ], [ -61.132988534287165, 6.182473982685343 ], [ -61.133587712756018, 6.181617100115001 ], [ -61.133791326269638, 6.180234539334957 ], [ -61.134227425894295, 6.179530765812503 ], [ -61.134671477604989, 6.179125554418756 ], [ -61.135385661690137, 6.178974266665988 ], [ -61.135963166337675, 6.179166212999176 ], [ -61.136458796874479, 6.179520522276176 ], [ -61.137206081583869, 6.18023745100376 ], [ -61.138735484137861, 6.182069124779378 ], [ -61.142444258462298, 6.183257463116152 ], [ -61.145903669503767, 6.183414261049024 ], [ -61.149940794189028, 6.183726633655125 ], [ -61.151449355262507, 6.18376801159172 ], [ -61.1527203507843, 6.184559083417135 ], [ -61.154045737267133, 6.185332185543565 ], [ -61.155100671803162, 6.185914470359713 ], [ -61.155813583996029, 6.186134009528804 ], [ -61.156907580489595, 6.185875524919127 ], [ -61.158679358069143, 6.185565291740513 ], [ -61.159854267944972, 6.185424605328054 ], [ -61.16070281089776, 6.185608428823604 ], [ -61.161279698060568, 6.185990130688758 ], [ -61.161720405300471, 6.186552205044227 ], [ -61.161988533505237, 6.187384995192008 ], [ -61.162329610653124, 6.188028091726683 ], [ -61.162644832871813, 6.188327613758161 ], [ -61.16320452214525, 6.188437997683327 ], [ -61.163656565162981, 6.188349156844642 ], [ -61.163974960071954, 6.187708357716968 ], [ -61.164446548861171, 6.187176516894349 ], [ -61.164907517616243, 6.187096647997896 ], [ -61.165862634484249, 6.187832377734844 ], [ -61.166458124767921, 6.188042347995249 ], [ -61.167272881967648, 6.187574978199788 ], [ -61.168568343477332, 6.186530643924948 ], [ -61.168886536878787, 6.185934997968348 ], [ -61.169006058228717, 6.185338680570582 ], [ -61.169170662719523, 6.184742519911451 ], [ -61.169532899906095, 6.184499684704275 ], [ -61.169930191587802, 6.184564314916352 ], [ -61.170299499312542, 6.184881972133201 ], [ -61.170658189360573, 6.185660833401161 ], [ -61.170789991438347, 6.186746290609399 ], [ -61.170966915283302, 6.187831867831007 ], [ -61.171524944959849, 6.188448606471053 ], [ -61.17266864194098, 6.189510394939008 ], [ -61.174002999631313, 6.190283482553069 ], [ -61.175049161011295, 6.190811484671423 ], [ -61.176142875902649, 6.190661550602012 ], [ -61.176967106295308, 6.190031482732318 ], [ -61.17806581033004, 6.188398750387396 ], [ -61.179982703197425, 6.185285936714838 ], [ -61.181363602435702, 6.183012195976564 ], [ -61.18152760114544, 6.182605853273359 ], [ -61.18194403135486, 6.182345037390049 ], [ -61.182522142522664, 6.1823831465158 ], [ -61.183316258255687, 6.182630059669724 ], [ -61.183912369919767, 6.1826863369166 ], [ -61.18426489919586, 6.182615217391668 ], [ -61.184365386521186, 6.182290018363652 ], [ -61.184231129380386, 6.181918915530651 ], [ -61.18388889275721, 6.181619329195763 ], [ -61.183420502621821, 6.181210831271679 ], [ -61.183042973997154, 6.180648972499649 ], [ -61.182882149463659, 6.180124005531071 ], [ -61.18306387243878, 6.179808238177674 ], [ -61.183380708271585, 6.17963745785351 ], [ -61.184192935543415, 6.1798843734862 ], [ -61.184455185270011, 6.179812978705291 ], [ -61.184735986075061, 6.179587838818733 ], [ -61.184791201742058, 6.179271602761301 ], [ -61.184639687830987, 6.178674269104831 ], [ -61.184297882075484, 6.178248222162593 ], [ -61.183983162437606, 6.177795040075053 ], [ -61.183749360305221, 6.177477751367526 ], [ -61.183768610247732, 6.177143269599028 ], [ -61.184283837179521, 6.177054606767581 ], [ -61.184681045745791, 6.177146364013734 ], [ -61.185096256818134, 6.177238271676851 ], [ -61.185394819399349, 6.177112642923907 ], [ -61.185558341658776, 6.176851037930037 ], [ -61.18552320349081, 6.176552507870591 ], [ -61.185325595568202, 6.176217319390334 ], [ -61.184983479555697, 6.175881586253333 ], [ -61.184849303733138, 6.175483270935156 ], [ -61.185030748601875, 6.175257890841319 ], [ -61.185464230003774, 6.175304571250602 ], [ -61.186042299232497, 6.175324619890899 ], [ -61.186458367844224, 6.175172354547844 ], [ -61.186856708810268, 6.174929550321368 ], [ -61.186876309335851, 6.174486551416019 ], [ -61.186624351341813, 6.174187352918374 ], [ -61.186200806568259, 6.17388753139347 ], [ -61.186292606358606, 6.173444766899378 ], [ -61.18623077892768, 6.17302870636694 ], [ -61.185907171570427, 6.172566479282427 ], [ -61.185828248074174, 6.171851854586286 ], [ -61.186064981880619, 6.171301118410931 ], [ -61.186618267930598, 6.170670098948829 ], [ -61.186971606914454, 6.170363963054641 ], [ -61.187036209053758, 6.169957267519397 ], [ -61.186830422290448, 6.169377906322163 ], [ -61.18615520278869, 6.168688387377061 ], [ -61.185463430696032, 6.167555862183306 ], [ -61.185286485001988, 6.166461207782769 ], [ -61.185315672474061, 6.165855528247114 ], [ -61.185000371996615, 6.165574224086663 ], [ -61.184701973660964, 6.165654547625068 ], [ -61.184529296501275, 6.165961344606099 ], [ -61.184319953096711, 6.166430817810415 ], [ -61.183822695233715, 6.166564715253788 ], [ -61.183470417232066, 6.166536399588443 ], [ -61.183209386242936, 6.166255253331197 ], [ -61.183183715810458, 6.165848283083899 ], [ -61.183266752115777, 6.165324139272657 ], [ -61.183620443743877, 6.164909414681931 ], [ -61.183595163054449, 6.164393965024564 ], [ -61.183189785653809, 6.164058070647483 ], [ -61.182801941366165, 6.163866843093912 ], [ -61.182277965308749, 6.163865040652908 ], [ -61.181953348338574, 6.163701223188807 ], [ -61.181314101054511, 6.163066130075986 ], [ -61.181262141172269, 6.162405972970176 ], [ -61.181554908379645, 6.16133101786795 ], [ -61.18161204494713, 6.160454106480608 ], [ -61.181271669730286, 6.15959399012309 ], [ -61.180974841390835, 6.159213291234966 ], [ -61.181446659522344, 6.158609029536955 ], [ -61.181945121430793, 6.158140538973137 ], [ -61.182535616315761, 6.157157100589211 ], [ -61.182450592887214, 6.155610674568246 ], [ -61.182779748897737, 6.154436291444059 ], [ -61.182727551141888, 6.153857476569087 ], [ -61.182313186270605, 6.153494440919475 ], [ -61.181816843372651, 6.153357062743328 ], [ -61.181465513764721, 6.15305754678333 ], [ -61.181467120072767, 6.152587406603044 ], [ -61.182113056467969, 6.151242355891076 ], [ -61.182674936967402, 6.150719822219282 ], [ -61.183200076537041, 6.150360000107292 ], [ -61.183671569896454, 6.149846235169896 ], [ -61.183855391446656, 6.148933645880196 ], [ -61.18520647823933, 6.147428224424291 ], [ -61.186230880528662, 6.146355770538898 ], [ -61.18664860792439, 6.145697143180583 ], [ -61.187055689619079, 6.145535793331868 ], [ -61.187524480084036, 6.14581764091352 ], [ -61.187965920931177, 6.146171778313922 ], [ -61.188491752347346, 6.14562201954349 ], [ -61.188520627580736, 6.145079625457775 ], [ -61.188350654571998, 6.144581760887708 ], [ -61.188235026909389, 6.144056953278484 ], [ -61.188380853994659, 6.143668624070068 ], [ -61.189257270795373, 6.143617352838637 ], [ -61.189762565156997, 6.143790836181708 ], [ -61.190025770591504, 6.143430110303437 ], [ -61.18988302724302, 6.142905187108756 ], [ -61.189235267762655, 6.142107309288257 ], [ -61.188534566000257, 6.140947613061861 ], [ -61.188393386071951, 6.139961595796457 ], [ -61.188524413044263, 6.138614780617228 ], [ -61.188526832979669, 6.137900506230705 ], [ -61.188176406224592, 6.1373478150306 ], [ -61.187833538775983, 6.137211024364378 ], [ -61.187446372751204, 6.136848036255184 ], [ -61.187420859592649, 6.136377780451835 ], [ -61.188126550479062, 6.136054726197349 ], [ -61.188804775730496, 6.135839960473384 ], [ -61.189942898256916, 6.135870927355672 ], [ -61.19166878623799, 6.135704975969238 ], [ -61.192672544827033, 6.135382817365921 ], [ -61.193340754044428, 6.135466418726596 ], [ -61.193989873686661, 6.135857436911391 ], [ -61.194774571051056, 6.13621273582352 ], [ -61.195569360004335, 6.136242521703785 ], [ -61.196355687522363, 6.136136688388627 ], [ -61.19691614264076, 6.136002899974712 ], [ -61.19755937429322, 6.135453521112682 ], [ -61.197822763308224, 6.135038551764725 ], [ -61.198175297334146, 6.134958265515555 ], [ -61.19859027901078, 6.135131503896909 ], [ -61.19896883939618, 6.135376882546804 ], [ -61.199373426347222, 6.135956898707041 ], [ -61.199867427560626, 6.136808497675712 ], [ -61.200335130572938, 6.137415883160799 ], [ -61.200893840347078, 6.137806581367819 ], [ -61.201770399431588, 6.137719104298452 ], [ -61.201889213815207, 6.137312601444487 ], [ -61.201836380292583, 6.136896470620798 ], [ -61.201603167364524, 6.13639841619859 ], [ -61.2014879922367, 6.135737994083565 ], [ -61.201426739877931, 6.135141050439969 ], [ -61.200843518292594, 6.133954621175477 ], [ -61.200819889586874, 6.132932848827896 ], [ -61.200650378327602, 6.132272157382506 ], [ -61.200445289970546, 6.131475843848225 ], [ -61.200565149520664, 6.130761958360337 ], [ -61.20103726697586, 6.130049199916416 ], [ -61.201067754818972, 6.12902758317959 ], [ -61.201668377980134, 6.127709530582035 ], [ -61.20240395009904, 6.126554661237517 ], [ -61.202670081141555, 6.125316787931633 ], [ -61.203614379919181, 6.12383706340224 ], [ -61.20461099835638, 6.122963400644678 ], [ -61.205316621283892, 6.122658304034254 ], [ -61.205724724022943, 6.122171426431135 ], [ -61.205555049489575, 6.121592190824964 ], [ -61.205060204290938, 6.12098473230747 ], [ -61.20450286757476, 6.120160046193887 ], [ -61.204299248860046, 6.118920659819939 ], [ -61.204917697128899, 6.117656920315603 ], [ -61.205978300864707, 6.116557370646509 ], [ -61.206423554752007, 6.115763151784067 ], [ -61.206867417126226, 6.115384831979806 ], [ -61.207300848004927, 6.115440539955672 ], [ -61.207480564370215, 6.115712429800786 ], [ -61.207623973443262, 6.116047489746967 ], [ -61.207939526745953, 6.116238391279842 ], [ -61.208408340477845, 6.116511135777805 ], [ -61.208968073395368, 6.116594478695753 ], [ -61.209437349014792, 6.116740651078793 ], [ -61.21005003747274, 6.117203863479313 ], [ -61.210842520699856, 6.117947862983079 ], [ -61.211573203687919, 6.118257750011814 ], [ -61.212269048635932, 6.118151582469912 ], [ -61.212920434032334, 6.117846282804758 ], [ -61.213329216811509, 6.117160495992268 ], [ -61.213277144132668, 6.116527334633529 ], [ -61.212889940104517, 6.116146347288372 ], [ -61.212484737208996, 6.115756200488571 ], [ -61.21207972612843, 6.115320823242206 ], [ -61.212135224071531, 6.114932180339273 ], [ -61.21246139603867, 6.114625913030016 ], [ -61.212930710979762, 6.114744980216485 ], [ -61.213596895387852, 6.115434348808271 ], [ -61.214154625134213, 6.116150545475179 ], [ -61.214296195397679, 6.117028037115088 ], [ -61.214383919361467, 6.117824033865057 ], [ -61.214761473652956, 6.118376857825654 ], [ -61.215374822587222, 6.118650095371648 ], [ -61.216573676170412, 6.119431690741707 ], [ -61.217483551955908, 6.120176100945452 ], [ -61.218343790223031, 6.122267636614271 ], [ -61.219032273608015, 6.124412836060398 ], [ -61.219531309609494, 6.126476042108099 ], [ -61.219986307139898, 6.128213619670969 ], [ -61.220400183019983, 6.128703194615087 ], [ -61.220778978385447, 6.128876298808517 ], [ -61.22118661099092, 6.128543045134321 ], [ -61.221801813226961, 6.12824677565038 ], [ -61.222307945841564, 6.128167008620118 ], [ -61.222858346052327, 6.128385880701908 ], [ -61.223444751244422, 6.128604791421961 ], [ -61.223941768177077, 6.128552197393934 ], [ -61.224295668927866, 6.12805603016743 ], [ -61.224361838220439, 6.127179266207393 ], [ -61.224481206183903, 6.126600881845263 ], [ -61.225005718408248, 6.126412782241823 ], [ -61.225501662724398, 6.126685736441325 ], [ -61.226059348543394, 6.127401845541974 ], [ -61.226583324523681, 6.127403565989922 ], [ -61.22716976909112, 6.127604379839878 ], [ -61.227376801367903, 6.127849276759389 ], [ -61.227429237768035, 6.128373846326975 ], [ -61.227454366811479, 6.128979755159967 ], [ -61.227895287205797, 6.129496576565701 ], [ -61.228364199395912, 6.129751247829971 ], [ -61.228798141305063, 6.129644217661611 ], [ -61.229269072876079, 6.12928415837936 ], [ -61.229857196220635, 6.128987654424013 ], [ -61.230444517954886, 6.128935358494322 ], [ -61.231059941842503, 6.128602820362896 ], [ -61.231767078338841, 6.127836593240032 ], [ -61.23238486010812, 6.126762677107094 ], [ -61.233092791212002, 6.125752276655658 ], [ -61.23385472016485, 6.124787295247973 ], [ -61.233822899825185, 6.123485205271886 ], [ -61.233500196518335, 6.122715514652095 ], [ -61.23338730337337, 6.121340752182125 ], [ -61.234068833518435, 6.120104268906416 ], [ -61.235537413641879, 6.118517718802626 ], [ -61.236560207379178, 6.11791526868588 ], [ -61.237058845658147, 6.117338244655699 ], [ -61.237358875805647, 6.116760539151009 ], [ -61.237650551295303, 6.115965762362907 ], [ -61.23783449320171, 6.114953684219235 ], [ -61.238070271264377, 6.11467419877498 ], [ -61.238385798151988, 6.114865080821876 ], [ -61.238853640373577, 6.115445291561011 ], [ -61.239412618700271, 6.115781707893269 ], [ -61.239846318648077, 6.115756009855092 ], [ -61.239884326182874, 6.115177430648864 ], [ -61.240060966962005, 6.113640898353161 ], [ -61.2398302283666, 6.112374200936481 ], [ -61.240066533894868, 6.111931995518289 ], [ -61.240445928766903, 6.111933245937627 ], [ -61.240742849550074, 6.112295816526899 ], [ -61.241030808203263, 6.112622312451366 ], [ -61.241436939080614, 6.112732117426595 ], [ -61.242025374490566, 6.112354259596499 ], [ -61.242913490666979, 6.111471097361408 ], [ -61.243699885675099, 6.111310838932715 ], [ -61.244376617594796, 6.111539148181426 ], [ -61.245107878565499, 6.111677147307932 ], [ -61.245957347043195, 6.11157142576154 ], [ -61.24700341967656, 6.112117369092349 ], [ -61.247878004585701, 6.112617513869736 ], [ -61.24823051248152, 6.112564406449543 ], [ -61.248493323031447, 6.112293963437996 ], [ -61.249290034206481, 6.111745010129362 ], [ -61.249841408786239, 6.111638302207115 ], [ -61.25042885803024, 6.111558845507216 ], [ -61.250898779463469, 6.111506149808056 ], [ -61.251772316173934, 6.112304623665863 ], [ -61.252880419568882, 6.113239579178812 ], [ -61.255574402766804, 6.115391266477001 ], [ -61.256511891059098, 6.116000100988182 ], [ -61.257180272338452, 6.116029378267049 ], [ -61.258356676759249, 6.115400270419102 ], [ -61.259207272025542, 6.114941875565225 ], [ -61.259416898906153, 6.114363856898528 ], [ -61.259652927663929, 6.11400290915156 ], [ -61.260059848476558, 6.113868638990298 ], [ -61.26043808502471, 6.114231571417702 ], [ -61.260554303212544, 6.114611735141275 ], [ -61.260815686701115, 6.114802416724684 ], [ -61.261114156066, 6.114667771004668 ], [ -61.261548377740034, 6.114479261052172 ], [ -61.261873847347523, 6.11439893046442 ], [ -61.262396689363044, 6.114726162399652 ], [ -61.262694896345444, 6.114699996252666 ], [ -61.263047927436595, 6.114484085192162 ], [ -61.263103610551653, 6.114014058153645 ], [ -61.262843683203542, 6.113380303108132 ], [ -61.262962255459328, 6.113028100363052 ], [ -61.263288209519544, 6.112803068112066 ], [ -61.263604528283217, 6.112749837148574 ], [ -61.263983663011857, 6.112832410934872 ], [ -61.264515728369382, 6.113114484907583 ], [ -61.265011868588289, 6.113333049285613 ], [ -61.265300888169456, 6.113333981907847 ], [ -61.26557257746655, 6.113117881480884 ], [ -61.26597953440298, 6.11298349581033 ], [ -61.266331667042749, 6.113038966098927 ], [ -61.266593237988651, 6.113175405108448 ], [ -61.266944776537699, 6.113393519062774 ], [ -61.267442518034443, 6.113123924076086 ], [ -61.267326109218004, 6.112788955056917 ], [ -61.267327078344643, 6.11249050704448 ], [ -61.267418608519598, 6.112129182918532 ], [ -61.267744709372394, 6.111831814826315 ], [ -61.268205591735565, 6.111779065758244 ], [ -61.268649367043217, 6.111418784341641 ], [ -61.268650408665842, 6.111093309029809 ], [ -61.268416547054265, 6.110785107011298 ], [ -61.268038456518511, 6.110376950061331 ], [ -61.267976309004048, 6.110042279500683 ], [ -61.268067541791758, 6.109771268230703 ], [ -61.268393305068777, 6.109582453467652 ], [ -61.268826812383274, 6.109610970125204 ], [ -61.269332583489586, 6.109639709821458 ], [ -61.269802575759641, 6.109559858019738 ], [ -61.270264088574258, 6.109308129283064 ], [ -61.270328391911988, 6.108982877584682 ], [ -61.269977896860929, 6.108403067817068 ], [ -61.269951862917225, 6.108068397769944 ], [ -61.270187694449113, 6.107770805450356 ], [ -61.2703068559317, 6.107246725293854 ], [ -61.270245713135608, 6.106586394095685 ], [ -61.269894326592798, 6.106314042568162 ], [ -61.269461789618042, 6.105978069565252 ], [ -61.269020661451968, 6.105515524909026 ], [ -61.2689319611248, 6.104990773598679 ], [ -61.269023935998057, 6.10449375768802 ], [ -61.269377216844909, 6.104169436110683 ], [ -61.269874167935889, 6.104143898935607 ], [ -61.270108399874196, 6.104334500442294 ], [ -61.270368628489564, 6.104886910755603 ], [ -61.270601782655312, 6.105403060883964 ], [ -61.270953019294325, 6.105738772507259 ], [ -61.271242294652822, 6.105658323672149 ], [ -61.271595872602369, 6.105270641732444 ], [ -61.271896116198612, 6.104611538243064 ], [ -61.271864015433614, 6.10334548812671 ], [ -61.271723389749397, 6.102115362013365 ], [ -61.271079307408698, 6.100142077631936 ], [ -61.271228662391124, 6.098632526138043 ], [ -61.27231868206627, 6.096764364574338 ], [ -61.273669256672385, 6.095285739660575 ], [ -61.27437550386648, 6.094763551890558 ], [ -61.274817665639659, 6.094900579499672 ], [ -61.275131487579479, 6.095652150336528 ], [ -61.275831620947827, 6.097055857294387 ], [ -61.276480311263555, 6.097573302312952 ], [ -61.276976700097009, 6.097719560202308 ], [ -61.277293377923151, 6.097548795272754 ], [ -61.277412159405038, 6.097115137000357 ], [ -61.277062960630694, 6.096146498604554 ], [ -61.276721578054008, 6.09556673216128 ], [ -61.276724874129222, 6.094526873262452 ], [ -61.2767641685138, 6.090702219921031 ], [ -61.277299841317095, 6.086996648823757 ], [ -61.277799587959201, 6.086084955615036 ], [ -61.278388334974665, 6.085571438036174 ], [ -61.279147196528285, 6.085546743033312 ], [ -61.279878576159291, 6.085630525797973 ], [ -61.280583843591423, 6.085406665927628 ], [ -61.282846780517062, 6.083930902376122 ], [ -61.284394926379882, 6.082823658444465 ], [ -61.284486661308939, 6.082380842574963 ], [ -61.284189763611785, 6.082000206140315 ], [ -61.283839050334485, 6.081501785681726 ], [ -61.284048229887496, 6.08104128329334 ], [ -61.284428229583959, 6.080870625680184 ], [ -61.284870897743644, 6.080844888543403 ], [ -61.285197151386257, 6.080493344712671 ], [ -61.285162587108331, 6.07999592058728 ], [ -61.285137391764934, 6.07941715647896 ], [ -61.285671643638764, 6.078975777404643 ], [ -61.286313677411727, 6.078760734948392 ], [ -61.287100853211882, 6.078356387949497 ], [ -61.287833107897455, 6.07815972984873 ], [ -61.288691071081359, 6.078216692845177 ], [ -61.289188839449231, 6.077892799419409 ], [ -61.289687343341576, 6.077369929602486 ], [ -61.290158147994546, 6.077018712894303 ], [ -61.291124809942929, 6.076985615811951 ], [ -61.291765664024041, 6.07713229901448 ], [ -61.292208804947307, 6.076961929257756 ], [ -61.292617228183367, 6.076339291994572 ], [ -61.292565976589422, 6.075398721150996 ], [ -61.292007447180787, 6.074926784591837 ], [ -61.291160030788312, 6.074381559486533 ], [ -61.290016528031735, 6.073220576598334 ], [ -61.289874104485307, 6.072560067006489 ], [ -61.290255195961777, 6.072009690155109 ], [ -61.290870512064949, 6.071686090193631 ], [ -61.291692829855315, 6.071571172634631 ], [ -61.292839961867514, 6.071574769472258 ], [ -61.293716573860614, 6.071441940531315 ], [ -61.294449585310801, 6.071010185954152 ], [ -61.295211754704965, 6.069909462322541 ], [ -61.296836550838698, 6.067382720219896 ], [ -61.297797518527886, 6.066255477014041 ], [ -61.299644083779739, 6.065022420294213 ], [ -61.300884484805579, 6.064067886645714 ], [ -61.301438205264873, 6.063219603750811 ], [ -61.301857793536641, 6.061900706498255 ], [ -61.301799019726019, 6.06047190886218 ], [ -61.301485508839946, 6.059639017241317 ], [ -61.301134793250242, 6.059122516942403 ], [ -61.30057594642178, 6.0587590325881 ], [ -61.300080866170582, 6.05820590975607 ], [ -61.2999925794484, 6.0575455861808 ], [ -61.30105365423681, 6.056201673157119 ], [ -61.3022563552572, 6.055744265823367 ], [ -61.303367341979978, 6.055747729640662 ], [ -61.304333962922165, 6.055714570293419 ], [ -61.305390984132728, 6.055636506345802 ], [ -61.306294604000854, 6.055530755739508 ], [ -61.306972090050159, 6.05550572679276 ], [ -61.307938710350903, 6.055481644061802 ], [ -61.308699012617424, 6.054959554563044 ], [ -61.309170472276037, 6.054391363270509 ], [ -61.309852636243107, 6.052874356952327 ], [ -61.309973918417732, 6.051635962438692 ], [ -61.309596961053138, 6.050839041447547 ], [ -61.309129821942953, 6.05001480317601 ], [ -61.309449617759839, 6.048858367731267 ], [ -61.309507354348014, 6.047701095285039 ], [ -61.309979676337406, 6.046852623432168 ], [ -61.310803437315506, 6.046276473941215 ], [ -61.311626217974272, 6.046007741261045 ], [ -61.312413032042208, 6.045675649793983 ], [ -61.313236210502566, 6.045298399403871 ], [ -61.31377090837465, 6.044694236832832 ], [ -61.314389937364744, 6.043158953771711 ], [ -61.315129213584747, 6.040656507653577 ], [ -61.315308745192972, 6.03809808672437 ], [ -61.315784191710463, 6.036227811768732 ], [ -61.316675441307751, 6.034241239119743 ], [ -61.317115962054011, 6.031982059906037 ], [ -61.317588943380244, 6.03091651399521 ], [ -61.318295561904804, 6.030231401873985 ], [ -61.319208312319716, 6.030071499355883 ], [ -61.319940017560789, 6.030046634621924 ], [ -61.320554288804345, 6.030012361744387 ], [ -61.321286569299019, 6.029797638786347 ], [ -61.321811487583247, 6.029446574650348 ], [ -61.322544055709002, 6.029141352284915 ], [ -61.323457126188792, 6.028872926279138 ], [ -61.324281272520302, 6.028133925875603 ], [ -61.324755708187737, 6.026589117723001 ], [ -61.325429109935513, 6.024945487386994 ], [ -61.327016463838568, 6.022753070951394 ], [ -61.329401501951097, 6.019604576523892 ], [ -61.329827619541234, 6.019081417840098 ], [ -61.330188085009148, 6.019335743816818 ], [ -61.330393797827874, 6.019996454532587 ], [ -61.330166042214941, 6.020655840540503 ], [ -61.329739815712138, 6.021206100394894 ], [ -61.329259589131574, 6.021711024738515 ], [ -61.328770397960149, 6.022197820554372 ], [ -61.32829913267669, 6.022711788661389 ], [ -61.327899938795369, 6.023289293996728 ], [ -61.327663141634957, 6.023939596499861 ], [ -61.327597809921031, 6.024626658642377 ], [ -61.32764080140641, 6.025323052103484 ], [ -61.327720011953701, 6.026019517203435 ], [ -61.327790147462402, 6.026707010483176 ], [ -61.327797032337088, 6.0274032597183 ], [ -61.327641449807849, 6.028080952079664 ], [ -61.327314395946658, 6.028694819579806 ], [ -61.326915232859911, 6.029263241475817 ], [ -61.326471032411462, 6.02979537223796 ], [ -61.32599975772608, 6.030309338620012 ], [ -61.325501555614572, 6.030796133006442 ], [ -61.324985241709442, 6.031264761131064 ], [ -61.324469000103079, 6.031724343238818 ], [ -61.32395275835551, 6.032192971259484 ], [ -61.323436478623151, 6.032661598323513 ], [ -61.322575781563685, 6.033508967492881 ], [ -61.322555624999012, 6.034205109311944 ], [ -61.322490285485074, 6.034892134474395 ], [ -61.322433909572808, 6.035588167354412 ], [ -61.322431786700733, 6.036284492678141 ], [ -61.322574207014917, 6.036963083125563 ], [ -61.322951821438743, 6.037542961446518 ], [ -61.323419942359727, 6.038059805064463 ], [ -61.323915169714027, 6.038540571404329 ], [ -61.324446725654099, 6.038994345332171 ], [ -61.324996352573592, 6.039421051958152 ], [ -61.325582344799926, 6.039802562363156 ], [ -61.32619551434383, 6.040130014367009 ], [ -61.326836009690496, 6.040394252039025 ], [ -61.327512973737079, 6.040540960142637 ], [ -61.328208585256249, 6.040515976092255 ], [ -61.328859623731624, 6.040282824196436 ], [ -61.32945687326832, 6.039923032312203 ], [ -61.330000156514068, 6.039490654513039 ], [ -61.330516400104358, 6.039022019958162 ], [ -61.331005605846592, 6.038535221583727 ], [ -61.331494920808005, 6.038039377692789 ], [ -61.331984123721675, 6.037543531997812 ], [ -61.332509581988987, 6.037047794623827 ], [ -61.333016714353796, 6.036615306297625 ], [ -61.333586990906959, 6.036210208103983 ], [ -61.334193087595267, 6.035877472671249 ], [ -61.334826260806949, 6.035590002274753 ], [ -61.335477324579415, 6.035347907214528 ], [ -61.336137389786714, 6.035123865627003 ], [ -61.33679741988152, 6.034917878501992 ], [ -61.337457373892214, 6.034702880266382 ], [ -61.33812650996223, 6.034469789089619 ], [ -61.33880428696326, 6.034345285113011 ], [ -61.339490993428136, 6.034256963479752 ], [ -61.340186737966405, 6.034186769737063 ], [ -61.340882408703301, 6.034116537064618 ], [ -61.34156918834622, 6.03401909295294 ], [ -61.342247072742182, 6.033876492880096 ], [ -61.342907022632183, 6.033661524621916 ], [ -61.343265295606869, 6.033491301058066 ], [ -61.34353122491428, 6.033364961935497 ], [ -61.344110453516699, 6.032968859305858 ], [ -61.344662716593028, 6.032545585009268 ], [ -61.345196978694538, 6.03210410933777 ], [ -61.345713164850842, 6.031644505588967 ], [ -61.346220422232783, 6.031166811049085 ], [ -61.346718715884769, 6.030679997573167 ], [ -61.347198933114001, 6.030175093223979 ], [ -61.347679149836132, 6.02967015137562 ], [ -61.348141365875414, 6.02915612897291 ], [ -61.348612617020379, 6.028642142008245 ], [ -61.349074866959235, 6.028119072845101 ], [ -61.349537006108335, 6.027605048349638 ], [ -61.349999291175337, 6.027081978849465 ], [ -61.350461428440106, 6.026567953565992 ], [ -61.35093263779379, 6.026053964129755 ], [ -61.351403847927052, 6.025548983624303 ], [ -61.351974663858535, 6.024962944148085 ], [ -61.352460981464795, 6.025452730912101 ], [ -61.352938120288997, 6.025969581842697 ], [ -61.353406259338875, 6.026477387712818 ], [ -61.353901542189263, 6.026967170946291 ], [ -61.35445125492889, 6.027393845901244 ], [ -61.355100820161468, 6.027639916612856 ], [ -61.355698037962682, 6.027289103541388 ], [ -61.356250250405715, 6.026874788661481 ], [ -61.356645966527672, 6.027445666168529 ], [ -61.35661674648523, 6.028141809377876 ], [ -61.356542454934193, 6.028828803261352 ], [ -61.356468089599993, 6.029524916838808 ], [ -61.356402268723343, 6.0303837099861 ], [ -61.356102320381659, 6.031006786379833 ], [ -61.355775299124446, 6.031620672486837 ], [ -61.355466313620198, 6.032243675810092 ], [ -61.355184402291428, 6.032884804378041 ], [ -61.355001781555139, 6.033553389510097 ], [ -61.355270819391059, 6.034196285811291 ], [ -61.355966276810115, 6.03419840103295 ], [ -61.356365375978335, 6.033638964796441 ], [ -61.35672850984453, 6.033043165035249 ], [ -61.357091530418991, 6.032447474910266 ], [ -61.35748169871259, 6.03186994779952 ], [ -61.357961908193758, 6.031374042507339 ], [ -61.358639852383391, 6.031195272790361 ], [ -61.359271319586504, 6.031468405735811 ], [ -61.359848218803982, 6.03185896011037 ], [ -61.360425118461755, 6.032249550912347 ], [ -61.361047482143213, 6.032549784402224 ], [ -61.361698563564389, 6.032289563256315 ], [ -61.362034614622701, 6.031675671795951 ], [ -61.362379629859269, 6.031079907672651 ], [ -61.362893031679079, 6.031551698192662 ], [ -61.362999361477037, 6.032239218087532 ], [ -61.363132800376569, 6.032926807659464 ], [ -61.363447136797049, 6.033542628310697 ], [ -61.364124136008897, 6.033680389582564 ], [ -61.364694387248214, 6.033284191623808 ], [ -61.364958177499666, 6.032642986194764 ], [ -61.364987387684643, 6.031946730960685 ], [ -61.364955163372649, 6.030644548231371 ], [ -61.365650862389842, 6.030574319012671 ], [ -61.366346421309125, 6.030549282050039 ], [ -61.367041946709421, 6.030542299443431 ], [ -61.367737544122996, 6.030526307431905 ], [ -61.368433064253729, 6.030492220732429 ], [ -61.369119796651894, 6.030394738772139 ], [ -61.369779808335352, 6.030197792164035 ], [ -61.370296042678028, 6.029729117884785 ], [ -61.370307097848539, 6.029032901979669 ], [ -61.370128473276466, 6.028363230176448 ], [ -61.369895597593391, 6.027702391613017 ], [ -61.36968083113193, 6.027041661420184 ], [ -61.369529277465631, 6.02636304905338 ], [ -61.36967587825248, 6.025676152194809 ], [ -61.370183033724039, 6.025207553562142 ], [ -61.370816173170901, 6.024920038404675 ], [ -61.371248116084267, 6.025454824282996 ], [ -61.371209953833883, 6.026150970727451 ], [ -61.371262077553936, 6.026847470606865 ], [ -61.371739271807677, 6.027355294970834 ], [ -61.372425966058493, 6.027275863858019 ], [ -61.372698816432376, 6.026634690653716 ], [ -61.372845339264934, 6.025956949579419 ], [ -61.372964825687582, 6.025270093878157 ], [ -61.373075239680922, 6.024583128215437 ], [ -61.373248104163324, 6.024167755228585 ], [ -61.375217392205691, 6.030168806193696 ], [ -61.375350882013052, 6.0308473834914 ], [ -61.375466301699475, 6.031534936515158 ], [ -61.375572610185834, 6.032222564524631 ], [ -61.375715100550629, 6.032901139705242 ], [ -61.375902844302097, 6.033570846097904 ], [ -61.37617187164598, 6.034213730825282 ], [ -61.376504295295916, 6.034820567697996 ], [ -61.376881897542781, 6.035409451116789 ], [ -61.377304749066717, 6.035962289031734 ], [ -61.37778203202565, 6.036470109076655 ], [ -61.378322666708108, 6.036905768709336 ], [ -61.378926870341694, 6.037242094070052 ], [ -61.379558210584179, 6.037533367033505 ], [ -61.38019873317792, 6.0378065092925 ], [ -61.380848397435805, 6.038052622219137 ], [ -61.381498024367254, 6.03828961330522 ], [ -61.382156755340375, 6.038499611630431 ], [ -61.382824596193942, 6.038700524655379 ], [ -61.383501505706754, 6.038874296117034 ], [ -61.384178449499998, 6.039039131909043 ], [ -61.384855535215848, 6.039167708752448 ], [ -61.385541727780833, 6.03927822790994 ], [ -61.386227881259835, 6.039379736334739 ], [ -61.386914759459955, 6.039237110984989 ], [ -61.387133524416548, 6.03857766430533 ], [ -61.387307141366648, 6.037899912405852 ], [ -61.388002777515773, 6.03784770724685 ], [ -61.388498176601345, 6.03832844870525 ], [ -61.389102387346675, 6.038664873161354 ], [ -61.38971752616672, 6.038341115970982 ], [ -61.390406403846491, 6.037547428888325 ], [ -61.391037718922519, 6.037856705779767 ], [ -61.391650998471945, 6.038165986354251 ], [ -61.392055908618651, 6.03872782679615 ], [ -61.39207188120524, 6.039424110639132 ], [ -61.391952453042911, 6.040111083538989 ], [ -61.391823952603914, 6.04079790974157 ], [ -61.391794816722822, 6.041494093474909 ], [ -61.392063904358018, 6.04212785015201 ], [ -61.392513956973474, 6.042662688932653 ], [ -61.393018364325307, 6.043143460798903 ], [ -61.393559056266035, 6.043579104880596 ], [ -61.394117891742553, 6.043996726478805 ], [ -61.394685794875755, 6.044387280716025 ], [ -61.395271771272398, 6.044768709618288 ], [ -61.395857855776214, 6.045141241047922 ], [ -61.396434833269822, 6.045522745300313 ], [ -61.397516499968766, 6.046285472212108 ], [ -61.397984704604667, 6.046802284295554 ], [ -61.3984437993076, 6.047319097206464 ], [ -61.398749153331259, 6.047943908303784 ], [ -61.398692878975069, 6.048640098893982 ], [ -61.398510309990215, 6.04930870082661 ], [ -61.398381816110366, 6.049995529338047 ], [ -61.398687096269548, 6.050620450956653 ], [ -61.399245907605213, 6.051037992594394 ], [ -61.399840997853268, 6.051392424179652 ], [ -61.400472478853324, 6.051683672777996 ], [ -61.401122062288714, 6.051938768016942 ], [ -61.401789963676336, 6.052130573196411 ], [ -61.402467000358008, 6.052277329806109 ], [ -61.403153825383086, 6.052161709405344 ], [ -61.403408651414722, 6.05152044915333 ], [ -61.403663437550847, 6.050870141932097 ], [ -61.404188702948247, 6.050419522684845 ], [ -61.404794916137689, 6.050077657459421 ], [ -61.405401127616656, 6.049735865658678 ], [ -61.406016271725072, 6.049421134700161 ], [ -61.406640413113159, 6.049106548561709 ], [ -61.407264631854929, 6.048800860708204 ], [ -61.407897814032843, 6.048504289476071 ], [ -61.408530886237372, 6.04821679962322 ], [ -61.409155069899931, 6.047929238950437 ], [ -61.409788140672106, 6.047641747539406 ], [ -61.410421319923415, 6.047345173180484 ], [ -61.411054500338899, 6.047057681538723 ], [ -61.411687678564192, 6.046761068540729 ], [ -61.412537923823358, 6.046356621653897 ], [ -61.412467704327291, 6.045660166891597 ], [ -61.412370341350361, 6.044972654074718 ], [ -61.412254869843849, 6.044284997311821 ], [ -61.412139471374978, 6.04359745267285 ], [ -61.412014965669933, 6.042918881822271 ], [ -61.411908604128584, 6.042231371925439 ], [ -61.411820277374261, 6.041534773377574 ], [ -61.411768134874606, 6.040847397620815 ], [ -61.411752061552654, 6.040151076336397 ], [ -61.411799206714797, 6.039454849299549 ], [ -61.411936715955576, 6.038768052814454 ], [ -61.41226367657702, 6.038163139266656 ], [ -61.41276191363292, 6.037676260325085 ], [ -61.413341095858129, 6.037289087531645 ], [ -61.413947286264396, 6.03694728592666 ], [ -61.41457141110628, 6.036641625607146 ], [ -61.415195609254681, 6.036335965418464 ], [ -61.41582862751504, 6.036057512758524 ], [ -61.416488696018135, 6.035833292525874 ], [ -61.417157697525617, 6.035645401600006 ], [ -61.417346220036556, 6.035594949408057 ], [ -61.417826590364626, 6.035466517805995 ], [ -61.418504631323152, 6.035287557839879 ], [ -61.419173520717635, 6.035099625849661 ], [ -61.419824586026586, 6.034875478367353 ], [ -61.42046671102144, 6.034596981251084 ], [ -61.421063818578467, 6.03424601565382 ], [ -61.421553078702793, 6.033750048179722 ], [ -61.421934101338778, 6.033172436264678 ], [ -61.422270079976094, 6.032558504701091 ], [ -61.422796549653739, 6.031655747928436 ], [ -61.423464431168682, 6.031847635277343 ], [ -61.424132245634183, 6.032057502482041 ], [ -61.424790986175793, 6.032267445103367 ], [ -61.425477114480429, 6.032414094742815 ], [ -61.426163470492099, 6.032452226624638 ], [ -61.426859100419733, 6.032418060851042 ], [ -61.427554758900861, 6.032356792382091 ], [ -61.428241589985845, 6.032250259128658 ], [ -61.428919414133091, 6.032116514668947 ], [ -61.42958840656447, 6.031928570292383 ], [ -61.430239421659593, 6.031686242049961 ], [ -61.430863563623191, 6.031371589948851 ], [ -61.431388784601516, 6.030920943338351 ], [ -61.431832947585796, 6.030379637717035 ], [ -61.432250032089634, 6.029820210479546 ], [ -61.432676120622283, 6.02927887257554 ], [ -61.4331923333012, 6.028810097477408 ], [ -61.433825444238423, 6.028531549691805 ], [ -61.434520959947029, 6.028506418467457 ], [ -61.435207150353243, 6.028626027696129 ], [ -61.435875027873259, 6.028799731614976 ], [ -61.436552053439044, 6.028973433177651 ], [ -61.437238205109281, 6.029083992796002 ], [ -61.437933691371349, 6.029076838048466 ], [ -61.438629417982654, 6.029015555246408 ], [ -61.439316133975431, 6.028918052062929 ], [ -61.439993952720236, 6.028793413352314 ], [ -61.440671944314005, 6.028632627367946 ], [ -61.441340818025346, 6.028444554962975 ], [ -61.442000866887291, 6.028229459215996 ], [ -61.442589021239073, 6.027860342767458 ], [ -61.443323476330079, 6.026876750127644 ], [ -61.444010191459377, 6.026788287000769 ], [ -61.444705948269053, 6.026717949880642 ], [ -61.445392560747457, 6.026656622782179 ], [ -61.446088249522809, 6.02660433862684 ], [ -61.446774898709045, 6.026543010094692 ], [ -61.447470620770282, 6.026481715138845 ], [ -61.44815730195316, 6.026402181139369 ], [ -61.448853122636095, 6.02630469996458 ], [ -61.449530969527686, 6.026171002530296 ], [ -61.450208843496348, 6.026010202467861 ], [ -61.450859810657036, 6.025785903126788 ], [ -61.451132631932751, 6.02513564216539 ], [ -61.451188796755737, 6.024448567551681 ], [ -61.451542772566349, 6.023843693994009 ], [ -61.452148922429686, 6.023501735849228 ], [ -61.452790950906753, 6.023250299273351 ], [ -61.453459990168305, 6.023044268616616 ], [ -61.454119916202309, 6.022829118768531 ], [ -61.454762010200263, 6.022559624846958 ], [ -61.455296200127087, 6.022108950240036 ], [ -61.455126501559668, 6.021439342910946 ], [ -61.455390282691233, 6.020798055365193 ], [ -61.456076327104704, 6.020935615991913 ], [ -61.456744241836724, 6.021118339038479 ], [ -61.457430422449221, 6.021219713976095 ], [ -61.457757351255708, 6.020605726165554 ], [ -61.457696072464429, 6.019909275944895 ], [ -61.458609849638904, 6.019378345071797 ], [ -61.459268632759319, 6.019606224512572 ], [ -61.459918240808697, 6.019861317913595 ], [ -61.460567850838409, 6.020116299276649 ], [ -61.461208461321007, 6.020371357645004 ], [ -61.461858072654302, 6.020626337364011 ], [ -61.462516891292047, 6.020845277847823 ], [ -61.463184841974822, 6.021018946416819 ], [ -61.463870956272899, 6.021138404537809 ], [ -61.464539954957374, 6.020941368155317 ], [ -61.464830724287665, 6.020309185005541 ], [ -61.465121566507932, 6.019677039686422 ], [ -61.465664712656974, 6.019244479936524 ], [ -61.466279853448683, 6.018920594051733 ], [ -61.466912932503888, 6.018642116327051 ], [ -61.467554981160816, 6.018381615167509 ], [ -61.46820602711017, 6.018121220592318 ], [ -61.468839105431542, 6.017842629269412 ], [ -61.469454242049686, 6.017518776640831 ], [ -61.470024425437103, 6.017113488717291 ], [ -61.470324262881093, 6.016490309037811 ], [ -61.470308110277941, 6.015793954359849 ], [ -61.470246814812398, 6.015097506029688 ], [ -61.470456462082446, 6.014437991783486 ], [ -61.471151668765565, 6.014530335271668 ], [ -61.471810447345497, 6.01474918891241 ], [ -61.472497144505695, 6.014669733596789 ], [ -61.473112271472438, 6.014336830229735 ], [ -61.473673483148396, 6.013922459209287 ], [ -61.474207650178336, 6.013480848510682 ], [ -61.474741742661365, 6.01303919931628 ], [ -61.475429771393323, 6.012489493709978 ], [ -61.475567187479662, 6.011802644840017 ], [ -61.475650352167037, 6.011115557109578 ], [ -61.475706515701738, 6.010419434876777 ], [ -61.475744570624023, 6.009723245131901 ], [ -61.475791624998116, 6.009027014416134 ], [ -61.475856790718709, 6.008339934770914 ], [ -61.475949059786707, 6.007643909446067 ], [ -61.47609544029978, 6.0069660286621 ], [ -61.476323077799847, 6.006315588128822 ], [ -61.476695086176612, 6.005719774590025 ], [ -61.477238207476638, 6.005287203076192 ], [ -61.477853322596374, 6.004963414819771 ], [ -61.478504313415108, 6.004711979178448 ], [ -61.479164315569996, 6.004496835461367 ], [ -61.479833150276342, 6.004326805395312 ], [ -61.480520032664408, 6.004193063582223 ], [ -61.48120677334682, 6.004077448922095 ], [ -61.481893454565913, 6.00399798093494 ], [ -61.482589175250524, 6.00392755477173 ], [ -61.483275755889522, 6.003875222752083 ], [ -61.483971413998752, 6.003831858832582 ], [ -61.48466703774659, 6.003797614043596 ], [ -61.485362587345207, 6.003763367415936 ], [ -61.486058210904936, 6.003729120712503 ], [ -61.486744728410102, 6.00370388519636 ], [ -61.487440351794703, 6.00366963659074 ], [ -61.488135901030084, 6.003635386146731 ], [ -61.488831557513976, 6.003592089678333 ], [ -61.489518170328495, 6.003530703232086 ], [ -61.490765036252867, 6.00338948167875 ], [ -61.491432878104931, 6.00359925973984 ], [ -61.49208254916109, 6.00383614530501 ], [ -61.492741359023839, 6.004055045979147 ], [ -61.493418329723681, 6.004219661131984 ], [ -61.49411372145282, 6.00424868791329 ], [ -61.494791493699836, 6.00412397605281 ], [ -61.495451588996687, 6.003881562023657 ], [ -61.496039642088142, 6.003521504458111 ], [ -61.496483711956827, 6.002980143660006 ], [ -61.496648172276707, 6.002302287030876 ], [ -61.496650055081624, 6.001606000679828 ], [ -61.496606800552492, 6.000918632349561 ], [ -61.496572577809445, 6.000222250872244 ], [ -61.49662863864765, 5.999526015088282 ], [ -61.496856279582104, 5.998866519917492 ], [ -61.497201114333627, 5.998270628877453 ], [ -61.497618211725595, 5.997711113946011 ], [ -61.498062241691365, 5.997178798065839 ], [ -61.4985242719887, 5.996655556565054 ], [ -61.498995377754248, 5.996141394638373 ], [ -61.499448444730497, 5.995618120091599 ], [ -61.499874429179684, 5.995067644157744 ], [ -61.500219290878178, 5.99446270538245 ], [ -61.500311528766694, 5.99377564896077 ], [ -61.499761763204312, 5.993340051270248 ], [ -61.499112027965005, 5.993103174985459 ], [ -61.498453331531891, 5.992866302667969 ], [ -61.497596157411401, 5.992556443975435 ], [ -61.497200272686229, 5.99198567864782 ], [ -61.496768218030759, 5.991432872627203 ], [ -61.496336131605062, 5.990889075138987 ], [ -61.495922186595607, 5.990336335288935 ], [ -61.495544442985015, 5.989747506272916 ], [ -61.49527525117967, 5.989104650790804 ], [ -61.495222890194334, 5.988417249256996 ], [ -61.495567752920188, 5.987812314130976 ], [ -61.496047856060578, 5.987307197554372 ], [ -61.496536960402295, 5.986811159670971 ], [ -61.496972016818901, 5.986269766754435 ], [ -61.497262725772444, 5.985637567455 ], [ -61.497499357889012, 5.98497810580844 ], [ -61.497699886240902, 5.984318437737136 ], [ -61.497882334446444, 5.983640721786398 ], [ -61.498037787085302, 5.982962944732283 ], [ -61.498156987321821, 5.98228503373293 ], [ -61.498249258907876, 5.981588932758929 ], [ -61.498323351789146, 5.98090188470035 ], [ -61.498379481256222, 5.980205725334811 ], [ -61.498417503627266, 5.979509462204503 ], [ -61.498437417659275, 5.978813206523172 ], [ -61.498421301224298, 5.978116893744479 ], [ -61.498387045729835, 5.977429448987201 ], [ -61.498316681174941, 5.976732974022474 ], [ -61.498210106207324, 5.976045411957471 ], [ -61.498022297456551, 5.975375645080661 ], [ -61.497734968489432, 5.974741882390711 ], [ -61.497402439488894, 5.974135092359038 ], [ -61.497069907397929, 5.973519255797583 ], [ -61.49667449785899, 5.97281283926456 ], [ -61.496549893318075, 5.972125174181192 ], [ -61.496371085345608, 5.971455513902113 ], [ -61.496192236949376, 5.970776806822431 ], [ -61.496049604439015, 5.970098122193939 ], [ -61.495988245955864, 5.969410726644344 ], [ -61.496116587936541, 5.968723805421405 ], [ -61.49649751022865, 5.968137058646018 ], [ -61.497022640832839, 5.967677264147697 ], [ -61.497601719981013, 5.967299007629427 ], [ -61.49820776977473, 5.966957107715438 ], [ -61.498813857531907, 5.96661505924991 ], [ -61.499537672969119, 5.966137749564709 ], [ -61.499824925261528, 5.966771509671822 ], [ -61.500076082453575, 5.967423304447797 ], [ -61.500336307906302, 5.96806612343159 ], [ -61.500632666936653, 5.968690907950721 ], [ -61.500992260676512, 5.969288710910641 ], [ -61.501670145766241, 5.969109714436301 ], [ -61.502177198298334, 5.968640839052874 ], [ -61.50282687498914, 5.968895765886844 ], [ -61.503440113825903, 5.969232084055398 ], [ -61.504026154760965, 5.969604375213081 ], [ -61.504594133267979, 5.969994803535514 ], [ -61.505162080095559, 5.97039424008214 ], [ -61.505739062402746, 5.970793746103477 ], [ -61.506316038831585, 5.971175047569227 ], [ -61.506920284733766, 5.971511329036414 ], [ -61.507551764731332, 5.971802441683204 ], [ -61.508219608478797, 5.972012234280365 ], [ -61.508905860481676, 5.972068308734073 ], [ -61.509601459069522, 5.971997881845741 ], [ -61.51027935711118, 5.971846012825342 ], [ -61.51094813412886, 5.971666895889241 ], [ -61.512132026926665, 5.971416914364002 ], [ -61.511623303109836, 5.972500706340338 ], [ -61.511964957186578, 5.973107520681372 ], [ -61.512324600300559, 5.973696269988149 ], [ -61.512593805991969, 5.974339078119543 ], [ -61.512619050061033, 5.975035498040602 ], [ -61.512427547934465, 5.975704175970724 ], [ -61.512154863956198, 5.976345494530516 ], [ -61.511891251884826, 5.976986809275738 ], [ -61.511717854938119, 5.977655590431708 ], [ -61.511697885153438, 5.978351845660274 ], [ -61.511695986092548, 5.979048129710884 ], [ -61.511703120894367, 5.979744557946914 ], [ -61.511710331082305, 5.980440875909623 ], [ -61.511735501065431, 5.981137221377451 ], [ -61.51178784580307, 5.981824694300461 ], [ -61.511867227354557, 5.982521237365585 ], [ -61.512009959921741, 5.983199808231158 ], [ -61.512233928249096, 5.98386054459953 ], [ -61.512602687314441, 5.984449439474696 ], [ -61.513152557876083, 5.984866857175333 ], [ -61.513820346238305, 5.98507671596799 ], [ -61.514506690612343, 5.985132783782614 ], [ -61.515202216775172, 5.985107542531567 ], [ -61.515897906445147, 5.985037107741499 ], [ -61.516584618631327, 5.984930380427341 ], [ -61.517262359935884, 5.984805601643835 ], [ -61.517949209792285, 5.984680892704753 ], [ -61.518635985695816, 5.984556144887432 ], [ -61.519322630294369, 5.984467579858653 ], [ -61.520352680712982, 5.984352712970427 ], [ -61.520984151288097, 5.984652892289321 ], [ -61.521407154279913, 5.985205643979403 ], [ -61.521215733961796, 5.98587432694175 ], [ -61.520906942819643, 5.986497427724901 ], [ -61.520634188400933, 5.987138862032129 ], [ -61.52053305591204, 5.987825816038982 ], [ -61.520720899917187, 5.988495501418618 ], [ -61.521017296041514, 5.989120275540338 ], [ -61.521286557112127, 5.98976315481934 ], [ -61.521311777749148, 5.990459501026399 ], [ -61.520903821936791, 5.991019068664772 ], [ -61.520387728945835, 5.991487931351825 ], [ -61.519880637668315, 5.991965872246419 ], [ -61.519941956814229, 5.992653302968219 ], [ -61.520600698732139, 5.992890258919891 ], [ -61.521277733297687, 5.993045791040547 ], [ -61.521954763947399, 5.993192275879445 ], [ -61.522622670199894, 5.993383957667256 ], [ -61.523245043892722, 5.99368410088578 ], [ -61.523749600586996, 5.994164740560324 ], [ -61.524190750751288, 5.99469946406385 ], [ -61.524604771140154, 5.995261264929932 ], [ -61.524982585283531, 5.995841026663137 ], [ -61.525342300649712, 5.996438852201995 ], [ -61.52568387622496, 5.99704565769955 ], [ -61.526016490295504, 5.997652505363971 ], [ -61.526349036393029, 5.998268324219616 ], [ -61.526672510746863, 5.998884109813918 ], [ -61.526996059504633, 5.999499933190127 ], [ -61.527337676589546, 6.000106701153249 ], [ -61.527787241620331, 6.000867605406826 ], [ -61.528282741190857, 6.001357291345999 ], [ -61.528751071147582, 6.001864859680405 ], [ -61.52920123185789, 6.002399611462041 ], [ -61.529642468566919, 6.002934368661759 ], [ -61.530092668196318, 6.003469120152364 ], [ -61.530542864291164, 6.00399482488575 ], [ -61.531011165106364, 6.004511548441082 ], [ -61.531497672751279, 6.005001199298373 ], [ -61.532029341943009, 6.005454789851943 ], [ -61.532606454909015, 6.005845221349168 ], [ -61.533237913444509, 6.006127292891627 ], [ -61.533914937099858, 6.006291854274621 ], [ -61.534610315195131, 6.006357010468832 ], [ -61.535305818293338, 6.006376972568691 ], [ -61.535992336930363, 6.006351670147621 ], [ -61.536687983424905, 6.00629025208037 ], [ -61.537374760804724, 6.006192617219044 ], [ -61.538061561962202, 6.006067768550073 ], [ -61.538739390613252, 6.0059249058182 ], [ -61.539417315598349, 6.005754941388439 ], [ -61.540086233508426, 6.005566740089734 ], [ -61.540746215719935, 6.005360525251962 ], [ -61.541406118223485, 6.005145299364054 ], [ -61.542057119443243, 6.004902828683492 ], [ -61.542708188520876, 6.004651385794595 ], [ -61.543350212771962, 6.004381742805357 ], [ -61.543983194687428, 6.004103131490521 ], [ -61.544598341062787, 6.003779151707522 ], [ -61.544746081511832, 6.002558748097493 ], [ -61.544495990887846, 6.001472873588969 ], [ -61.544381781720759, 6.000269774683315 ], [ -61.544132346352995, 5.998948814683597 ], [ -61.543891152145171, 5.997944350853213 ], [ -61.543893776392594, 5.996949582508677 ], [ -61.544280685964964, 5.997529399776097 ], [ -61.544921277739732, 5.997793397330201 ], [ -61.545616576719709, 5.997867546756657 ], [ -61.54630287698528, 5.997941700435358 ], [ -61.546907186137695, 5.998286981553944 ], [ -61.546986581533197, 5.998983520022315 ], [ -61.546939626818087, 5.999679682422131 ], [ -61.547181751343082, 6.000331423209687 ], [ -61.54761390040548, 6.000875177822551 ], [ -61.548100314322738, 6.00137385757096 ], [ -61.548604897016787, 6.001845463542799 ], [ -61.549118548884316, 6.002308018263443 ], [ -61.549641204648815, 6.002779687746377 ], [ -61.550136759843866, 6.00326026934439 ], [ -61.550605042504131, 6.003777011333889 ], [ -61.551010101011379, 6.004338759371458 ], [ -61.551360748296233, 6.00494558027988 ], [ -61.551648161053052, 6.005579351814384 ], [ -61.551908360034297, 6.006222182931598 ], [ -61.552150494079555, 6.006873921826788 ], [ -61.552599198645026, 6.008014554656481 ], [ -61.552859475445835, 6.008657275122888 ], [ -61.553092612759009, 6.009309019070844 ], [ -61.553316645348282, 6.009969813379776 ], [ -61.553531717277288, 6.010630539270997 ], [ -61.553755751894222, 6.011291259343212 ], [ -61.553988892008064, 6.011942966000409 ], [ -61.554258170028184, 6.012585828964754 ], [ -61.554554626527853, 6.013219631547442 ], [ -61.554914389136407, 6.013817437220562 ], [ -61.55532841727026, 6.01437016730593 ], [ -61.555823956673507, 6.014859826989262 ], [ -61.556391993765985, 6.015259245138139 ], [ -61.55699629429725, 6.01560444029488 ], [ -61.557636920526747, 6.015877468672698 ], [ -61.558295706168167, 6.016105255576477 ], [ -61.558972745002407, 6.016260848384706 ], [ -61.559659045125777, 6.016353076447258 ], [ -61.56034576769845, 6.016273502192053 ], [ -61.561005741393494, 6.0160400473081 ], [ -61.561620890073463, 6.015716157581306 ], [ -61.562199975896675, 6.015337824898437 ], [ -61.562734104259761, 6.014896121006637 ], [ -61.562708825896337, 6.014199737846972 ], [ -61.562782869387185, 6.013503520567059 ], [ -61.563154754446018, 6.012925735274037 ], [ -61.563598761260579, 6.01238427786329 ], [ -61.564042803719708, 6.011842857600333 ], [ -61.564495780511315, 6.011319523369867 ], [ -61.564966832946666, 6.010805299088656 ], [ -61.565437889968265, 6.010300083722765 ], [ -61.565908940499206, 6.009785858622139 ], [ -61.566379995633135, 6.00928064243621 ], [ -61.566851044259664, 6.008766416516437 ], [ -61.567530478809303, 6.008008568803852 ], [ -61.567956510771303, 6.007458036008456 ], [ -61.568409511030744, 6.006925689641683 ], [ -61.568862478913701, 6.00640235178732 ], [ -61.569315551766572, 6.005869968471339 ], [ -61.569768549611567, 6.005337583912352 ], [ -61.570194545060168, 6.004796095351978 ], [ -61.570593490747697, 6.004227409648307 ], [ -61.570947309835454, 6.00362245383842 ], [ -61.571228939147296, 6.002990068079996 ], [ -61.57133911642363, 6.002303061292597 ], [ -61.571304790848522, 6.001606684772406 ], [ -61.571207222499012, 6.000919057585385 ], [ -61.57108258348449, 6.00023144651416 ], [ -61.570957875526531, 5.999552918051662 ], [ -61.571158133067868, 5.998965625233823 ], [ -61.571490649904796, 5.999626645092974 ], [ -61.571796113684741, 6.000251421658684 ], [ -61.572137784504882, 6.00085819645914 ], [ -61.572542790501984, 6.001419926181426 ], [ -61.573128886375223, 6.001801295798386 ], [ -61.57381520651262, 6.001893504921821 ], [ -61.574510752728933, 6.001868181996723 ], [ -61.575197611622563, 6.001743395001904 ], [ -61.575848527959963, 6.001519046932183 ], [ -61.576364553845963, 6.001068182329258 ], [ -61.576267010457485, 6.000371510211208 ], [ -61.575988674155418, 5.999728739307976 ], [ -61.575755511359425, 5.999077043705263 ], [ -61.575712181873214, 5.998380599336224 ], [ -61.575885501856959, 5.997711757505694 ], [ -61.576149149474254, 5.997061362717889 ], [ -61.576485518973456, 5.996212208057965 ], [ -61.576731132429572, 5.995561638787236 ], [ -61.576940591064449, 5.99489299796919 ], [ -61.577141050728223, 5.994224325803925 ], [ -61.577323402836406, 5.993555515551294 ], [ -61.577505753596206, 5.992886779425317 ], [ -61.577706211720034, 5.992218107193422 ], [ -61.577915673016257, 5.991558512609002 ], [ -61.578170280738483, 5.99090797429294 ], [ -61.57850608477726, 5.990302951539253 ], [ -61.579139130137129, 5.990006205204391 ], [ -61.579743410679583, 5.990342325789624 ], [ -61.580247980189711, 5.990822945501854 ], [ -61.580689229487959, 5.991366666282707 ], [ -61.581085164514739, 5.991928393490891 ], [ -61.581472113254165, 5.992508144873113 ], [ -61.581840927045, 5.993106072840003 ], [ -61.582191666726189, 5.993694779679935 ], [ -61.582542418049854, 5.994301579073292 ], [ -61.582893127766944, 5.994899331454134 ], [ -61.58323477080949, 5.995506135011528 ], [ -61.583585556231753, 5.996103887863051 ], [ -61.583945272328847, 5.996710717218114 ], [ -61.58430508861327, 5.99729952903773 ], [ -61.584970926127127, 5.99830501305437 ], [ -61.585204067558941, 5.99896586150679 ], [ -61.585419139813709, 5.999626535495103 ], [ -61.585625176210044, 6.000287251987479 ], [ -61.585840323630016, 6.000947926764164 ], [ -61.586091533090126, 6.001599791804931 ], [ -61.586397016068581, 6.002224559687278 ], [ -61.586783978319907, 6.002804344766258 ], [ -61.587442791591457, 6.00302304738756 ], [ -61.58813829262288, 6.003042899703527 ], [ -61.588797179546837, 6.003261712641705 ], [ -61.589365155576523, 6.003661092342401 ], [ -61.589896944551469, 6.004105502284902 ], [ -61.590410604509103, 6.004577098182145 ], [ -61.590897137734679, 6.005075774885912 ], [ -61.59133836828056, 6.005610440444684 ], [ -61.591725338774253, 6.006190221964219 ], [ -61.591741582632125, 6.0068866823375 ], [ -61.591622433373935, 6.00757366287607 ], [ -61.591801342989946, 6.008243291875598 ], [ -61.592224516579066, 6.008796023739284 ], [ -61.592701951466857, 6.009303712994713 ], [ -61.59319747940814, 6.009784288928141 ], [ -61.593720220957458, 6.010255913657198 ], [ -61.594233885088897, 6.010718459601734 ], [ -61.594747555790192, 6.011190051443557 ], [ -61.595243161574075, 6.011670626338528 ], [ -61.595702541961465, 6.012196342869538 ], [ -61.59610755178376, 6.012767100393224 ], [ -61.596385914686842, 6.013400851838421 ], [ -61.596582941287267, 6.014070542820201 ], [ -61.596905343137401, 6.015183708004588 ], [ -61.597256046801441, 6.015781488476902 ], [ -61.597579691298016, 6.01639734197619 ], [ -61.597885234398937, 6.017022104387349 ], [ -61.598199740060423, 6.01764689716236 ], [ -61.598532454964577, 6.018253661437952 ], [ -61.598910333408632, 6.018833406045206 ], [ -61.59935155265017, 6.019377148470849 ], [ -61.599883371746394, 6.019830669230389 ], [ -61.600551436054225, 6.019995147758573 ], [ -61.601247048566144, 6.019978834822445 ], [ -61.601942742886351, 6.019917327274662 ], [ -61.602629364104864, 6.019855787046613 ], [ -61.60332480668233, 6.019920849224871 ], [ -61.603684631175682, 6.020518657690259 ], [ -61.603709965325365, 6.021215113422247 ], [ -61.603699119184753, 6.021911406617309 ], [ -61.60363412470052, 6.022598540826683 ], [ -61.603542064099521, 6.023294702235101 ], [ -61.603431925934636, 6.023981717647771 ], [ -61.603294710746248, 6.024659593274016 ], [ -61.603148383835652, 6.025337547977092 ], [ -61.60298402239826, 6.026015366409933 ], [ -61.602819771609042, 6.026693186134833 ], [ -61.602655409292019, 6.027371004559469 ], [ -61.602482077478989, 6.028039857348764 ], [ -61.602308715240632, 6.028717644896413 ], [ -61.602144388612345, 6.029395463733437 ], [ -61.601980023651329, 6.030073356274035 ], [ -61.601833805369424, 6.030751238144931 ], [ -61.601614187536683, 6.031835868121107 ], [ -61.601486040947336, 6.032513775565835 ], [ -61.601339678930287, 6.03320070215688 ], [ -61.601699540924869, 6.033789541041202 ], [ -61.602376649283805, 6.033935918804921 ], [ -61.603071991944603, 6.034046211789701 ], [ -61.603758312175685, 6.034120324378836 ], [ -61.604453774483233, 6.034185385103078 ], [ -61.605140182924266, 6.034223311440932 ], [ -61.605835695858907, 6.03425222252633 ], [ -61.606531203030471, 6.034272086236722 ], [ -61.607226747286511, 6.034291949421962 ], [ -61.60792221667478, 6.034311884926846 ], [ -61.608617798069908, 6.034331746629477 ], [ -61.609313311351933, 6.034360652929521 ], [ -61.610008787683412, 6.03438955784108 ], [ -61.610695135021899, 6.034445531538558 ], [ -61.611390598235921, 6.034510619789881 ], [ -61.612076895597383, 6.034602776421438 ], [ -61.612763174039983, 6.034722070945644 ], [ -61.613440291515992, 6.034877591530642 ], [ -61.614071912151211, 6.035168536106062 ], [ -61.614549393795016, 6.035676206175935 ], [ -61.614909200136992, 6.036264923734287 ], [ -61.615196678714248, 6.036907744346298 ], [ -61.615402731657518, 6.03756848803887 ], [ -61.615012889275562, 6.038146289099307 ], [ -61.614334939898903, 6.038307346177135 ], [ -61.613830260116664, 6.037835766884936 ], [ -61.613461380667935, 6.037247016933565 ], [ -61.613029633408331, 6.036513423113333 ], [ -61.612793090177348, 6.037172979283938 ], [ -61.612538461549434, 6.037814417389261 ], [ -61.612329032158179, 6.038483076124602 ], [ -61.612218901747163, 6.039170168696518 ], [ -61.612443093222311, 6.039821856288778 ], [ -61.612802868985256, 6.04041962159202 ], [ -61.612891471947179, 6.041116184881921 ], [ -61.612510586634038, 6.041693977398692 ], [ -61.61201246955131, 6.042190098975918 ], [ -61.611487397192832, 6.042640970858847 ], [ -61.610971255479718, 6.043100881420748 ], [ -61.610491214074742, 6.043606110280543 ], [ -61.610146413595871, 6.044211127112095 ], [ -61.609909856250425, 6.044861710168258 ], [ -61.609727498431162, 6.045539507788188 ], [ -61.609599285172081, 6.046217417387299 ], [ -61.609498150025793, 6.046904429433956 ], [ -61.609424128834469, 6.0476006555885 ], [ -61.6093591076827, 6.048296838379906 ], [ -61.60929411792231, 6.048983938141641 ], [ -61.609238094957263, 6.049680225894948 ], [ -61.609191184073794, 6.05037639744683 ], [ -61.609243668674559, 6.051063828450848 ], [ -61.609467755525372, 6.051724637428772 ], [ -61.609827609862954, 6.052322443503414 ], [ -61.610241729395199, 6.052875130837755 ], [ -61.610683064518241, 6.053418866164328 ], [ -61.611142418808022, 6.053935523673307 ], [ -61.611592817509226, 6.054461196959913 ], [ -61.61208810854319, 6.055050309590526 ], [ -61.612050231683099, 6.055737466462914 ], [ -61.611958177488404, 6.056433557645557 ], [ -61.611893188916923, 6.057120769506578 ], [ -61.611918462983269, 6.057817152458541 ], [ -61.612151667830446, 6.058477918533638 ], [ -61.61256586856409, 6.059030642231063 ], [ -61.613052365246013, 6.059529262107332 ], [ -61.613584269402111, 6.059973761389272 ], [ -61.614134235791127, 6.060400229418312 ], [ -61.61469330182841, 6.060808635920223 ], [ -61.615252301563544, 6.061226013259644 ], [ -61.615784178408333, 6.061679556311024 ], [ -61.616279822541621, 6.062169159114637 ], [ -61.616666784279452, 6.062739914740114 ], [ -61.616592770627946, 6.063436143029741 ], [ -61.616401409813683, 6.064104830173293 ], [ -61.616517083343879, 6.064783357206302 ], [ -61.6169131275539, 6.065363153635657 ], [ -61.617381572789718, 6.065879837539962 ], [ -61.61786814838004, 6.066369444594713 ], [ -61.618336595520816, 6.066886127663317 ], [ -61.618714538977564, 6.067474906792821 ], [ -61.61861341065935, 6.068162033302581 ], [ -61.618052257916943, 6.068576530491388 ], [ -61.61745512929901, 6.068918682244767 ], [ -61.616875961913266, 6.06931513527884 ], [ -61.616621396362078, 6.069956578342553 ], [ -61.616890785583088, 6.070599337620674 ], [ -61.617313927554086, 6.071152050739346 ], [ -61.617737181116041, 6.071704801895518 ], [ -61.618241457783661, 6.072348254980452 ], [ -61.617977818551815, 6.072989667466085 ], [ -61.617687062017445, 6.073621940334085 ], [ -61.617405415698116, 6.074254244961029 ], [ -61.61717786039334, 6.074913836225417 ], [ -61.617076802570914, 6.075600963767065 ], [ -61.617400436189087, 6.076216733300384 ], [ -61.617877892277697, 6.076733410795064 ], [ -61.618120218557202, 6.077385160722731 ], [ -61.618172644009825, 6.078072591712966 ], [ -61.61822511182875, 6.078769143769879 ], [ -61.618259470113649, 6.079465522200276 ], [ -61.61829385904268, 6.080152891715381 ], [ -61.618319178800888, 6.080849387499366 ], [ -61.618326425478834, 6.081545747164381 ], [ -61.618324635589346, 6.082242038792261 ], [ -61.618304769912264, 6.082938416723539 ], [ -61.618257867980461, 6.083634628383931 ], [ -61.618201928864565, 6.084330809070884 ], [ -61.618082158708376, 6.085225860820734 ], [ -61.617999665123115, 6.085704952825271 ], [ -61.617853304517517, 6.086382804212064 ], [ -61.617589737596653, 6.087033264639278 ], [ -61.617244835930428, 6.087629241488001 ], [ -61.61684591310383, 6.088198043386078 ], [ -61.616410866269838, 6.088748591249727 ], [ -61.615984812587776, 6.089290122921047 ], [ -61.615576814142415, 6.089858781205967 ], [ -61.615315679741791, 6.09027080006785 ], [ -61.615204901363896, 6.090445655528193 ], [ -61.615013528081221, 6.091114380871265 ], [ -61.615156317915947, 6.091792966029165 ], [ -61.615751686309977, 6.092156266190986 ], [ -61.61661010573323, 6.09208613890108 ], [ -61.617232693872396, 6.092386132756353 ], [ -61.617855324967614, 6.092695246892914 ], [ -61.618477821229604, 6.093022414414178 ], [ -61.618650385481629, 6.093111846175531 ], [ -61.619091423579661, 6.093340468365395 ], [ -61.619704920815195, 6.093667640898104 ], [ -61.620318418843382, 6.093994812695342 ], [ -61.620940981021988, 6.094303811001279 ], [ -61.621563616738072, 6.094612920621353 ], [ -61.622195347018831, 6.094894847734253 ], [ -61.622836102122641, 6.095158786194684 ], [ -61.623494958003384, 6.095404619034349 ], [ -61.624153974203729, 6.095614341430818 ], [ -61.624831177448527, 6.095769773517036 ], [ -61.625517584507151, 6.095843856995026 ], [ -61.626213250671533, 6.095863731668695 ], [ -61.626908953716288, 6.095829327420407 ], [ -61.627243310954931, 6.095793986579576 ], [ -61.627604816960229, 6.095758738482944 ], [ -61.62829169103351, 6.095652006874158 ], [ -61.628978535746, 6.095554172091538 ], [ -61.629485663519262, 6.095076228329924 ], [ -61.630001878422625, 6.094616297039632 ], [ -61.630397850295815, 6.095196083182501 ], [ -61.631047783744449, 6.09544187667351 ], [ -61.631608925733282, 6.095036335952018 ], [ -61.632143076750332, 6.094594629383235 ], [ -61.632650238899153, 6.094116571704783 ], [ -61.633148393154634, 6.093629473823023 ], [ -61.633637435170094, 6.093142343874422 ], [ -61.634135587517875, 6.092655245060786 ], [ -61.63470611627519, 6.092123123403897 ], [ -61.63524929999376, 6.091681333170655 ], [ -61.635585102659697, 6.091076266226237 ], [ -61.635016918513223, 6.090676897019389 ], [ -61.634385217049989, 6.09038593999716 ], [ -61.633735394101635, 6.090131031587685 ], [ -61.633085570519064, 6.089876233559716 ], [ -61.632462933594141, 6.089567138259713 ], [ -61.631903895550472, 6.089158751188297 ], [ -61.631552989079978, 6.088560989112514 ], [ -61.631509612244187, 6.087864543602891 ], [ -61.631628763320677, 6.087177548531355 ], [ -61.631829225198821, 6.08650877461829 ], [ -61.632074773030183, 6.085858283197807 ], [ -61.632338401107631, 6.085216862608166 ], [ -61.632629146437175, 6.084584543574638 ], [ -61.633001034721104, 6.083997656736964 ], [ -61.633463041399018, 6.083474324711588 ], [ -61.634042292822826, 6.083086862405331 ], [ -61.634710316219966, 6.083269388018298 ], [ -61.635278491814567, 6.08366875730791 ], [ -61.635955621170886, 6.083842266390305 ], [ -61.636624678679524, 6.08365408496595 ], [ -61.637239794299326, 6.083339072470982 ], [ -61.637828010758639, 6.082960793315873 ], [ -61.638371151305812, 6.082528046116916 ], [ -61.638842231991731, 6.082013749714739 ], [ -61.638889113185549, 6.081326471494551 ], [ -61.638719585617459, 6.080485045635188 ], [ -61.639415151135545, 6.080495817725016 ], [ -61.640110882092486, 6.080479488699448 ], [ -61.640806490692199, 6.080499342832832 ], [ -61.641429079348221, 6.080799269506208 ], [ -61.641291861303735, 6.081477270048209 ], [ -61.64094703480346, 6.082082309662321 ], [ -61.640620250952118, 6.082696456329587 ], [ -61.640428914155237, 6.083365190834843 ], [ -61.640698302830671, 6.08400801192551 ], [ -61.641238569815144, 6.084732832100046 ], [ -61.641290959803463, 6.085429306751988 ], [ -61.641280200130517, 6.086125679742819 ], [ -61.641251366654835, 6.086821954505227 ], [ -61.641249607835142, 6.087518283612208 ], [ -61.641302102764257, 6.088205713258251 ], [ -61.641535359081821, 6.088866541779348 ], [ -61.642112577860907, 6.089256813574772 ], [ -61.642780685515021, 6.089439403621286 ], [ -61.643457946853104, 6.08957675566626 ], [ -61.644153294266196, 6.089677945399086 ], [ -61.644839800469057, 6.089742957420645 ], [ -61.645535323954732, 6.089780896707359 ], [ -61.64623094597065, 6.089800706321746 ], [ -61.646926635115896, 6.089811506441075 ], [ -61.64762227453101, 6.089804175171882 ], [ -61.648317980976145, 6.08978783440753 ], [ -61.649013680774445, 6.089762446219903 ], [ -61.649700416989262, 6.089737064552797 ], [ -61.650396079614524, 6.089711674034059 ], [ -61.651091823305222, 6.089695292810164 ], [ -61.651787455420838, 6.08967894641359 ], [ -61.652483198593544, 6.089662600345047 ], [ -61.653178881006021, 6.089664345393562 ], [ -61.653874466126709, 6.08968414406036 ], [ -61.654570057575114, 6.08971302530615 ], [ -61.655256551735619, 6.089759930248904 ], [ -61.655952066322016, 6.089834003566635 ], [ -61.656629300608074, 6.08998045814704 ], [ -61.657233758175735, 6.090325573071451 ], [ -61.657747531241782, 6.090797104195635 ], [ -61.658243244007821, 6.091286704227559 ], [ -61.658820051672805, 6.091848833484073 ], [ -61.659497289482388, 6.091995284247715 ], [ -61.66018358916682, 6.092123597720264 ], [ -61.660869987101528, 6.092233781540245 ], [ -61.661556257248719, 6.092371139191617 ], [ -61.662224345824228, 6.092562749627795 ], [ -61.662747224247731, 6.093016139766251 ], [ -61.662231084585734, 6.093485151329166 ], [ -61.661687982881631, 6.093908878543489 ], [ -61.661469520483486, 6.094577567609258 ], [ -61.661956129229672, 6.095067133065816 ], [ -61.662062839154729, 6.095754779030926 ], [ -61.661817325042158, 6.096405285580374 ], [ -61.66150860161644, 6.097028553033308 ], [ -61.661172796187309, 6.097642646483471 ], [ -61.660836989516419, 6.09825677681293 ], [ -61.660537263183372, 6.098880147734767 ], [ -61.660309827485349, 6.099539723639951 ], [ -61.660253869921263, 6.100235946156977 ], [ -61.660469045621433, 6.100896631535128 ], [ -61.660765641170691, 6.101521478657425 ], [ -61.660989892495856, 6.102182194564999 ], [ -61.660870703647547, 6.102869196588639 ], [ -61.660381648204769, 6.103365399336341 ], [ -61.659910532496866, 6.103879716337329 ], [ -61.659710131921983, 6.104539382194772 ], [ -61.659627133904323, 6.105235589118207 ], [ -61.659580205852116, 6.105922758616639 ], [ -61.659569434284052, 6.106619095722744 ], [ -61.659567736761929, 6.107315500640604 ], [ -61.659566003054827, 6.108011831029475 ], [ -61.659544983375156, 6.109214574200155 ], [ -61.659723981241953, 6.109884222415439 ], [ -61.659903015335161, 6.110553982243133 ], [ -61.659630371443072, 6.111195388320124 ], [ -61.658943878504864, 6.111139406107965 ], [ -61.658373665556944, 6.111544984067997 ], [ -61.658110019713398, 6.112186419243058 ], [ -61.657891545134341, 6.112855070713042 ], [ -61.657646016946288, 6.113505613232016 ], [ -61.65721998695831, 6.11404714371616 ], [ -61.65652420034916, 6.114099681846603 ], [ -61.655837774152118, 6.113989454853278 ], [ -61.655160513845466, 6.113852119541971 ], [ -61.654483277114096, 6.113696727855634 ], [ -61.653806096090094, 6.113514085457777 ], [ -61.653138012564909, 6.113313491644631 ], [ -61.652479034547056, 6.113103881725502 ], [ -61.651820007590437, 6.112876103414427 ], [ -61.65117008536339, 6.112639383186854 ], [ -61.650520202064151, 6.112402551345269 ], [ -61.649870237399199, 6.112156782543974 ], [ -61.649220378722603, 6.111901893574292 ], [ -61.648570519843496, 6.111647077915443 ], [ -61.64792970001492, 6.111392217766803 ], [ -61.647279842439204, 6.11113740045915 ], [ -61.646629912731775, 6.110882470252148 ], [ -61.645980025548127, 6.110636734407308 ], [ -61.645330140709419, 6.110390849450032 ], [ -61.644680261740731, 6.110154121355009 ], [ -61.643606006780907, 6.109789644822596 ], [ -61.642990758382908, 6.110113710972093 ], [ -61.64239361060708, 6.110473986398728 ], [ -61.641796413285995, 6.11081605652598 ], [ -61.641163246314264, 6.111103912583481 ], [ -61.640476322982131, 6.111219744944248 ], [ -61.639871822586535, 6.110883544213513 ], [ -61.639430480120069, 6.110339832415954 ], [ -61.638980144977893, 6.109805099455924 ], [ -61.638384707263477, 6.109450983376125 ], [ -61.637716544588919, 6.109277396190314 ], [ -61.637021080038856, 6.109203298518072 ], [ -61.636325493052865, 6.109165384094186 ], [ -61.635340894060718, 6.109081478785513 ], [ -61.634896872827156, 6.10961395779657 ], [ -61.634488841779401, 6.110182668965801 ], [ -61.634098885299757, 6.110751404219074 ], [ -61.633690889475048, 6.111320115226403 ], [ -61.633246797222782, 6.111861601437942 ], [ -61.632739686056077, 6.112330577730113 ], [ -61.63211555590437, 6.112627499726269 ], [ -61.631419670540694, 6.112698057902168 ], [ -61.630724011807942, 6.112669144312553 ], [ -61.630037636035404, 6.112567966281058 ], [ -61.629360447055419, 6.112412430171303 ], [ -61.628547895290893, 6.11217527491146 ], [ -61.628033371165351, 6.112002161868923 ], [ -61.627374394103349, 6.111774315067829 ], [ -61.62672451511888, 6.111528554449448 ], [ -61.626074638485051, 6.111282644718594 ], [ -61.625424723726688, 6.111036882008612 ], [ -61.624774848354903, 6.110790970616346 ], [ -61.624106810800036, 6.110581292427239 ], [ -61.623411728733849, 6.110362512050035 ], [ -61.622877516435608, 6.110804209544802 ], [ -61.622316281608178, 6.111218823799826 ], [ -61.621836150348919, 6.111724029084812 ], [ -61.621744130348794, 6.112411079485267 ], [ -61.621977292103807, 6.113062871036092 ], [ -61.622309993198954, 6.113678670360904 ], [ -61.622642763043523, 6.114285423873634 ], [ -61.622912146450609, 6.114928181988977 ], [ -61.62302788348623, 6.11561575747333 ], [ -61.623053242425406, 6.116303209067619 ], [ -61.623033383204927, 6.116999477982751 ], [ -61.622977372896358, 6.117695660297034 ], [ -61.622921435215339, 6.118391954716222 ], [ -61.622865418463647, 6.119079090606462 ], [ -61.622836521188162, 6.119775328736985 ], [ -61.622861849174832, 6.120471826625455 ], [ -61.622959511983829, 6.121159340567217 ], [ -61.623135306540433, 6.121699053140171 ], [ -61.623174684956062, 6.121820043372306 ], [ -61.623507430296577, 6.122435842766379 ], [ -61.623903446938719, 6.123006626327443 ], [ -61.624326714424377, 6.123559336912814 ], [ -61.624786115386812, 6.124085031274542 ], [ -61.625272760237273, 6.124583680145977 ], [ -61.625768505527695, 6.125064267321921 ], [ -61.626282277911869, 6.125526822350904 ], [ -61.626814201335876, 6.125989402382502 ], [ -61.627346075834318, 6.12643392552432 ], [ -61.627878025339889, 6.126878448982229 ], [ -61.628419007797525, 6.127313919161366 ], [ -61.62895096045856, 6.127758330308403 ], [ -61.629482912763976, 6.128202852122329 ], [ -61.630005729571884, 6.128665434288927 ], [ -61.630817000489785, 6.129418144241807 ], [ -61.630996041584076, 6.130087804551298 ], [ -61.631156939162928, 6.130766485975827 ], [ -61.63129976180926, 6.131445068755738 ], [ -61.631442583549543, 6.132123762741378 ], [ -61.631621595682276, 6.132802469032827 ], [ -61.631836747865314, 6.13346316830672 ], [ -61.632106183450006, 6.13409691347506 ], [ -61.632456979424617, 6.13470379629227 ], [ -61.632853090251245, 6.13527453716129 ], [ -61.633276377328642, 6.135827277835725 ], [ -61.633708727694057, 6.136361956343643 ], [ -61.634168150009486, 6.136887642685525 ], [ -61.634636678581984, 6.137404350778787 ], [ -61.635114240198135, 6.137912005596418 ], [ -61.63560090850531, 6.138410645041808 ], [ -61.636087540733271, 6.138909283607076 ], [ -61.636565136738902, 6.139407816896288 ], [ -61.637051807912158, 6.139906454998934 ], [ -61.637520342649026, 6.140423123462243 ], [ -61.637736572732976, 6.140658873275102 ], [ -61.637979765770794, 6.140939797062752 ], [ -61.638430239085992, 6.141474496408772 ], [ -61.638862569097654, 6.142018216802227 ], [ -61.63926772453231, 6.142579937087832 ], [ -61.639636709422433, 6.143168784848832 ], [ -61.639960376614823, 6.143784542903004 ], [ -61.640103257781561, 6.144472207845495 ], [ -61.640083414455539, 6.145159432397796 ], [ -61.639955147688937, 6.145846512358158 ], [ -61.639772750672606, 6.146515242692239 ], [ -61.639554267675891, 6.14717484189079 ], [ -61.639290585874555, 6.147825315481327 ], [ -61.638837416555823, 6.148348684443377 ], [ -61.638303257270316, 6.148799521014619 ], [ -61.637678517826885, 6.149286270922325 ], [ -61.637432940042665, 6.149927721819112 ], [ -61.637160245204456, 6.150569228885967 ], [ -61.636923643517157, 6.151228765355458 ], [ -61.636795402867889, 6.151906687512443 ], [ -61.637137216423234, 6.15251346345969 ], [ -61.637833216974514, 6.152424805041921 ], [ -61.638024693978721, 6.15175610622131 ], [ -61.638648892664854, 6.151441120541824 ], [ -61.639344543894872, 6.151488115469388 ], [ -61.640030972991816, 6.15158939236937 ], [ -61.640726563386146, 6.151654477556211 ], [ -61.641413395118867, 6.1515929214158 ], [ -61.64203762853456, 6.151277931985027 ], [ -61.642544800643371, 6.150799898917795 ], [ -61.643006976014547, 6.150285603192539 ], [ -61.64350517556182, 6.149798492974591 ], [ -61.644129368426093, 6.149483500570812 ], [ -61.644806648553335, 6.149639017756662 ], [ -61.645365837416591, 6.150047430426242 ], [ -61.645870629188373, 6.150527917667822 ], [ -61.646357245705573, 6.151026583416408 ], [ -61.646862068582784, 6.151498134831487 ], [ -61.647430293273459, 6.151897492190035 ], [ -61.648107517595747, 6.152071023000296 ], [ -61.648794440315314, 6.151982318587009 ], [ -61.649454629062866, 6.151757941017891 ], [ -61.65007879684665, 6.151461033815708 ], [ -61.650685068121533, 6.151109936783239 ], [ -61.651273361184238, 6.150740575244775 ], [ -61.651852571033047, 6.150362172753299 ], [ -61.652431780016251, 6.149983769608024 ], [ -61.653544786921962, 6.149335475334135 ], [ -61.654033900151155, 6.148848323962781 ], [ -61.654523116425175, 6.148352163982758 ], [ -61.655111358451236, 6.147973862324985 ], [ -61.65576126051544, 6.148219623765126 ], [ -61.656456916071186, 6.148275604570881 ], [ -61.656774647380814, 6.147661450765853 ], [ -61.657002220410057, 6.147001875278487 ], [ -61.6573199502592, 6.146387721185537 ], [ -61.657944241440632, 6.146072713083432 ], [ -61.658640001365548, 6.14607445062338 ], [ -61.659326397586675, 6.146184673221918 ], [ -61.660003739302006, 6.146322003714093 ], [ -61.660690074846748, 6.146450390760616 ], [ -61.661385691051315, 6.146506401419683 ], [ -61.662072603896632, 6.146417678997936 ], [ -61.662732757445646, 6.146211265547696 ], [ -61.663374932568402, 6.145941615280286 ], [ -61.664017145327072, 6.145671853417964 ], [ -61.66468626721224, 6.145474587412897 ], [ -61.665373177652569, 6.145385897583329 ], [ -61.666068946068002, 6.145351439304622 ], [ -61.666764621594552, 6.145389350401741 ], [ -61.667432812619118, 6.145571871605204 ], [ -61.66795568202275, 6.146034415108852 ], [ -61.668216138698313, 6.146677120916694 ], [ -61.668413304765764, 6.147337782543701 ], [ -61.668737052325248, 6.147962680499393 ], [ -61.669296185840338, 6.148370954584103 ], [ -61.669964327712144, 6.148580685288608 ], [ -61.670641698577114, 6.148699908962422 ], [ -61.671906192000698, 6.148920072974739 ], [ -61.67245626663432, 6.149346517338998 ], [ -61.672970113327366, 6.14981807224318 ], [ -61.673493096248215, 6.150271564928842 ], [ -61.674088500738208, 6.150634834251355 ], [ -61.674775288695393, 6.150618427407337 ], [ -61.67527342097285, 6.150131285444784 ], [ -61.675636337598085, 6.149535214400609 ], [ -61.675954083476, 6.148921048914387 ], [ -61.676298987738939, 6.148315983041517 ], [ -61.676697889863377, 6.147747242734454 ], [ -61.677241133648167, 6.147305405874978 ], [ -61.677874331213239, 6.147026661557526 ], [ -61.678552429127265, 6.14684738807344 ], [ -61.679230383372818, 6.146722464727254 ], [ -61.679917419646856, 6.146606617315037 ], [ -61.680595462421323, 6.146454590972422 ], [ -61.681246585806875, 6.146220984356607 ], [ -61.68185283047621, 6.145869738862049 ], [ -61.682396006793446, 6.14544609989106 ], [ -61.682912180738498, 6.144977065820783 ], [ -61.683392282590944, 6.144471801251683 ], [ -61.683818369813629, 6.143912155307462 ], [ -61.684136102666137, 6.14329794785077 ], [ -61.684092619869752, 6.142610475751481 ], [ -61.683524368618549, 6.142202187501112 ], [ -61.682883485753933, 6.141938287496915 ], [ -61.682224488444689, 6.14171963275145 ], [ -61.680933567148116, 6.141228094282793 ], [ -61.680246687363599, 6.141298749721408 ], [ -61.679559739589791, 6.141423644893091 ], [ -61.67887273260515, 6.141521436268196 ], [ -61.678177023454289, 6.141528736433938 ], [ -61.677499772574954, 6.141364329181027 ], [ -61.676867984756953, 6.141073312864972 ], [ -61.676236226334943, 6.140773360901411 ], [ -61.675622635514415, 6.140446255760704 ], [ -61.6750271370042, 6.140092107869068 ], [ -61.674449805790005, 6.13971084400505 ], [ -61.673899702906382, 6.139284401674454 ], [ -61.673385873073883, 6.138821894568623 ], [ -61.672935365638139, 6.138287189405327 ], [ -61.672593518793583, 6.137680438274614 ], [ -61.672504860878085, 6.136992926464964 ], [ -61.672633044203081, 6.136305838257659 ], [ -61.672878600803891, 6.135655324814742 ], [ -61.67316032311907, 6.135022987332803 ], [ -61.673459972911658, 6.134390670995648 ], [ -61.673732611775549, 6.133749256304135 ], [ -61.673960157745988, 6.133089562633531 ], [ -61.674070231009338, 6.132411571509076 ], [ -61.673918350339882, 6.131732934106161 ], [ -61.673585537593979, 6.131117167461026 ], [ -61.673243696089969, 6.130510305880239 ], [ -61.673055598148167, 6.129840630909685 ], [ -61.673021161522861, 6.129144216216439 ], [ -61.673058998606116, 6.128457013746093 ], [ -61.673123980370853, 6.127760744124056 ], [ -61.673216044991449, 6.127073647756338 ], [ -61.673317139708097, 6.126377572013197 ], [ -61.673483058463034, 6.125021373528043 ], [ -61.673665507291048, 6.124343586880906 ], [ -61.673829807316331, 6.123665628101556 ], [ -61.674039234816306, 6.123005985647509 ], [ -61.674384049644857, 6.122400921381487 ], [ -61.674981269863878, 6.12204965516568 ], [ -61.675641334341698, 6.121825205966339 ], [ -61.676112390867843, 6.121328965684251 ], [ -61.675489815933958, 6.120992784820107 ], [ -61.67511169995548, 6.120413053987348 ], [ -61.675140562862914, 6.119716776193537 ], [ -61.675178389296228, 6.119020527577089 ], [ -61.675243336971079, 6.118333304251322 ], [ -61.675335426539689, 6.117637199010976 ], [ -61.675454495208186, 6.116959237955208 ], [ -61.67563693977236, 6.116281339812542 ], [ -61.675882445769552, 6.115630825481316 ], [ -61.676317458131848, 6.11508927167674 ], [ -61.67700393593914, 6.115163285784245 ], [ -61.677653842705098, 6.115409093043618 ], [ -61.678321998098397, 6.115591599442467 ], [ -61.679017917936363, 6.115520977108996 ], [ -61.679677919494353, 6.115323661355708 ], [ -61.680329055865386, 6.115062917867021 ], [ -61.680962211418446, 6.114784170356144 ], [ -61.681595419645234, 6.114478209317573 ], [ -61.682219523065079, 6.114181226185971 ], [ -61.683178353968998, 6.113749543545298 ], [ -61.683755662584709, 6.11413075961512 ], [ -61.684314777236452, 6.114548136678285 ], [ -61.684864936092723, 6.114974567722994 ], [ -61.685424081947843, 6.115382934599336 ], [ -61.686010498970397, 6.115755095251344 ], [ -61.686651320994663, 6.116027999757138 ], [ -61.687347054490111, 6.116002595824388 ], [ -61.687827169207367, 6.115506337985781 ], [ -61.688171962456622, 6.114901264672291 ], [ -61.688507747016004, 6.114287115338862 ], [ -61.688897638225221, 6.113709254399131 ], [ -61.689539766805119, 6.113448506827054 ], [ -61.690135243284168, 6.113802711044012 ], [ -61.690667242402242, 6.114256177398154 ], [ -61.691208295467753, 6.114682496819412 ], [ -61.691904027311338, 6.114657049546811 ], [ -61.692248815111526, 6.11405197349377 ], [ -61.692611685052292, 6.113455966012992 ], [ -61.693172871769967, 6.11305035719314 ], [ -61.693805973724359, 6.112762509661221 ], [ -61.694457143553095, 6.112510832006052 ], [ -61.695108215628935, 6.11227731934699 ], [ -61.695768266736749, 6.11206181638206 ], [ -61.696428420090982, 6.111837341493676 ], [ -61.697079490392063, 6.11160382630834 ], [ -61.69772160461757, 6.111334021905496 ], [ -61.698345827881475, 6.111018927676894 ], [ -61.698924992889417, 6.110640584019856 ], [ -61.699396038653305, 6.110126192876523 ], [ -61.69965955791114, 6.10948466128679 ], [ -61.699796734080685, 6.108797671355623 ], [ -61.699897796126884, 6.108110637784043 ], [ -61.700089852756172, 6.107143357454715 ], [ -61.704740877828478, 6.104233454894936 ], [ -61.704901828980098, 6.104912111025563 ], [ -61.705044816789318, 6.105590709496898 ], [ -61.705178701064803, 6.106278324136773 ], [ -61.705303472896453, 6.106966019687002 ], [ -61.705419348970494, 6.107644566870463 ], [ -61.705535121860592, 6.108332159270714 ], [ -61.70564193078679, 6.109019797223983 ], [ -61.705757704293461, 6.109707389650884 ], [ -61.705882589711102, 6.110395012384264 ], [ -61.706007468271721, 6.111073551573336 ], [ -61.706150383958352, 6.11175226043737 ], [ -61.706320413985836, 6.112430946399907 ], [ -61.706508512411773, 6.11310060765765 ], [ -61.706741857220479, 6.113752398056808 ], [ -61.707074698443918, 6.114368179112383 ], [ -61.707615735205685, 6.114803601176138 ], [ -61.708257892571282, 6.114542830228086 ], [ -61.708738014780614, 6.114037506527779 ], [ -61.709154907801377, 6.113486819262888 ], [ -61.709544774411448, 6.112908979505954 ], [ -61.709925706412278, 6.11232202782234 ], [ -61.710288450900045, 6.111735052944816 ], [ -61.710651334986203, 6.111139033050262 ], [ -61.711005070430616, 6.110542908156824 ], [ -61.711367915783661, 6.109946887381388 ], [ -61.711739768477017, 6.109359941771106 ], [ -61.712455972248904, 6.108339708969122 ], [ -61.713124079603119, 6.108549344922649 ], [ -61.713774054387564, 6.108776976429269 ], [ -61.714433103869425, 6.109004673891328 ], [ -61.715092109549332, 6.109223286524045 ], [ -61.715760241453722, 6.109414752331539 ], [ -61.716446585954387, 6.10955211022237 ], [ -61.717133186380366, 6.109598969124965 ], [ -61.717793216793993, 6.109374390968078 ], [ -61.718399399002678, 6.109032223251802 ], [ -61.719041535644585, 6.108762392247104 ], [ -61.719737165295598, 6.10880019326996 ], [ -61.72039620215714, 6.109009752927998 ], [ -61.72103704206269, 6.109291660173294 ], [ -61.721650727251259, 6.10960970126674 ], [ -61.722255289586172, 6.109954739429938 ], [ -61.722859769483755, 6.110290840764371 ], [ -61.723870452161876, 6.110826822226365 ], [ -61.72410381953592, 6.111478493279132 ], [ -61.724355299238475, 6.112130259982547 ], [ -61.724606734177243, 6.112773016760647 ], [ -61.724858215169832, 6.113424783282047 ], [ -61.725109623160733, 6.114076511795773 ], [ -61.725361134940357, 6.114719195004277 ], [ -61.725594475692368, 6.115380022845839 ], [ -61.725818772297075, 6.116031700900048 ], [ -61.726025084229278, 6.116701414534885 ], [ -61.726213172837859, 6.117371105336029 ], [ -61.726365192502534, 6.118049801261036 ], [ -61.726417739620544, 6.118746306524128 ], [ -61.726398059450645, 6.119442580043067 ], [ -61.726333180627243, 6.120129847068292 ], [ -61.726277274518154, 6.120826077633231 ], [ -61.726257630688053, 6.121522388753797 ], [ -61.726328245932969, 6.122209868817953 ], [ -61.726552590685472, 6.122870667950524 ], [ -61.726966865818106, 6.123432346214648 ], [ -61.727462714056948, 6.123921917167956 ], [ -61.727994703741636, 6.124357288264051 ], [ -61.728535852102517, 6.124801661473517 ], [ -61.729058755865708, 6.125264141066437 ], [ -61.729482176185911, 6.125816838251436 ], [ -61.729606985833705, 6.126504528870629 ], [ -61.729289319089062, 6.12711872707322 ], [ -61.728863324832098, 6.127669401650492 ], [ -61.728428394893442, 6.128211001625151 ], [ -61.728092641077538, 6.128816168718197 ], [ -61.728190410893326, 6.129503699403404 ], [ -61.728659065594506, 6.130020320484214 ], [ -61.7292001376358, 6.13045571997506 ], [ -61.729912522402451, 6.131054278372579 ], [ -61.72943247926333, 6.131559623697005 ], [ -61.728916288007476, 6.132028703962344 ], [ -61.728445244257742, 6.132534039925995 ], [ -61.7282629394482, 6.133211884677358 ], [ -61.728785954730412, 6.133665319618395 ], [ -61.729417697102129, 6.133965316540872 ], [ -61.730031344646022, 6.134283236013423 ], [ -61.730536199337486, 6.134763786446931 ], [ -61.730869083302849, 6.135379552831076 ], [ -61.731102469730288, 6.136031333102646 ], [ -61.73130871464997, 6.136691998260876 ], [ -61.731542074131887, 6.137352750327565 ], [ -61.731838817028091, 6.137977446742179 ], [ -61.73229841631732, 6.13850308186939 ], [ -61.732930203842422, 6.138803074931411 ], [ -61.733580226359123, 6.139030681502469 ], [ -61.734175763720387, 6.139384834530504 ], [ -61.73432772743336, 6.140063454206116 ], [ -61.734091256783849, 6.14072307272268 ], [ -61.733818689350102, 6.141364631501254 ], [ -61.73367254134363, 6.142042557352596 ], [ -61.733996321728441, 6.142658292209582 ], [ -61.734555582935215, 6.143075652518242 ], [ -61.735132991708163, 6.143447838817327 ], [ -61.735592570492535, 6.143982517237509 ], [ -61.735563826357456, 6.144678800161896 ], [ -61.735300261038496, 6.145320277200797 ], [ -61.734946493707149, 6.145916346104705 ], [ -61.734565631382175, 6.146494272472053 ], [ -61.734193777033532, 6.147081310668776 ], [ -61.733740227298611, 6.14781275255756 ], [ -61.734290426450073, 6.148239167518542 ], [ -61.734822426783175, 6.14869262479685 ], [ -61.735345464771143, 6.149145979314488 ], [ -61.735913793209079, 6.149545274638125 ], [ -61.736545588485605, 6.149836216909631 ], [ -61.737241217723096, 6.149892123201957 ], [ -61.737919313991078, 6.149730937205595 ], [ -61.73856146300259, 6.149470126659123 ], [ -61.739203638912031, 6.149200380429091 ], [ -61.739863793454703, 6.148984820132871 ], [ -61.740559647717824, 6.14892315813893 ], [ -61.741227907033874, 6.14910558226684 ], [ -61.741850609036746, 6.149414581255666 ], [ -61.742437105667896, 6.149786788601784 ], [ -61.74299630846955, 6.150204064796507 ], [ -61.743546555472989, 6.150630433105211 ], [ -61.744105759277687, 6.15104778223828 ], [ -61.744683155432618, 6.151429003923131 ], [ -61.745296907377828, 6.151746943175061 ], [ -61.745965068503004, 6.151938480461167 ], [ -61.746660845125568, 6.151949143365848 ], [ -61.747347828502974, 6.151824083199831 ], [ -61.748008010824371, 6.151599540283896 ], [ -61.748641212680418, 6.151320633526854 ], [ -61.749256405217551, 6.150996548580225 ], [ -61.749853533141653, 6.150645192331497 ], [ -61.750441781945696, 6.150266669321992 ], [ -61.751012008948457, 6.149870144472438 ], [ -61.751600181488534, 6.149491656363429 ], [ -61.751917835628262, 6.1488774060688 ], [ -61.751938268960764, 6.147873561054073 ], [ -61.751994142775978, 6.147177326256513 ], [ -61.752004788959525, 6.14648091089295 ], [ -61.752033482417211, 6.145793635958076 ], [ -61.75219772026022, 6.145115762274005 ], [ -61.752614657227333, 6.144555992214165 ], [ -61.753148829833869, 6.144114082769568 ], [ -61.753736965947553, 6.143744601338774 ], [ -61.754361155584341, 6.143429585023283 ], [ -61.755003288137374, 6.143168753706993 ], [ -61.755663427250639, 6.14295324701135 ], [ -61.756341500684314, 6.142782915739321 ], [ -61.757028448421941, 6.142676009223244 ], [ -61.757715344987233, 6.142632388957177 ], [ -61.758410997957199, 6.142643034420701 ], [ -61.759106685233661, 6.142689864935838 ], [ -61.75980227010664, 6.142745739734215 ], [ -61.760488899696142, 6.142810632450218 ], [ -61.761844048711218, 6.142904172186344 ], [ -61.762430478420818, 6.143276355325183 ], [ -61.763026021190697, 6.14364856705822 ], [ -61.763612481019237, 6.144011702762949 ], [ -61.764208083117651, 6.144365746815713 ], [ -61.764803648171053, 6.144719863896662 ], [ -61.765408223848915, 6.145083054749402 ], [ -61.766003717348305, 6.145437095452878 ], [ -61.766599321955475, 6.145791210865339 ], [ -61.767194890357416, 6.146145325164662 ], [ -61.767790386355017, 6.146499363789943 ], [ -61.768385965157805, 6.146862523208538 ], [ -61.768981507776488, 6.147225681514823 ], [ -61.769567986032911, 6.147597745695383 ], [ -61.7701544264349, 6.147969957068004 ], [ -61.770740950972424, 6.148351178044695 ], [ -61.771318335851923, 6.148741415322203 ], [ -61.771886693037153, 6.149140596050547 ], [ -61.772445946782717, 6.149548867704032 ], [ -61.773005247286292, 6.149966185676704 ], [ -61.77355544479996, 6.150392557545701 ], [ -61.77408758567023, 6.150836854179031 ], [ -61.774583497448567, 6.151317333382299 ], [ -61.775052182625735, 6.151833911842528 ], [ -61.775484593658703, 6.152377552001299 ], [ -61.775899020859697, 6.152939229279128 ], [ -61.776304344223369, 6.153510034934714 ], [ -61.776691556100658, 6.154080672297622 ], [ -61.777078814780033, 6.154660356314761 ], [ -61.777475140398174, 6.155231059203851 ], [ -61.778177676238421, 6.156191331558614 ], [ -61.778809550884546, 6.156491193929211 ], [ -61.779423255474015, 6.15680916516059 ], [ -61.780037044693238, 6.157136108861571 ], [ -61.780650731704846, 6.157472171219866 ], [ -61.781255381155063, 6.157808204743047 ], [ -61.781869070626897, 6.158144191495984 ], [ -61.782473721687978, 6.158480223576909 ], [ -61.783096469382393, 6.158798218467472 ], [ -61.783719283764974, 6.159107092781631 ], [ -61.784351146452742, 6.159388929401165 ], [ -61.784992105104351, 6.159652626938357 ], [ -61.785651252396164, 6.159880269472638 ], [ -61.786319514429195, 6.160071680222297 ], [ -61.78700597510953, 6.160199859656352 ], [ -61.787701913118703, 6.160138133561938 ], [ -61.788362050925954, 6.159913574473953 ], [ -61.788986258831031, 6.159616459798011 ], [ -61.789601436460302, 6.15929225143222 ], [ -61.790225595453649, 6.158986199520157 ], [ -61.790867729258665, 6.158725322368737 ], [ -61.791545736193576, 6.158591239694898 ], [ -61.792241578669014, 6.158583747683513 ], [ -61.792937244415278, 6.158657670391555 ], [ -61.793623723520568, 6.158767748222145 ], [ -61.794310220731127, 6.158859806657563 ], [ -61.79500598926078, 6.158888495633663 ], [ -61.795692951934441, 6.158781425246082 ], [ -61.79636207644662, 6.158584022270039 ], [ -61.797004242784467, 6.158323211890562 ], [ -61.79763748162182, 6.158026151450795 ], [ -61.798252624427569, 6.157710941614388 ], [ -61.798867792974619, 6.157386796155318 ], [ -61.799908100575948, 6.156882659986799 ], [ -61.80056726091005, 6.157083069775021 ], [ -61.80124460936814, 6.157247349815531 ], [ -61.801922031092445, 6.157411740997428 ], [ -61.802590166971115, 6.15762118448863 ], [ -61.803222111968147, 6.157903035399226 ], [ -61.803781475565387, 6.158311199322855 ], [ -61.804259253681899, 6.158809686037466 ], [ -61.804691785488217, 6.159362348814811 ], [ -61.805088033953567, 6.159933103124375 ], [ -61.805448195676213, 6.160530812298274 ], [ -61.805799319812522, 6.161128493580133 ], [ -61.806132201088857, 6.161744247347174 ], [ -61.806465185294208, 6.162350918586926 ], [ -61.806807282428807, 6.162957655177522 ], [ -61.807239415421847, 6.163655090968239 ], [ -61.807699143878494, 6.164171612369409 ], [ -61.808185969463942, 6.164670160260519 ], [ -61.808627641281447, 6.165204755719383 ], [ -61.808942461512224, 6.165829462026702 ], [ -61.809040347827079, 6.166517015915415 ], [ -61.809038819039479, 6.167213386871166 ], [ -61.809091437218513, 6.167900950252376 ], [ -61.809370198021234, 6.168543676938206 ], [ -61.80979365862563, 6.169087261169926 ], [ -61.81030773636963, 6.169567761497987 ], [ -61.810912420774564, 6.169903685671482 ], [ -61.811608204011257, 6.169896203234575 ], [ -61.812277346941677, 6.169707788498132 ], [ -61.812937394268261, 6.169501288965765 ], [ -61.813588597333215, 6.16926751278976 ], [ -61.814248763046379, 6.169033873665501 ], [ -61.81489090678204, 6.168782012347386 ], [ -61.815542077621679, 6.168521242397663 ], [ -61.816175236400703, 6.168251259770634 ], [ -61.816817459254992, 6.167972368929418 ], [ -61.817450671523375, 6.167684292514275 ], [ -61.818083844367614, 6.167396363178133 ], [ -61.818716981115713, 6.167108284354692 ], [ -61.819341215454401, 6.166811280759104 ], [ -61.819974415178081, 6.166514154688448 ], [ -61.820598575214746, 6.166217037506833 ], [ -61.82123177221041, 6.165920021084797 ], [ -61.821855921086339, 6.16561385584709 ], [ -61.8224801517418, 6.16531684840389 ], [ -61.82311327367573, 6.165019717598337 ], [ -61.82374647742374, 6.164731744564316 ], [ -61.824379681282579, 6.164443696601118 ], [ -61.82563695591957, 6.163885736929606 ], [ -61.826332832433188, 6.163869151892535 ], [ -61.827028679136689, 6.163825463426153 ], [ -61.827715625182712, 6.163772738954234 ], [ -61.828411444402647, 6.163738094683189 ], [ -61.829107320622484, 6.163721505827267 ], [ -61.82980299610049, 6.16375922925954 ], [ -61.830489510238316, 6.163887313023394 ], [ -61.830931158025869, 6.164412842039163 ], [ -61.83132749760648, 6.165001595272691 ], [ -61.831923059781275, 6.165355632939868 ], [ -61.832527736217827, 6.165709623783706 ], [ -61.833132439402739, 6.166054679024494 ], [ -61.833737170963381, 6.166390650378665 ], [ -61.834341839990188, 6.166735592560526 ], [ -61.834946572751626, 6.167071599553384 ], [ -61.835560308240645, 6.167407595471384 ], [ -61.836165043857008, 6.167743489808792 ], [ -61.836769714909238, 6.168088540328928 ], [ -61.837383452840449, 6.168424534055252 ], [ -61.837988163819588, 6.168769472335524 ], [ -61.838583835798296, 6.169114494039444 ], [ -61.839188548419038, 6.169459430898918 ], [ -61.839784130929296, 6.169822542993842 ], [ -61.840379815806465, 6.170176572051317 ], [ -61.840966334400122, 6.170548701832107 ], [ -61.841552966218863, 6.170920720972585 ], [ -61.842139469602749, 6.171310942031421 ], [ -61.842707934090384, 6.171701071764919 ], [ -61.843276372901393, 6.172100209902021 ], [ -61.843835719225339, 6.172517486781341 ], [ -61.844367879774389, 6.172970866977471 ], [ -61.844872945506111, 6.173442258784193 ], [ -61.84535985364176, 6.173940771583062 ], [ -61.845828594914664, 6.174457284768149 ], [ -61.84628837212486, 6.174973808499083 ], [ -61.846730018658612, 6.175508407257158 ], [ -61.847180742284202, 6.176042995909659 ], [ -61.847622354065855, 6.176577556438323 ], [ -61.848073005503998, 6.177112143501836 ], [ -61.848830270193247, 6.177973010725558 ], [ -61.849280924148466, 6.178507596757667 ], [ -61.849704519783266, 6.179060232313192 ], [ -61.850200456864208, 6.179540637378973 ], [ -61.850814218414108, 6.179876540896374 ], [ -61.851437098781311, 6.180185443404105 ], [ -61.85205997091834, 6.180485187414613 ], [ -61.852691918383194, 6.180785069110091 ], [ -61.853323921412077, 6.181066746589699 ], [ -61.853964942588135, 6.181330431176635 ], [ -61.854624085706554, 6.181566992713403 ], [ -61.8552924118869, 6.181767433212854 ], [ -61.855969880621636, 6.181895492400968 ], [ -61.856665604106773, 6.181951234886665 ], [ -61.857289788357768, 6.181645026012455 ], [ -61.857553255080219, 6.181003484286257 ], [ -61.857726365237063, 6.180325564026393 ], [ -61.857890510242008, 6.179647617833754 ], [ -61.858135888547309, 6.178996864690435 ], [ -61.858796056739138, 6.178772213776747 ], [ -61.859418903989209, 6.179081068945564 ], [ -61.859978335861342, 6.179489208305239 ], [ -61.860510507808392, 6.179933525179369 ], [ -61.861033725965953, 6.180386899253768 ], [ -61.861574975614509, 6.180831242115968 ], [ -61.862152504561344, 6.181221376873466 ], [ -61.862820823255305, 6.181412723822441 ], [ -61.863318916423495, 6.18092535980215 ], [ -61.863501031009804, 6.180256510308356 ], [ -61.863620000607433, 6.179569420080957 ], [ -61.863747935795217, 6.178882244438737 ], [ -61.863921483548843, 6.178014426769078 ], [ -61.864094622436724, 6.177336393651019 ], [ -61.864285810877881, 6.17666753397817 ], [ -61.864106556354301, 6.175997918405854 ], [ -61.863583339980494, 6.175544547632194 ], [ -61.863005816405725, 6.175154414643193 ], [ -61.86240111821413, 6.174809469493053 ], [ -61.861787302673157, 6.17449159821727 ], [ -61.861164385955668, 6.174182708155578 ], [ -61.86053254121358, 6.173873903103885 ], [ -61.859918701723068, 6.173565038612637 ], [ -61.859304867703194, 6.173229145451202 ], [ -61.858709240497951, 6.172875102381641 ], [ -61.858149817781758, 6.172466887641237 ], [ -61.85762673747746, 6.171995456489761 ], [ -61.857185119130854, 6.171460904851575 ], [ -61.856852031545216, 6.170854229184275 ], [ -61.856618493122582, 6.170193533478804 ], [ -61.856466256503111, 6.169523920335069 ], [ -61.856350302967044, 6.16883624867573 ], [ -61.856270418792356, 6.168139710846266 ], [ -61.856199621146693, 6.167452209651297 ], [ -61.856110700097481, 6.166755533887696 ], [ -61.856003748339404, 6.166067962757484 ], [ -61.855925749932325, 6.165744053889159 ], [ -61.855842511884184, 6.165398360324909 ], [ -61.855599940030842, 6.164737526401724 ], [ -61.855266895806324, 6.16413085036335 ], [ -61.854843417295044, 6.163578258296681 ], [ -61.854356472747746, 6.163079754545798 ], [ -61.853842380319939, 6.162617392237336 ], [ -61.853319222759957, 6.162164122850958 ], [ -61.852318222176834, 6.161230393398442 ], [ -61.85213887823808, 6.160560735926467 ], [ -61.851715406125699, 6.160008141368847 ], [ -61.851047136905599, 6.1597986503172 ], [ -61.850378797507481, 6.159625380258499 ], [ -61.849692348008062, 6.159488277856807 ], [ -61.849014858351737, 6.159378191418468 ], [ -61.848319236771907, 6.159286290752495 ], [ -61.847632610637312, 6.159221517674706 ], [ -61.846936892887427, 6.159174771863801 ], [ -61.846241222017539, 6.159137109091451 ], [ -61.845545379584571, 6.159144675430646 ], [ -61.844849557747473, 6.159170296763109 ], [ -61.844153618363791, 6.159223017942466 ], [ -61.843466726903223, 6.159284848731335 ], [ -61.842770769893164, 6.159355697685784 ], [ -61.842083851510672, 6.159426535622233 ], [ -61.841387893283908, 6.159497456815151 ], [ -61.840701028125423, 6.159550237750731 ], [ -61.840005141422289, 6.159584898097971 ], [ -61.839309345736929, 6.159601465708958 ], [ -61.838613546671077, 6.159581883802748 ], [ -61.837917845928494, 6.159517070041751 ], [ -61.837231357010715, 6.159406978212425 ], [ -61.836572132150636, 6.159197569273362 ], [ -61.835985619990176, 6.158816388156681 ], [ -61.835480614158023, 6.158344988329568 ], [ -61.835020890183046, 6.157819409225097 ], [ -61.834588373552577, 6.157275819379779 ], [ -61.834155820811624, 6.156732228769099 ], [ -61.833416590434702, 6.155916663021443 ], [ -61.833038342094902, 6.155337012632157 ], [ -61.832632952077397, 6.154766363609662 ], [ -61.832236601702697, 6.154195704399648 ], [ -61.831885452416138, 6.153597930545706 ], [ -61.831651927351963, 6.152946270146634 ], [ -61.831816061350246, 6.152268333196326 ], [ -61.83212464586348, 6.151644959522888 ], [ -61.832090027701653, 6.150948406737201 ], [ -61.831675613885736, 6.150386776434677 ], [ -61.831179638995806, 6.149897306765905 ], [ -61.830656588938929, 6.149444015146471 ], [ -61.83013345673335, 6.148981601522817 ], [ -61.829637521748658, 6.148492130804295 ], [ -61.829241189482381, 6.14793051599628 ], [ -61.829134279012209, 6.14724286590886 ], [ -61.829240389423113, 6.146946748767699 ], [ -61.829370592281556, 6.146583165152924 ], [ -61.829778444017542, 6.146023304577593 ], [ -61.830249426384768, 6.14550882761805 ], [ -61.830747515584079, 6.145021496828407 ], [ -61.831245576229634, 6.144543248722268 ], [ -61.831734568200808, 6.144037833441026 ], [ -61.832178459526382, 6.143514227083844 ], [ -61.832550261444126, 6.142918108370662 ], [ -61.832768602742107, 6.142258390183221 ], [ -61.832869491893803, 6.141571254142591 ], [ -61.832880027155646, 6.140874800291383 ], [ -61.832827267128827, 6.140187350615517 ], [ -61.832729380761677, 6.139490756485318 ], [ -61.832604401139861, 6.138812099688173 ], [ -61.832470335663317, 6.138124480010492 ], [ -61.832327205375272, 6.137445879229294 ], [ -61.832220255060726, 6.136758304036297 ], [ -61.832095606903366, 6.135907843769775 ], [ -61.831898333419261, 6.135238164239043 ], [ -61.831655706010444, 6.134586365456061 ], [ -61.831431292589812, 6.133925650297435 ], [ -61.83130626793983, 6.133238057758483 ], [ -61.831470405875145, 6.13256916836896 ], [ -61.832049524877341, 6.132181477200596 ], [ -61.832709580666446, 6.131965795512363 ], [ -61.833378682873267, 6.131759260766782 ], [ -61.834002828418384, 6.131462202310121 ], [ -61.834383566784027, 6.130884127528015 ], [ -61.8344935164859, 6.130187972807558 ], [ -61.834494983038596, 6.129500649649489 ], [ -61.834458254238712, 6.129015774638579 ], [ -61.834442249956169, 6.128804080501879 ], [ -61.834344410932637, 6.128116497107316 ], [ -61.834237422397898, 6.12742895947522 ], [ -61.834121470817806, 6.12674135846353 ], [ -61.834014558608949, 6.126053673403836 ], [ -61.833934711903048, 6.125357134133989 ], [ -61.83390906583805, 6.124669729762048 ], [ -61.833946712643453, 6.123973358233888 ], [ -61.834183082859056, 6.123313657190191 ], [ -61.834771219682153, 6.122953129375653 ], [ -61.835440282036572, 6.122755638115456 ], [ -61.83610029617504, 6.122549072368363 ], [ -61.836679409714748, 6.122170459749432 ], [ -61.837006055740822, 6.121556148099153 ], [ -61.837170173227463, 6.120878136827454 ], [ -61.837261940367434, 6.120190973083599 ], [ -61.837308693168382, 6.119494703615119 ], [ -61.837328221683606, 6.118798351650753 ], [ -61.83735682568075, 6.118101953092226 ], [ -61.837440404112968, 6.117043944797518 ], [ -61.837288309555994, 6.116365320247452 ], [ -61.837118103116111, 6.115686641075791 ], [ -61.836929758203716, 6.115016916260642 ], [ -61.836732412807578, 6.114347201790938 ], [ -61.836535040434796, 6.113686570416764 ], [ -61.836328695120741, 6.113016866237011 ], [ -61.836140426316788, 6.112347142101282 ], [ -61.835952083524631, 6.111677454172091 ], [ -61.835781889974683, 6.111007858355982 ], [ -61.835638791256763, 6.110320102656245 ], [ -61.835540879693738, 6.109632556733569 ], [ -61.835497156816636, 6.108945136115534 ], [ -61.83554387438479, 6.108248829952823 ], [ -61.835744112762761, 6.107579937364556 ], [ -61.836305140863523, 6.107174206508225 ], [ -61.836983122147103, 6.10702186007688 ], [ -61.837678990959191, 6.106969111902882 ], [ -61.838374761822315, 6.106961556420726 ], [ -61.839070414514204, 6.106981137749623 ], [ -61.839766168356668, 6.106991672889334 ], [ -61.841085496986373, 6.106922173017769 ], [ -61.841754518754811, 6.106742766190398 ], [ -61.842423484142337, 6.106545153902724 ], [ -61.843083574929985, 6.106329571144869 ], [ -61.843743537589312, 6.106132041750992 ], [ -61.844421623010966, 6.10594350111327 ], [ -61.845099619586982, 6.105809310902331 ], [ -61.845795438735031, 6.105747504670873 ], [ -61.846481992550444, 6.105812242915117 ], [ -61.847077606407112, 6.106166299499567 ], [ -61.84756448948194, 6.106664771095683 ], [ -61.848033171563777, 6.107181205590336 ], [ -61.848565304252553, 6.107634579642325 ], [ -61.849233583771415, 6.107816972047628 ], [ -61.849902605076117, 6.107637443211024 ], [ -61.850517680152869, 6.107313199042528 ], [ -61.851123808064315, 6.106970798505458 ], [ -61.851756896908562, 6.106691800608641 ], [ -61.852443787014792, 6.106593699996353 ], [ -61.853139530354554, 6.10659517025319 ], [ -61.853835139825335, 6.106641869860807 ], [ -61.85452171518714, 6.106724801352875 ], [ -61.855217164463824, 6.106825775430369 ], [ -61.855903725100795, 6.106926686372348 ], [ -61.856590201217372, 6.107018586150523 ], [ -61.857285758574932, 6.107083336065012 ], [ -61.85797242205976, 6.107111911531645 ], [ -61.858668171708523, 6.107086272236271 ], [ -61.859355134256049, 6.106988237197121 ], [ -61.860033160445482, 6.106817878940076 ], [ -61.860675255828788, 6.10654786848702 ], [ -61.861227279464934, 6.106123917062818 ], [ -61.861598993104771, 6.105536824764265 ], [ -61.862043464672062, 6.104705735991116 ], [ -61.861936519201244, 6.104018058048136 ], [ -61.861811423483573, 6.103330474263474 ], [ -61.861731589980103, 6.102642950468855 ], [ -61.861796308629614, 6.101946695148915 ], [ -61.862231185718123, 6.101404871611633 ], [ -61.862891134491527, 6.10120731729991 ], [ -61.863586689377954, 6.101308243984428 ], [ -61.864254908029785, 6.10147252307928 ], [ -61.864923106988741, 6.10168188454192 ], [ -61.865582305740212, 6.10189125601832 ], [ -61.86625957367675, 6.10206460553284 ], [ -61.866946002908826, 6.102183592729422 ], [ -61.867641792875204, 6.102166987977673 ], [ -61.868247903462304, 6.101824529983203 ], [ -61.868763871733641, 6.101364317161575 ], [ -61.869324966650481, 6.100949541705981 ], [ -61.869993924176491, 6.100760939497682 ], [ -61.870689886839386, 6.100671961675433 ], [ -61.871376669019376, 6.100619140228877 ], [ -61.872072483139682, 6.100593483322426 ], [ -61.872768170659221, 6.10058587967921 ], [ -61.873463942839123, 6.100587322373569 ], [ -61.874159651164938, 6.100597846826716 ], [ -61.874855349295267, 6.100599286781365 ], [ -61.875551121499527, 6.100600726602795 ], [ -61.876328182662988, 6.100593319101137 ], [ -61.88187871659094, 6.1036076017192 ], [ -61.881714739036831, 6.104285590311016 ], [ -61.882038711880412, 6.104901266006104 ], [ -61.882516526993413, 6.105408760308592 ], [ -61.882985343055282, 6.105916191242862 ], [ -61.883463160074413, 6.106423684693119 ], [ -61.883941052122054, 6.106931178536022 ], [ -61.884436961853211, 6.107420594021856 ], [ -61.884932946202859, 6.107910046934268 ], [ -61.885437947771216, 6.108381395592171 ], [ -61.885970153062082, 6.108834656581052 ], [ -61.886511400501412, 6.109260878365126 ], [ -61.887088840860535, 6.109660028728935 ], [ -61.887684498494345, 6.110023084054399 ], [ -61.888307305791152, 6.11032278192013 ], [ -61.88899374050672, 6.110432692780163 ], [ -61.889689671754631, 6.110370827336827 ], [ -61.890358654735344, 6.110200402197202 ], [ -61.891000737416832, 6.109930427290052 ], [ -61.891588807311734, 6.109560787279257 ], [ -61.89207779029757, 6.109064362279526 ], [ -61.892404286600133, 6.10845001465694 ], [ -61.892631537164149, 6.107790149781255 ], [ -61.892786574457297, 6.107112169651049 ], [ -61.892896412641164, 6.106425049600739 ], [ -61.892979101133719, 6.105737850854849 ], [ -61.893061890367264, 6.105041532752324 ], [ -61.893171690693237, 6.104354412349366 ], [ -61.893308774488197, 6.10359500134279 ], [ -61.893463762817944, 6.102907863146315 ], [ -61.893582647531822, 6.102229815749961 ], [ -61.893710558742725, 6.101542710909998 ], [ -61.893856519098939, 6.100864630164883 ], [ -61.894074688747232, 6.100204849773739 ], [ -61.894392239692699, 6.099581430002747 ], [ -61.895043319292014, 6.099320411120085 ], [ -61.895730189782839, 6.099222362959953 ], [ -61.896309205231766, 6.098852802947872 ], [ -61.896762127997469, 6.098320085465653 ], [ -61.897124710157854, 6.097723820377041 ], [ -61.897360960239887, 6.097073100192008 ], [ -61.897362367375024, 6.096376732632982 ], [ -61.897264375125367, 6.095689162402644 ], [ -61.897148346474118, 6.095001466412163 ], [ -61.897023242624051, 6.094313855209321 ], [ -61.896880075259539, 6.093635275490962 ], [ -61.896736909509137, 6.092956584560018 ], [ -61.896575631862461, 6.092277915287736 ], [ -61.896414354237848, 6.091599283074584 ], [ -61.89623505072079, 6.090929645639528 ], [ -61.896064774660083, 6.090250913622033 ], [ -61.895876360849726, 6.089581249272484 ], [ -61.895697058758429, 6.088911611765011 ], [ -61.895508646753001, 6.088241873215946 ], [ -61.895320234425363, 6.087572208777557 ], [ -61.895131896253709, 6.086902582200426 ], [ -61.894943484922464, 6.086232917700942 ], [ -61.894764186070553, 6.085563205919574 ], [ -61.894584801816301, 6.084884520976846 ], [ -61.894405503095413, 6.084214883289939 ], [ -61.894190444610423, 6.083346126207227 ], [ -61.894191856066676, 6.082649759495576 ], [ -61.894157156439583, 6.081953288923199 ], [ -61.8941133470559, 6.081256680279169 ], [ -61.894051473123163, 6.080569214250017 ], [ -61.893998736882864, 6.079872692046034 ], [ -61.893954927486696, 6.079176120590125 ], [ -61.893947313265556, 6.078488774511587 ], [ -61.893975873758656, 6.077792412624548 ], [ -61.894067656962136, 6.077096121726456 ], [ -61.894231583125801, 6.076427176781949 ], [ -61.894485937860289, 6.075776511735405 ], [ -61.89478538776774, 6.075144031537801 ], [ -61.895120944666758, 6.074538682762653 ], [ -61.895483473880972, 6.073942493842097 ], [ -61.89586420952218, 6.073364413849267 ], [ -61.896271917774946, 6.072795456530574 ], [ -61.896688647394818, 6.072244580360228 ], [ -61.897132460644833, 6.071702827989009 ], [ -61.897585221175859, 6.071179155863883 ], [ -61.898056102507141, 6.070664582233985 ], [ -61.898536031167993, 6.070159043566072 ], [ -61.899024906716015, 6.069671622117133 ], [ -61.899531828968051, 6.069193298218017 ], [ -61.90003875026261, 6.068714973832261 ], [ -61.900563691881601, 6.068254830026065 ], [ -61.901106740641225, 6.067821765723188 ], [ -61.901703702171332, 6.067470232926137 ], [ -61.902336724902675, 6.067200219101852 ], [ -61.902996692374906, 6.066975363725398 ], [ -61.90366566532483, 6.066786829562012 ], [ -61.904343649889867, 6.066607255234216 ], [ -61.905012596403289, 6.066427728256152 ], [ -61.90594383463727, 6.066131202719192 ], [ -61.906531869012909, 6.065752463652407 ], [ -61.907128872582945, 6.065409971368031 ], [ -61.907734912482589, 6.065067467155448 ], [ -61.908340950744041, 6.064725036368395 ], [ -61.908937929800686, 6.064364412029832 ], [ -61.909507937206861, 6.063967600015426 ], [ -61.910032939367326, 6.063507447401935 ], [ -61.910485716266358, 6.062983764537141 ], [ -61.910794113750043, 6.062360235812164 ], [ -61.91096714953683, 6.061682266939683 ], [ -61.911058879894128, 6.060995094180292 ], [ -61.911132537534812, 6.060307795758073 ], [ -61.911206182463843, 6.0596115621464 ], [ -61.911352069872734, 6.058933515589562 ], [ -61.911615404695063, 6.0582919147979 ], [ -61.912113292800122, 6.057804507010329 ], [ -61.912728331509967, 6.057471031773922 ], [ -61.913361361575667, 6.057191958377947 ], [ -61.914012325514697, 6.056949008121252 ], [ -61.914672332944249, 6.056742342209426 ], [ -61.915350300161464, 6.056562753291725 ], [ -61.916028189096934, 6.056410375680551 ], [ -61.916706089007228, 6.056267043595237 ], [ -61.917392948600686, 6.056150837267219 ], [ -61.918079808696071, 6.056034555865757 ], [ -61.918766716110319, 6.055927394514986 ], [ -61.919453523161977, 6.055829314508007 ], [ -61.920140355943737, 6.055722150474728 ], [ -61.920827273954636, 6.055624032759037 ], [ -61.921514106983999, 6.055516792720126 ], [ -61.922200990007767, 6.055391533843495 ], [ -61.922878861268785, 6.055257239516643 ], [ -61.923583893284032, 6.055104891825248 ], [ -61.924270462043545, 6.055169562007007 ], [ -61.924965942465086, 6.055252348014413 ], [ -61.92565246103046, 6.055335071295934 ], [ -61.926347992858794, 6.055399763356014 ], [ -61.927043652186796, 6.055419224341524 ], [ -61.927739378636915, 6.055375360979625 ], [ -61.928426269265643, 6.055286278963306 ], [ -61.929113073985036, 6.055188148766136 ], [ -61.929799904668876, 6.055080897472462 ], [ -61.930486833305167, 6.054964711250964 ], [ -61.931164738829608, 6.054830406225173 ], [ -61.931851606882589, 6.05469608781084 ], [ -61.932529526201691, 6.05454361436309 ], [ -61.933207444297736, 6.054391214149526 ], [ -61.933885325361594, 6.054238775550616 ], [ -61.934554268063032, 6.054077339621818 ], [ -61.935232199752207, 6.053906733035114 ], [ -61.935910129762931, 6.053736236753323 ], [ -61.936588070647787, 6.05357482306569 ], [ -61.937256976207905, 6.0534132348809 ], [ -61.937934916638312, 6.053251782321392 ], [ -61.938603833197988, 6.053072248189885 ], [ -61.93927281278188, 6.05288355635014 ], [ -61.939932718745474, 6.052667810292077 ], [ -61.940583800440699, 6.05241578112287 ], [ -61.941216722956035, 6.052127625735902 ], [ -61.941813774850807, 6.051766964233451 ], [ -61.942167233353807, 6.051170718316491 ], [ -61.942349271633695, 6.050501811093233 ], [ -61.942585466774233, 6.04984202660243 ], [ -61.943074268467093, 6.049345517085012 ], [ -61.943734255349696, 6.049138702168372 ], [ -61.944601944420484, 6.048941436167634 ], [ -61.945297595579163, 6.048960872016853 ], [ -61.945984160097026, 6.048998373793717 ], [ -61.946679886727082, 6.048990669684168 ], [ -61.947348871082973, 6.048783874787953 ], [ -61.947873723971256, 6.048332728761047 ], [ -61.948290402018152, 6.04777280240754 ], [ -61.948942734938868, 6.046851462024024 ], [ -61.949610971612294, 6.04703360949578 ], [ -61.950188440445267, 6.047414630544217 ], [ -61.950485374429782, 6.048048313833416 ], [ -61.950709967168301, 6.048699925558149 ], [ -61.95089843704875, 6.049369678102426 ], [ -61.951077810118065, 6.050048339962027 ], [ -61.951248171819799, 6.05071796779574 ], [ -61.951445643835527, 6.05138763371134 ], [ -61.951679312006917, 6.052039344825234 ], [ -61.951985287076674, 6.052673052576664 ], [ -61.952363594456607, 6.053252646067664 ], [ -61.952868653335685, 6.053732971860372 ], [ -61.953437107761509, 6.054123010852607 ], [ -61.954059946353901, 6.054440719461314 ], [ -61.954709982815245, 6.054686244100649 ], [ -61.955378206940992, 6.054877430114323 ], [ -61.956064630179718, 6.05499629618323 ], [ -61.956751079006686, 6.055079013480453 ], [ -61.957446751171389, 6.055107479050977 ], [ -61.958142461109432, 6.055108805183338 ], [ -61.958838221470344, 6.055064899421937 ], [ -61.959525081322816, 6.054984821169856 ], [ -61.96021195381747, 6.054859547714146 ], [ -61.960880877180536, 6.054688993431719 ], [ -61.961540826798903, 6.054455052933497 ], [ -61.962164839335294, 6.054157801575534 ], [ -61.962752817361398, 6.053779034614306 ], [ -61.96330471024875, 6.053364020184095 ], [ -61.963838628431624, 6.052912771409569 ], [ -61.96435448481099, 6.052443417063008 ], [ -61.964870451328807, 6.051974063428377 ], [ -61.96539529191589, 6.051522899062909 ], [ -61.966010633938261, 6.051008548356646 ], [ -61.967933667061352, 6.051735730700101 ], [ -61.97546224262414, 6.05042947382127 ], [ -61.977155294112464, 6.051265331880222 ], [ -61.977926526077169, 6.051646065604947 ], [ -61.984856987801024, 6.051288184657403 ], [ -61.986896336386025, 6.052675867787926 ], [ -61.987478600789657, 6.055372267011228 ], [ -61.990987081611031, 6.058698181609771 ], [ -61.991703852314217, 6.061973708711385 ], [ -62.003510390890945, 6.063297985139008 ], [ -62.006452647871939, 6.065085177535208 ], [ -62.011278887436411, 6.07424731000846 ], [ -62.014608457632534, 6.076749760514302 ], [ -62.016785924701267, 6.076771830168915 ], [ -62.019982241760097, 6.078034901770897 ], [ -62.022584667847987, 6.082914749113829 ], [ -62.031219274178717, 6.089903834263215 ], [ -62.032777397288264, 6.092773912374359 ], [ -62.033192000000547, 6.093344458789903 ], [ -62.033588589347659, 6.093905949131487 ], [ -62.033985095426985, 6.094485530911603 ], [ -62.034363601944996, 6.095065066065829 ], [ -62.03475107253923, 6.095644623730384 ], [ -62.03512051997415, 6.096233180873026 ], [ -62.035498955027883, 6.096812714463442 ], [ -62.035877478529763, 6.09740129506406 ], [ -62.03624689112025, 6.097989888142271 ], [ -62.036625365810501, 6.098569421376616 ], [ -62.037012840874233, 6.099149051622547 ], [ -62.037391354342247, 6.099728584740897 ], [ -62.037787869331979, 6.100308163826305 ], [ -62.038193469565186, 6.100869674000262 ], [ -62.038599107732963, 6.101431184275349 ], [ -62.039022845452443, 6.101983658092147 ], [ -62.039464645325211, 6.102527132074014 ], [ -62.039915456389245, 6.103052536231369 ], [ -62.040384440744248, 6.103568941670846 ], [ -62.040880572011602, 6.104058241388248 ], [ -62.041385751489898, 6.104529471546796 ], [ -62.041927114904489, 6.104973656359817 ], [ -62.042568212390648, 6.105237064089355 ], [ -62.043263854956642, 6.105319688491881 ], [ -62.043959629751434, 6.105293794567489 ], [ -62.044646604658539, 6.105204554605713 ], [ -62.045333491171945, 6.105106303512731 ], [ -62.046020377418834, 6.105008051487173 ], [ -62.046716258667971, 6.104955015958881 ], [ -62.047411953635262, 6.104974310962018 ], [ -62.048062221682862, 6.105201551181271 ], [ -62.048513057785023, 6.105735994257969 ], [ -62.049179764817303, 6.106858736714631 ], [ -62.049775535323185, 6.107221600933559 ], [ -62.050380317430623, 6.107566320663015 ], [ -62.050449487211871, 6.107613002442547 ], [ -62.050957944470227, 6.107956312224811 ], [ -62.051435991988463, 6.108454601280473 ], [ -62.051696914321887, 6.109097255772673 ], [ -62.051804118524416, 6.109784893807618 ], [ -62.051947473995099, 6.110472550750484 ], [ -62.052289778900402, 6.111070109044712 ], [ -62.052785929018356, 6.111559397378742 ], [ -62.053300164629256, 6.112030639163057 ], [ -62.053823484785092, 6.112483848586047 ], [ -62.054364905045787, 6.112927983695952 ], [ -62.054915359729122, 6.113344965348515 ], [ -62.055474912334894, 6.113752998074386 ], [ -62.056052527589422, 6.114151993016962 ], [ -62.056630152624862, 6.114532931829285 ], [ -62.057216840491122, 6.114904735866896 ], [ -62.057812649352314, 6.115258544772182 ], [ -62.058417482767474, 6.115603329650609 ], [ -62.059031341519251, 6.115939016327426 ], [ -62.059645246087904, 6.116256721322379 ], [ -62.060277251415492, 6.11656527743601 ], [ -62.060900227775946, 6.116855828324293 ], [ -62.061541280180045, 6.117146424624903 ], [ -62.062173379590284, 6.117418831141246 ], [ -62.062814479124278, 6.117691370751002 ], [ -62.063455580940165, 6.117963761270145 ], [ -62.064096705271417, 6.118227216114259 ], [ -62.064746831717535, 6.118490618639979 ], [ -62.065387957387493, 6.118754071857279 ], [ -62.066029084520039, 6.11901745012517 ], [ -62.06667021152397, 6.119280901727074 ], [ -62.067311317028185, 6.119553324461196 ], [ -62.067961511261913, 6.119834890379477 ], [ -62.068648002677755, 6.119971733465459 ], [ -62.069334549132087, 6.120072390894438 ], [ -62.070021229882798, 6.120164002503095 ], [ -62.070707799374766, 6.120255649057039 ], [ -62.071394337086723, 6.120374470394986 ], [ -62.072071783718954, 6.120529378489167 ], [ -62.072740107054301, 6.120747586165161 ], [ -62.073363169782773, 6.121038122585162 ], [ -62.073958900222934, 6.121400957918472 ], [ -62.074527515615131, 6.121808918536973 ], [ -62.075059888811843, 6.122253045627609 ], [ -62.075565132464185, 6.122733288797884 ], [ -62.076043157901957, 6.123240637927089 ], [ -62.076485038447274, 6.123775071468488 ], [ -62.07689070037982, 6.124336551654557 ], [ -62.077251179914043, 6.124925056564923 ], [ -62.077566342266131, 6.125549705336125 ], [ -62.077818282208, 6.12620144504042 ], [ -62.078034012430685, 6.126862065034219 ], [ -62.078195507218304, 6.127540677882718 ], [ -62.078338926316334, 6.128219282213365 ], [ -62.078446244419347, 6.128906953497857 ], [ -62.078535376721121, 6.129594503896767 ], [ -62.078606484779527, 6.13029105563707 ], [ -62.078659516018568, 6.130987673055718 ], [ -62.078676382221033, 6.131675078756053 ], [ -62.078684298488547, 6.132371546064801 ], [ -62.078673989935396, 6.133068040402261 ], [ -62.078645754374435, 6.133764416661432 ], [ -62.07860844332717, 6.134460806847258 ], [ -62.078571094345868, 6.135157270810867 ], [ -62.078533672377013, 6.135853622800219 ], [ -62.078496383784788, 6.136540966991507 ], [ -62.078458353145223, 6.137626305076235 ], [ -62.078565673800782, 6.138313939745265 ], [ -62.078645784142594, 6.139010514314583 ], [ -62.078725917463927, 6.139698042810394 ], [ -62.078833238524986, 6.140385714597125 ], [ -62.078976662115359, 6.141064319392026 ], [ -62.079183339325766, 6.141733962945392 ], [ -62.07950761242067, 6.142349588356179 ], [ -62.079931354929919, 6.142902028841752 ], [ -62.080373256734497, 6.14343645976514 ], [ -62.080806099002331, 6.14397987660826 ], [ -62.081157550124551, 6.144586486512098 ], [ -62.081319002196381, 6.145256163565712 ], [ -62.081353926130028, 6.145952661455891 ], [ -62.081334731727736, 6.146649061246257 ], [ -62.081288384431311, 6.14734550368581 ], [ -62.081214834749986, 6.148032756516955 ], [ -62.081114295223827, 6.148729025921901 ], [ -62.080995612070303, 6.149407267680521 ], [ -62.080858904242078, 6.150094436715882 ], [ -62.080704068158425, 6.150772513362114 ], [ -62.080540304499252, 6.151450568436827 ], [ -62.08036748661317, 6.152119665452192 ], [ -62.08018553395101, 6.152797710853994 ], [ -62.080003677616581, 6.153466710911405 ], [ -62.079803691622942, 6.154126729727371 ], [ -62.079567626631956, 6.154786584090148 ], [ -62.079313529827012, 6.155428300623054 ], [ -62.079041318222316, 6.156070008182609 ], [ -62.07875101450847, 6.156702660632924 ], [ -62.078460709672356, 6.157335350014407 ], [ -62.078161440192758, 6.157967980190112 ], [ -62.077871134688564, 6.158600595144595 ], [ -62.077580828062075, 6.159233247029937 ], [ -62.077254255578104, 6.159983446021244 ], [ -62.07735250425231, 6.160671021741339 ], [ -62.077459755004888, 6.161358582807508 ], [ -62.077585081790723, 6.162046300694922 ], [ -62.077701357367872, 6.162724838063895 ], [ -62.077817721599438, 6.163412422738826 ], [ -62.077924973167335, 6.164100020900516 ], [ -62.078005071646551, 6.164787624438498 ], [ -62.078067145389539, 6.165484155176722 ], [ -62.078084062847992, 6.166180646525455 ], [ -62.078064751268307, 6.166877120088616 ], [ -62.078000307020204, 6.167564396935375 ], [ -62.077890646538727, 6.168260643018789 ], [ -62.077744912801691, 6.168938817305444 ], [ -62.077553971804612, 6.16960779399687 ], [ -62.077290751920494, 6.170249523610321 ], [ -62.07697340464226, 6.170864015374851 ], [ -62.076574785041515, 6.171433144778412 ], [ -62.0761039544021, 6.171947888334723 ], [ -62.075588042833154, 6.172417360857263 ], [ -62.075045045766849, 6.172859625586948 ], [ -62.074483987285241, 6.173265695846998 ], [ -62.073914022800864, 6.173662734776642 ], [ -62.073334917485788, 6.174041545161415 ], [ -62.072755861723365, 6.174429475945679 ], [ -62.072185894574112, 6.174826512955543 ], [ -62.071624845773485, 6.175241626606535 ], [ -62.07109084507865, 6.175683798461868 ], [ -62.070583940867493, 6.176162335019524 ], [ -62.070131168805219, 6.176695174575569 ], [ -62.069831826316005, 6.177318753688177 ], [ -62.069658985452115, 6.177987848161379 ], [ -62.069540258365535, 6.178675023425386 ], [ -62.069275933974552, 6.179995177870858 ], [ -62.070362866699099, 6.183768806878354 ], [ -62.070912987210903, 6.184411927805811 ], [ -62.072655484585503, 6.185418953420463 ], [ -62.074578223779824, 6.186715685699286 ], [ -62.075769062913565, 6.187911758861225 ], [ -62.077149918847631, 6.189017624225306 ], [ -62.078892751873269, 6.18984366744649 ], [ -62.080083302374142, 6.191220617695008 ], [ -62.081182756323891, 6.193058583919028 ], [ -62.083014178417642, 6.194906986686255 ], [ -62.083744057088275, 6.196192569657486 ], [ -62.085024396419541, 6.197940444771258 ], [ -62.086494189712873, 6.199869567415174 ], [ -62.088876558852405, 6.201990197340875 ], [ -62.090618222225004, 6.203548906715432 ], [ -62.092270408676008, 6.204564797462265 ], [ -62.094564132204589, 6.205672185381778 ], [ -62.095936264399008, 6.206597127091983 ], [ -62.098050214135377, 6.207152454103433 ], [ -62.101626918280708, 6.208533414724612 ], [ -62.103458494480542, 6.210372587604398 ], [ -62.104830395350895, 6.211478393038935 ], [ -62.1074045114784, 6.212495766798022 ], [ -62.109328077613021, 6.213412576138268 ], [ -62.110248543170492, 6.214246240201435 ], [ -62.111711660608336, 6.214890929770588 ], [ -62.113184359177573, 6.215164704575414 ], [ -62.114557088335083, 6.215809201368461 ], [ -62.116759614517527, 6.217468087085233 ], [ -62.118133438275706, 6.217470367303331 ], [ -62.119240293238988, 6.214903487093706 ], [ -62.122346540909703, 6.211172949677035 ], [ -62.122979669123978, 6.210884601525911 ], [ -62.123603764947205, 6.210578063798424 ], [ -62.124245924176428, 6.210307828715459 ], [ -62.124933033837266, 6.210200423418681 ], [ -62.12561063855523, 6.210346251592167 ], [ -62.126224678621377, 6.210672812601814 ], [ -62.126720997382179, 6.21116206863699 ], [ -62.127072437830392, 6.211768759118264 ], [ -62.127333509397708, 6.212411378940616 ], [ -62.127549303908047, 6.21307198100143 ], [ -62.127765172675055, 6.213732620850165 ], [ -62.128008108402987, 6.214384242326638 ], [ -62.128323388265358, 6.215008937113397 ], [ -62.128756342782303, 6.215552352305567 ], [ -62.129252690632164, 6.21603255983405 ], [ -62.12978518983094, 6.216485603933239 ], [ -62.130335796178471, 6.21691166359434 ], [ -62.130904585292313, 6.217310591258506 ], [ -62.131482384317579, 6.217691447058648 ], [ -62.132069209232931, 6.21806320335466 ], [ -62.132665147787101, 6.218435055720378 ], [ -62.13326113079335, 6.218788815107529 ], [ -62.13384795750067, 6.219160643500961 ], [ -62.134443921205744, 6.21952337350564 ], [ -62.135355773169266, 6.220139898412845 ], [ -62.135806788050303, 6.220665258165283 ], [ -62.136248794960267, 6.221208688848487 ], [ -62.136681763284166, 6.22175209741579 ], [ -62.137114695493281, 6.222295505233519 ], [ -62.137547665675818, 6.22283891308711 ], [ -62.137980636002496, 6.223382394726036 ], [ -62.138413533955337, 6.223925801079967 ], [ -62.138864644825553, 6.224460205520351 ], [ -62.139315667195611, 6.224985562248843 ], [ -62.139775804584808, 6.225510903990185 ], [ -62.140244952564295, 6.226018099787842 ], [ -62.140741204170268, 6.226516387779618 ], [ -62.141237573741982, 6.22699662086182 ], [ -62.141779140275709, 6.22743165568314 ], [ -62.142347949830757, 6.227830607741375 ], [ -62.142943913616634, 6.228184355476952 ], [ -62.14357607197045, 6.228492846269416 ], [ -62.144217362093045, 6.228747191829647 ], [ -62.144885923705942, 6.228938204205043 ], [ -62.145581774083496, 6.229011679374385 ], [ -62.146277707535688, 6.229003737093787 ], [ -62.146973763794044, 6.228959646734008 ], [ -62.147660749241915, 6.228897440792551 ], [ -62.148356777720927, 6.228880487359622 ], [ -62.14905265002951, 6.228944911605597 ], [ -62.149721124088465, 6.229126870266564 ], [ -62.1503624121789, 6.229399300724912 ], [ -62.150967467208673, 6.22973485701973 ], [ -62.151563454840641, 6.23009764116401 ], [ -62.152141262153712, 6.230487556798731 ], [ -62.152710046653084, 6.230886459790878 ], [ -62.153278848445112, 6.231294334547095 ], [ -62.154235883883615, 6.231920052864844 ], [ -62.154723247856758, 6.232409260862132 ], [ -62.15523766441629, 6.232880365022266 ], [ -62.155715873281821, 6.233387679256337 ], [ -62.156022159407655, 6.234012335916112 ], [ -62.155957791050405, 6.234708671310646 ], [ -62.155667596793407, 6.235332324906279 ], [ -62.155151620720261, 6.235801842327406 ], [ -62.154518499906558, 6.236081296164211 ], [ -62.153849317271508, 6.236288219346666 ], [ -62.153171164021224, 6.236449926129178 ], [ -62.152493074674439, 6.236584493555027 ], [ -62.151805891748836, 6.236710065808591 ], [ -62.151127758750903, 6.236862723703768 ], [ -62.150458674796603, 6.237042541420065 ], [ -62.14980746654679, 6.237276714454212 ], [ -62.149183370395519, 6.237592220234513 ], [ -62.148622278133537, 6.238007420287892 ], [ -62.14813344334646, 6.238495088273134 ], [ -62.147680586024464, 6.239027997807683 ], [ -62.147245934097739, 6.239569997776733 ], [ -62.146820225465653, 6.240121064312393 ], [ -62.146376479270813, 6.240653995061399 ], [ -62.145896599474199, 6.24115977441696 ], [ -62.145353611678154, 6.241593070076776 ], [ -62.144729395118183, 6.241908680452525 ], [ -62.144060250121008, 6.242079405732205 ], [ -62.143364228054864, 6.242132539041784 ], [ -62.142668273481377, 6.242095245383632 ], [ -62.141981525755064, 6.242003695902555 ], [ -62.141294784523282, 6.241894052794684 ], [ -62.140608013598921, 6.241766241524987 ], [ -62.139921310032157, 6.241656596945256 ], [ -62.138891072901039, 6.241537339760225 ], [ -62.13819505700198, 6.24157241032977 ], [ -62.137499047780949, 6.241589350175875 ], [ -62.136803097284918, 6.241597243306214 ], [ -62.13610709402198, 6.241596125613218 ], [ -62.135411128200396, 6.24159497028399 ], [ -62.134715177271261, 6.241602897611562 ], [ -62.134028148960176, 6.241628900215722 ], [ -62.133332104672597, 6.241691065864913 ], [ -62.132644998052193, 6.241780353358724 ], [ -62.131957855038024, 6.241914982671908 ], [ -62.131288677297931, 6.242112829894497 ], [ -62.1306825467408, 6.242437476087205 ], [ -62.130139545341258, 6.242870681288532 ], [ -62.12965066620319, 6.243367377652805 ], [ -62.129179785587361, 6.243882172147119 ], [ -62.128690941970113, 6.244378830925918 ], [ -62.128165898037665, 6.244830243471905 ], [ -62.127577807159234, 6.245200124242794 ], [ -62.126935620597571, 6.245479410528787 ], [ -62.126275416005029, 6.245686430033973 ], [ -62.125588289103312, 6.245811893346695 ], [ -62.124892244861435, 6.245855954690631 ], [ -62.12420542939482, 6.245791519506643 ], [ -62.12351875276611, 6.245654713783508 ], [ -62.122850171023657, 6.245481691573889 ], [ -62.12218159548604, 6.245290686998007 ], [ -62.12152212679549, 6.245072528029308 ], [ -62.120862718517721, 6.244845248302994 ], [ -62.120212356592162, 6.244600008273844 ], [ -62.119561922387099, 6.244354655408549 ], [ -62.11891159916145, 6.244109377034135 ], [ -62.118261240308335, 6.243864023289117 ], [ -62.117610880903221, 6.243618779923374 ], [ -62.116806909738322, 6.243346021618574 ], [ -62.116281871234492, 6.243806468350058 ], [ -62.11573881821154, 6.244239731857652 ], [ -62.115240868746092, 6.244727345653152 ], [ -62.114887404867162, 6.245323719827248 ], [ -62.114624193333789, 6.245965434301516 ], [ -62.11437003484658, 6.246616328556817 ], [ -62.114124916878396, 6.247267133634366 ], [ -62.113888838281071, 6.247917960760564 ], [ -62.11366173990362, 6.248577855705328 ], [ -62.113434640145364, 6.249237824707534 ], [ -62.113216618060775, 6.249897704968577 ], [ -62.113007635061543, 6.250557644390129 ], [ -62.112798629756604, 6.251226592823897 ], [ -62.112589570782625, 6.251886605458899 ], [ -62.112380601423006, 6.25255555414816 ], [ -62.112180619680721, 6.253215478006139 ], [ -62.111980615247006, 6.253884447955285 ], [ -62.111771628202078, 6.254544461107316 ], [ -62.111571659749472, 6.255213431322256 ], [ -62.111362650625317, 6.255882379278749 ], [ -62.111153663133877, 6.256542281010375 ], [ -62.110944673913863, 6.257202293884874 ], [ -62.110708446493049, 6.25792545233411 ], [ -62.110237555279419, 6.258431183317108 ], [ -62.109784750985028, 6.258964097575788 ], [ -62.10933185720944, 6.259487927027295 ], [ -62.108860977988279, 6.260002703307171 ], [ -62.108344992651432, 6.260463127651028 ], [ -62.107765864874658, 6.260851100156732 ], [ -62.107132628465784, 6.261139429475345 ], [ -62.106463489710286, 6.261337244776175 ], [ -62.105776298427067, 6.261462792056292 ], [ -62.105089271188433, 6.261506848460698 ], [ -62.104393352552485, 6.261460419259996 ], [ -62.103706585481994, 6.261368817725845 ], [ -62.103010727448172, 6.261268071824698 ], [ -62.102323946184796, 6.261167421861805 ], [ -62.101637224596637, 6.261057725206298 ], [ -62.100959528859597, 6.260939003449252 ], [ -62.100272741100042, 6.26081124851448 ], [ -62.099586029362584, 6.260683345154185 ], [ -62.098908357011616, 6.260555574493903 ], [ -62.098221666799724, 6.260418771411032 ], [ -62.097543929654528, 6.260272831282879 ], [ -62.09685724059041, 6.260135989277188 ], [ -62.096179577519329, 6.259990122255866 ], [ -62.095501914442984, 6.25984429139829 ], [ -62.094824253340136, 6.259698311348595 ], [ -62.094137587883665, 6.259552456568405 ], [ -62.093459963423946, 6.259406586301273 ], [ -62.092782228214389, 6.25926071393838 ], [ -62.092104568280838, 6.259114767317866 ], [ -62.091417904399286, 6.258968908847146 ], [ -62.090740244457429, 6.258823034541952 ], [ -62.090062562344109, 6.25868620548383 ], [ -62.088987327170955, 6.258476272107868 ], [ -62.088300665449658, 6.258330372335933 ], [ -62.08762302946981, 6.258175484773231 ], [ -62.086954443858389, 6.25800237794634 ], [ -62.086285902377305, 6.257811326212818 ], [ -62.085608298586294, 6.257629297094207 ], [ -62.084939759295317, 6.257438132369915 ], [ -62.084271197050732, 6.257256087059212 ], [ -62.083602686702825, 6.257083087812906 ], [ -62.082925077708893, 6.256919036594119 ], [ -62.082545517576811, 6.256837000329614 ], [ -62.082247422561011, 6.256773187988561 ], [ -62.081560637190194, 6.256663463289645 ], [ -62.080864817877881, 6.256580854171477 ], [ -62.080168862360949, 6.256552521016144 ], [ -62.079472807859034, 6.256578427149069 ], [ -62.078794686256984, 6.256721942391807 ], [ -62.078296763426302, 6.257209483757579 ], [ -62.077961230798117, 6.257814923331967 ], [ -62.077688962828425, 6.258456596483736 ], [ -62.077425696923832, 6.259098328980287 ], [ -62.077126291508947, 6.259730998111328 ], [ -62.076718584693154, 6.260291061141616 ], [ -62.076130416257371, 6.260669854298392 ], [ -62.075461259194356, 6.260840600523442 ], [ -62.074765144261825, 6.260902685195274 ], [ -62.074069111901061, 6.260946676997512 ], [ -62.073318791903802, 6.261008659967718 ], [ -62.072667486777817, 6.261269761510683 ], [ -62.072016299650556, 6.261512881916558 ], [ -62.071365098542117, 6.261746880791275 ], [ -62.070713858989691, 6.261980952573646 ], [ -62.070062648282956, 6.262233005411086 ], [ -62.069420407598876, 6.262512292964371 ], [ -62.068805196425295, 6.262827721982148 ], [ -62.068208009467895, 6.263179455350302 ], [ -62.067673962977615, 6.263630783618372 ], [ -62.06722105850708, 6.264154575832753 ], [ -62.066858447156754, 6.264750893472457 ], [ -62.066622314112252, 6.265410708423254 ], [ -62.066440324515824, 6.266079780778255 ], [ -62.066285507744858, 6.266757857827892 ], [ -62.06613061646452, 6.267435934049136 ], [ -62.065993805886151, 6.26811401918146 ], [ -62.065866048171898, 6.268801285069578 ], [ -62.065756372470517, 6.269488448679294 ], [ -62.065664739818516, 6.270175694979963 ], [ -62.065591201384798, 6.270872070934501 ], [ -62.065535804435356, 6.271559373023484 ], [ -62.065498391503105, 6.272255729443556 ], [ -62.065479058563774, 6.272952206051671 ], [ -62.065495925646047, 6.273648663924481 ], [ -62.065566998949194, 6.274345222433915 ], [ -62.065683246366632, 6.275023839972192 ], [ -62.065844771462338, 6.275702499202968 ], [ -62.066042445759244, 6.276372129723441 ], [ -62.066249146640295, 6.277032773696842 ], [ -62.066464962289679, 6.277693478465133 ], [ -62.066680704803893, 6.278354145287035 ], [ -62.06702210193496, 6.279521500375284 ], [ -62.067156448513792, 6.280209136072648 ], [ -62.067064815026299, 6.280896456994459 ], [ -62.066530810053536, 6.281338627331438 ], [ -62.065924559079349, 6.28169033521001 ], [ -62.065300243971414, 6.282005810889236 ], [ -62.064685043591432, 6.282321235485365 ], [ -62.064096839762712, 6.282700089051318 ], [ -62.063589845225792, 6.283169537652711 ], [ -62.063218161334639, 6.283756783423722 ], [ -62.062936782631091, 6.284398462777431 ], [ -62.062709660782382, 6.285049364014506 ], [ -62.062491520113063, 6.285709222780277 ], [ -62.062246316529979, 6.286360003550442 ], [ -62.061910759768843, 6.286974442518416 ], [ -62.06134963878457, 6.287380463988289 ], [ -62.060653720415843, 6.287306872739578 ], [ -62.060021494155151, 6.287016258729492 ], [ -62.059425592363922, 6.286662487445882 ], [ -62.058856818712194, 6.286263478725127 ], [ -62.05829713289458, 6.285846400192285 ], [ -62.057818971707754, 6.285339029955785 ], [ -62.057413201920497, 6.284777529732033 ], [ -62.057025523983278, 6.284197945736284 ], [ -62.056601725654211, 6.283645445501863 ], [ -62.056060195358228, 6.283201272392821 ], [ -62.055400682601508, 6.282992073064054 ], [ -62.054713871996192, 6.282909451085106 ], [ -62.054027155240206, 6.28279056939158 ], [ -62.053440215298167, 6.282427766959919 ], [ -62.05309784042079, 6.281812037366397 ], [ -62.052918299751433, 6.281142411488486 ], [ -62.052783949034449, 6.280463818149071 ], [ -62.052568716886796, 6.279495609830723 ], [ -62.052045322160424, 6.279033386651214 ], [ -62.051549022831068, 6.278553102546574 ], [ -62.051061848547391, 6.278054749318087 ], [ -62.05056557437883, 6.27756541810366 ], [ -62.050060237373295, 6.277085109275623 ], [ -62.049527722498169, 6.276641026290291 ], [ -62.048931864347431, 6.276278122444746 ], [ -62.048244910308298, 6.27624072208543 ], [ -62.047801065747947, 6.276773567398069 ], [ -62.047519708832787, 6.277415201371417 ], [ -62.04731963272819, 6.278075100122241 ], [ -62.047146667736406, 6.278753198627294 ], [ -62.047027886463432, 6.279440371713079 ], [ -62.047008602735438, 6.280136774422641 ], [ -62.047061518379067, 6.280824353229947 ], [ -62.047168827544205, 6.281511925424224 ], [ -62.047365203587667, 6.282877974947462 ], [ -62.047381970787484, 6.283574544043221 ], [ -62.047416857973381, 6.284271011945726 ], [ -62.04715354027396, 6.28491272920392 ], [ -62.046457622195099, 6.284884313350296 ], [ -62.045807198176561, 6.284657069606999 ], [ -62.045138745371837, 6.28443871401446 ], [ -62.04445178093949, 6.284401271421935 ], [ -62.043755646594931, 6.284499573429329 ], [ -62.043077487227912, 6.284624948178882 ], [ -62.042390202991108, 6.284768390509824 ], [ -62.041712033120398, 6.284911856148487 ], [ -62.041033815187511, 6.285073487340092 ], [ -62.040364578185233, 6.285244075634703 ], [ -62.03968633711338, 6.285414639966953 ], [ -62.039017209152398, 6.285585338893526 ], [ -62.038338943682092, 6.285764947580048 ], [ -62.037669741506441, 6.285935569782551 ], [ -62.037000501431002, 6.28610622777107 ], [ -62.036322257670726, 6.286276824666198 ], [ -62.035644037389019, 6.286438337421496 ], [ -62.034965862569351, 6.286581868161341 ], [ -62.034287651116898, 6.286725323449392 ], [ -62.033600432254651, 6.286841615361905 ], [ -62.032913273709809, 6.286948860581401 ], [ -62.032217188454133, 6.286983748247287 ], [ -62.031521278136381, 6.286937256186824 ], [ -62.030852732796738, 6.286755177547987 ], [ -62.030256802031673, 6.286392250789667 ], [ -62.029769617523662, 6.285902923095984 ], [ -62.029345797063279, 6.285341353031749 ], [ -62.028976268784561, 6.284761832319416 ], [ -62.02861586676773, 6.284164206033662 ], [ -62.028264395089955, 6.28356660197988 ], [ -62.027795666476869, 6.282851126341733 ], [ -62.027144406358381, 6.283103235282162 ], [ -62.026646357444527, 6.283581679234929 ], [ -62.026383088274621, 6.284223349395083 ], [ -62.026119757683126, 6.284874065187582 ], [ -62.025874506950089, 6.285524902446144 ], [ -62.025647276985687, 6.286184758670772 ], [ -62.025474304714699, 6.286853729615983 ], [ -62.025355492525854, 6.287540860695548 ], [ -62.025345181544175, 6.288237360210644 ], [ -62.025479497545611, 6.288915960985198 ], [ -62.025821807790678, 6.289531597782871 ], [ -62.026272868616125, 6.290048011214604 ], [ -62.026796227505002, 6.290519307371149 ], [ -62.027328759520088, 6.290954479519987 ], [ -62.027870272901005, 6.291398683490418 ], [ -62.028393732036072, 6.291860969722087 ], [ -62.028862755003495, 6.292368343397346 ], [ -62.029250407356002, 6.292947912038158 ], [ -62.029601775562902, 6.293545514352267 ], [ -62.029926086003137, 6.294161139001165 ], [ -62.030223227064113, 6.294794821906371 ], [ -62.03051125392463, 6.29542848020371 ], [ -62.030790350996426, 6.296062190054923 ], [ -62.031060348032277, 6.296704847748998 ], [ -62.031321230774665, 6.297347480880591 ], [ -62.03158220131894, 6.297999198322892 ], [ -62.031843159489952, 6.298641832006111 ], [ -62.032113181636035, 6.299275554228085 ], [ -62.032437242992152, 6.300017787360097 ], [ -62.032237138695692, 6.300677643463854 ], [ -62.032037046125481, 6.301346657275476 ], [ -62.031457813909178, 6.301734468691319 ], [ -62.030907161483604, 6.301308299672047 ], [ -62.030374712029733, 6.300864197034881 ], [ -62.029687912771209, 6.30072718870489 ], [ -62.029018640192291, 6.300915928919042 ], [ -62.028394437260772, 6.301213230991845 ], [ -62.027815202006067, 6.301601075305243 ], [ -62.027299100569778, 6.302061417489166 ], [ -62.026810003041362, 6.302567024019198 ], [ -62.026375116772499, 6.303099874197328 ], [ -62.025994408188708, 6.303687069984014 ], [ -62.025713032392183, 6.30431964610556 ], [ -62.025594178977371, 6.305006814201195 ], [ -62.025556744881754, 6.305703242822905 ], [ -62.025555439000861, 6.306399654759354 ], [ -62.025581293327789, 6.307096138296916 ], [ -62.025625155356828, 6.307792705570523 ], [ -62.025696239359142, 6.308480224529572 ], [ -62.02577629054457, 6.309167766412211 ], [ -62.025865433039051, 6.309864416054345 ], [ -62.02595448873813, 6.310551981251316 ], [ -62.026052623258259, 6.311239533493348 ], [ -62.02613272495676, 6.311936196466351 ], [ -62.026265885606122, 6.313256932442497 ], [ -62.026074785500462, 6.313925856171666 ], [ -62.026073479108433, 6.314622379436149 ], [ -62.026424932710249, 6.315219985040548 ], [ -62.026821553521508, 6.315790532176053 ], [ -62.027074068915155, 6.316134730593955 ], [ -62.02766921402268, 6.31689558382788 ], [ -62.028111212933332, 6.317430027496433 ], [ -62.028544073362674, 6.317973529542265 ], [ -62.028967906858306, 6.318526054120557 ], [ -62.029373672145269, 6.319087577592575 ], [ -62.029734174422181, 6.319685167534515 ], [ -62.029995066923071, 6.320327838721127 ], [ -62.029415811023874, 6.320715685012673 ], [ -62.028728652533353, 6.320804869363014 ], [ -62.028032601751406, 6.320794520061421 ], [ -62.027336763767345, 6.32070279137632 ], [ -62.026659029314068, 6.320574923688111 ], [ -62.025981329281322, 6.320419916192202 ], [ -62.025312742919496, 6.32023771888248 ], [ -62.02463509121803, 6.320064617251197 ], [ -62.023966467956797, 6.31988249190364 ], [ -62.023288794235441, 6.319718360492895 ], [ -62.022602081265966, 6.319581454905455 ], [ -62.021915176456027, 6.319489704269724 ], [ -62.02121925945093, 6.3194431983996 ], [ -62.020532122771243, 6.319496149072892 ], [ -62.019871819054124, 6.319730058560641 ], [ -62.019283511781985, 6.320090767180832 ], [ -62.018740307534934, 6.320532936935956 ], [ -62.01825128156284, 6.321029490005937 ], [ -62.01783444279053, 6.321580436411446 ], [ -62.017580048999633, 6.322231171354365 ], [ -62.017461291895451, 6.32291830190291 ], [ -62.017278403672904, 6.323994289516564 ], [ -62.017349416895733, 6.324690929755413 ], [ -62.017438538141235, 6.325378460362463 ], [ -62.017527659227326, 6.326066028032331 ], [ -62.017616706050731, 6.326753631961068 ], [ -62.017714845179789, 6.327450269650601 ], [ -62.017813008836548, 6.328137824090029 ], [ -62.017911134905219, 6.328825452257938 ], [ -62.018000257240018, 6.329513019878648 ], [ -62.018089393419018, 6.330209596987717 ], [ -62.018169399854358, 6.330897214066806 ], [ -62.018240439923176, 6.331584733939954 ], [ -62.018302415235787, 6.332281239045508 ], [ -62.018355348801883, 6.332977757362233 ], [ -62.018390198253179, 6.333674339176828 ], [ -62.018406928469986, 6.334370798735444 ], [ -62.018378511465187, 6.335058130314174 ], [ -62.01808806634785, 6.335690752810823 ], [ -62.017707323641375, 6.336277942680629 ], [ -62.017389689200414, 6.336892362561224 ], [ -62.017361320913139, 6.337588741074524 ], [ -62.017640327605918, 6.338231429879282 ], [ -62.017973679746248, 6.338838114130835 ], [ -62.018234543338366, 6.339489837722422 ], [ -62.018142908006418, 6.340177040171028 ], [ -62.017870482863273, 6.340818681928629 ], [ -62.017525879251728, 6.34141497626115 ], [ -62.017099883252634, 6.341974943700619 ], [ -62.016583768364463, 6.342435238578655 ], [ -62.015896455841272, 6.34254253412188 ], [ -62.015300544230676, 6.342179590167409 ], [ -62.014786184306509, 6.341708305598831 ], [ -62.014298924464342, 6.34121896209305 ], [ -62.013586039466553, 6.340557364397864 ], [ -62.013096928502456, 6.341062921311689 ], [ -62.012607827006363, 6.341550422088009 ], [ -62.01210966979697, 6.342028851853016 ], [ -62.011611598836751, 6.342516328504185 ], [ -62.011131488247919, 6.343021944175558 ], [ -62.010678492503388, 6.343545575836611 ], [ -62.010252597491586, 6.344105612868773 ], [ -62.009880844038754, 6.344692820499429 ], [ -62.009554190135887, 6.345307211903641 ], [ -62.009254673722481, 6.34593072173654 ], [ -62.008973229511952, 6.346572335116817 ], [ -62.008709831073745, 6.347213996004811 ], [ -62.008446431163421, 6.347855730901411 ], [ -62.00817398959731, 6.348497367480928 ], [ -62.007883561874024, 6.349129910461182 ], [ -62.007556902281614, 6.349744337669268 ], [ -62.007203238619773, 6.350340600962781 ], [ -62.006786265928149, 6.350900546744839 ], [ -62.006261114379562, 6.351351797959459 ], [ -62.005645781038332, 6.351685317993915 ], [ -62.005003427338231, 6.351937311192207 ], [ -62.004361085551984, 6.35219838721757 ], [ -62.003664419595424, 6.35248645620646 ], [ -62.002986051137519, 6.352666091818675 ], [ -62.002307803272565, 6.352800458607984 ], [ -62.001620513578914, 6.352934763258588 ], [ -62.000942251291271, 6.353060155787526 ], [ -62.00026385613878, 6.353221620464216 ], [ -61.999594553915564, 6.353419294710972 ], [ -61.998961200955293, 6.353698480411219 ], [ -61.998408973209834, 6.354113502857464 ], [ -61.998100334691365, 6.354746027674643 ], [ -61.998026679391408, 6.355433237128741 ], [ -61.998079624533574, 6.356129758119951 ], [ -61.998232005072786, 6.356808489451915 ], [ -61.998474843115247, 6.357460138627505 ], [ -61.998799045486052, 6.358075782617723 ], [ -61.999132364727402, 6.358691451410761 ], [ -61.999483817119852, 6.359289076041636 ], [ -61.999835196234059, 6.359886699623882 ], [ -62.000204720610952, 6.360475399707394 ], [ -62.000574247055617, 6.361063988308843 ], [ -62.000952778929694, 6.361652637480081 ], [ -62.001340415330716, 6.362232227695432 ], [ -62.001728039710315, 6.362802771043254 ], [ -62.002124707021515, 6.363373338244179 ], [ -62.002521411878654, 6.363943942609185 ], [ -62.002927123056573, 6.364514533324788 ], [ -62.00332383011515, 6.365085099991177 ], [ -62.003729543112179, 6.36565569006502 ], [ -62.004135281126203, 6.366217233645315 ], [ -62.004531990076039, 6.366787873508933 ], [ -62.004937705799705, 6.367358462615954 ], [ -62.005334342841643, 6.367929063975144 ], [ -62.005722013140044, 6.368499604673288 ], [ -62.006118702405047, 6.369079215321817 ], [ -62.006515294408992, 6.369667871023973 ], [ -62.00602617192115, 6.370164412086967 ], [ -62.005509994143253, 6.370633741904642 ], [ -62.005002796462243, 6.371112141059981 ], [ -62.004576822766964, 6.371663052274812 ], [ -62.004367611209766, 6.372322910870811 ], [ -62.00449289253158, 6.373010503379782 ], [ -62.004762858960952, 6.373653286526637 ], [ -62.005041893622845, 6.37428693624397 ], [ -62.005239488926179, 6.374956591123876 ], [ -62.00510260477369, 6.375634661365308 ], [ -62.004586383505995, 6.376103989838565 ], [ -62.004007044311095, 6.376491807197573 ], [ -62.003472808493804, 6.37693398486634 ], [ -62.003453349962832, 6.37763038566251 ], [ -62.003913410979038, 6.378155852024348 ], [ -62.004418768041006, 6.378636207261231 ], [ -62.004806371396775, 6.379206747857212 ], [ -62.004407544044753, 6.379775787303188 ], [ -62.003747116382314, 6.380009749582474 ], [ -62.003086798737939, 6.380216461681403 ], [ -62.002444359693428, 6.380486506914705 ], [ -62.001928117697112, 6.380946823170995 ], [ -62.001655649252292, 6.381588530443961 ], [ -62.001509691960216, 6.382275621718342 ], [ -62.001427031931108, 6.382962807942257 ], [ -62.00138044309341, 6.383659136165349 ], [ -62.001361054731483, 6.384355611819942 ], [ -62.001359715358454, 6.385052024181821 ], [ -62.001349259412414, 6.385748411573289 ], [ -62.001283654799906, 6.386987467226199 ], [ -62.001616909082031, 6.387594087012264 ], [ -62.001986456563891, 6.388182711652667 ], [ -62.00233790866735, 6.388789380472059 ], [ -62.002653130336455, 6.389404998254152 ], [ -62.002859769708131, 6.390074789392064 ], [ -62.002867512388171, 6.390771189209073 ], [ -62.002721504109296, 6.391449233835242 ], [ -62.002548427705293, 6.392118271440376 ], [ -62.00246574294296, 6.392814541046166 ], [ -62.002717609249082, 6.393466211918611 ], [ -62.003277391981413, 6.393874343345804 ], [ -62.003909682878124, 6.394164954078928 ], [ -62.00456014234603, 6.394410455128837 ], [ -62.0052015495204, 6.394673949845341 ], [ -62.005797589804608, 6.395036906538431 ], [ -62.005922767118484, 6.395724534509719 ], [ -62.005632271622261, 6.396357149954333 ], [ -62.005251431775385, 6.396944330131215 ], [ -62.004825460702513, 6.397486195342871 ], [ -62.004363329152461, 6.398009871019323 ], [ -62.00388319614531, 6.398515443173562 ], [ -62.003394043198924, 6.39901198164659 ], [ -62.002904840512713, 6.399499361457438 ], [ -62.002406704135502, 6.399986829071178 ], [ -62.001917474607389, 6.40048332823374 ], [ -62.00143736096318, 6.400979851888325 ], [ -62.000785026817837, 6.401711266896448 ], [ -62.00127223355905, 6.402209668808445 ], [ -62.001741381156798, 6.402726152150307 ], [ -62.002201487344635, 6.403242573835777 ], [ -62.002661557011457, 6.403759031768759 ], [ -62.00313067080824, 6.404275476340836 ], [ -62.003617994304548, 6.404773803047814 ], [ -62.004123364709159, 6.405245111940698 ], [ -62.004664955501745, 6.405698424406762 ], [ -62.005224679620106, 6.406106515763199 ], [ -62.005793508199346, 6.406505621887922 ], [ -62.006362338078013, 6.406904690300244 ], [ -62.006940199497748, 6.407294661421767 ], [ -62.007518084644893, 6.407675696927095 ], [ -62.008114141901004, 6.408038650850672 ], [ -62.008728271457521, 6.408365392112406 ], [ -62.009360595828596, 6.408665116708301 ], [ -62.010011149376894, 6.408883398072263 ], [ -62.010698014198987, 6.408993256031923 ], [ -62.011385427744671, 6.408867986032434 ], [ -62.011928746712833, 6.408434833558402 ], [ -62.012354705893301, 6.407883952917149 ], [ -62.01270850175986, 6.407278640704914 ], [ -62.012998969930372, 6.406655141564618 ], [ -62.013244369222591, 6.406004384803654 ], [ -62.01343548399165, 6.405335465242723 ], [ -62.013554377873959, 6.404648262519847 ], [ -62.013528572170713, 6.403951778376164 ], [ -62.013158999753237, 6.403363162230684 ], [ -62.01258113883452, 6.402973124057454 ], [ -62.011957849334557, 6.40266438087412 ], [ -62.011316452493247, 6.40239184857307 ], [ -62.010684184928266, 6.402101173377199 ], [ -62.010042944416881, 6.401756269710082 ], [ -62.010252161143185, 6.401096371769582 ], [ -62.010488481494406, 6.400445591906955 ], [ -62.010742812139554, 6.3997948961875 ], [ -62.010997253301625, 6.399144201543495 ], [ -62.011242577412119, 6.398493444906738 ], [ -62.011460797244766, 6.397833532961982 ], [ -62.011624880981721, 6.397155533798622 ], [ -62.011725652241218, 6.396468357240853 ], [ -62.011726978186303, 6.395771870748879 ], [ -62.011646932387954, 6.395084326235247 ], [ -62.011521673342948, 6.394396698873572 ], [ -62.011369225404962, 6.393718082365129 ], [ -62.011180732575383, 6.393048343495884 ], [ -62.010974055791593, 6.392387713150501 ], [ -62.010749257361496, 6.39172703432686 ], [ -62.010506424133467, 6.39107539144712 ], [ -62.010263518624306, 6.390423636430698 ], [ -62.01001168157552, 6.389771932636671 ], [ -62.009759709601582, 6.38912931074868 ], [ -62.009516879295859, 6.388477630314551 ], [ -62.009283079869888, 6.387816853069306 ], [ -62.009058396845099, 6.387156174686498 ], [ -62.008851651125084, 6.38649554265066 ], [ -62.008672131456869, 6.385825937260977 ], [ -62.008528807685977, 6.385147233491812 ], [ -62.008412560714795, 6.384459628959613 ], [ -62.00838683682521, 6.383763182343122 ], [ -62.008713443252596, 6.383148753743769 ], [ -62.009220649487453, 6.382670350871719 ], [ -62.009772899120826, 6.382255353668651 ], [ -62.010696588617051, 6.381479230737703 ], [ -62.010679793340806, 6.380782769950445 ], [ -62.010663071819799, 6.380086347037221 ], [ -62.010637272151143, 6.379389788510063 ], [ -62.010602442485663, 6.378702326697503 ], [ -62.010567599445274, 6.378005855381284 ], [ -62.010523678344455, 6.377309248447511 ], [ -62.010488872563634, 6.376612777527158 ], [ -62.010445024596336, 6.375916282603763 ], [ -62.010401152758945, 6.375228833845529 ], [ -62.010366348495928, 6.37453225170268 ], [ -62.010340511257404, 6.37383580396838 ], [ -62.010314711547096, 6.373139319564036 ], [ -62.010307034207237, 6.372442809424344 ], [ -62.010299281974525, 6.371746372622704 ], [ -62.010318730458827, 6.371050008634235 ], [ -62.01033814304094, 6.370353533029967 ], [ -62.010384657285989, 6.369666249742223 ], [ -62.010458284814398, 6.368969991880331 ], [ -62.010540931906178, 6.368282655891891 ], [ -62.010704970241598, 6.36760465657282 ], [ -62.011248232021018, 6.36716249525349 ], [ -62.011899657145257, 6.366919564651597 ], [ -62.01255997900266, 6.366703683664265 ], [ -62.013184406292702, 6.366397430073141 ], [ -62.013610329134316, 6.36584651121159 ], [ -62.013783368810451, 6.365168423225828 ], [ -62.013838957033848, 6.364481163970645 ], [ -62.013885452859718, 6.363784833798446 ], [ -62.013932114523719, 6.36299796698255 ], [ -62.014123249201155, 6.362329047476202 ], [ -62.014341522992972, 6.361669209192174 ], [ -62.014559721705702, 6.361009407082975 ], [ -62.014768879050415, 6.360349469745085 ], [ -62.014950956484334, 6.359671479438503 ], [ -62.015087860182007, 6.358993406956897 ], [ -62.015125386729387, 6.358296979429925 ], [ -62.014819161425407, 6.357672309303831 ], [ -62.014503968637804, 6.35704765294164 ], [ -62.014559517937286, 6.356360393228602 ], [ -62.014768697273155, 6.355691409736546 ], [ -62.015023013478881, 6.355049721333779 ], [ -62.015313546838236, 6.354417175432932 ], [ -62.015622089540223, 6.353784639308793 ], [ -62.015930620742836, 6.353170195739034 ], [ -62.016230157102328, 6.352537635748272 ], [ -62.016538769956512, 6.351877886423018 ], [ -62.026718646358638, 6.366006938598073 ], [ -62.026934337982567, 6.366667585841937 ], [ -62.027122953797502, 6.367337245932534 ], [ -62.027302466425063, 6.368016002166318 ], [ -62.027472998921709, 6.368685614729912 ], [ -62.027670621713078, 6.369355260842405 ], [ -62.027904459891758, 6.370007020505516 ], [ -62.028210672151623, 6.370631645260147 ], [ -62.028706992289109, 6.371130045286277 ], [ -62.029340350652831, 6.370850822316065 ], [ -62.029856544011921, 6.370381431506393 ], [ -62.030381791610367, 6.369921147456685 ], [ -62.030997119829301, 6.369605764183846 ], [ -62.031674873804668, 6.369751718455329 ], [ -62.032288984772144, 6.370087551879258 ], [ -62.032857771825292, 6.37049556258459 ], [ -62.033390369610011, 6.370939774987924 ], [ -62.033895771010187, 6.37141105460014 ], [ -62.034382980787463, 6.371909461745427 ], [ -62.034870303089463, 6.372407832551986 ], [ -62.03533945774673, 6.372924247719572 ], [ -62.035808562387558, 6.373431652551793 ], [ -62.03627771895097, 6.373948066849337 ], [ -62.036719702258118, 6.374482539533237 ], [ -62.037152634260991, 6.375035081049737 ], [ -62.037549388142473, 6.375605620875746 ], [ -62.037918931600402, 6.376194218876304 ], [ -62.038234188698617, 6.376809814501004 ], [ -62.038468020433299, 6.377470615451736 ], [ -62.038466732130765, 6.378167027920261 ], [ -62.038311844004632, 6.378845060547857 ], [ -62.038066101529125, 6.379731032411975 ], [ -62.038037648119875, 6.380427411027887 ], [ -62.037973061381685, 6.381123770152417 ], [ -62.037899493032207, 6.381811022916556 ], [ -62.037816784469179, 6.382507297528375 ], [ -62.037743178650629, 6.383194549867438 ], [ -62.037687670636068, 6.383890932863257 ], [ -62.037659253528247, 6.384587311850971 ], [ -62.037675998388494, 6.385274724362831 ], [ -62.037756127800577, 6.385971385903439 ], [ -62.037908534669491, 6.386649993682778 ], [ -62.038169509520287, 6.387292624257076 ], [ -62.038511924417953, 6.387899281106184 ], [ -62.038917695366578, 6.388469842940183 ], [ -62.039350688680372, 6.38900429021635 ], [ -62.039810834355187, 6.38952972430547 ], [ -62.04027086941656, 6.39005519384582 ], [ -62.040712908061046, 6.390589663418886 ], [ -62.041136814844236, 6.39114225218453 ], [ -62.041515439818497, 6.391721824811652 ], [ -62.041812615603952, 6.392355501098439 ], [ -62.042001260675001, 6.393025155610326 ], [ -62.042090353323751, 6.393712681291071 ], [ -62.042098148834881, 6.394409191704967 ], [ -62.042051614494987, 6.395105560707427 ], [ -62.041959964373447, 6.395792767149453 ], [ -62.041850153787841, 6.396480000036901 ], [ -62.041731374754129, 6.397167173184965 ], [ -62.041612595397908, 6.397854346301752 ], [ -62.041520906326092, 6.398541626393514 ], [ -62.041429100617954, 6.399274063173173 ], [ -62.041382639424185, 6.399970395818772 ], [ -62.041318040776773, 6.400657745803499 ], [ -62.041244451088865, 6.401354008082867 ], [ -62.041170847183643, 6.402041260848764 ], [ -62.041097220034892, 6.402737522698486 ], [ -62.041059688470575, 6.403433988760133 ], [ -62.041040355149704, 6.40413035463692 ], [ -62.041075204461741, 6.40482686042754 ], [ -62.04117341405756, 6.405514484602258 ], [ -62.041371092393014, 6.406175116162618 ], [ -62.041659173156923, 6.406817814791171 ], [ -62.042028744182126, 6.407406409690968 ], [ -62.042561388854764, 6.407850612361327 ], [ -62.043257583056345, 6.407851895498252 ], [ -62.043927013918278, 6.407654201358136 ], [ -62.044578402154102, 6.407411153762064 ], [ -62.045211856789734, 6.407122939334354 ], [ -62.045836241269555, 6.406816533464161 ], [ -62.046451651008525, 6.406483076170019 ], [ -62.047049021761829, 6.406131404952525 ], [ -62.047637372194302, 6.405770663523222 ], [ -62.048216711469578, 6.405382796245075 ], [ -62.048787029561076, 6.404985932959735 ], [ -62.049357407909987, 6.40457994911687 ], [ -62.049909648538296, 6.404164908142249 ], [ -62.050461986050877, 6.403740784120378 ], [ -62.050942077487704, 6.403235167772329 ], [ -62.051250619218187, 6.402611656522598 ], [ -62.051414651604205, 6.401933607407082 ], [ -62.05146109917694, 6.401237273851129 ], [ -62.051272513442143, 6.40056754956204 ], [ -62.05083952091789, 6.400024066360606 ], [ -62.050108532076457, 6.3992901033842 ], [ -62.049594082107639, 6.39881881711691 ], [ -62.049224471099095, 6.398230264372349 ], [ -62.049533011894553, 6.397606754145234 ], [ -62.049958921434282, 6.397055804712427 ], [ -62.050104869249232, 6.396377635261842 ], [ -62.050024734168353, 6.395690096427513 ], [ -62.04989037981322, 6.395002492351201 ], [ -62.049737954764751, 6.394323851139925 ], [ -62.049558342373473, 6.393654148677623 ], [ -62.04937876671557, 6.392984520690597 ], [ -62.049190111500103, 6.392314906001595 ], [ -62.049001532493584, 6.391645143753667 ], [ -62.048821907077929, 6.390966505662957 ], [ -62.048660479192939, 6.390287841196555 ], [ -62.048535147343522, 6.38960930622718 ], [ -62.04846411954793, 6.388912633453311 ], [ -62.04850154122677, 6.388225323360853 ], [ -62.04918883355802, 6.388118093905813 ], [ -62.049839284725564, 6.388372508758527 ], [ -62.05048068374348, 6.388645066373682 ], [ -62.05146549808822, 6.38902669157537 ], [ -62.051871306595153, 6.389588308056175 ], [ -62.052268014361587, 6.390158835515696 ], [ -62.052664759679693, 6.390729400132806 ], [ -62.053052514615644, 6.391308951096637 ], [ -62.053440158871311, 6.391888537635448 ], [ -62.053827915184151, 6.392468125072425 ], [ -62.05421558482287, 6.393038627770941 ], [ -62.054621377193946, 6.39360921406194 ], [ -62.055027194072828, 6.394170716783242 ], [ -62.055451157336236, 6.394723219796549 ], [ -62.05589317902961, 6.395257675688729 ], [ -62.056362375915469, 6.395774108389586 ], [ -62.056849631663937, 6.396272456784313 ], [ -62.057491081524127, 6.396545005895825 ], [ -62.058169373751213, 6.396410528028501 ], [ -62.058802830007451, 6.396113250381255 ], [ -62.059337074785709, 6.395671014698863 ], [ -62.059726847336577, 6.395101909256187 ], [ -62.059936056302185, 6.394432982033217 ], [ -62.059801666903269, 6.393754315542259 ], [ -62.059468287837248, 6.393138687149057 ], [ -62.059062467257704, 6.392577150916512 ], [ -62.058647530495072, 6.392015627492041 ], [ -62.058250777026352, 6.39144510464311 ], [ -62.057962661202026, 6.39081142449074 ], [ -62.058144668598757, 6.390142464813167 ], [ -62.058751008220746, 6.389808895222636 ], [ -62.059420409567018, 6.389611143477947 ], [ -62.060098775252648, 6.389458571073503 ], [ -62.060777093550278, 6.389324164244536 ], [ -62.061772100013854, 6.389054647903518 ], [ -62.062449957689054, 6.38917345948464 ], [ -62.063136766408419, 6.389328440830862 ], [ -62.063805518532689, 6.389501468292 ], [ -62.064483275394075, 6.389674628718347 ], [ -62.06515196836672, 6.389856700172254 ], [ -62.065829727358405, 6.390029747580331 ], [ -62.066507531597182, 6.390184812950163 ], [ -62.067185369318629, 6.390312627284489 ], [ -62.067881332781731, 6.390395292073748 ], [ -62.068577480086489, 6.390405586530512 ], [ -62.069264748582867, 6.390307338895739 ], [ -62.069853101844998, 6.389946571980242 ], [ -62.07009838248689, 6.389295824232176 ], [ -62.070171931129401, 6.388599520630977 ], [ -62.070173214086445, 6.387902997286871 ], [ -62.0701654163041, 6.387206561824076 ], [ -62.070184746363665, 6.386510158085297 ], [ -62.070249266950455, 6.38582280396014 ], [ -62.070467477707389, 6.385162941453824 ], [ -62.071127797187692, 6.384947095214331 ], [ -62.071823805135686, 6.385038801547983 ], [ -62.072510779990232, 6.385112354219785 ], [ -62.072855430983111, 6.384497967456348 ], [ -62.072567277949531, 6.383873341777927 ], [ -62.072297182912664, 6.383230594441355 ], [ -62.072217042258373, 6.382534049980354 ], [ -62.072516525652489, 6.381901456617052 ], [ -62.072987569017741, 6.381395796788425 ], [ -62.073992827745798, 6.380447848257051 ], [ -62.074679704918289, 6.380557619744549 ], [ -62.0753574853562, 6.380703589617898 ], [ -62.076035349274093, 6.380831429564058 ], [ -62.076731407016126, 6.380886906986502 ], [ -62.077418637815221, 6.380797731512128 ], [ -62.078061061222279, 6.380518433658916 ], [ -62.078640324716375, 6.380139651791929 ], [ -62.079201631530708, 6.379724565283684 ], [ -62.079771897212524, 6.379327592861095 ], [ -62.080378247079416, 6.37899396065735 ], [ -62.081074440817645, 6.378949997154305 ], [ -62.081525555592734, 6.379484416740713 ], [ -62.081777515459443, 6.380136196551666 ], [ -62.082002387103401, 6.380787797257618 ], [ -62.082299644209137, 6.381421450176469 ], [ -62.082777905943061, 6.381919788375894 ], [ -62.083401138977869, 6.38222844352385 ], [ -62.084069797949979, 6.382437628885511 ], [ -62.084738548125216, 6.382610628671712 ], [ -62.085407252266549, 6.382801831132985 ], [ -62.086048678585669, 6.3830833160733 ], [ -62.086418283897572, 6.383671878626152 ], [ -62.086200094577357, 6.384331748017312 ], [ -62.085882600856962, 6.384955332542162 ], [ -62.085619242887816, 6.385597033145712 ], [ -62.086233469351662, 6.385923681140112 ], [ -62.086911761539547, 6.38578019268866 ], [ -62.08759014379001, 6.385600518635822 ], [ -62.088250568499909, 6.385384577088526 ], [ -62.088910880685738, 6.385168707631653 ], [ -62.090123014075907, 6.384818039026308 ], [ -62.090628481755239, 6.385289299004969 ], [ -62.091115835258009, 6.385787615205849 ], [ -62.091594124312742, 6.386294991631219 ], [ -62.092099595232689, 6.386766213065844 ], [ -62.092668462582033, 6.387183314275842 ], [ -62.093328029872822, 6.387401510640372 ], [ -62.093943340116759, 6.387086050791689 ], [ -62.094423446433979, 6.386580393910351 ], [ -62.094885415226116, 6.386065644626129 ], [ -62.095428623672888, 6.385623355821816 ], [ -62.096124757111447, 6.385651705104662 ], [ -62.096702721732363, 6.386032639158169 ], [ -62.097199146846663, 6.38652192578067 ], [ -62.097659298235456, 6.3870382973474 ], [ -62.0981104597574, 6.387563693026333 ], [ -62.098588735086267, 6.388080109006698 ], [ -62.099112270815127, 6.388533200997163 ], [ -62.099726523419356, 6.388868953312286 ], [ -62.100413484747456, 6.388951551327099 ], [ -62.101109786923566, 6.388898514863818 ], [ -62.101788093973866, 6.388764015960631 ], [ -62.102457403800244, 6.388566132320702 ], [ -62.103108812289626, 6.388323121316617 ], [ -62.103742114455919, 6.388043767715084 ], [ -62.104366535600043, 6.387728318309454 ], [ -62.104963881034521, 6.387376579040961 ], [ -62.105543192381504, 6.386988646448152 ], [ -62.106095389630234, 6.386564534978622 ], [ -62.106530322616102, 6.386022607131888 ], [ -62.106730364984962, 6.385362609879141 ], [ -62.106785777778342, 6.384666256386636 ], [ -62.106786972102093, 6.383969843759916 ], [ -62.106843416965035, 6.382703577357383 ], [ -62.106808478678829, 6.38200707601329 ], [ -62.106800667637778, 6.38131064149916 ], [ -62.106792746636245, 6.380614094584526 ], [ -62.106748780992334, 6.379926617524299 ], [ -62.106641481200306, 6.379239058247679 ], [ -62.10643470893023, 6.378569309503223 ], [ -62.106155471271812, 6.377935677879567 ], [ -62.105831125616369, 6.377320102699858 ], [ -62.105461465315116, 6.37673155393232 ], [ -62.105064634403519, 6.376161030316626 ], [ -62.104649771629092, 6.375599508722089 ], [ -62.104207678569175, 6.375065095013134 ], [ -62.103747479201473, 6.374539719498644 ], [ -62.103196738496386, 6.374122675819619 ], [ -62.102564378589477, 6.373832188804015 ], [ -62.101877535300432, 6.37369524212786 ], [ -62.101190512646681, 6.373630738050649 ], [ -62.100494454892036, 6.373593349961924 ], [ -62.099798315398935, 6.373574052866807 ], [ -62.099102168203025, 6.373572847556263 ], [ -62.098406072702758, 6.373580688252693 ], [ -62.097709866015514, 6.373588526803325 ], [ -62.097013793310666, 6.373587282338792 ], [ -62.096317631503354, 6.373577026626044 ], [ -62.095621514659669, 6.373548677608282 ], [ -62.094934566716525, 6.373484202896011 ], [ -62.09424764976594, 6.373392551263195 ], [ -62.093578954319689, 6.373201397559886 ], [ -62.092964783583803, 6.372856666133184 ], [ -62.092404951789696, 6.37244863395469 ], [ -62.091375643820392, 6.37170516385527 ], [ -62.090761372474404, 6.371387493733957 ], [ -62.090129120588998, 6.371087871647517 ], [ -62.089496734917738, 6.37079736789705 ], [ -62.088864388216159, 6.370506752538622 ], [ -62.08823213776099, 6.370207202223524 ], [ -62.087626972049001, 6.369880505128648 ], [ -62.087039953474537, 6.369499537669745 ], [ -62.086489253459895, 6.369073540839341 ], [ -62.086164827424305, 6.36845784064594 ], [ -62.086138923659668, 6.367761360121469 ], [ -62.086158268055499, 6.367064956157542 ], [ -62.085879135837416, 6.366431351208056 ], [ -62.085218795344986, 6.366638169742357 ], [ -62.084630508907495, 6.367017047682714 ], [ -62.084060224643395, 6.367413951042834 ], [ -62.083462902611416, 6.367774712198878 ], [ -62.082802572547251, 6.36799068536221 ], [ -62.082115240160199, 6.368097996775346 ], [ -62.081419151926006, 6.368105814091374 ], [ -62.080750423238783, 6.367932698701608 ], [ -62.080245017951519, 6.367461540456224 ], [ -62.079911595475394, 6.366845813898151 ], [ -62.079677713356958, 6.366185143329863 ], [ -62.079525256654193, 6.365506548132056 ], [ -62.079454165642126, 6.364819037082604 ], [ -62.079536718369738, 6.364131689832291 ], [ -62.079845223792624, 6.363499114899024 ], [ -62.0802620295879, 6.36294811715475 ], [ -62.080869224048733, 6.362107968480945 ], [ -62.08126806268492, 6.361538869947798 ], [ -62.08169394439043, 6.360987894158494 ], [ -62.082137886875586, 6.360445972550384 ], [ -62.082572800367743, 6.35991311148396 ], [ -62.082998605177131, 6.359362133805819 ], [ -62.08340644457828, 6.358793018827892 ], [ -62.083760135542569, 6.358196703410158 ], [ -62.084032449859492, 6.357554988609308 ], [ -62.084205429419157, 6.356876876954458 ], [ -62.084170464338385, 6.356189419849639 ], [ -62.083999920781068, 6.35551078066412 ], [ -62.083747895012451, 6.354859112413873 ], [ -62.083477815630111, 6.354225417647649 ], [ -62.083198716535875, 6.353582765081544 ], [ -62.082964813562207, 6.352931142244538 ], [ -62.082821287543631, 6.352252532523915 ], [ -62.082876804502902, 6.351556108344623 ], [ -62.083266576362099, 6.350977938993727 ], [ -62.083827771750357, 6.350562957804413 ], [ -62.084434084489175, 6.350229320766236 ], [ -62.08505847181307, 6.349913821075916 ], [ -62.085664745116823, 6.34958025630965 ], [ -62.086234934718192, 6.349183276239267 ], [ -62.08661569617027, 6.348605082068786 ], [ -62.086526477277452, 6.34791752640275 ], [ -62.086211166217758, 6.347292803168445 ], [ -62.085732881959366, 6.346785458374389 ], [ -62.085073325949288, 6.346585307397556 ], [ -62.084088126152274, 6.346484107632115 ], [ -62.083418768788434, 6.346690938181005 ], [ -62.082722635904638, 6.34669875649642 ], [ -62.082425375956817, 6.346074150069508 ], [ -62.082245796406454, 6.345395487628866 ], [ -62.08175854231115, 6.344906172830728 ], [ -62.081062564619316, 6.344823563422205 ], [ -62.080366388788981, 6.344849470837205 ], [ -62.079679192613355, 6.344929640808563 ], [ -62.078992002035264, 6.345036949154776 ], [ -62.077852675636784, 6.345161505923818 ], [ -62.077417783714047, 6.345703446519062 ], [ -62.077018967479987, 6.346281588527772 ], [ -62.076629227962847, 6.346859864653205 ], [ -62.076230432730171, 6.347428959874474 ], [ -62.07578651815767, 6.347961830081479 ], [ -62.07527045013498, 6.348422221945642 ], [ -62.074619070600335, 6.348683326888751 ], [ -62.073941287142659, 6.348555485454121 ], [ -62.073327100559183, 6.348219701847118 ], [ -62.072749219179947, 6.347829732013615 ], [ -62.072189504272721, 6.347421789511637 ], [ -62.071602500464458, 6.347049850347489 ], [ -62.070961165685084, 6.34676827337077 ], [ -62.070265092475552, 6.346767028764679 ], [ -62.069649718652585, 6.347091579295566 ], [ -62.069133608882602, 6.347551964495968 ], [ -62.068671686105752, 6.348066690611378 ], [ -62.068236782256044, 6.348608586253515 ], [ -62.067801877077365, 6.349150518594939 ], [ -62.067348836199777, 6.349683357631807 ], [ -62.066850810905947, 6.350170888716715 ], [ -62.066181496542328, 6.350341511373289 ], [ -62.065630859119757, 6.349906334482671 ], [ -62.065315511751557, 6.349290718126331 ], [ -62.065099777441851, 6.348630087312339 ], [ -62.064893071443251, 6.34796043286758 ], [ -62.064704376626217, 6.347290712392454 ], [ -62.064533839141525, 6.34662111285679 ], [ -62.064363288079981, 6.345942466698133 ], [ -62.064201779611011, 6.345263806454104 ], [ -62.064040248942426, 6.344594155262111 ], [ -62.063869699225506, 6.343915508949375 ], [ -62.063636331474008, 6.342992490113422 ], [ -62.063339120295986, 6.342358826318851 ], [ -62.063078174109421, 6.341716172147234 ], [ -62.062708589514919, 6.341127592230383 ], [ -62.062030326833408, 6.341280131442335 ], [ -62.061478067562611, 6.341704231013332 ], [ -62.060961932767825, 6.342173654022109 ], [ -62.060463834605393, 6.342661177988148 ], [ -62.05998380972845, 6.343166840435225 ], [ -62.059512788946613, 6.343672488082299 ], [ -62.059050836807387, 6.344196251562889 ], [ -62.058579827661887, 6.34471098198641 ], [ -62.058117822640284, 6.34522569765161 ], [ -62.057637794183769, 6.345731246670291 ], [ -62.057148670866205, 6.346227836315796 ], [ -62.056641569605546, 6.346697241028776 ], [ -62.056080355021074, 6.347112303250418 ], [ -62.05542902631602, 6.347364448915277 ], [ -62.054814830261918, 6.347037688999651 ], [ -62.054571962146227, 6.346386030255559 ], [ -62.05445569978454, 6.345698325567588 ], [ -62.054393650281519, 6.345010833890653 ], [ -62.054358786363636, 6.344314366085559 ], [ -62.054332928392576, 6.343617809885655 ], [ -62.054316074337109, 6.342921350648584 ], [ -62.054308299063287, 6.342224915030624 ], [ -62.054291519193598, 6.341528456600265 ], [ -62.054265638650918, 6.340840909514568 ], [ -62.054221733551053, 6.340144418511592 ], [ -62.054159708253643, 6.339447880673474 ], [ -62.054052415162104, 6.33876023543116 ], [ -62.053827658828823, 6.33809953958251 ], [ -62.05343995759516, 6.337529035875649 ], [ -62.052808662659601, 6.336722851454221 ], [ -62.052211331329666, 6.337092621793094 ], [ -62.05164107741485, 6.337480553559137 ], [ -62.051070836815335, 6.337877494181679 ], [ -62.050491577780598, 6.338265290566497 ], [ -62.049885247487751, 6.338616979611952 ], [ -62.049260972872148, 6.338914344302055 ], [ -62.048600652916321, 6.339121152057301 ], [ -62.047913370760845, 6.339264565773293 ], [ -62.047235162388468, 6.339380900061381 ], [ -62.04653884222023, 6.339479167734524 ], [ -62.045851707987886, 6.339550283036153 ], [ -62.045155504957265, 6.339603243815029 ], [ -62.044459408575484, 6.339629102598136 ], [ -62.043763331589048, 6.339618774946205 ], [ -62.043076422650323, 6.339545183238958 ], [ -62.042462267473084, 6.339209362176408 ], [ -62.042743739648301, 6.338567693934844 ], [ -62.043232772187778, 6.338080163629175 ], [ -62.043757974508068, 6.337619828709314 ], [ -62.044283077985241, 6.337168575687265 ], [ -62.044817297013729, 6.33671727216537 ], [ -62.04533337960055, 6.336257022644916 ], [ -62.045840504244104, 6.335778583151785 ], [ -62.046311518031814, 6.335263864642223 ], [ -62.046710337314977, 6.33469479308603 ], [ -62.047054963558416, 6.334089321929816 ], [ -62.047345444862742, 6.333456757751251 ], [ -62.047608713065884, 6.332815076036745 ], [ -62.047844939784987, 6.332155232258047 ], [ -62.048063156212699, 6.331495416660853 ], [ -62.048290303991401, 6.330835474815723 ], [ -62.048726362316671, 6.329660470654133 ], [ -62.048221035417747, 6.329171113671475 ], [ -62.047706635141488, 6.328708871757666 ], [ -62.047174069224994, 6.328264674573738 ], [ -62.046641600489458, 6.327811542676038 ], [ -62.046118101218482, 6.327358321570678 ], [ -62.045603690612779, 6.326887068033292 ], [ -62.045116415647428, 6.326397717240152 ], [ -62.044674451382036, 6.325854242589231 ], [ -62.044295895437763, 6.325265626345434 ], [ -62.044043912050746, 6.32462302175788 ], [ -62.043954830106621, 6.323935385434467 ], [ -62.044001280784016, 6.323239052759948 ], [ -62.044129080721355, 6.322551902703091 ], [ -62.044329202744166, 6.321882884232352 ], [ -62.044574423188351, 6.321241157815372 ], [ -62.04486490061938, 6.320608558108178 ], [ -62.045254617960346, 6.320030417468758 ], [ -62.04580679347508, 6.319606297867788 ], [ -62.0464490950759, 6.319336197278091 ], [ -62.047136346683203, 6.319237869340503 ], [ -62.047823205338048, 6.319320501679536 ], [ -62.048491765718076, 6.319529808125513 ], [ -62.04914215170448, 6.319775177598057 ], [ -62.049765385111044, 6.320074828687609 ], [ -62.050379471090764, 6.320401593826857 ], [ -62.050975406275072, 6.320755376030996 ], [ -62.05156234158477, 6.321136348112131 ], [ -62.052122046661921, 6.321544424924286 ], [ -62.052554973837289, 6.322087869782458 ], [ -62.052797827699507, 6.322739529301105 ], [ -62.053022413523543, 6.323535845842247 ], [ -62.053256263575591, 6.324187556457989 ], [ -62.053462967293932, 6.324848206376083 ], [ -62.053678764222596, 6.325517889338943 ], [ -62.053948768973108, 6.326160534781334 ], [ -62.054363595644922, 6.326713014923977 ], [ -62.055050789759477, 6.326596693898887 ], [ -62.055630031949832, 6.32620889235042 ], [ -62.056281398153395, 6.325974840021738 ], [ -62.056977405687384, 6.325976103475845 ], [ -62.057664371939467, 6.326049714157308 ], [ -62.058351125896877, 6.326177563047912 ], [ -62.059019745924758, 6.326368763261053 ], [ -62.05965197055891, 6.32665025765324 ], [ -62.059894946103938, 6.327301989147228 ], [ -62.059938857895382, 6.327998479546856 ], [ -62.060634933194251, 6.328017831500435 ], [ -62.061033656962181, 6.327448710835029 ], [ -62.0615678273277, 6.327006472915448 ], [ -62.062228157920977, 6.326772546427389 ], [ -62.062897489750753, 6.326583725496094 ], [ -62.063566708333759, 6.326395050769205 ], [ -62.064235991918011, 6.32622443161848 ], [ -62.064914280587679, 6.326053722997164 ], [ -62.065592521999534, 6.32590117994639 ], [ -62.066270799656344, 6.325748673455659 ], [ -62.066949041046485, 6.32559605444392 ], [ -62.067627294919973, 6.325452592303306 ], [ -62.068305585858397, 6.32530909258011 ], [ -62.068983863097728, 6.325156471238176 ], [ -62.069671120129811, 6.325013028913008 ], [ -62.070349358713976, 6.324860479484831 ], [ -62.071380294295956, 6.32461806294519 ], [ -62.072058086757593, 6.324773121619002 ], [ -62.072726660071169, 6.324955145527091 ], [ -62.073395307571289, 6.325137206418358 ], [ -62.07407301304108, 6.325283215030805 ], [ -62.074768985566166, 6.325356787869699 ], [ -62.075465092199067, 6.325303748466357 ], [ -62.076143335883366, 6.325178256426602 ], [ -62.076830642218091, 6.325043851335422 ], [ -62.077508878686018, 6.324891292304884 ], [ -62.078178178360155, 6.324711608536734 ], [ -62.078838416892786, 6.324495641095033 ], [ -62.079489717621016, 6.324252623129238 ], [ -62.080123012461954, 6.323964253431484 ], [ -62.080729303006684, 6.323612639414942 ], [ -62.081290522710468, 6.323206596921115 ], [ -62.081788544622498, 6.322719052167135 ], [ -62.082241486414773, 6.3221952461371 ], [ -62.082658255991568, 6.321644209569408 ], [ -62.083066064992124, 6.321075132162808 ], [ -62.083446757502756, 6.320487893613506 ], [ -62.083800385795932, 6.319891466803215 ], [ -62.084144956807606, 6.319286044645977 ], [ -62.084480485335199, 6.318680636654693 ], [ -62.084797938424913, 6.318057127442999 ], [ -62.08510638654257, 6.317433595770098 ], [ -62.085414797245967, 6.316810026447949 ], [ -62.08570522189261, 6.316177329189315 ], [ -62.086004626539918, 6.315553774334413 ], [ -62.086294974834139, 6.314921150100554 ], [ -62.086594400638482, 6.314288548742721 ], [ -62.086893803073501, 6.313664993382988 ], [ -62.087193228575728, 6.313032280471856 ], [ -62.087510689223151, 6.312417816185258 ], [ -62.088045799020939, 6.31140571123602 ], [ -62.088227738513723, 6.31073670404793 ], [ -62.088391654554535, 6.310058642890504 ], [ -62.088573629760297, 6.309389673063357 ], [ -62.088800751861314, 6.308729713664764 ], [ -62.08912724933063, 6.308115233943374 ], [ -62.089535017983835, 6.307555160557488 ], [ -62.08999697924947, 6.307031370312931 ], [ -62.090476917327493, 6.306534725823854 ], [ -62.090974876941587, 6.306047171776259 ], [ -62.09146392865275, 6.305550512642719 ], [ -62.091925789462472, 6.305035766032033 ], [ -62.092351649086226, 6.304484782060675 ], [ -62.092696162335336, 6.303879353860152 ], [ -62.0928510883519, 6.303192260125127 ], [ -62.092915567941617, 6.30250486656398 ], [ -62.092961912259625, 6.301808529282067 ], [ -62.093080599381629, 6.301121344614382 ], [ -62.093641784641889, 6.30071525151721 ], [ -62.094310430135721, 6.300888238504342 ], [ -62.094933570447182, 6.301196879188373 ], [ -62.095520515763162, 6.301577837174032 ], [ -62.096080235835103, 6.301985753963606 ], [ -62.096612794964294, 6.302438908524189 ], [ -62.097118201046257, 6.302919208214491 ], [ -62.097596403601159, 6.303417494944958 ], [ -62.09805653153807, 6.30394291272378 ], [ -62.098507582765393, 6.304468270196968 ], [ -62.098949585753516, 6.305011734656769 ], [ -62.099382548661026, 6.305555176326253 ], [ -62.099824575927016, 6.306089593866684 ], [ -62.100690640243506, 6.307122235434775 ], [ -62.100996904268676, 6.307746815684011 ], [ -62.101294141075115, 6.308380568227848 ], [ -62.101591365119482, 6.309005162828211 ], [ -62.101879526441742, 6.309638781063973 ], [ -62.102167725535828, 6.310272399539248 ], [ -62.102455850854959, 6.310906054138382 ], [ -62.102753114075469, 6.311530722625055 ], [ -62.103050356487756, 6.312164362970518 ], [ -62.103365630187611, 6.312789000868098 ], [ -62.10368103813871, 6.313404593593972 ], [ -62.104005377280657, 6.314020170200568 ], [ -62.104347895611014, 6.314626782942479 ], [ -62.104717508478551, 6.315215406347179 ], [ -62.105295400335322, 6.31559621917173 ], [ -62.105991363930713, 6.315624554068697 ], [ -62.106669616041259, 6.315471956347753 ], [ -62.10734784509242, 6.315328440957784 ], [ -62.108035175439724, 6.315175789926407 ], [ -62.108704406970411, 6.315014158124056 ], [ -62.109382664832935, 6.314843464032639 ], [ -62.110042892025803, 6.314636502450797 ], [ -62.110694128038496, 6.314393443942178 ], [ -62.111318432612549, 6.314086958146656 ], [ -62.111888658001448, 6.313680941030252 ], [ -62.112287312461753, 6.313111817162996 ], [ -62.112387931535288, 6.312424509696299 ], [ -62.112271597645602, 6.311736892772603 ], [ -62.112055818064704, 6.311076282329887 ], [ -62.111794715798538, 6.310433578268944 ], [ -62.111497463457781, 6.309799943084908 ], [ -62.111200227119674, 6.309175317225852 ], [ -62.110893950036818, 6.308550706067074 ], [ -62.110623845342531, 6.307908090837892 ], [ -62.110326796416686, 6.307147733322006 ], [ -62.109948177735532, 6.306559203497438 ], [ -62.109831774407063, 6.305871585303596 ], [ -62.110185397271479, 6.305275251817036 ], [ -62.110602144305069, 6.304715183299046 ], [ -62.111036943303901, 6.304182260673705 ], [ -62.111498879639292, 6.303658413752975 ], [ -62.111960740524189, 6.30313460269777 ], [ -62.112404599877465, 6.302592654933207 ], [ -62.112821394190291, 6.302041631575328 ], [ -62.113183942243012, 6.301445168742382 ], [ -62.113474322581553, 6.300812529875472 ], [ -62.113674306531237, 6.30014355799887 ], [ -62.11380202097984, 6.299465437210044 ], [ -62.113884538554778, 6.298769038777315 ], [ -62.11392186475431, 6.298081724438681 ], [ -62.113959175939591, 6.297385363547854 ], [ -62.113987484383074, 6.296688869697667 ], [ -62.114033836629297, 6.295992493902147 ], [ -62.114125407898953, 6.295305275409403 ], [ -62.114262184672135, 6.294618019349787 ], [ -62.114480187603284, 6.293958137311402 ], [ -62.11491503245005, 6.293416165714104 ], [ -62.115476191654672, 6.293010048460439 ], [ -62.116064331172595, 6.292631208773331 ], [ -62.11660743543036, 6.292197981301272 ], [ -62.116961004107885, 6.291601605800977 ], [ -62.117115798439904, 6.290923438994927 ], [ -62.117162219953364, 6.290227063801728 ], [ -62.117145281243381, 6.289530607325869 ], [ -62.117092179652985, 6.288834062489198 ], [ -62.117030127343028, 6.288146468769791 ], [ -62.116968022003867, 6.287449939316438 ], [ -62.116924328406725, 6.286527260533489 ], [ -62.116627136085391, 6.285902638601731 ], [ -62.116338895718933, 6.285269028337463 ], [ -62.116059792926549, 6.284626394657975 ], [ -62.11578967351862, 6.283992717507632 ], [ -62.115501457396128, 6.283350060636701 ], [ -62.115204231646842, 6.282725437529103 ], [ -62.11487989893692, 6.282109868558254 ], [ -62.114519286264638, 6.281512302368587 ], [ -62.114122519780437, 6.2809417866219 ], [ -62.113680499378333, 6.280407381915896 ], [ -62.113184162385039, 6.279918112128612 ], [ -62.112660712279506, 6.279455914617757 ], [ -62.112128119019928, 6.279020832478709 ], [ -62.111586485732659, 6.278585764663329 ], [ -62.111044890819052, 6.278150659597173 ], [ -62.110512344715936, 6.277697483450723 ], [ -62.109997923844247, 6.277226370082592 ], [ -62.109528745066001, 6.276709987465413 ], [ -62.109131965352276, 6.276148551115214 ], [ -62.108834737657943, 6.275514803697508 ], [ -62.108754601228931, 6.274818229399595 ], [ -62.108855179255663, 6.274131034109239 ], [ -62.109064215235428, 6.273471022117878 ], [ -62.109327448115778, 6.272829309912452 ], [ -62.10964484225029, 6.272205748727801 ], [ -62.109989312854864, 6.271600309265994 ], [ -62.110370011030831, 6.271013051940634 ], [ -62.110840913814329, 6.270507320618472 ], [ -62.111392980371299, 6.270083129920025 ], [ -62.111981112371481, 6.269713230571103 ], [ -62.112569316423851, 6.269343442545697 ], [ -62.113238831845145, 6.268919463169778 ], [ -62.113916608408147, 6.269056224931173 ], [ -62.114594266599759, 6.269211114384396 ], [ -62.115271902305459, 6.269375123231399 ], [ -62.115949539238663, 6.269539057028839 ], [ -62.116627235746023, 6.269693944154428 ], [ -62.117304901936002, 6.26983081140772 ], [ -62.117991653802299, 6.269949533370367 ], [ -62.118678435096541, 6.270041115528329 ], [ -62.119374404278339, 6.270087488404679 ], [ -62.120061528618713, 6.269962033032719 ], [ -62.120667720954202, 6.269628353087442 ], [ -62.121156707963934, 6.269131702793219 ], [ -62.121564372739549, 6.26857160376573 ], [ -62.121954021870508, 6.26798432193036 ], [ -62.122289471187862, 6.267378889630241 ], [ -62.12257978395651, 6.266746208668917 ], [ -62.122797801880374, 6.266086249829444 ], [ -62.122907399818814, 6.265399036857486 ], [ -62.122854366926411, 6.264702493917709 ], [ -62.122692783991134, 6.264032899694649 ], [ -62.122476975278069, 6.263372182934418 ], [ -62.122243048368865, 6.262711532913975 ], [ -62.122027165530575, 6.262050926417341 ], [ -62.121874683817893, 6.261372308236174 ], [ -62.121830582644144, 6.260675711968728 ], [ -62.121876972905881, 6.259988383141314 ], [ -62.121977589608079, 6.259292102744977 ], [ -62.122114286957753, 6.258613891066342 ], [ -62.122278066647702, 6.257935819118985 ], [ -62.122459978739286, 6.257266801002708 ], [ -62.122641876070745, 6.256588662145549 ], [ -62.122951375267391, 6.25526865979577 ], [ -62.125559728637256, 6.252125299744548 ], [ -62.12623738964497, 6.252271127347873 ], [ -62.1269242595896, 6.252362699431034 ], [ -62.127620064674602, 6.252436272746374 ], [ -62.128306948120844, 6.2524916946192 ], [ -62.129002813282817, 6.252556146129283 ], [ -62.129689647067956, 6.252647714063249 ], [ -62.130376356689631, 6.252775465288412 ], [ -62.13104488514707, 6.252975616058051 ], [ -62.131659002236972, 6.253293124924841 ], [ -62.132155368028741, 6.253782376539001 ], [ -62.132506830115751, 6.254379943680988 ], [ -62.132795073130033, 6.255013544099973 ], [ -62.133029030866474, 6.25566525411601 ], [ -62.133217708603908, 6.25633487279073 ], [ -62.133370278096244, 6.257013488216185 ], [ -62.133495630803267, 6.257701157724201 ], [ -62.133603015006301, 6.258388747730095 ], [ -62.133683204804107, 6.259076271553695 ], [ -62.133754369871802, 6.25977282013562 ], [ -62.133816493730556, 6.260469458143807 ], [ -62.133869637133941, 6.261156954461564 ], [ -62.133922684809278, 6.261853496161335 ], [ -62.133966802722703, 6.262550091402359 ], [ -62.134019835407322, 6.263237586574388 ], [ -62.134072957994476, 6.263934092023352 ], [ -62.134135119849375, 6.264630730485911 ], [ -62.134215311358396, 6.265318254373904 ], [ -62.134385145927943, 6.266476289092849 ], [ -62.134610049682564, 6.26713694887054 ], [ -62.134816835477224, 6.267797638758796 ], [ -62.135023637885702, 6.268467300987155 ], [ -62.135221422608787, 6.269127858145136 ], [ -62.135428189048191, 6.269797519844005 ], [ -62.13563501404478, 6.270458209848018 ], [ -62.135850880782975, 6.271118847397212 ], [ -62.136093854453748, 6.271770466505643 ], [ -62.136354946676761, 6.272422129402568 ], [ -62.136643151235234, 6.273046792284426 ], [ -62.136976582109369, 6.273662369260542 ], [ -62.137409596072104, 6.274205778317858 ], [ -62.137951209422951, 6.274640855092747 ], [ -62.13858348109229, 6.274940343972879 ], [ -62.139279406418872, 6.274977642511645 ], [ -62.139948581132401, 6.274797876804025 ], [ -62.140599842203699, 6.274563716146893 ], [ -62.141242073518484, 6.274293458773522 ], [ -62.141875255278748, 6.273995965524441 ], [ -62.142490397444533, 6.27368044709756 ], [ -62.143096601064293, 6.273337694063323 ], [ -62.143684787776564, 6.272967758586296 ], [ -62.144263879116131, 6.272588902160689 ], [ -62.144834032128784, 6.27218277417464 ], [ -62.145377090224322, 6.271749478984099 ], [ -62.14591111305171, 6.271298068924278 ], [ -62.146390999451995, 6.270801372230396 ], [ -62.14681668180171, 6.270241258489741 ], [ -62.14718825879973, 6.269653951516717 ], [ -62.147523679439203, 6.269048465372475 ], [ -62.147850117092894, 6.268433948777254 ], [ -62.148158457715361, 6.267810342355696 ], [ -62.148493876365038, 6.267204818533124 ], [ -62.14889271718998, 6.266509019870923 ], [ -62.148939018663121, 6.265812641480764 ], [ -62.148976295236935, 6.265125288130234 ], [ -62.149275614446424, 6.264492539271179 ], [ -62.149962386883921, 6.2646022828456 ], [ -62.150585613207518, 6.26490169804369 ], [ -62.151154360656818, 6.265300639608533 ], [ -62.151551172195362, 6.26588017256996 ], [ -62.151703769529114, 6.266558745617275 ], [ -62.151747837830669, 6.267255375704897 ], [ -62.151728683022185, 6.267942735577954 ], [ -62.151664267398537, 6.268639070930105 ], [ -62.151590847868533, 6.269335422276199 ], [ -62.151508334325186, 6.270022779347364 ], [ -62.15143421822831, 6.271153275810778 ], [ -62.151098779790836, 6.271767773679985 ], [ -62.150763361625359, 6.272373262248542 ], [ -62.150427921565324, 6.27298775969621 ], [ -62.150083460544785, 6.273593300481589 ], [ -62.149738999483795, 6.274198766901294 ], [ -62.149394559493253, 6.274795149864373 ], [ -62.149050096790717, 6.275400615837239 ], [ -62.148714674160182, 6.276006066043509 ], [ -62.148370209820676, 6.276611531575483 ], [ -62.14802567056104, 6.277216996099535 ], [ -62.1476902972814, 6.27783156674894 ], [ -62.147354871022209, 6.278437053168578 ], [ -62.14702842631764, 6.279051569634695 ], [ -62.146701980820595, 6.279666085901138 ], [ -62.146384627651507, 6.280289670485596 ], [ -62.146067295262895, 6.280904208718728 ], [ -62.145758943305914, 6.281527888258485 ], [ -62.145468614371318, 6.282160545351685 ], [ -62.145178284711115, 6.282793202289754 ], [ -62.144915144214295, 6.283444017366629 ], [ -62.144715192679705, 6.28410395475719 ], [ -62.144560399962138, 6.284782166566607 ], [ -62.144459831235679, 6.285469368778068 ], [ -62.144422562488991, 6.286165768778234 ], [ -62.144430459687385, 6.286862313493591 ], [ -62.144519724867692, 6.287558904372413 ], [ -62.144672318919056, 6.288237517054102 ], [ -62.14487012277845, 6.288898182036776 ], [ -62.145094976077999, 6.289558836805949 ], [ -62.145328966788192, 6.290210430622956 ], [ -62.145571924771673, 6.290862045142735 ], [ -62.145859785902559, 6.291748970518459 ], [ -62.14596712002141, 6.292436557830285 ], [ -62.146056446127048, 6.293124176907074 ], [ -62.146136636777307, 6.293820745645281 ], [ -62.146244030320453, 6.294499287159544 ], [ -62.146414673810249, 6.295177905116759 ], [ -62.146684815574211, 6.295820649329209 ], [ -62.14719928830219, 6.296291836823235 ], [ -62.147840703960334, 6.296546104631997 ], [ -62.148536687175557, 6.296556251558314 ], [ -62.14919694743508, 6.296349350935594 ], [ -62.149830210651132, 6.296042801769739 ], [ -62.150427342608609, 6.295690971275513 ], [ -62.151024546659954, 6.295339252076722 ], [ -62.151639768744552, 6.295014565343942 ], [ -62.152281982668029, 6.294744330475187 ], [ -62.152960193632396, 6.29459159659347 ], [ -62.153656221129786, 6.294628876149327 ], [ -62.154333924924664, 6.294783786598779 ], [ -62.154993435458302, 6.295001902728499 ], [ -62.155652983609663, 6.295220018390816 ], [ -62.156330683097366, 6.295393018892589 ], [ -62.157026668819412, 6.295448423215895 ], [ -62.157713652176128, 6.295440480867947 ], [ -62.158409841466003, 6.295378282328305 ], [ -62.159096963516191, 6.295279912715117 ], [ -62.159775151824071, 6.295136215858508 ], [ -62.160444446871978, 6.294929284816108 ], [ -62.161086657160276, 6.294658927551998 ], [ -62.161683794646436, 6.294316204478352 ], [ -62.162253920713347, 6.293910093282637 ], [ -62.162787967653166, 6.293467711674242 ], [ -62.163303958366733, 6.29299818515139 ], [ -62.163820022612477, 6.292528621818093 ], [ -62.1646437295867, 6.291824465652109 ], [ -62.165168699803317, 6.291363967193826 ], [ -62.165666683706959, 6.290876340945361 ], [ -62.166164629992792, 6.290388676750427 ], [ -62.166716708139866, 6.289964499940165 ], [ -62.167394908346047, 6.289811746716957 ], [ -62.168000008254182, 6.290147431239121 ], [ -62.168478284391675, 6.290654697339375 ], [ -62.168884160515994, 6.291225191750553 ], [ -62.169235803486067, 6.29182269816172 ], [ -62.169542142036214, 6.292447310814095 ], [ -62.16968569324154, 6.293125894486083 ], [ -62.169666539886791, 6.293822375862563 ], [ -62.169610600138469, 6.294880584615667 ], [ -62.169871731510085, 6.295523184067036 ], [ -62.170159970222322, 6.296156800270265 ], [ -62.170448247095912, 6.296790379638002 ], [ -62.170655128431619, 6.297451092886129 ], [ -62.170663026019447, 6.298147525785869 ], [ -62.170219232931345, 6.298689524628664 ], [ -62.169622111192083, 6.299041378519274 ], [ -62.169015932584237, 6.299384089840911 ], [ -62.168499866559991, 6.299853621483094 ], [ -62.168101248294668, 6.300422826184944 ], [ -62.167783834373104, 6.301046423752991 ], [ -62.167556876913316, 6.301697372731436 ], [ -62.167492478765801, 6.3023937107459 ], [ -62.16757272155742, 6.303081230066456 ], [ -62.167725350017335, 6.303759947260021 ], [ -62.167950240133656, 6.304420555029212 ], [ -62.168220415342326, 6.305063176658349 ], [ -62.168544864273542, 6.305678749224812 ], [ -62.168923608228212, 6.306258226453279 ], [ -62.1694290867216, 6.306738453905893 ], [ -62.170016116040003, 6.30711024222364 ], [ -62.170648414205615, 6.307391709350261 ], [ -62.171317047814775, 6.307600742536862 ], [ -62.171994822118499, 6.307719407218509 ], [ -62.172690869065995, 6.307756660585144 ], [ -62.173386961911248, 6.307694477308559 ], [ -62.174047226930497, 6.307487507116178 ], [ -62.174662448621916, 6.307162829355668 ], [ -62.175241578104909, 6.30677477973205 ], [ -62.175784662519064, 6.306350572194995 ], [ -62.176318731781265, 6.305899130000059 ], [ -62.176843779683537, 6.305438657121206 ], [ -62.177857536052926, 6.304608050734553 ], [ -62.178037249906865, 6.305277669694571 ], [ -62.178271289112317, 6.305929359722366 ], [ -62.178523338091381, 6.306580979647978 ], [ -62.178775482798876, 6.307223554065808 ], [ -62.17901850807263, 6.307884199332012 ], [ -62.179207301982913, 6.308553913440829 ], [ -62.179332751073133, 6.309232489336733 ], [ -62.179304607099795, 6.309928876596484 ], [ -62.179059429634208, 6.310579824408458 ], [ -62.178660851846551, 6.311149037953656 ], [ -62.178180974922554, 6.311654812347556 ], [ -62.177646886366858, 6.312097098786158 ], [ -62.177076751776788, 6.312503264569962 ], [ -62.176497601116402, 6.312882269777788 ], [ -62.175900371868259, 6.313243176578972 ], [ -62.17529412280318, 6.313594904238907 ], [ -62.174696987010094, 6.313946764232154 ], [ -62.174099776675241, 6.314298585670917 ], [ -62.173520638490167, 6.314686559901609 ], [ -62.172896170845277, 6.315110723505318 ], [ -62.172840856602463, 6.315807083875934 ], [ -62.172767480057352, 6.31649443002353 ], [ -62.172748256346345, 6.317190874011851 ], [ -62.172918943013684, 6.317869483347595 ], [ -62.173234326380573, 6.318485142785365 ], [ -62.173604038917752, 6.319082688295262 ], [ -62.174019027023789, 6.319635107668719 ], [ -62.174479211962243, 6.320160455676748 ], [ -62.174993793393334, 6.320622569343032 ], [ -62.1755626398621, 6.321030419359712 ], [ -62.17616776147527, 6.321375140503172 ], [ -62.176782062382316, 6.321692744211767 ], [ -62.17741434664137, 6.321974091350098 ], [ -62.178055767250221, 6.322246487452195 ], [ -62.178706309677693, 6.32250073763492 ], [ -62.179356798845525, 6.322746014171319 ], [ -62.180007273328918, 6.322982169166124 ], [ -62.180666863870748, 6.323218345061755 ], [ -62.181317354910568, 6.32346361907899 ], [ -62.18196784735963, 6.32370881811794 ], [ -62.182609293138263, 6.323972199349642 ], [ -62.183241657586017, 6.324253539991256 ], [ -62.183873996344118, 6.324562092896794 ], [ -62.184479206645406, 6.324888712155726 ], [ -62.185066173871505, 6.325269454375737 ], [ -62.185562624408412, 6.325758691160964 ], [ -62.185959469474298, 6.326329151013721 ], [ -62.186283990657081, 6.326944712822994 ], [ -62.186554163329802, 6.327587398669851 ], [ -62.186779183153234, 6.328238990023404 ], [ -62.186913705328514, 6.328926594607487 ], [ -62.186966832312329, 6.329623206029956 ], [ -62.186983888866258, 6.330310651611349 ], [ -62.18703664388272, 6.331233381893286 ], [ -62.187144116795075, 6.331920924692928 ], [ -62.187215328221683, 6.332617503656502 ], [ -62.187277555417332, 6.333305090134624 ], [ -62.187312601056711, 6.334001585740582 ], [ -62.187347683455826, 6.334698118810781 ], [ -62.187382766340548, 6.335394614812991 ], [ -62.18740880657591, 6.33609120119624 ], [ -62.187452915004975, 6.336778671476888 ], [ -62.187497002729529, 6.337475187934594 ], [ -62.187568288750171, 6.338171841816516 ], [ -62.187666610682463, 6.338859399632639 ], [ -62.187801157704349, 6.339537957896017 ], [ -62.187999016691244, 6.34020768988051 ], [ -62.188269199397865, 6.340850300774457 ], [ -62.188648066351455, 6.341429764326703 ], [ -62.189162624489796, 6.341900909492777 ], [ -62.189785873495872, 6.342209396420134 ], [ -62.190463668325485, 6.342373305139705 ], [ -62.191150676216104, 6.342446734499597 ], [ -62.191846743762262, 6.342447812718692 ], [ -62.192542972770333, 6.342394613311988 ], [ -62.193230147613164, 6.342314289979771 ], [ -62.193926463885518, 6.342206774151395 ], [ -62.194604642304036, 6.342090243138273 ], [ -62.195234037041004, 6.341975275701936 ], [ -62.195291882779635, 6.341964685735149 ], [ -62.195970138570104, 6.341830097998659 ], [ -62.196325082356225, 6.341765268339354 ], [ -62.196657453236384, 6.341704465374825 ], [ -62.197344692679081, 6.341578905182479 ], [ -62.198031911144646, 6.34146239023275 ], [ -62.198719157956724, 6.341382060219587 ], [ -62.199677566108114, 6.341293115159112 ], [ -62.200074476310974, 6.341863564434118 ], [ -62.200498479952557, 6.342415945007981 ], [ -62.200931620523917, 6.342959337495255 ], [ -62.201382866412949, 6.343493687540023 ], [ -62.201825017607959, 6.344019006724618 ], [ -62.202276228331542, 6.344553355589338 ], [ -62.202718361214551, 6.345087683103419 ], [ -62.203142444160065, 6.345640099324744 ], [ -62.203557428680497, 6.346201540434476 ], [ -62.203936243032892, 6.346780991785907 ], [ -62.204287945055292, 6.347387557631551 ], [ -62.204576219323357, 6.34802115436003 ], [ -62.204810275402792, 6.348672832122578 ], [ -62.204944827500412, 6.349360432063683 ], [ -62.204934783647779, 6.350047815614049 ], [ -62.20479811577718, 6.350735022652367 ], [ -62.204580167917428, 6.351395055040388 ], [ -62.204316977495814, 6.35203685446711 ], [ -62.204026681309379, 6.352669545965067 ], [ -62.20371835782462, 6.353293187491769 ], [ -62.203419017107905, 6.353925969315215 ], [ -62.203128792823428, 6.354558661081785 ], [ -62.202883699649909, 6.355209510380226 ], [ -62.202692816721743, 6.355878538227959 ], [ -62.202610395515563, 6.356565905148467 ], [ -62.202708741451715, 6.357253460143492 ], [ -62.203078500200959, 6.357841974867386 ], [ -62.203593162561468, 6.358313106185046 ], [ -62.204162130844857, 6.358711989618442 ], [ -62.204758218193462, 6.359065627796995 ], [ -62.20536344220983, 6.359410314529613 ], [ -62.205959584445417, 6.359773035318163 ], [ -62.206718194206282, 6.360280752291539 ], [ -62.207006590409257, 6.360914311777487 ], [ -62.207285870803631, 6.361547886915399 ], [ -62.207565131430428, 6.362190508078573 ], [ -62.207835371170944, 6.362824062440123 ], [ -62.20810562702264, 6.363466774438263 ], [ -62.208384963857803, 6.364109395928633 ], [ -62.208682352757243, 6.364733927975611 ], [ -62.208979684506858, 6.365367542710616 ], [ -62.209304258710723, 6.365983089955272 ], [ -62.209646884702948, 6.366580584738815 ], [ -62.210025662636937, 6.367169188597645 ], [ -62.210431667351706, 6.367730604087376 ], [ -62.210882945351521, 6.368264945731642 ], [ -62.211361337883439, 6.368772208889045 ], [ -62.211848777272621, 6.3692613992499 ], [ -62.212345297614334, 6.369750535776753 ], [ -62.212850843648475, 6.370230719774981 ], [ -62.213347402577135, 6.370719892777376 ], [ -62.213825783198978, 6.37121810703964 ], [ -62.214286130067485, 6.371743456906538 ], [ -62.214710174246051, 6.372295825652483 ], [ -62.215079957936652, 6.37288433162661 ], [ -62.215241676724112, 6.373563017884264 ], [ -62.215240631250175, 6.37425946783316 ], [ -62.215094948505666, 6.374937648268537 ], [ -62.214687244170641, 6.375506869445415 ], [ -62.213991118062623, 6.37547868335371 ], [ -62.213340523596969, 6.375242534517549 ], [ -62.212699016846948, 6.374970183056536 ], [ -62.212048444024738, 6.374724986379761 ], [ -62.211361194857332, 6.374787242163489 ], [ -62.211296847283862, 6.375483623385908 ], [ -62.211440514293919, 6.376162270427262 ], [ -62.211709780528793, 6.377447078464018 ], [ -62.211673469695278, 6.377563412053074 ], [ -62.21150085327519, 6.378116069254412 ], [ -62.211264763584346, 6.378767053882939 ], [ -62.211010589741157, 6.379417886357924 ], [ -62.210747392902306, 6.380059689178593 ], [ -62.210475190462667, 6.380701434753879 ], [ -62.210221108777091, 6.381343258498104 ], [ -62.209985032954222, 6.382003252019794 ], [ -62.209785090268262, 6.382663215575362 ], [ -62.209639414808635, 6.383350403925716 ], [ -62.209629243895705, 6.384046943853289 ], [ -62.209881466679349, 6.384689503199779 ], [ -62.210414234332298, 6.385133566217533 ], [ -62.211046612775526, 6.385432964161985 ], [ -62.211697275944154, 6.385660144296598 ], [ -62.212375099769702, 6.385823949141162 ], [ -62.213062047595415, 6.385951625813751 ], [ -62.21374900308394, 6.386043116065671 ], [ -62.214445160418862, 6.386080349055417 ], [ -62.215141402793584, 6.386063303630173 ], [ -62.215828616597399, 6.38597390301442 ], [ -62.216488932486719, 6.385748821209584 ], [ -62.216950850485475, 6.385233961216627 ], [ -62.217114656427924, 6.384555747113762 ], [ -62.217133747541936, 6.383859300323292 ], [ -62.21707156682384, 6.383162783157799 ], [ -62.216973159675419, 6.382475193473331 ], [ -62.216847568635401, 6.381796551559023 ], [ -62.216703986418629, 6.381108934797178 ], [ -62.216551267801911, 6.380430343082471 ], [ -62.216437334741187, 6.379891782371058 ], [ -62.216407667226711, 6.379751661199126 ], [ -62.216264065875642, 6.379073090488289 ], [ -62.216138496170572, 6.378385476357609 ], [ -62.216013327125566, 6.37745361382757 ], [ -62.216709625210804, 6.377373279290734 ], [ -62.217396904578408, 6.377265784572324 ], [ -62.21807516239376, 6.377149148310784 ], [ -62.218762444259127, 6.377023596063854 ], [ -62.219449800281254, 6.376898006585535 ], [ -62.220137078421629, 6.376790508143422 ], [ -62.220824295192493, 6.376710184374796 ], [ -62.221520527844206, 6.376675037423166 ], [ -62.222216693072149, 6.376703213537896 ], [ -62.222903637663954, 6.37679469135723 ], [ -62.223554198609271, 6.377048883177475 ], [ -62.224105078700376, 6.377465796165898 ], [ -62.224583529847386, 6.377973084275583 ], [ -62.225016727086448, 6.37851641914486 ], [ -62.22544078826224, 6.379068815963343 ], [ -62.226180913228703, 6.379911175151222 ], [ -62.226677457093885, 6.380400371748954 ], [ -62.227164902365352, 6.380898593525601 ], [ -62.22764332431241, 6.38140573006639 ], [ -62.22811270327481, 6.381912994330587 ], [ -62.228582100528058, 6.382429267652402 ], [ -62.229051461682893, 6.382945540151745 ], [ -62.229520880926302, 6.383452766421926 ], [ -62.229999269048008, 6.383960048629904 ], [ -62.230477715628673, 6.384458247520409 ], [ -62.230974268107026, 6.384947439893975 ], [ -62.231488909878955, 6.385418542060804 ], [ -62.232021677224211, 6.385871628494623 ], [ -62.232572573891488, 6.386288532251636 ], [ -62.233150696779184, 6.386678283170737 ], [ -62.233774064010326, 6.386986790455969 ], [ -62.234452350293296, 6.386861160197699 ], [ -62.235049624264718, 6.386500221118649 ], [ -62.235628855243327, 6.386103056283506 ], [ -62.236226106754806, 6.385751236135889 ], [ -62.236895357185816, 6.385571267333705 ], [ -62.237591515573612, 6.385608468463484 ], [ -62.238269426228278, 6.385736165101522 ], [ -62.238956343409328, 6.385863806217544 ], [ -62.239652624448304, 6.385828634690975 ], [ -62.240123504476507, 6.385322819230844 ], [ -62.240278162068307, 6.384644651104541 ], [ -62.240315344012885, 6.383948169464669 ], [ -62.240325471541667, 6.383251740135125 ], [ -62.240344530670875, 6.382555292466828 ], [ -62.240435984321863, 6.381867939644336 ], [ -62.240699164332582, 6.381217075197624 ], [ -62.24113394898351, 6.380674994536692 ], [ -62.241387531603976, 6.380409131633334 ], [ -62.241396412411959, 6.380399732685098 ], [ -62.241434929370548, 6.380359350292414 ], [ -62.241840182303164, 6.379934379611963 ], [ -62.242262206793811, 6.379739264779142 ], [ -62.242464486038038, 6.37964578742239 ], [ -62.242978342510732, 6.379422262979904 ], [ -62.24310681572566, 6.37936639115186 ], [ -62.243794053707745, 6.379276841707094 ], [ -62.244490143753424, 6.379341246023165 ], [ -62.245168068319977, 6.379459813094024 ], [ -62.245845891777002, 6.379641702898722 ], [ -62.246496526447174, 6.379868800810176 ], [ -62.247119948546555, 6.380186264458982 ], [ -62.247580227342617, 6.38071154579098 ], [ -62.248085470727531, 6.381435869198281 ], [ -62.248455336184726, 6.382024425291108 ], [ -62.248843270769463, 6.382603899881821 ], [ -62.249240231716136, 6.383174310269318 ], [ -62.24963723061348, 6.38374472072917 ], [ -62.250034230021065, 6.384315167947752 ], [ -62.250431230707953, 6.384885577782215 ], [ -62.250819132691383, 6.385465050467977 ], [ -62.251188968368417, 6.386053492956145 ], [ -62.251540754301345, 6.386660025993113 ], [ -62.251865318649472, 6.387275656357409 ], [ -62.252153768971212, 6.387900180603718 ], [ -62.252405953493302, 6.388551801213763 ], [ -62.252612997858265, 6.38922141685766 ], [ -62.252783798104453, 6.389890990048365 ], [ -62.252918425174315, 6.390578688477296 ], [ -62.253025925677854, 6.391266253736434 ], [ -62.25310626129496, 6.391953796672406 ], [ -62.253177571174135, 6.392650440639351 ], [ -62.253239896122444, 6.393337944996277 ], [ -62.253302164532741, 6.394034495137768 ], [ -62.253364489052139, 6.394722073616399 ], [ -62.253435800445274, 6.395418643392624 ], [ -62.253516211391968, 6.396106187015289 ], [ -62.25363271872169, 6.396793845535342 ], [ -62.253767349549427, 6.397481469567351 ], [ -62.253938154109939, 6.398151042334987 ], [ -62.254154266765887, 6.398811630777267 ], [ -62.254460774086233, 6.399436266709651 ], [ -62.254857717123024, 6.400006709324658 ], [ -62.255309090412069, 6.400531965093598 ], [ -62.255796582868541, 6.401030196294918 ], [ -62.256293176073861, 6.401519363763045 ], [ -62.256780671986114, 6.402017445726444 ], [ -62.257322319732758, 6.40261530214605 ], [ -62.257674107041346, 6.403212784290775 ], [ -62.258043963271589, 6.403801258771943 ], [ -62.258431888466781, 6.40438072555007 ], [ -62.258801727262671, 6.404978208578348 ], [ -62.259135412383657, 6.405584733823513 ], [ -62.259405757357605, 6.406227307103847 ], [ -62.259576571560622, 6.406896952059607 ], [ -62.259584666937819, 6.407593421910891 ], [ -62.259475112226312, 6.408280701531179 ], [ -62.259320472365829, 6.408958949558745 ], [ -62.259165759126702, 6.40963708555191 ], [ -62.25906532081143, 6.410324348318295 ], [ -62.259100470184173, 6.41102087604904 ], [ -62.259289408523159, 6.411690560560484 ], [ -62.259559756953855, 6.412333133716515 ], [ -62.259911479541515, 6.412930613477179 ], [ -62.26053496953152, 6.413239088482136 ], [ -62.261050991661151, 6.412769461857947 ], [ -62.261431583672881, 6.412182089612563 ], [ -62.261586276302054, 6.411512887909863 ], [ -62.26161442427366, 6.410816459856278 ], [ -62.261597320205816, 6.410119970935222 ], [ -62.261544082060098, 6.409423367278296 ], [ -62.26147277508791, 6.408735845291448 ], [ -62.261401376642446, 6.408039275959428 ], [ -62.261339058305659, 6.407342726510771 ], [ -62.261303887367156, 6.406655170944628 ], [ -62.261304869526676, 6.405958721013289 ], [ -62.26136014602843, 6.40526235147817 ], [ -62.261560051047574, 6.40459321023258 ], [ -62.261949603448834, 6.404023911960401 ], [ -62.26244762443384, 6.403527143775927 ], [ -62.263389306855473, 6.402596886845658 ], [ -62.264076572406402, 6.40250734692223 ], [ -62.26476391106204, 6.402417880974935 ], [ -62.265405499662016, 6.402681157252314 ], [ -62.265883959935081, 6.40319741495036 ], [ -62.266299080655052, 6.403749758387993 ], [ -62.266687052319007, 6.40432921921813 ], [ -62.267047820569545, 6.404926713485627 ], [ -62.267399658022441, 6.405524189236548 ], [ -62.267751385133032, 6.406121663589006 ], [ -62.268112230032941, 6.406719157853587 ], [ -62.268491163194788, 6.40729859788966 ], [ -62.268906270751252, 6.407859985344447 ], [ -62.269375696617217, 6.408376220334238 ], [ -62.269908541394905, 6.408820220604673 ], [ -62.27052289443953, 6.409155802103695 ], [ -62.271191762547573, 6.409319546197167 ], [ -62.27188799475573, 6.409338607755033 ], [ -62.27258429077385, 6.409258195924642 ], [ -62.273262616178975, 6.40912350453025 ], [ -62.273940981294352, 6.408952627126581 ], [ -62.274601318767218, 6.408754497578033 ], [ -62.275270734509583, 6.408556498029525 ], [ -62.275940133064815, 6.408349339818423 ], [ -62.276609417722206, 6.408160346456812 ], [ -62.277260823052607, 6.40792612107239 ], [ -62.277885085829723, 6.407628475335353 ], [ -62.278500381820699, 6.407294624901676 ], [ -62.27910663338686, 6.406960828664128 ], [ -62.279812415395071, 6.406581900241918 ], [ -62.280499370068171, 6.406727577657711 ], [ -62.281095659797387, 6.407072154539454 ], [ -62.281275527456991, 6.407750783358554 ], [ -62.281328848408407, 6.408438376224885 ], [ -62.281346017011082, 6.409134827801958 ], [ -62.281408251545415, 6.409831410695952 ], [ -62.281615362128626, 6.410491968176085 ], [ -62.282193493465925, 6.410890782902603 ], [ -62.282817737110861, 6.410602251408907 ], [ -62.283071835424643, 6.409951271766263 ], [ -62.283253589608194, 6.409282194558382 ], [ -62.283435325365964, 6.408604070718726 ], [ -62.283689438685904, 6.407962248527564 ], [ -62.284060958337605, 6.407374803037089 ], [ -62.284531870180572, 6.406859900509724 ], [ -62.285047863540939, 6.406390249370802 ], [ -62.285581958878552, 6.40594773809821 ], [ -62.286324292076102, 6.405297526674342 ], [ -62.298252294493714, 6.410514901107797 ], [ -62.298739819995617, 6.411022137047853 ], [ -62.29920027334876, 6.411538325873368 ], [ -62.299651628439108, 6.412063578317149 ], [ -62.30009394094477, 6.4126069042735 ], [ -62.30052721144034, 6.413150211025904 ], [ -62.300951476954872, 6.41369349897806 ], [ -62.301384767567363, 6.414245851549221 ], [ -62.301808959661962, 6.414789249227302 ], [ -62.302251276865327, 6.41533257327924 ], [ -62.302693576728586, 6.415866850380201 ], [ -62.303145013420945, 6.41639210044038 ], [ -62.303614519178844, 6.41690830398035 ], [ -62.304111100818751, 6.417397349508561 ], [ -62.304625917390105, 6.417868414954016 ], [ -62.305167864858433, 6.418303350588025 ], [ -62.305736999330996, 6.418693073454 ], [ -62.306351387732228, 6.419028648463908 ], [ -62.307002044862124, 6.419282732860864 ], [ -62.307680000205529, 6.41941930846 ], [ -62.308376266241673, 6.419411217941155 ], [ -62.309063583212179, 6.419303598689653 ], [ -62.30973296251787, 6.419123608842662 ], [ -62.310393299275091, 6.418889284183496 ], [ -62.311026617023359, 6.418618792589007 ], [ -62.311659990300214, 6.41832112459059 ], [ -62.312284263505155, 6.418014464397175 ], [ -62.312908629416697, 6.417698683869699 ], [ -62.313523877396371, 6.417382883228723 ], [ -62.314148166878773, 6.417067174551283 ], [ -62.314772493733052, 6.416769447007086 ], [ -62.315414849128857, 6.41649900554078 ], [ -62.316147635887262, 6.416210470516196 ], [ -62.31683466963247, 6.4163289600251 ], [ -62.317521702509453, 6.416429467075305 ], [ -62.318208810914811, 6.41652986273719 ], [ -62.31890487029834, 6.416621191560885 ], [ -62.319591905121392, 6.416721584584484 ], [ -62.320279014333934, 6.416821977433631 ], [ -62.320966030121959, 6.416931525984565 ], [ -62.321653047923327, 6.417059018055942 ], [ -62.322331059940517, 6.417204620959997 ], [ -62.322999899977859, 6.417377342324228 ], [ -62.323668740255137, 6.417586322424854 ], [ -62.32431940384474, 6.417840421620942 ], [ -62.324942939132029, 6.418148817207656 ], [ -62.325548316764234, 6.418493248797177 ], [ -62.326135533821827, 6.418855883215008 ], [ -62.32672282659712, 6.419236573374879 ], [ -62.327310027029768, 6.419608252605153 ], [ -62.328096051829966, 6.420079546419623 ], [ -62.328746738845368, 6.420342760612995 ], [ -62.329388402492732, 6.420596835347832 ], [ -62.32995752163005, 6.421004623306621 ], [ -62.330399874480953, 6.421547922695855 ], [ -62.330815154392745, 6.422100250885705 ], [ -62.331230343212795, 6.422661587081019 ], [ -62.331627465100794, 6.423231970044943 ], [ -62.332015506916633, 6.423802408205391 ], [ -62.332403569185239, 6.424381818478423 ], [ -62.332782570939223, 6.424970256390637 ], [ -62.333161591798934, 6.425549647834249 ], [ -62.333540632367864, 6.426138085546158 ], [ -62.333928661113987, 6.426717494249237 ], [ -62.334307684594101, 6.427296884817762 ], [ -62.334704813965381, 6.427867228252606 ], [ -62.335110968217833, 6.428428580079874 ], [ -62.335544308722781, 6.428980903268271 ], [ -62.336031925730559, 6.429470010771563 ], [ -62.336683330983242, 6.429235708925974 ], [ -62.336629950803278, 6.428539075915344 ], [ -62.336567508626665, 6.427851545043385 ], [ -62.33648707210228, 6.42715496946308 ], [ -62.336379450598606, 6.42646742221618 ], [ -62.336271793462863, 6.425779763346105 ], [ -62.336146142142418, 6.425101226620727 ], [ -62.33601139205188, 6.424413624740944 ], [ -62.335867544699042, 6.42373497629434 ], [ -62.335723771093292, 6.423056402699471 ], [ -62.335570880629469, 6.422377810112604 ], [ -62.335345719715349, 6.421717239584214 ], [ -62.334966755611092, 6.421128692727879 ], [ -62.334045703798147, 6.420105462778866 ], [ -62.33351279088123, 6.41966153014267 ], [ -62.332988977254381, 6.419208569374354 ], [ -62.332465108684509, 6.418746561123323 ], [ -62.331941296942176, 6.41829359926431 ], [ -62.331417430275636, 6.417831589922232 ], [ -62.330893601623998, 6.41736958041362 ], [ -62.330369718596138, 6.41691661616114 ], [ -62.329836885620416, 6.416472754533213 ], [ -62.329285838464976, 6.416037863714356 ], [ -62.328734830145585, 6.415621028339996 ], [ -62.328165718046769, 6.415213238975737 ], [ -62.327587545583143, 6.414832606630834 ], [ -62.326991196338859, 6.414479038032737 ], [ -62.32636775678651, 6.41416159953401 ], [ -62.325735163799862, 6.413880400388218 ], [ -62.325093547995579, 6.413608154492523 ], [ -62.324442889078924, 6.413354093350065 ], [ -62.323792194894658, 6.413099919776339 ], [ -62.323150562215893, 6.412854884476866 ], [ -62.322499813620595, 6.412591662299844 ], [ -62.321867298861285, 6.412310459070051 ], [ -62.3212437726404, 6.412002059668968 ], [ -62.320638424690877, 6.411666632387929 ], [ -62.320051219391544, 6.411285935885913 ], [ -62.319509303705921, 6.410851016541025 ], [ -62.319030763027968, 6.410343855795082 ], [ -62.318633628389321, 6.409773462465856 ], [ -62.318290863001181, 6.409166995459143 ], [ -62.317984270259657, 6.408542472412207 ], [ -62.317713887880608, 6.407899819627684 ], [ -62.317452511226243, 6.407257258968735 ], [ -62.317182092391974, 6.406614679654379 ], [ -62.316677113737938, 6.405573806396712 ], [ -62.316252838150319, 6.40503053158791 ], [ -62.315810551977648, 6.404487220099032 ], [ -62.315368211155281, 6.403952954021889 ], [ -62.314916865537846, 6.403418669378522 ], [ -62.31446542820057, 6.40289342975108 ], [ -62.314014084480874, 6.402359144297103 ], [ -62.313562649025421, 6.401833903859107 ], [ -62.313120331476306, 6.401290589622255 ], [ -62.312687076083137, 6.400756340154074 ], [ -62.312253821741713, 6.400203997569813 ], [ -62.311838579669342, 6.399651691075612 ], [ -62.31143245549309, 6.399081310874658 ], [ -62.311044492123507, 6.398510931286205 ], [ -62.310674559709788, 6.397913448978439 ], [ -62.310340818649649, 6.397306883557252 ], [ -62.310160897098449, 6.396637311195892 ], [ -62.310134684056663, 6.395940805189036 ], [ -62.310153685428084, 6.395244281174718 ], [ -62.310163717472946, 6.394547813418328 ], [ -62.31006514421712, 6.393860278584162 ], [ -62.309785680673464, 6.39322672278462 ], [ -62.309352472999805, 6.392674378066479 ], [ -62.308855800141018, 6.392185262286646 ], [ -62.30832292004569, 6.391750349171209 ], [ -62.307762894099056, 6.391324462693205 ], [ -62.307211930407149, 6.390907603779408 ], [ -62.306417209388847, 6.390264343387503 ], [ -62.305792891980474, 6.390571069799826 ], [ -62.30517761674826, 6.390895832772903 ], [ -62.304553297809832, 6.391202557654062 ], [ -62.303875004367981, 6.391337328104265 ], [ -62.303885044974592, 6.39064086045668 ], [ -62.304075770201528, 6.389971794037715 ], [ -62.303479578221236, 6.389618161713638 ], [ -62.302828189819913, 6.389861467079448 ], [ -62.302204775824208, 6.389553156126405 ], [ -62.301843902919124, 6.38895568611172 ], [ -62.30176352112273, 6.388259030585992 ], [ -62.301891006192349, 6.387580824707223 ], [ -62.302018472643717, 6.386893572232123 ], [ -62.301965218749878, 6.386196936022424 ], [ -62.301649561754907, 6.385581429984481 ], [ -62.301252539862411, 6.385011060739412 ], [ -62.300819292674511, 6.384467754492812 ], [ -62.300367886867441, 6.383942502223173 ], [ -62.299907513680758, 6.383417231486728 ], [ -62.299456109756669, 6.382891978401658 ], [ -62.299022885143756, 6.382339624431303 ], [ -62.298634929992659, 6.381760225785237 ], [ -62.298328378103093, 6.381135690713798 ], [ -62.298166544733832, 6.38045710518044 ], [ -62.29813128896523, 6.37976951461447 ], [ -62.298240710526954, 6.37908226281514 ], [ -62.298630294991021, 6.378503890796004 ], [ -62.29928161627322, 6.378251469741919 ], [ -62.299968861049031, 6.378134816252933 ], [ -62.301144489375915, 6.377955520128801 ], [ -62.301543093187732, 6.377386210849778 ], [ -62.301941696102908, 6.376816901256381 ], [ -62.301987835305539, 6.376120396794699 ], [ -62.301654117881391, 6.375513936805135 ], [ -62.301211836113474, 6.374970612091637 ], [ -62.300733347689324, 6.374463433931163 ], [ -62.300272889823539, 6.373947208940193 ], [ -62.299857775291436, 6.37338584713389 ], [ -62.299560269202829, 6.372761331630239 ], [ -62.299479855304035, 6.372064749481772 ], [ -62.299507875979366, 6.371368207199644 ], [ -62.299563077324549, 6.370680879568868 ], [ -62.299555001641295, 6.369984411006757 ], [ -62.299356983422513, 6.369314722564377 ], [ -62.299032297961126, 6.368699196047905 ], [ -62.298644353634472, 6.368119760335317 ], [ -62.29822915273099, 6.367567442615348 ], [ -62.297795997827635, 6.367024134536143 ], [ -62.297371756622795, 6.366471797250651 ], [ -62.296965712423173, 6.36590140576511 ], [ -62.296604862563477, 6.36530393199853 ], [ -62.296578669796851, 6.364607425246772 ], [ -62.296859835077676, 6.363965504320499 ], [ -62.297175417525295, 6.364571966407072 ], [ -62.297391571126191, 6.365232647636815 ], [ -62.297942481076376, 6.365658452228963 ], [ -62.298574997597811, 6.365939760343145 ], [ -62.299271021749142, 6.365994968174576 ], [ -62.299850160052962, 6.365606775969132 ], [ -62.300257779267149, 6.365046495645466 ], [ -62.300891943337014, 6.364106705483406 ], [ -62.301171323823851, 6.364749312024644 ], [ -62.301414592294364, 6.365400853093692 ], [ -62.301657823955644, 6.366052430737377 ], [ -62.301973375893319, 6.366676982196781 ], [ -62.302451876970792, 6.367175112998325 ], [ -62.303138932683076, 6.367284686935974 ], [ -62.30381723278402, 6.367113658217261 ], [ -62.304468461537724, 6.366879396610569 ], [ -62.305128787953535, 6.366672181370522 ], [ -62.305824982578009, 6.366609816128117 ], [ -62.306484743607129, 6.366818800671609 ], [ -62.30708093072154, 6.367181327740368 ], [ -62.307659013898878, 6.36757110394572 ], [ -62.308255294376899, 6.367924695423523 ], [ -62.308942224063649, 6.368043158232743 ], [ -62.309539422475623, 6.367700223927545 ], [ -62.309983164310204, 6.367158065665318 ], [ -62.310354623118961, 6.366570637837127 ], [ -62.310726081445623, 6.365983172665644 ], [ -62.311142712036464, 6.365431985453266 ], [ -62.311685746390808, 6.364989464796244 ], [ -62.312337098528545, 6.364746148017048 ], [ -62.313024303267987, 6.364656615715276 ], [ -62.313720494273113, 6.364648480765808 ], [ -62.314416611146584, 6.36464034409791 ], [ -62.3152665010821, 6.364623290693594 ], [ -62.315889928238775, 6.364949789891733 ], [ -62.316522453848236, 6.365231075558699 ], [ -62.317118645901786, 6.365593627864334 ], [ -62.317389041982139, 6.366236281454077 ], [ -62.317388137063489, 6.366932731593499 ], [ -62.317305870565143, 6.367620043075286 ], [ -62.31717839266782, 6.368307299036817 ], [ -62.317014725676124, 6.3689855826151 ], [ -62.316833067642065, 6.369654672459556 ], [ -62.316642292822458, 6.370323742954118 ], [ -62.316451590469839, 6.37099292535097 ], [ -62.316287922774833, 6.371671097482283 ], [ -62.316106170180134, 6.372403510723824 ], [ -62.315924417077362, 6.373081645666935 ], [ -62.315742718317459, 6.373750808885204 ], [ -62.315696636072104, 6.3744472408391 ], [ -62.315976059970218, 6.375080755957502 ], [ -62.316581360335292, 6.375434355778911 ], [ -62.317259628704157, 6.375299605353545 ], [ -62.317919886691577, 6.375074279906933 ], [ -62.318562187873638, 6.374803797297288 ], [ -62.319195427895046, 6.374524211758311 ], [ -62.319828722353783, 6.374235616694843 ], [ -62.32047100376095, 6.373974103700757 ], [ -62.321131257451995, 6.373748885275798 ], [ -62.32180957876529, 6.373586878986567 ], [ -62.322505745314707, 6.373614917053022 ], [ -62.323029483975461, 6.374076935002975 ], [ -62.323426576902598, 6.374638278431275 ], [ -62.323878017385084, 6.375172519618102 ], [ -62.324474225278962, 6.375535174471162 ], [ -62.32510676888603, 6.375816449405221 ], [ -62.325766495947676, 6.376052436130246 ], [ -62.326435282781354, 6.376225153000739 ], [ -62.327131361200067, 6.376316582500765 ], [ -62.327827568014982, 6.376308428131511 ], [ -62.328514786912898, 6.37623689338169 ], [ -62.329202058802267, 6.376102107803409 ], [ -62.3298713738168, 6.375922091248825 ], [ -62.33052265792675, 6.375678676144603 ], [ -62.331146941224119, 6.375371993336707 ], [ -62.331680963530815, 6.374929433316783 ], [ -62.332052328751153, 6.374341988790003 ], [ -62.332306381842038, 6.373691058807292 ], [ -62.33254227643728, 6.373040017313919 ], [ -62.332796253537119, 6.372370993583586 ], [ -62.332896584214616, 6.371683716048378 ], [ -62.332969881467719, 6.370987227152767 ], [ -62.333052127244471, 6.370299913119447 ], [ -62.333197631402925, 6.369612689236315 ], [ -62.333424517078008, 6.368961703625511 ], [ -62.333759836754481, 6.368346973008873 ], [ -62.334149317111809, 6.367777619436835 ], [ -62.334575003247579, 6.367226394438907 ], [ -62.335009675342789, 6.366684233085539 ], [ -62.335435248457848, 6.366133006229703 ], [ -62.335824817511394, 6.365554605943954 ], [ -62.336151014672282, 6.364939966021217 ], [ -62.336359883285247, 6.364270887829939 ], [ -62.336396931910969, 6.363574362068324 ], [ -62.33631641356029, 6.362886831595996 ], [ -62.336172656635291, 6.362208257890793 ], [ -62.336001736546663, 6.361529666300985 ], [ -62.335821794904014, 6.360859991819376 ], [ -62.335668922716074, 6.360181436107986 ], [ -62.335579363891434, 6.359493887341683 ], [ -62.335634534275748, 6.358797398401663 ], [ -62.33596982560708, 6.358191786666032 ], [ -62.336485758685761, 6.357722083375028 ], [ -62.337082962186429, 6.357361061264619 ], [ -62.337716114190265, 6.357072405609681 ], [ -62.338367425876996, 6.356838064424965 ], [ -62.339036675042394, 6.356639868484744 ], [ -62.339705923771938, 6.356459838545724 ], [ -62.340384232931783, 6.356288872383232 ], [ -62.341053482365844, 6.356126859262046 ], [ -62.341731735879314, 6.355964900025977 ], [ -62.342410043691743, 6.355793931146876 ], [ -62.343622020778042, 6.355397461203975 ], [ -62.344056710457771, 6.354855255407542 ], [ -62.344491361774814, 6.354313085933004 ], [ -62.344944040896692, 6.353779997931646 ], [ -62.34537872777144, 6.353237791004358 ], [ -62.345795273085784, 6.352686574901116 ], [ -62.34619380715926, 6.352117193402903 ], [ -62.346538086239612, 6.351511592304389 ], [ -62.346629390463484, 6.350824183273286 ], [ -62.346377029344374, 6.350172608938714 ], [ -62.345880436520794, 6.349683530294248 ], [ -62.345311366736453, 6.349284806337359 ], [ -62.344733256303904, 6.348904230603249 ], [ -62.344155128467548, 6.348514533506433 ], [ -62.343622263033375, 6.348061564865442 ], [ -62.343225186601011, 6.347491191173136 ], [ -62.343235080050157, 6.346803768222297 ], [ -62.343452919245095, 6.34614367688374 ], [ -62.343679725140241, 6.345483639813222 ], [ -62.343725839979655, 6.344787243229144 ], [ -62.343545818830911, 6.344117682028681 ], [ -62.343221170662865, 6.343502110582127 ], [ -62.342751730031857, 6.342985907049472 ], [ -62.342200770013726, 6.342560150952462 ], [ -62.341640734223247, 6.342152357327524 ], [ -62.341062653531552, 6.341762657096946 ], [ -62.340475439854309, 6.341381983532962 ], [ -62.339888264207893, 6.34101947655111 ], [ -62.339292011439312, 6.340656876246897 ], [ -62.338695815508181, 6.340303322178974 ], [ -62.338099563681212, 6.339940794614454 ], [ -62.336952328633217, 6.339224689777129 ], [ -62.336410437382419, 6.338789899369655 ], [ -62.335877570941953, 6.338345968791716 ], [ -62.335344834776485, 6.337892992608562 ], [ -62.334820992583936, 6.337440069625044 ], [ -62.334288184211978, 6.336987091576445 ], [ -62.333764418385826, 6.336534131188712 ], [ -62.3332406164444, 6.33608116988226 ], [ -62.332716906639355, 6.335619273826327 ], [ -62.332193069529353, 6.335166311061202 ], [ -62.331660247097616, 6.3347042836968 ], [ -62.331136523037209, 6.334251320978246 ], [ -62.33061272543069, 6.333798394033938 ], [ -62.330079943433418, 6.333354458130693 ], [ -62.32954712531825, 6.332910521289885 ], [ -62.329005265482081, 6.33246667679963 ], [ -62.328463389427228, 6.332031766697397 ], [ -62.327921513924665, 6.331596893088642 ], [ -62.327361538415033, 6.331170991342131 ], [ -62.326810623675065, 6.330754190952683 ], [ -62.326241570725017, 6.330346473201129 ], [ -62.32567251979188, 6.329956773407639 ], [ -62.325094428646338, 6.329567017529709 ], [ -62.324507352279888, 6.329186326617696 ], [ -62.323820323745792, 6.329085976208551 ], [ -62.323142119294118, 6.32923882812904 ], [ -62.322481923184206, 6.329446067584373 ], [ -62.321794620114943, 6.329571796670864 ], [ -62.321198486511548, 6.329218222402175 ], [ -62.32101850069499, 6.328548653304439 ], [ -62.320965188982058, 6.327852093071217 ], [ -62.320857774994955, 6.326974533345927 ], [ -62.32027068636976, 6.326602883708928 ], [ -62.319701624892019, 6.326204204801268 ], [ -62.319096362739337, 6.325859655020656 ], [ -62.318418566201409, 6.325705039443717 ], [ -62.317758336912625, 6.325930253865924 ], [ -62.317161211509408, 6.326282281385978 ], [ -62.316546021706827, 6.326607058087633 ], [ -62.315868206796878, 6.326461448198573 ], [ -62.315462118259767, 6.325900117560781 ], [ -62.315155579437111, 6.325275592912679 ], [ -62.314912275891565, 6.324624021238288 ], [ -62.314687186551886, 6.323963330322091 ], [ -62.314462004002337, 6.323311795945641 ], [ -62.3142187949557, 6.322651178538756 ], [ -62.313930323811924, 6.322017643759205 ], [ -62.313578563584095, 6.321420201305821 ], [ -62.313118140866138, 6.320903988234605 ], [ -62.312576290456917, 6.320469098254886 ], [ -62.311980081456063, 6.320106465850132 ], [ -62.31135676639741, 6.319789120129097 ], [ -62.310724300435915, 6.319507828127468 ], [ -62.310082792920127, 6.319244683571863 ], [ -62.309441286451374, 6.318981501132155 ], [ -62.308799780530066, 6.318700262215624 ], [ -62.308185474172717, 6.318382856736154 ], [ -62.307571206321697, 6.318047321085521 ], [ -62.307436523538378, 6.317359711663836 ], [ -62.307537066203622, 6.316527625385548 ], [ -62.30710383382862, 6.315984324415068 ], [ -62.306453309413136, 6.31573024020406 ], [ -62.306045737144792, 6.31629048816326 ], [ -62.305367769847059, 6.316262465290023 ], [ -62.305431924723266, 6.3155570626099 ], [ -62.305722074410575, 6.314924164924162 ], [ -62.306111600954125, 6.314345787457906 ], [ -62.306492067069044, 6.3137583444332 ], [ -62.306881499044117, 6.313189011802198 ], [ -62.307298164788321, 6.312619736098181 ], [ -62.307714718523954, 6.312068514578007 ], [ -62.308158394882732, 6.31153540441608 ], [ -62.308629156395739, 6.311020442231304 ], [ -62.309117962284247, 6.310523572216151 ], [ -62.309651916801727, 6.310090081912871 ], [ -62.310321151699164, 6.309891998613124 ], [ -62.311007984128771, 6.310019541789213 ], [ -62.311577038413446, 6.310409258334503 ], [ -62.311729173778112, 6.311603419724087 ], [ -62.312416101971017, 6.311667637374674 ], [ -62.313112201430641, 6.31168664217755 ], [ -62.31379909269728, 6.311787043036838 ], [ -62.314404334419649, 6.312131599074932 ], [ -62.314819451905194, 6.312692948989653 ], [ -62.315135079464611, 6.313308446463812 ], [ -62.315396366861201, 6.313951081828326 ], [ -62.315639647746451, 6.314611662258374 ], [ -62.315891896003883, 6.315254204695709 ], [ -62.316180365748473, 6.315887738283317 ], [ -62.316649735621063, 6.316394919730776 ], [ -62.317345970792516, 6.316314447064666 ], [ -62.317724874518305, 6.3169028591165 ], [ -62.317841525319309, 6.31759046623505 ], [ -62.317912969350047, 6.318278054964257 ], [ -62.318029547000286, 6.318965624225127 ], [ -62.318263736066797, 6.319617212155501 ], [ -62.318669822670465, 6.320178540487824 ], [ -62.319157393166499, 6.320685720691607 ], [ -62.319708290268942, 6.321102566427198 ], [ -62.320377021576824, 6.321302393457296 ], [ -62.32097415672434, 6.320959482868338 ], [ -62.3214178079118, 6.320417351501582 ], [ -62.321780141189919, 6.31982985965114 ], [ -62.322115442462589, 6.319215137036748 ], [ -62.322432696291663, 6.318600488955529 ], [ -62.32274085239407, 6.31797677532821 ], [ -62.323329819903343, 6.316928235982287 ], [ -62.323627359553917, 6.317552737568597 ], [ -62.32388867858635, 6.318204415151857 ], [ -62.324140939103948, 6.318846953515344 ], [ -62.324384177648248, 6.319498519930282 ], [ -62.324645536468722, 6.320150123380426 ], [ -62.324934019957851, 6.320783652028335 ], [ -62.325285792007655, 6.321381197790668 ], [ -62.325728052793565, 6.321924501218486 ], [ -62.326315270634019, 6.322286988237157 ], [ -62.327011347396557, 6.322287917866147 ], [ -62.327680554989008, 6.322107903907139 ], [ -62.328322784889799, 6.32183729780163 ], [ -62.32893792428905, 6.321512506418504 ], [ -62.329535091213714, 6.32115141921905 ], [ -62.330059960218421, 6.320699832944458 ], [ -62.330377223981102, 6.320076096613812 ], [ -62.330576965947259, 6.319407039141714 ], [ -62.330785876061334, 6.318620287199693 ], [ -62.331336799289147, 6.319046166810068 ], [ -62.331896783353052, 6.31946298082643 ], [ -62.332456712469572, 6.319870747289667 ], [ -62.333025739821295, 6.320269411425445 ], [ -62.333585763302025, 6.320686261030115 ], [ -62.334136672663675, 6.321103053976098 ], [ -62.33467854189437, 6.321537957929518 ], [ -62.335202294084304, 6.322008972941575 ], [ -62.335689844776041, 6.322498081176368 ], [ -62.336141214652073, 6.323032310819468 ], [ -62.336538226866487, 6.323602689529025 ], [ -62.336908116604711, 6.324191106179649 ], [ -62.337232819571717, 6.32480660814554 ], [ -62.33753938534602, 6.325431119406084 ], [ -62.337836929385951, 6.326064658897889 ], [ -62.338116390203076, 6.32669827315148 ], [ -62.33839581580181, 6.327331775663993 ], [ -62.338693362030682, 6.327965314669627 ], [ -62.339036026055915, 6.328644137965123 ], [ -62.339451221447185, 6.329205468190521 ], [ -62.339848242232343, 6.329775844353379 ], [ -62.340245300208593, 6.330346294729935 ], [ -62.340633355395369, 6.330916652937396 ], [ -62.341030435256329, 6.33149603805072 ], [ -62.341427459617236, 6.332066412991339 ], [ -62.341842678533069, 6.332618695098292 ], [ -62.342275833210458, 6.333171011491891 ], [ -62.342736296817598, 6.333687198106595 ], [ -62.343214788780045, 6.334194336399065 ], [ -62.343747639252634, 6.334647305405368 ], [ -62.344334792250045, 6.335018854061733 ], [ -62.344967278255176, 6.335309150270859 ], [ -62.345627015779762, 6.335517972489854 ], [ -62.346323022298108, 6.335582162112553 ], [ -62.346974301973624, 6.335347846958394 ], [ -62.347408859688976, 6.334805637245863 ], [ -62.347744138626972, 6.334191008719005 ], [ -62.348061371100613, 6.333576307352632 ], [ -62.348468929110275, 6.333006942131092 ], [ -62.34906596619139, 6.332654913927804 ], [ -62.349762148454069, 6.332628637003861 ], [ -62.350449130368055, 6.332719942309818 ], [ -62.351136132059352, 6.332820256169608 ], [ -62.351832257847718, 6.332784966531364 ], [ -62.352366235022906, 6.332333338607744 ], [ -62.352629190439465, 6.331691461910088 ], [ -62.352765652859155, 6.331004178014442 ], [ -62.352856870823551, 6.330316767249993 ], [ -62.352930115626506, 6.329629433067312 ], [ -62.353094046847445, 6.328598444469007 ], [ -62.353781184188875, 6.328608366688167 ], [ -62.354477180869296, 6.328654452343711 ], [ -62.355173324487836, 6.328682445810683 ], [ -62.355860474490711, 6.328610910997713 ], [ -62.356484665145679, 6.328295150455514 ], [ -62.35698246438335, 6.32780729802442 ], [ -62.357389952498302, 6.327247008533147 ], [ -62.357743337191295, 6.326650353862979 ], [ -62.358078598557249, 6.326035681481001 ], [ -62.358431869307992, 6.325439136424392 ], [ -62.358821344095439, 6.324860681186069 ], [ -62.359292103513049, 6.324345672097418 ], [ -62.359844039838492, 6.323930256203008 ], [ -62.360441186816651, 6.323569206636585 ], [ -62.361065314753191, 6.323262375053702 ], [ -62.361707507425422, 6.322982828274297 ], [ -62.362358726194167, 6.322730289020694 ], [ -62.363009981913073, 6.322495953257097 ], [ -62.363661164054292, 6.322261504688599 ], [ -62.364312344464103, 6.32202716649694 ], [ -62.365225859633924, 6.321648339706153 ], [ -62.365776778453252, 6.322074144369178 ], [ -62.366354949213672, 6.322472863557746 ], [ -62.366887769938025, 6.322907640850535 ], [ -62.367221512089259, 6.323523214941869 ], [ -62.367166500914159, 6.324219634063319 ], [ -62.366948665774309, 6.324879660923751 ], [ -62.366676690655652, 6.325521527374208 ], [ -62.366386648154311, 6.326154460516859 ], [ -62.366105573747056, 6.326787262102583 ], [ -62.366620613353462, 6.327050163678065 ], [ -62.367118434627507, 6.326526153249561 ], [ -62.367796522847833, 6.32648172351563 ], [ -62.368428995919857, 6.326799129267025 ], [ -62.369089071117173, 6.326718552018026 ], [ -62.369595952688847, 6.326221658965002 ], [ -62.370111822359874, 6.325751884448827 ], [ -62.37061866685675, 6.32527308273962 ], [ -62.371143503860168, 6.324821416724409 ], [ -62.371722633565426, 6.324442189671037 ], [ -62.372391773532478, 6.324271162343689 ], [ -62.373069586667675, 6.324443798312759 ], [ -62.37362962818375, 6.324851557041346 ], [ -62.374713612702614, 6.325576465615661 ], [ -62.375193380912272, 6.32507046831591 ], [ -62.375655099950627, 6.324546380333231 ], [ -62.376098678642499, 6.324013210075992 ], [ -62.376542293076504, 6.323480076880851 ], [ -62.377130708800031, 6.322874741771001 ], [ -62.376613985996869, 6.324022880285642 ], [ -62.375517574170104, 6.326147267254259 ], [ -62.374712803073095, 6.326263980641323 ], [ -62.373103722485759, 6.32614437782647 ], [ -62.372415494009566, 6.327120486805081 ], [ -62.371953141083594, 6.328160170871757 ], [ -62.370912991373899, 6.328620254993407 ], [ -62.368787484848006, 6.329422763318594 ], [ -62.367575466040591, 6.3298826538109 ], [ -62.364472096622222, 6.331895958111681 ], [ -62.362283601490553, 6.332417918620169 ], [ -62.36124562622561, 6.331096057310495 ], [ -62.359981903987176, 6.329439185987565 ], [ -62.358708446888933, 6.328460689598971 ], [ -62.357098164304176, 6.329327114185562 ], [ -62.355721004296704, 6.331731451154545 ], [ -62.354687500427175, 6.334091120578377 ], [ -62.354576613113544, 6.336035701875669 ], [ -62.354920106785535, 6.336081351377133 ], [ -62.355615642969525, 6.336498294488486 ], [ -62.356365039435168, 6.33735857428118 ], [ -62.357167828146423, 6.338788723602168 ], [ -62.357175014506907, 6.34033550232052 ], [ -62.356540634358041, 6.341546898541982 ], [ -62.356140781809366, 6.343210736217771 ], [ -62.355912039261831, 6.34539039979787 ], [ -62.355855094151501, 6.347624569029679 ], [ -62.355346573570401, 6.349405941675926 ], [ -62.353906284436128, 6.351638381969963 ], [ -62.352177447463276, 6.353255360687026 ], [ -62.350223535822828, 6.354112186125043 ], [ -62.348730703236946, 6.354978706093817 ], [ -62.348503071187785, 6.356299121744183 ], [ -62.34844605162661, 6.358479011700602 ], [ -62.347474622666425, 6.361688917086295 ], [ -62.346322479247213, 6.364790091176684 ], [ -62.344772470874851, 6.367999248713519 ], [ -62.344488952203555, 6.370522593584543 ], [ -62.3433932994459, 6.371850841511396 ], [ -62.341666871559944, 6.371504896563057 ], [ -62.339658917935012, 6.37208136086775 ], [ -62.337523459102236, 6.373462532279843 ], [ -62.336029577566947, 6.375070695905713 ], [ -62.335628228983786, 6.377819956319992 ], [ -62.336328398486657, 6.381782815718221 ], [ -62.338060785761712, 6.384589117844895 ], [ -62.338404059097137, 6.384815740439873 ], [ -62.338747333495974, 6.385042288658707 ], [ -62.340770960602249, 6.386365539151512 ], [ -62.342730429704119, 6.388367012555447 ], [ -62.344002002741355, 6.39094658765127 ], [ -62.345725331619484, 6.393816243180773 ], [ -62.346941369760771, 6.397426938079142 ], [ -62.347173868417158, 6.399489505500424 ], [ -62.34643673794514, 6.403215326117495 ], [ -62.344479429076678, 6.406550652660724 ], [ -62.342922402511569, 6.407986942801762 ], [ -62.341140188721809, 6.408789650707404 ], [ -62.340448630353983, 6.405116296788207 ], [ -62.339176950073529, 6.402600036664148 ], [ -62.33802915828764, 6.402200627008338 ], [ -62.336816114607991, 6.403347811082866 ], [ -62.336432581063285, 6.406259903029964 ], [ -62.336359592331753, 6.4067844403448 ], [ -62.33711578604963, 6.409372450974978 ], [ -62.336479172423125, 6.412239063211002 ], [ -62.336890357601362, 6.415902998062187 ], [ -62.338793967176287, 6.419234138500602 ], [ -62.341676985456552, 6.420314263160288 ], [ -62.342820064957778, 6.417394007986768 ], [ -62.344087670250175, 6.416011715310281 ], [ -62.345488560016165, 6.416869604784411 ], [ -62.346337405373639, 6.417389448675613 ], [ -62.347493237550161, 6.418594010208505 ], [ -62.348007509768948, 6.41948304908377 ], [ -62.348007316166672, 6.41962586101542 ], [ -62.348700464276192, 6.422087043802408 ], [ -62.34928347948464, 6.425814484502067 ], [ -62.349044552755892, 6.427079987973555 ], [ -62.348709950274205, 6.428853078165038 ], [ -62.34929353981191, 6.43218252137962 ], [ -62.349471869440166, 6.434136571804156 ], [ -62.348202945630462, 6.436541103260375 ], [ -62.346535775016918, 6.439125912173276 ], [ -62.344697615494709, 6.441131674170323 ], [ -62.343148549141347, 6.443318671938567 ], [ -62.342974819188541, 6.444810959006335 ], [ -62.34441210573565, 6.445210822986763 ], [ -62.344019130861241, 6.448421426409964 ], [ -62.3420080836785, 6.451231951142552 ], [ -62.339240272589592, 6.451816424225408 ], [ -62.33636407650571, 6.452328294691329 ], [ -62.334580900371655, 6.453655622555544 ], [ -62.333190821703255, 6.451763267011068 ], [ -62.332161631024846, 6.450504651603267 ], [ -62.330081441148273, 6.450791415194099 ], [ -62.328988955281901, 6.449532628227733 ], [ -62.329389925847245, 6.447181373452552 ], [ -62.327548167451496, 6.445881370005989 ], [ -62.327194603576395, 6.445631722841161 ], [ -62.327314591454567, 6.44374137020181 ], [ -62.328807358808312, 6.443164431018617 ], [ -62.327074896465668, 6.440358099890251 ], [ -62.324826190681151, 6.438175203013268 ], [ -62.323327742722512, 6.43622843293059 ], [ -62.322174440733761, 6.433079095973213 ], [ -62.319752896571941, 6.431764377612531 ], [ -62.31849138740553, 6.435263225728626 ], [ -62.319354837526156, 6.43870164429118 ], [ -62.319476877461938, 6.442139030171151 ], [ -62.319536995192088, 6.444554246775637 ], [ -62.31930862032975, 6.446272570725608 ], [ -62.318391746320273, 6.448966855327695 ], [ -62.316952934071303, 6.449770031082544 ], [ -62.316375527041814, 6.448801380632235 ], [ -62.317183333464861, 6.446504948928511 ], [ -62.316778942023774, 6.444613896468462 ], [ -62.316312063096888, 6.442089587854531 ], [ -62.313544607168254, 6.442492959485123 ], [ -62.31314494318822, 6.443813004489978 ], [ -62.311824524104459, 6.443983133094895 ], [ -62.310613598281954, 6.443411652709811 ], [ -62.309979520925481, 6.444215797675102 ], [ -62.310672740751635, 6.446514310396496 ], [ -62.3090068603818, 6.4480587526794 ], [ -62.3061842788386, 6.448986652784672 ], [ -62.303651104097035, 6.449905831788317 ], [ -62.300314089495963, 6.450136441148527 ], [ -62.297664926832745, 6.449915742050794 ], [ -62.296451982153386, 6.450827700156509 ], [ -62.297606650396773, 6.452837378843572 ], [ -62.298707900815749, 6.454267982856506 ], [ -62.29940178547789, 6.456050911919929 ], [ -62.297383986453717, 6.456970724112827 ], [ -62.295712724489945, 6.455819658278287 ], [ -62.29386774611708, 6.455998097824621 ], [ -62.293756064758583, 6.458286383543983 ], [ -62.295199895647151, 6.460468292084187 ], [ -62.296182707595811, 6.462532003226528 ], [ -62.296015760039289, 6.465571013530235 ], [ -62.295036832134763, 6.46723399954508 ], [ -62.29319269337509, 6.466779163058516 ], [ -62.292848006348436, 6.467529429101117 ], [ -62.291931526753132, 6.469825741374287 ], [ -62.289625208987935, 6.470111902035717 ], [ -62.288414882092688, 6.469079047916154 ], [ -62.287376686179471, 6.467820359624228 ], [ -62.285648614798532, 6.468451069144654 ], [ -62.283695169847334, 6.468629317843802 ], [ -62.282366705411299, 6.467994197738295 ], [ -62.281446135888508, 6.466735635191919 ], [ -62.280585023372325, 6.468172648984269 ], [ -62.281339000876699, 6.472189785174657 ], [ -62.281742272780413, 6.47476826666656 ], [ -62.281684273106393, 6.477409429101328 ], [ -62.280135813772084, 6.478953987254223 ], [ -62.280429872884568, 6.481993670697877 ], [ -62.282505438889054, 6.48509010496323 ], [ -62.283940427333995, 6.487154460912094 ], [ -62.284868051065367, 6.489851276178801 ], [ -62.284412067242535, 6.492600375572428 ], [ -62.282509885303227, 6.494786662073778 ], [ -62.279235485500941, 6.495306634232956 ], [ -62.275545970975536, 6.495192871722492 ], [ -62.274505572002248, 6.495480803547748 ], [ -62.274683635156769, 6.497434876864388 ], [ -62.275900637302861, 6.500123055333226 ], [ -62.275725532684383, 6.502420356390313 ], [ -62.275902799432366, 6.504944192576187 ], [ -62.275094772742932, 6.507177267311731 ], [ -62.271819378018286, 6.508330352577385 ], [ -62.268997915562124, 6.508217765289116 ], [ -62.265769970076157, 6.50782415281912 ], [ -62.264068189203222, 6.508943305181934 ], [ -62.264221275513265, 6.509377705917557 ], [ -62.265484248775351, 6.511550371234713 ], [ -62.26681166114696, 6.512927138546688 ], [ -62.266926448663561, 6.514817790529913 ], [ -62.266010765857395, 6.516372261269682 ], [ -62.265095034889875, 6.517981007922836 ], [ -62.262554788073444, 6.517289881703131 ], [ -62.261343001744073, 6.517233845092899 ], [ -62.260427557633513, 6.518616390466274 ], [ -62.258815995508364, 6.519871376282501 ], [ -62.255992474759232, 6.521142565463943 ], [ -62.253865753545433, 6.522116355483187 ], [ -62.253753514135305, 6.524639828351443 ], [ -62.253352255800444, 6.526882424810836 ], [ -62.252544276519842, 6.528997823622643 ], [ -62.251169244584844, 6.529230924620701 ], [ -62.24880026952998, 6.528892794706747 ], [ -62.247192650510925, 6.527397916014963 ], [ -62.245693717070097, 6.525858002227683 ], [ -62.244310194823072, 6.525738373970949 ], [ -62.243902940500099, 6.525909582723346 ], [ -62.243449864737876, 6.526487808759802 ], [ -62.242471828325606, 6.527408974699227 ], [ -62.242009422041896, 6.528149936818784 ], [ -62.242242851685418, 6.529299099365217 ], [ -62.243389565448538, 6.530558077884 ], [ -62.244716217524221, 6.532396183919559 ], [ -62.245355856310624, 6.534061572885519 ], [ -62.245994625725679, 6.536296649349311 ], [ -62.245584909442897, 6.538132176570647 ], [ -62.244724507026085, 6.538990242843788 ], [ -62.243113426017707, 6.539792791970653 ], [ -62.242885488393171, 6.541004561814328 ], [ -62.243173712873876, 6.541800928879304 ], [ -62.244268048357434, 6.5418025852879 ], [ -62.245650347815925, 6.542772482767236 ], [ -62.245884101859943, 6.543695487380852 ], [ -62.244905880712743, 6.544670933687446 ], [ -62.242717582279717, 6.544441466629722 ], [ -62.24162244277246, 6.544955403186528 ], [ -62.241447928452871, 6.546737090984815 ], [ -62.240704120879457, 6.548174104716395 ], [ -62.240186317650988, 6.549720058193262 ], [ -62.240417475289014, 6.552361583596286 ], [ -62.240306026483992, 6.554306166934165 ], [ -62.239796138012949, 6.556548584670941 ], [ -62.239160323716625, 6.558329589481487 ], [ -62.237610076708556, 6.560733214001522 ], [ -62.236513298605523, 6.5623416180727 ], [ -62.232315881928642, 6.562868889071846 ], [ -62.229315783278011, 6.561145718008153 ], [ -62.22683205454944, 6.558853505564601 ], [ -62.224185686715821, 6.556506678099866 ], [ -62.223436018900379, 6.555872400537013 ], [ -62.221476334085366, 6.553987928797945 ], [ -62.218883893532002, 6.551867348853794 ], [ -62.216751694722149, 6.550434968780566 ], [ -62.21519645597489, 6.550206358162298 ], [ -62.213584501817778, 6.551524483403993 ], [ -62.213003978576197, 6.552618030154808 ], [ -62.212261375826436, 6.553250038589759 ], [ -62.210698190814881, 6.55233399417171 ], [ -62.209432292986236, 6.552105906836694 ], [ -62.209665212270473, 6.553535440932428 ], [ -62.21070226411107, 6.555490766865563 ], [ -62.211396992715244, 6.556577251346426 ], [ -62.21243405075797, 6.558469360143005 ], [ -62.213073342247746, 6.56030647989607 ], [ -62.213711916300426, 6.56259594526949 ], [ -62.212841631291326, 6.563915143168989 ], [ -62.210998681181252, 6.562546492040575 ], [ -62.209961460489531, 6.560708657133863 ], [ -62.208633683141038, 6.559621148687619 ], [ -62.207539623354535, 6.559447612092712 ], [ -62.206273276413491, 6.559508921300257 ], [ -62.204602718744106, 6.557842000502336 ], [ -62.203392409545259, 6.556817956693174 ], [ -62.200970081020778, 6.555837237042295 ], [ -62.19751510085247, 6.555904106214126 ], [ -62.195669305623021, 6.556362470987327 ], [ -62.195504271995546, 6.557800407601525 ], [ -62.195846278608201, 6.558832088528084 ], [ -62.196251080970825, 6.560207521273139 ], [ -62.196538360859471, 6.561519583597471 ], [ -62.196887734245884, 6.563645726021043 ], [ -62.195800674039603, 6.564738466171964 ], [ -62.194761459291684, 6.564166955942643 ], [ -62.192917044602034, 6.563765996674316 ], [ -62.191476896357642, 6.565084222417535 ], [ -62.190443120713034, 6.56674691083776 ], [ -62.190214944832654, 6.568067098978728 ], [ -62.189931196233907, 6.570128948626034 ], [ -62.188544387249422, 6.57197185730208 ], [ -62.187622513892649, 6.571572444075481 ], [ -62.186927998728606, 6.570422605424874 ], [ -62.186757674004397, 6.56944544299207 ], [ -62.185609377463081, 6.56921741938848 ], [ -62.183998393117371, 6.569911337027184 ], [ -62.183246397691043, 6.570715084714993 ], [ -62.181691257145857, 6.570423159716512 ], [ -62.181574733859463, 6.569735450795123 ], [ -62.182038484198451, 6.568243785936854 ], [ -62.182610706456295, 6.566752333746574 ], [ -62.182378341782901, 6.565033310287867 ], [ -62.180762670536076, 6.563031801953418 ], [ -62.179144486038616, 6.562567844321364 ], [ -62.177478428788007, 6.563722896631527 ], [ -62.176844099594682, 6.56446351045871 ], [ -62.176591483796606, 6.564065185961484 ], [ -62.175831372772485, 6.564308112286208 ], [ -62.174428826056591, 6.564758087968427 ], [ -62.171316069209368, 6.565621308410893 ], [ -62.168617773714089, 6.567516268250355 ], [ -62.165965159041271, 6.569067600449713 ], [ -62.16245226153984, 6.571304929214076 ], [ -62.160441663146479, 6.572911573840827 ], [ -62.158593657536017, 6.574690398769287 ], [ -62.156294024308693, 6.576070374840632 ], [ -62.154737179462437, 6.576764289514587 ], [ -62.153875597332949, 6.578137608439745 ], [ -62.154858245909622, 6.580029704573855 ], [ -62.157107605940524, 6.58168873830077 ], [ -62.158724269454716, 6.583066318594452 ], [ -62.159814911503325, 6.585302267083404 ], [ -62.159764044344207, 6.588684949439559 ], [ -62.15780937521216, 6.589260556887865 ], [ -62.155852709180337, 6.591039187294776 ], [ -62.155278903794908, 6.593389881965741 ], [ -62.154468059326504, 6.596888957765142 ], [ -62.154009955734232, 6.600334292294998 ], [ -62.154250529261105, 6.602514515735066 ], [ -62.154073951354817, 6.605263994585005 ], [ -62.152813420663627, 6.607215507165843 ], [ -62.15119539559646, 6.606588667561406 ], [ -62.149640904851502, 6.605844373243399 ], [ -62.148319749063063, 6.606185765866942 ], [ -62.146069447869607, 6.605105577657842 ], [ -62.143874840668126, 6.603157224463248 ], [ -62.141976290099734, 6.602638388154218 ], [ -62.140077499010459, 6.602237107361598 ], [ -62.13742925084609, 6.601147177095823 ], [ -62.136289472197191, 6.599897564397692 ], [ -62.135181286615058, 6.598683023367595 ], [ -62.133964509000819, 6.596220750230184 ], [ -62.129526410935448, 6.594557740547335 ], [ -62.12878225188274, 6.595994622983176 ], [ -62.1291302466784, 6.598690603670863 ], [ -62.128844800000351, 6.601620699641416 ], [ -62.127519143479113, 6.604539861898918 ], [ -62.125393752841042, 6.604427641672907 ], [ -62.124002754766096, 6.603339798030532 ], [ -62.121874165816294, 6.605063638322997 ], [ -62.121996290457233, 6.607641658419443 ], [ -62.121592409517831, 6.610969529633983 ], [ -62.119520424965806, 6.611372863331852 ], [ -62.118248798768775, 6.609254102241363 ], [ -62.117041396462305, 6.606619897785983 ], [ -62.115941829651327, 6.604438116019141 ], [ -62.11427182580222, 6.602544821788821 ], [ -62.113062638842763, 6.600941758594866 ], [ -62.111158185763031, 6.598704198280449 ], [ -62.109142097741, 6.598194107714285 ], [ -62.109023324885079, 6.598881365129583 ], [ -62.109203460102698, 6.599279580882969 ], [ -62.10983324826713, 6.601171117745237 ], [ -62.110932818708434, 6.603352913686563 ], [ -62.112549079319656, 6.604902442045497 ], [ -62.113811565520848, 6.607075473354473 ], [ -62.112721090778663, 6.609949866581986 ], [ -62.111048731358309, 6.609377079738818 ], [ -62.109441567115766, 6.60777325486576 ], [ -62.107422425677846, 6.608972586313741 ], [ -62.106902691768298, 6.611323283009026 ], [ -62.106902257734795, 6.611561060448852 ], [ -61.181048303831972, 6.477039924053344 ] ] ] } }
]
}
