{
"type": "FeatureCollection",
"name": "reserva_imataca",
"crs": { "type": "name", "properties": { "name": "urn:ogc:def:crs:OGC:1.3:CRS84" } },
"features": [
{ "type": "Feature", "properties": { "capa": "reserva" }, "geometry": { "type": "Polygon", "coordinates": [ [ [ -61.38642144, 6.81127963 ], [ -61.38624, 6.811392 ], [ -61.38548302, 6.97863502 ], [ -61.38320774, 7.24445868 ], [ -61.38009675, 7.60766536 ], [ -61.38346343, 7.60641207 ], [ -61.3860223, 7.60536764 ], [ -61.38602798, 7.60536763 ], [ -61.38838689, 7.60523219 ], [ -61.38922985, 7.60504004 ], [ -61.39081731, 7.60467863 ], [ -61.39270408, 7.60424795 ], [ -61.39310887, 7.6041556 ], [ -61.39515564, 7.60371475 ], [ -61.39541276, 7.60365939 ], [ -61.39560797, 7.60361782 ], [ -61.39567155, 7.6035731 ], [ -61.39609757, 7.60327409 ], [ -61.39713952, 7.60254292 ], [ -61.39922451, 7.60173632 ], [ -61.40081733, 7.60090775 ], [ -61.40102848, 7.60079857 ], [ -61.40102886, 7.60079769 ], [ -61.40103245, 7.6007958 ], [ -61.40103252, 7.60079569 ], [ -61.4010326, 7.60079562 ], [ -61.40151282, 7.59959129 ], [ -61.40197121, 7.59844182 ], [ -61.40253916, 7.59820441 ], [ -61.40368763, 7.59772893 ], [ -61.40627702, 7.59988876 ], [ -61.40706079, 7.60110324 ], [ -61.40830612, 7.6030406 ], [ -61.40836132, 7.60529763 ], [ -61.4084051, 7.60722977 ], [ -61.40815021, 7.60868219 ], [ -61.40806656, 7.60915861 ], [ -61.40806656, 7.60915869 ], [ -61.40806612, 7.60916131 ], [ -61.40812783, 7.60943205 ], [ -61.40833845, 7.61037268 ], [ -61.4083386, 7.61037269 ], [ -61.4083386, 7.61037287 ], [ -61.40834249, 7.6103737 ], [ -61.40834256, 7.61037396 ], [ -61.40844636, 7.61039566 ], [ -61.40886854, 7.61048492 ], [ -61.40966373, 7.61065319 ], [ -61.41035586, 7.61026977 ], [ -61.41104829, 7.60988655 ], [ -61.41254801, 7.60820261 ], [ -61.41271018, 7.60802096 ], [ -61.41487063, 7.60703417 ], [ -61.4176956, 7.60522693 ], [ -61.42041118, 7.60358213 ], [ -61.42213396, 7.60264948 ], [ -61.42406478, 7.60160778 ], [ -61.42560376, 7.60121566 ], [ -61.42705469, 7.60084836 ], [ -61.43059322, 7.59964948 ], [ -61.4344624, 7.59966346 ], [ -61.434666, 7.60013539 ], [ -61.43555682, 7.60220088 ], [ -61.43503494, 7.60340077 ], [ -61.43492536, 7.60365263 ], [ -61.4343072, 7.60507014 ], [ -61.43318526, 7.60708256 ], [ -61.43398793, 7.60815244 ], [ -61.43469328, 7.60832864 ], [ -61.43480713, 7.60835747 ], [ -61.43531329, 7.60848566 ], [ -61.43708177, 7.60782066 ], [ -61.43735979, 7.60771615 ], [ -61.437633, 7.607614 ], [ -61.43763375, 7.60761319 ], [ -61.43763748, 7.60761175 ], [ -61.43850831, 7.60664129 ], [ -61.43888467, 7.60622189 ], [ -61.44119058, 7.60365718 ], [ -61.44362125, 7.6031143 ], [ -61.44637488, 7.60599062 ], [ -61.4469425, 7.60893398 ], [ -61.44716029, 7.61006394 ], [ -61.44745971, 7.61161707 ], [ -61.4474888, 7.61204488 ], [ -61.44755552, 7.61304234 ], [ -61.44766668, 7.61470298 ], [ -61.4482104, 7.61724583 ], [ -61.44844901, 7.62019714 ], [ -61.44853035, 7.62121542 ], [ -61.44858982, 7.62262683 ], [ -61.44864696, 7.62398721 ], [ -61.44878166, 7.62479098 ], [ -61.44904748, 7.62639964 ], [ -61.44958924, 7.62948504 ], [ -61.44959198, 7.62948904 ], [ -61.44959209, 7.62948956 ], [ -61.4497902, 7.62977626 ], [ -61.45081537, 7.63126168 ], [ -61.45153369, 7.63218751 ], [ -61.45158553, 7.63225459 ], [ -61.45316267, 7.63287907 ], [ -61.45467724, 7.6334819 ], [ -61.45931705, 7.63360695 ], [ -61.46065301, 7.63441101 ], [ -61.46130077, 7.63480189 ], [ -61.46262701, 7.63560235 ], [ -61.4631108, 7.63660076 ], [ -61.46482148, 7.64013157 ], [ -61.46515134, 7.64187656 ], [ -61.46536375, 7.64300088 ], [ -61.46535316, 7.64597855 ], [ -61.46507778, 7.64628 ], [ -61.46365249, 7.64784044 ], [ -61.46324332, 7.64828768 ], [ -61.46147132, 7.64960154 ], [ -61.45880942, 7.65135526 ], [ -61.45801447, 7.65203619 ], [ -61.45725997, 7.65267676 ], [ -61.45683479, 7.6531381 ], [ -61.45612903, 7.65390368 ], [ -61.45492555, 7.65520253 ], [ -61.45237948, 7.65750822 ], [ -61.45216882, 7.65808184 ], [ -61.45173383, 7.65926234 ], [ -61.45103951, 7.66114604 ], [ -61.45071215, 7.66376152 ], [ -61.45058416, 7.66478369 ], [ -61.45066417, 7.66578081 ], [ -61.45079977, 7.66747147 ], [ -61.45085205, 7.66936859 ], [ -61.45091413, 7.67176271 ], [ -61.45076626, 7.67289963 ], [ -61.45063045, 7.67391377 ], [ -61.45057452, 7.67578718 ], [ -61.45046585, 7.67941675 ], [ -61.4501912, 7.68219978 ], [ -61.45017445, 7.68236952 ], [ -61.45017445, 7.6823696 ], [ -61.45017445, 7.68236967 ], [ -61.45097636, 7.68881151 ], [ -61.45110365, 7.69122729 ], [ -61.45109987, 7.69202958 ], [ -61.45109832, 7.69234744 ], [ -61.45108874, 7.69364583 ], [ -61.45108002, 7.69606005 ], [ -61.4532703, 7.70196353 ], [ -61.45395049, 7.70438033 ], [ -61.45546306, 7.70719791 ], [ -61.45746531, 7.70885822 ], [ -61.45933693, 7.7104153 ], [ -61.46376495, 7.71282851 ], [ -61.46586534, 7.71319707 ], [ -61.46833942, 7.71363147 ], [ -61.47018253, 7.71414848 ], [ -61.47137262, 7.71448254 ], [ -61.47263118, 7.71483702 ], [ -61.475405, 7.71483783 ], [ -61.47787396, 7.71515193 ], [ -61.47956834, 7.71536968 ], [ -61.48158708, 7.71582845 ], [ -61.48245064, 7.7160247 ], [ -61.4842828, 7.71644274 ], [ -61.48518864, 7.71684022 ], [ -61.48767373, 7.7179338 ], [ -61.48884884, 7.71845104 ], [ -61.49214492, 7.7201023 ], [ -61.49286267, 7.72046196 ], [ -61.4942871, 7.7215594 ], [ -61.49756308, 7.72408521 ], [ -61.50240534, 7.72622716 ], [ -61.50314864, 7.72659556 ], [ -61.50780613, 7.72890904 ], [ -61.50927061, 7.7301273 ], [ -61.51167524, 7.73212776 ], [ -61.512058, 7.73257417 ], [ -61.51443015, 7.73534782 ], [ -61.51580307, 7.73937656 ], [ -61.51648773, 7.74084512 ], [ -61.5165203, 7.74091504 ], [ -61.51656854, 7.74101854 ], [ -61.51749678, 7.74301359 ], [ -61.51786303, 7.74380099 ], [ -61.51795173, 7.74479471 ], [ -61.5179828, 7.74514227 ], [ -61.5182561, 7.74822865 ], [ -61.51834906, 7.75164755 ], [ -61.51837602, 7.75265871 ], [ -61.51760346, 7.75467235 ], [ -61.51683097, 7.75668591 ], [ -61.51682885, 7.75669249 ], [ -61.5154188, 7.76111353 ], [ -61.51499467, 7.76312857 ], [ -61.5159462, 7.76646284 ], [ -61.51595223, 7.76648423 ], [ -61.51597418, 7.7665671 ], [ -61.51676714, 7.76957304 ], [ -61.51717807, 7.77131963 ], [ -61.51793242, 7.77278773 ], [ -61.51855243, 7.77399876 ], [ -61.51915247, 7.77468797 ], [ -61.52007045, 7.77574265 ], [ -61.52066616, 7.77710149 ], [ -61.52089135, 7.77761716 ], [ -61.52185526, 7.7793657 ], [ -61.52292854, 7.78063906 ], [ -61.52300084, 7.78072502 ], [ -61.52307972, 7.78085241 ], [ -61.52421654, 7.78186636 ], [ -61.52424003, 7.78188788 ], [ -61.52517168, 7.78251501 ], [ -61.52639496, 7.78271826 ], [ -61.52797117, 7.78308538 ], [ -61.53051519, 7.78413407 ], [ -61.53287768, 7.78525457 ], [ -61.5337918, 7.78570976 ], [ -61.53518335, 7.78706197 ], [ -61.5364079, 7.78952581 ], [ -61.53738972, 7.7913829 ], [ -61.53827664, 7.7918381 ], [ -61.53954697, 7.7915621 ], [ -61.54047415, 7.79086903 ], [ -61.54151113, 7.78987792 ], [ -61.54276286, 7.78972849 ], [ -61.54364874, 7.79051821 ], [ -61.54443296, 7.79183213 ], [ -61.54562081, 7.79442242 ], [ -61.54692059, 7.79612688 ], [ -61.54755374, 7.79656311 ], [ -61.54904665, 7.79748158 ], [ -61.54985984, 7.79829812 ], [ -61.55107893, 7.79974013 ], [ -61.55265165, 7.80381474 ], [ -61.55396793, 7.80599849 ], [ -61.55480898, 7.80661624 ], [ -61.55838621, 7.80786726 ], [ -61.56125604, 7.80917019 ], [ -61.563467, 7.80958454 ], [ -61.56466561, 7.80908222 ], [ -61.56669314, 7.80743427 ], [ -61.56957255, 7.80592481 ], [ -61.57245129, 7.80461432 ], [ -61.57407714, 7.8037788 ], [ -61.57643926, 7.80237612 ], [ -61.57907784, 7.80235785 ], [ -61.58087865, 7.8034038 ], [ -61.58204492, 7.80442051 ], [ -61.58313922, 7.80525606 ], [ -61.58378538, 7.80722959 ], [ -61.58496625, 7.80931339 ], [ -61.58614674, 7.81148758 ], [ -61.58763172, 7.81480218 ], [ -61.58809053, 7.81587078 ], [ -61.58846605, 7.81746357 ], [ -61.58865869, 7.8194898 ], [ -61.58890613, 7.82141678 ], [ -61.58889452, 7.82757484 ], [ -61.58853845, 7.82830619 ], [ -61.58874712, 7.83095642 ], [ -61.58900539, 7.83235888 ], [ -61.58961763, 7.83365409 ], [ -61.58991193, 7.83512905 ], [ -61.59067027, 7.83611729 ], [ -61.59171213, 7.83641007 ], [ -61.59260016, 7.83658483 ], [ -61.59351638, 7.83647938 ], [ -61.59477795, 7.83615812 ], [ -61.59566574, 7.83640517 ], [ -61.59720166, 7.83807416 ], [ -61.59770489, 7.83944132 ], [ -61.5985623, 7.84066494 ], [ -61.60019975, 7.84180975 ], [ -61.60108349, 7.84327766 ], [ -61.60257503, 7.84470238 ], [ -61.60338904, 7.84533803 ], [ -61.60485499, 7.84625626 ], [ -61.60569504, 7.84724464 ], [ -61.60785443, 7.84962103 ], [ -61.60863998, 7.85063646 ], [ -61.60955113, 7.85205923 ], [ -61.61034312, 7.85387941 ], [ -61.61091635, 7.85603351 ], [ -61.61226801, 7.85862424 ], [ -61.61358566, 7.86052764 ], [ -61.61515747, 7.86235942 ], [ -61.61609472, 7.8641349 ], [ -61.61792017, 7.86606708 ], [ -61.61868708, 7.86726325 ], [ -61.62164261, 7.87302426 ], [ -61.62260402, 7.87572216 ], [ -61.62234239, 7.87806347 ], [ -61.62134563, 7.88057417 ], [ -61.61988773, 7.8826401 ], [ -61.61912296, 7.88355095 ], [ -61.61780443, 7.88461367 ], [ -61.61533035, 7.88681198 ], [ -61.61377365, 7.88857927 ], [ -61.61341542, 7.88995255 ], [ -61.61310391, 7.89091008 ], [ -61.61335208, 7.89262904 ], [ -61.61431668, 7.89437758 ], [ -61.61379832, 7.89753182 ], [ -61.61342352, 7.89841671 ], [ -61.61329165, 7.89988127 ], [ -61.61404714, 7.90179182 ], [ -61.61457722, 7.90328569 ], [ -61.6143896, 7.90515688 ], [ -61.61441062, 7.90702888 ], [ -61.61450499, 7.90864786 ], [ -61.61484579, 7.90978837 ], [ -61.61594472, 7.91207078 ], [ -61.6165746, 7.9135469 ], [ -61.61676637, 7.91588056 ], [ -61.61697142, 7.91694829 ], [ -61.61810797, 7.91882395 ], [ -61.61903157, 7.92201915 ], [ -61.61970985, 7.92532202 ], [ -61.61963167, 7.92701277 ], [ -61.61937381, 7.92817854 ], [ -61.61899325, 7.93079067 ], [ -61.6192412, 7.93532192 ], [ -61.61925647, 7.93890297 ], [ -61.61944792, 7.94133619 ], [ -61.62001332, 7.94314657 ], [ -61.61987276, 7.94720639 ], [ -61.62082999, 7.94847554 ], [ -61.62192357, 7.94967281 ], [ -61.62377757, 7.95127952 ], [ -61.62491675, 7.95239566 ], [ -61.62750387, 7.95452929 ], [ -61.62875315, 7.9552749 ], [ -61.63002232, 7.955478 ], [ -61.63393268, 7.95519248 ], [ -61.63642743, 7.95510123 ], [ -61.63834045, 7.95535159 ], [ -61.64003421, 7.95609863 ], [ -61.64094832, 7.95670758 ], [ -61.64175271, 7.95759633 ], [ -61.6424676, 7.9581051 ], [ -61.64339905, 7.9589763 ], [ -61.64383264, 7.95952934 ], [ -61.6440121, 7.96011768 ], [ -61.64423698, 7.96069717 ], [ -61.64451607, 7.96133107 ], [ -61.64479592, 7.96173893 ], [ -61.64514837, 7.96214704 ], [ -61.6455827, 7.96247404 ], [ -61.64603529, 7.96275578 ], [ -61.64641574, 7.96291075 ], [ -61.64724864, 7.96341987 ], [ -61.64764651, 7.963801 ], [ -61.64789653, 7.96499544 ], [ -61.64884632, 7.96581244 ], [ -61.64911734, 7.96613881 ], [ -61.64950628, 7.96650183 ], [ -61.64964145, 7.96676456 ], [ -61.64991967, 7.96766972 ], [ -61.64969985, 7.96832922 ], [ -61.64944328, 7.96910603 ], [ -61.6489313, 7.97032511 ], [ -61.64847181, 7.97215034 ], [ -61.64823064, 7.97376825 ], [ -61.64818025, 7.97531445 ], [ -61.64828268, 7.97726809 ], [ -61.64810748, 7.97814464 ], [ -61.64786646, 7.97971733 ], [ -61.64735198, 7.98169609 ], [ -61.64709128, 7.98372088 ], [ -61.64718623, 7.98519522 ], [ -61.64737652, 7.98802624 ], [ -61.64744921, 7.99073934 ], [ -61.64767009, 7.9925396 ], [ -61.64841707, 7.99434162 ], [ -61.64877115, 7.99702854 ], [ -61.64822896, 7.99913378 ], [ -61.64743857, 8.00000271 ], [ -61.64743827, 8.00000271 ], [ -61.64624419, 8.00131567 ], [ -61.64472542, 8.0024682 ], [ -61.64342603, 8.00311507 ], [ -61.64290778, 8.00348407 ], [ -61.64267955, 8.00390838 ], [ -61.64283237, 8.00434293 ], [ -61.64292206, 8.00463256 ], [ -61.64313009, 8.00481415 ], [ -61.64348268, 8.00520409 ], [ -61.64379901, 8.00554881 ], [ -61.64396157, 8.00577546 ], [ -61.64406059, 8.00600182 ], [ -61.64417766, 8.00625537 ], [ -61.64428564, 8.00653609 ], [ -61.64440275, 8.00678059 ], [ -61.64454688, 8.00707952 ], [ -61.64468219, 8.00731504 ], [ -61.64477209, 8.00756857 ], [ -61.6448439, 8.00779484 ], [ -61.64493398, 8.0080032 ], [ -61.64512293, 8.00848309 ], [ -61.64516658, 8.00898965 ], [ -61.64517473, 8.00926092 ], [ -61.64514656, 8.00954122 ], [ -61.64510052, 8.00976709 ], [ -61.64505418, 8.01006541 ], [ -61.64498973, 8.01034547 ], [ -61.64480653, 8.01086936 ], [ -61.64471503, 8.01112232 ], [ -61.64462321, 8.0114475 ], [ -61.64455818, 8.01190849 ], [ -61.64451179, 8.01222486 ], [ -61.6444384, 8.0124778 ], [ -61.64440114, 8.01277611 ], [ -61.64435473, 8.01307432 ], [ -61.64432679, 8.01330941 ], [ -61.64430773, 8.01358058 ], [ -61.64430693, 8.01381576 ], [ -61.64433327, 8.01408709 ], [ -61.64435064, 8.01431324 ], [ -61.6443771, 8.01454844 ], [ -61.64444875, 8.01481999 ], [ -61.64449266, 8.01528134 ], [ -61.64440023, 8.01578734 ], [ -61.64419924, 8.01620269 ], [ -61.6438986, 8.01659058 ], [ -61.64380725, 8.01679821 ], [ -61.64371543, 8.01712351 ], [ -61.64362391, 8.01734922 ], [ -61.6435325, 8.01757505 ], [ -61.64339481, 8.01806292 ], [ -61.6432852, 8.01827053 ], [ -61.64319379, 8.01849636 ], [ -61.64307512, 8.0187039 ], [ -61.64293822, 8.0189567 ], [ -61.64263735, 8.01939873 ], [ -61.64248256, 8.01957917 ], [ -61.64229104, 8.01987689 ], [ -61.64219952, 8.02011176 ], [ -61.64225313, 8.02036509 ], [ -61.64234316, 8.02059153 ], [ -61.64252394, 8.02077295 ], [ -61.64275969, 8.02081892 ], [ -61.64301389, 8.02077457 ], [ -61.64347615, 8.02088456 ], [ -61.64368321, 8.02136454 ], [ -61.64384498, 8.02182625 ], [ -61.64397935, 8.02235121 ], [ -61.64407828, 8.02260469 ], [ -61.64419558, 8.0228131 ], [ -61.64435807, 8.02303967 ], [ -61.64449324, 8.02332048 ], [ -61.64474564, 8.0238187 ], [ -61.64486268, 8.02407225 ], [ -61.64495252, 8.0243529 ], [ -61.64506881, 8.02485971 ], [ -61.64516686, 8.0253845 ], [ -61.6452113, 8.02565589 ], [ -61.64525541, 8.02602681 ], [ -61.64528165, 8.02632527 ], [ -61.64530814, 8.02655149 ], [ -61.6453527, 8.02678671 ], [ -61.64537909, 8.02704006 ], [ -61.64542369, 8.02726623 ], [ -61.64545002, 8.02753767 ], [ -61.64547633, 8.02781803 ], [ -61.64549342, 8.02811653 ], [ -61.6455197, 8.02841498 ], [ -61.64556433, 8.02864127 ], [ -61.64563609, 8.02889466 ], [ -61.6457079, 8.029121 ], [ -61.64582498, 8.02937454 ], [ -61.64603216, 8.02980931 ], [ -61.6461221, 8.03006288 ], [ -61.64616662, 8.03029809 ], [ -61.64623855, 8.03052436 ], [ -61.64619214, 8.03082268 ], [ -61.64614523, 8.03130181 ], [ -61.64617154, 8.03158217 ], [ -61.64617068, 8.03183539 ], [ -61.6462241, 8.03213394 ], [ -61.64624152, 8.03236013 ], [ -61.64634024, 8.03268595 ], [ -61.64640302, 8.03291226 ], [ -61.64652015, 8.03313871 ], [ -61.64680001, 8.03355561 ], [ -61.64691728, 8.03376405 ], [ -61.64712506, 8.03403595 ], [ -61.64726044, 8.03424438 ], [ -61.64742316, 8.03442581 ], [ -61.64774835, 8.03486097 ], [ -61.64802791, 8.03536829 ], [ -61.64816308, 8.03563998 ], [ -61.64826132, 8.03611959 ], [ -61.64825965, 8.036626 ], [ -61.6481952, 8.03690606 ], [ -61.6480757, 8.03736686 ], [ -61.64798334, 8.03787296 ], [ -61.6478274, 8.03837888 ], [ -61.64770843, 8.038695 ], [ -61.64761692, 8.0389298 ], [ -61.64757083, 8.03915578 ], [ -61.64755192, 8.03938173 ], [ -61.64753302, 8.03961685 ], [ -61.6475322, 8.03986999 ], [ -61.64754954, 8.04009619 ], [ -61.64764867, 8.04030446 ], [ -61.64781139, 8.04048581 ], [ -61.64829182, 8.04060494 ], [ -61.64852754, 8.04065102 ], [ -61.64875447, 8.04062462 ], [ -61.64896353, 8.04050769 ], [ -61.64919103, 8.04030048 ], [ -61.6494007, 8.04000271 ], [ -61.64955564, 8.03976813 ], [ -61.64973789, 8.03954261 ], [ -61.64992901, 8.03935336 ], [ -61.65011116, 8.03915508 ], [ -61.65054749, 8.03887611 ], [ -61.6510106, 8.03876012 ], [ -61.65128276, 8.03876099 ], [ -61.65149111, 8.03885208 ], [ -61.65171765, 8.03894326 ], [ -61.65220702, 8.03909866 ], [ -61.65232342, 8.03957829 ], [ -61.65220447, 8.03987629 ], [ -61.6520947, 8.04015631 ], [ -61.65195782, 8.04039092 ], [ -61.65188446, 8.04063489 ], [ -61.65195624, 8.0408702 ], [ -61.65210064, 8.0410967 ], [ -61.65228139, 8.04132344 ], [ -61.65246213, 8.04153199 ], [ -61.65269719, 8.041786 ], [ -61.65302251, 8.04217583 ], [ -61.65320308, 8.04244778 ], [ -61.65346465, 8.04290982 ], [ -61.65352728, 8.04318127 ], [ -61.65359885, 8.04347998 ], [ -61.65364327, 8.0437604 ], [ -61.65365075, 8.04426684 ], [ -61.65355917, 8.04451979 ], [ -61.65318605, 8.04486222 ], [ -61.65277701, 8.04509596 ], [ -61.65256799, 8.04520376 ], [ -61.65235881, 8.04536583 ], [ -61.65196773, 8.04564494 ], [ -61.65171313, 8.04582493 ], [ -61.65153101, 8.04601429 ], [ -61.65139423, 8.04622177 ], [ -61.65125744, 8.04642928 ], [ -61.65121124, 8.04670047 ], [ -61.65121044, 8.04693553 ], [ -61.65132747, 8.04720727 ], [ -61.65109942, 8.04759536 ], [ -61.65091739, 8.04775752 ], [ -61.65075335, 8.04796494 ], [ -61.65066191, 8.04819981 ], [ -61.65059755, 8.04845274 ], [ -61.65052409, 8.04872384 ], [ -61.65045943, 8.0490673 ], [ -61.65041329, 8.0493203 ], [ -61.65048507, 8.04955564 ], [ -61.65069306, 8.04975531 ], [ -61.65090133, 8.04987352 ], [ -61.65115505, 8.04996479 ], [ -61.65140019, 8.04992036 ], [ -61.65165457, 8.04980367 ], [ -61.65193645, 8.04961472 ], [ -61.65229913, 8.04968824 ], [ -61.65253438, 8.04988792 ], [ -61.65283255, 8.05025969 ], [ -61.65293041, 8.05085685 ], [ -61.65292934, 8.05117329 ], [ -61.65292859, 8.05140843 ], [ -61.65295484, 8.05170691 ], [ -61.65297203, 8.05197828 ], [ -61.65304375, 8.05223166 ], [ -61.65314288, 8.05244004 ], [ -61.65335109, 8.05257634 ], [ -61.65357788, 8.05259518 ], [ -61.65383167, 8.05268642 ], [ -61.65424805, 8.05296816 ], [ -61.65442883, 8.05316766 ], [ -61.65463664, 8.05342158 ], [ -61.65479928, 8.0536301 ], [ -61.65496201, 8.05381145 ], [ -61.65512425, 8.05413755 ], [ -61.65519611, 8.05436392 ], [ -61.65528595, 8.05463546 ], [ -61.65535759, 8.05491605 ], [ -61.65540098, 8.05551302 ], [ -61.65540905, 8.05581141 ], [ -61.65540813, 8.05608275 ], [ -61.65534294, 8.05661606 ], [ -61.65515984, 8.05709477 ], [ -61.65490403, 8.05764553 ], [ -61.65476716, 8.05788017 ], [ -61.65473912, 8.05813333 ], [ -61.65476558, 8.05835944 ], [ -61.65501809, 8.05882148 ], [ -61.65529804, 8.05922936 ], [ -61.65548798, 8.05939272 ], [ -61.65569613, 8.05955614 ], [ -61.65601222, 8.06000935 ], [ -61.65627386, 8.06044429 ], [ -61.65643565, 8.06090602 ], [ -61.65645302, 8.06115923 ], [ -61.65652475, 8.06141269 ], [ -61.65659581, 8.06187416 ], [ -61.65657694, 8.06210011 ], [ -61.65659399, 8.06242577 ], [ -61.65660124, 8.06296836 ], [ -61.65657331, 8.06320333 ], [ -61.6565544, 8.0634294 ], [ -61.65658001, 8.06391781 ], [ -61.6565792, 8.06417099 ], [ -61.65660566, 8.06439709 ], [ -61.65662304, 8.06462328 ], [ -61.65664935, 8.06490364 ], [ -61.65672041, 8.06535603 ], [ -61.65676477, 8.06565465 ], [ -61.65683661, 8.06590804 ], [ -61.65695366, 8.06616168 ], [ -61.65707083, 8.06641522 ], [ -61.65727799, 8.06687711 ], [ -61.65739489, 8.06717593 ], [ -61.65748478, 8.06744746 ], [ -61.65755651, 8.06770095 ], [ -61.65762833, 8.06792721 ], [ -61.65776281, 8.06841598 ], [ -61.65787983, 8.06871484 ], [ -61.6579968, 8.06900455 ], [ -61.65804131, 8.06925795 ], [ -61.65811281, 8.06960176 ], [ -61.65811206, 8.06983689 ], [ -61.65812013, 8.07013531 ], [ -61.65807366, 8.07045167 ], [ -61.65804573, 8.07068668 ], [ -61.65802663, 8.07095795 ], [ -61.65795315, 8.07123798 ], [ -61.6578427, 8.07171693 ], [ -61.65775103, 8.071997 ], [ -61.65765936, 8.07226793 ], [ -61.65756776, 8.072548 ], [ -61.65747612, 8.07281896 ], [ -61.65741167, 8.0730991 ], [ -61.6573836, 8.07335218 ], [ -61.65736473, 8.07357825 ], [ -61.65734488, 8.07408459 ], [ -61.65727079, 8.07454557 ], [ -61.65716095, 8.07484356 ], [ -61.65704234, 8.0750512 ], [ -61.65693273, 8.07525881 ], [ -61.65685943, 8.07548469 ], [ -61.65685857, 8.07573784 ], [ -61.65683946, 8.07603624 ], [ -61.6568657, 8.0763166 ], [ -61.65688307, 8.07656991 ], [ -61.65693678, 8.07679611 ], [ -61.65699949, 8.07702237 ], [ -61.65707136, 8.07725779 ], [ -61.65726037, 8.07771056 ], [ -61.65728668, 8.07799092 ], [ -61.65725855, 8.07826217 ], [ -61.65714792, 8.07879533 ], [ -61.65705619, 8.07909341 ], [ -61.65693697, 8.07948187 ], [ -61.65689971, 8.07978021 ], [ -61.65685337, 8.08006036 ], [ -61.65682546, 8.0802864 ], [ -61.65680628, 8.08058469 ], [ -61.65671393, 8.08106365 ], [ -61.65666776, 8.08131675 ], [ -61.65666679, 8.08161514 ], [ -61.65667486, 8.0819136 ], [ -61.65664686, 8.08216669 ], [ -61.65664592, 8.08244707 ], [ -61.6566721, 8.08274551 ], [ -61.65669844, 8.08301694 ], [ -61.65676957, 8.08346028 ], [ -61.65678653, 8.08382198 ], [ -61.65679476, 8.08407527 ], [ -61.65683896, 8.08441898 ], [ -61.65691062, 8.08471768 ], [ -61.65699973, 8.08519725 ], [ -61.65709763, 8.08577632 ], [ -61.65711496, 8.08602952 ], [ -61.6571413, 8.08630095 ], [ -61.6571404, 8.08658132 ], [ -61.65713954, 8.08683446 ], [ -61.65714786, 8.08706055 ], [ -61.6571652, 8.08728673 ], [ -61.65723688, 8.08756724 ], [ -61.65730784, 8.08807388 ], [ -61.65730681, 8.08839042 ], [ -61.65730587, 8.08867069 ], [ -61.65716826, 8.08913145 ], [ -61.6568493, 8.08953736 ], [ -61.65666699, 8.08979 ], [ -61.65650303, 8.08997934 ], [ -61.65634822, 8.09015967 ], [ -61.65597483, 8.09057443 ], [ -61.65577458, 8.09076365 ], [ -61.65553798, 8.0909709 ], [ -61.65531057, 8.0911329 ], [ -61.65510144, 8.09126783 ], [ -61.65487427, 8.0913576 ], [ -61.65517332, 8.09147611 ], [ -61.65542737, 8.09147696 ], [ -61.65569957, 8.09149592 ], [ -61.65618915, 8.09160602 ], [ -61.65666951, 8.09177035 ], [ -61.65711367, 8.09190754 ], [ -61.65736745, 8.09199877 ], [ -61.65784759, 8.09222639 ], [ -61.65808323, 8.09231756 ], [ -61.65833702, 8.09238171 ], [ -61.65860885, 8.09250024 ], [ -61.6588173, 8.09259132 ], [ -61.65905294, 8.09268249 ], [ -61.65930664, 8.09277375 ], [ -61.65975988, 8.09291086 ], [ -61.66029486, 8.09302119 ], [ -61.66054898, 8.09302204 ], [ -61.66080308, 8.09299576 ], [ -61.66132939, 8.09299747 ], [ -61.6616287, 8.09301652 ], [ -61.66216381, 8.0930906 ], [ -61.66268997, 8.09313753 ], [ -61.6629441, 8.09311124 ], [ -61.6632437, 8.09306699 ], [ -61.66372482, 8.09299626 ], [ -61.66423304, 8.09297079 ], [ -61.66453264, 8.09292646 ], [ -61.66485954, 8.09285521 ], [ -61.66536785, 8.09280261 ], [ -61.66589418, 8.0927772 ], [ -61.66619359, 8.09277819 ], [ -61.6666742, 8.09287017 ], [ -61.66716401, 8.09293506 ], [ -61.66764467, 8.09300903 ], [ -61.66789853, 8.09305508 ], [ -61.66813441, 8.09307391 ], [ -61.66843355, 8.09316532 ], [ -61.66891392, 8.09332964 ], [ -61.66935787, 8.09353008 ], [ -61.66961165, 8.0936213 ], [ -61.66983831, 8.09369439 ], [ -61.67006504, 8.09371319 ], [ -61.67061812, 8.09385062 ], [ -61.67085384, 8.09391469 ], [ -61.6711077, 8.09396071 ], [ -61.67133436, 8.09403387 ], [ -61.67158831, 8.0940528 ], [ -61.67188776, 8.09405375 ], [ -61.67221437, 8.09407288 ], [ -61.67251372, 8.094101 ], [ -61.67278574, 8.09416515 ], [ -61.67303964, 8.09421121 ], [ -61.67343883, 8.09423057 ], [ -61.67380179, 8.09423174 ], [ -61.67403801, 8.09411497 ], [ -61.67423826, 8.09393472 ], [ -61.67465578, 8.09390893 ], [ -61.67486407, 8.09402724 ], [ -61.67507239, 8.0941364 ], [ -61.67550707, 8.09440906 ], [ -61.67587811, 8.09470872 ], [ -61.67602247, 8.09496237 ], [ -61.67615728, 8.09535167 ], [ -61.67629257, 8.09560526 ], [ -61.67652712, 8.09602204 ], [ -61.67673449, 8.09642966 ], [ -61.67694161, 8.09690961 ], [ -61.67704061, 8.09716308 ], [ -61.67711242, 8.09739849 ], [ -61.67720241, 8.09764292 ], [ -61.67731941, 8.09794173 ], [ -61.67740936, 8.09817712 ], [ -61.67752644, 8.09844881 ], [ -61.67764346, 8.0987295 ], [ -61.67773342, 8.09897401 ], [ -61.67782345, 8.09920937 ], [ -61.67794052, 8.099463 ], [ -61.67817514, 8.09987071 ], [ -61.67842781, 8.10028744 ], [ -61.6787079, 8.10067721 ], [ -61.67905143, 8.10106719 ], [ -61.67921418, 8.10124857 ], [ -61.679377, 8.10141183 ], [ -61.67979305, 8.10182013 ], [ -61.6800283, 8.10202895 ], [ -61.68023638, 8.10221044 ], [ -61.68064367, 8.10252829 ], [ -61.68105999, 8.10285514 ], [ -61.68147621, 8.10323632 ], [ -61.68184691, 8.10365351 ], [ -61.68221745, 8.10410687 ], [ -61.68240736, 8.10429734 ], [ -61.68258815, 8.10452399 ], [ -61.68275075, 8.10473253 ], [ -61.6829135, 8.1049139 ], [ -61.68313962, 8.10514074 ], [ -61.68334775, 8.10532226 ], [ -61.68355574, 8.10553088 ], [ -61.68392683, 8.10583052 ], [ -61.68413477, 8.10605726 ], [ -61.68441487, 8.10644702 ], [ -61.68439519, 8.10690818 ], [ -61.68436723, 8.1071341 ], [ -61.68434804, 8.10745963 ], [ -61.68434694, 8.1078033 ], [ -61.68437345, 8.10802943 ], [ -61.68446346, 8.10823766 ], [ -61.68465362, 8.10837399 ], [ -61.68487997, 8.10851033 ], [ -61.68511567, 8.10858344 ], [ -61.68534239, 8.10862936 ], [ -61.68559648, 8.10863019 ], [ -61.68585063, 8.1086039 ], [ -61.68635892, 8.10856032 ], [ -61.68674834, 8.1088057 ], [ -61.6872295, 8.1087349 ], [ -61.68743849, 8.10864517 ], [ -61.68764762, 8.10851022 ], [ -61.68785679, 8.1083662 ], [ -61.68803883, 8.10820397 ], [ -61.68824796, 8.10806902 ], [ -61.68842997, 8.10790686 ], [ -61.68882129, 8.10756443 ], [ -61.68907561, 8.10747485 ], [ -61.68934793, 8.10744858 ], [ -61.6896293, 8.10742237 ], [ -61.6900656, 8.10719764 ], [ -61.69047482, 8.10691868 ], [ -61.69091121, 8.10666682 ], [ -61.69137452, 8.10650554 ], [ -61.69171944, 8.10647954 ], [ -61.69220924, 8.10652632 ], [ -61.69268988, 8.10663636 ], [ -61.69319758, 8.10677368 ], [ -61.69363244, 8.10697399 ], [ -61.69400324, 8.10736405 ], [ -61.6941204, 8.10761758 ], [ -61.69428228, 8.10807932 ], [ -61.69439865, 8.10855897 ], [ -61.69446985, 8.10899329 ], [ -61.69449589, 8.10936407 ], [ -61.69452222, 8.10964453 ], [ -61.69678161, 8.1096608 ], [ -61.83347488, 8.11007434 ], [ -61.83671623, 8.11008361 ], [ -61.84610115, 8.11011023 ], [ -61.85332341, 8.11013061 ], [ -61.88043085, 8.11020584 ], [ -61.88540722, 8.11021947 ], [ -61.95380474, 8.11040048 ], [ -61.98073324, 8.11046858 ], [ -61.99830432, 8.11051206 ], [ -62.0022305, 8.11052168 ], [ -62.00558141, 8.11052987 ], [ -62.00558149, 8.11052987 ], [ -62.00558372, 8.11052986 ], [ -62.01069309, 8.11054229 ], [ -62.01274655, 8.1081302 ], [ -62.10902239, 7.99499233 ], [ -62.17592891, 8.11360918 ], [ -62.17589227, 8.11362792 ], [ -62.17606649, 8.11385287 ], [ -62.19564622, 8.14855158 ], [ -62.19683806, 8.15066355 ], [ -62.21046283, 8.17480501 ], [ -62.22141513, 8.19420898 ], [ -62.22431487, 8.19934596 ], [ -62.2243374, 8.19938588 ], [ -62.22495584, 8.20048146 ], [ -62.22511743, 8.20076777 ], [ -62.22571382, 8.20182425 ], [ -62.23101966, 8.21122344 ], [ -62.23266397, 8.21413613 ], [ -62.23279493, 8.21436805 ], [ -62.23285953, 8.21448249 ], [ -62.23489049, 8.21808011 ], [ -62.24618604, 8.23808758 ], [ -62.24746271, 8.24034871 ], [ -62.25352898, 8.25109272 ], [ -62.25406388, 8.25203996 ], [ -62.25444154, 8.25270885 ], [ -62.25709873, 8.25741479 ], [ -62.25973201, 8.26207833 ], [ -62.26827434, 8.2772057 ], [ -62.27659913, 8.29194659 ], [ -62.34354809, 8.41045227 ], [ -62.40457237, 8.51840321 ], [ -62.40338112, 8.51908875 ], [ -62.40219898, 8.51977441 ], [ -62.40134451, 8.52001725 ], [ -62.40049012, 8.52026009 ], [ -62.39967216, 8.52042172 ], [ -62.39885425, 8.52058323 ], [ -62.39744556, 8.52087956 ], [ -62.39617313, 8.52114887 ], [ -62.39478279, 8.52130948 ], [ -62.39372913, 8.52114507 ], [ -62.39294792, 8.52106249 ], [ -62.39233866, 8.52138718 ], [ -62.39189246, 8.52203768 ], [ -62.39017433, 8.52268618 ], [ -62.38842921, 8.52309047 ], [ -62.38651167, 8.52341303 ], [ -62.38475782, 8.5236093 ], [ -62.38341289, 8.52381517 ], [ -62.38145824, 8.52458088 ], [ -62.38019493, 8.52485921 ], [ -62.37860409, 8.52538128 ], [ -62.37606753, 8.52639927 ], [ -62.37439443, 8.52724682 ], [ -62.37231188, 8.52846446 ], [ -62.37068377, 8.52955623 ], [ -62.36872774, 8.53117204 ], [ -62.36786161, 8.53296152 ], [ -62.36766019, 8.53389274 ], [ -62.36659606, 8.53457843 ], [ -62.36554079, 8.5353907 ], [ -62.3632575, 8.53705115 ], [ -62.36166547, 8.53826058 ], [ -62.35338849, 8.54352896 ], [ -62.34445727, 8.54874176 ], [ -62.34168335, 8.55028372 ], [ -62.33939961, 8.55210679 ], [ -62.33718855, 8.55392997 ], [ -62.33621462, 8.5548961 ], [ -62.33474172, 8.55546339 ], [ -62.33311486, 8.55570485 ], [ -62.33152375, 8.55627189 ], [ -62.33066948, 8.55638798 ], [ -62.32952538, 8.5559428 ], [ -62.32830892, 8.55533473 ], [ -62.32545759, 8.55435295 ], [ -62.32330435, 8.55423166 ], [ -62.32163251, 8.55422875 ], [ -62.32028725, 8.55450679 ], [ -62.31930516, 8.55499349 ], [ -62.31853181, 8.55556192 ], [ -62.3178405, 8.55595863 ], [ -62.31677741, 8.55595675 ], [ -62.31559627, 8.55591848 ], [ -62.31421495, 8.55607892 ], [ -62.31208818, 8.55640069 ], [ -62.31017973, 8.55659635 ], [ -62.30887034, 8.55712762 ], [ -62.30765081, 8.55825602 ], [ -62.307077, 8.55902372 ], [ -62.30625856, 8.5593931 ], [ -62.30511296, 8.55979811 ], [ -62.30336821, 8.55991253 ], [ -62.29973498, 8.55920959 ], [ -62.29819087, 8.55888114 ], [ -62.2962744, 8.55851586 ], [ -62.29460308, 8.55818729 ], [ -62.2916327, 8.55777486 ], [ -62.28877994, 8.55760684 ], [ -62.28617252, 8.5574392 ], [ -62.28392838, 8.55735368 ], [ -62.28156584, 8.55743068 ], [ -62.27851152, 8.55819385 ], [ -62.2764659, 8.55880505 ], [ -62.27434786, 8.55932567 ], [ -62.27259343, 8.55972938 ], [ -62.27075688, 8.5603319 ], [ -62.26832041, 8.56109606 ], [ -62.26693748, 8.56202503 ], [ -62.26554559, 8.56291781 ], [ -62.26399847, 8.56420822 ], [ -62.2628146, 8.5655898 ], [ -62.26174857, 8.56712531 ], [ -62.26101019, 8.56834487 ], [ -62.26028046, 8.56979966 ], [ -62.25970502, 8.57138133 ], [ -62.2596199, 8.57309054 ], [ -62.25986246, 8.574511 ], [ -62.26071479, 8.57548039 ], [ -62.26136783, 8.57609667 ], [ -62.26164849, 8.57662175 ], [ -62.26164722, 8.57727296 ], [ -62.2607082, 8.57889007 ], [ -62.2596064, 8.58006375 ], [ -62.25773175, 8.58152536 ], [ -62.25692115, 8.58250061 ], [ -62.25667328, 8.58380249 ], [ -62.25618068, 8.58481451 ], [ -62.25540755, 8.58517482 ], [ -62.25475379, 8.58493838 ], [ -62.25373591, 8.58501787 ], [ -62.25308046, 8.58562257 ], [ -62.25263377, 8.58635427 ], [ -62.25145201, 8.58663241 ], [ -62.25006182, 8.58658449 ], [ -62.24561847, 8.58653969 ], [ -62.24297429, 8.5864892 ], [ -62.24110274, 8.5863318 ], [ -62.23987604, 8.58632941 ], [ -62.23853029, 8.58676994 ], [ -62.23730197, 8.58758153 ], [ -62.23600147, 8.58813971 ], [ -62.23506443, 8.58867148 ], [ -62.2338374, 8.58883182 ], [ -62.23294734, 8.58862206 ], [ -62.23221245, 8.58805074 ], [ -62.23155973, 8.58728072 ], [ -62.23057895, 8.58699833 ], [ -62.22887235, 8.58614482 ], [ -62.22565945, 8.58426616 ], [ -62.22174814, 8.58179832 ], [ -62.21747219, 8.57991746 ], [ -62.21535622, 8.57930723 ], [ -62.213076, 8.57905834 ], [ -62.21104081, 8.57897282 ], [ -62.20945014, 8.57921382 ], [ -62.20830446, 8.5796185 ], [ -62.20777608, 8.58026859 ], [ -62.20757481, 8.5809103 ], [ -62.20675593, 8.58144223 ], [ -62.20483797, 8.5818001 ], [ -62.20178403, 8.58220073 ], [ -62.20002928, 8.58268551 ], [ -62.19876526, 8.58317128 ], [ -62.19840074, 8.58365891 ], [ -62.19839999, 8.58402071 ], [ -62.19799051, 8.58430019 ], [ -62.19680938, 8.58426156 ], [ -62.19392156, 8.58344161 ], [ -62.19156176, 8.58214332 ], [ -62.18874729, 8.58103402 ], [ -62.18537015, 8.57960704 ], [ -62.1831731, 8.57871604 ], [ -62.18015797, 8.5779771 ], [ -62.17804167, 8.57761082 ], [ -62.17678007, 8.57691174 ], [ -62.17401492, 8.5740659 ], [ -62.17043284, 8.57081139 ], [ -62.166858, 8.56845225 ], [ -62.16319122, 8.56661735 ], [ -62.16152117, 8.56576357 ], [ -62.15878946, 8.56431968 ], [ -62.15800845, 8.56414609 ], [ -62.15565627, 8.5636436 ], [ -62.1541483, 8.56347747 ], [ -62.15227696, 8.5633106 ], [ -62.15142288, 8.56330872 ], [ -62.14908744, 8.56345734 ], [ -62.1463141, 8.56442803 ], [ -62.14501312, 8.56515769 ], [ -62.14383038, 8.56588771 ], [ -62.14240105, 8.56714164 ], [ -62.14084367, 8.56875711 ], [ -62.13945839, 8.57061716 ], [ -62.13835261, 8.57345455 ], [ -62.13744875, 8.57536086 ], [ -62.13662635, 8.57743015 ], [ -62.13548619, 8.57937205 ], [ -62.13413783, 8.58095175 ], [ -62.13208896, 8.58290072 ], [ -62.12985057, 8.58427043 ], [ -62.12793107, 8.58527903 ], [ -62.12560322, 8.58600634 ], [ -62.12307547, 8.58676931 ], [ -62.11936494, 8.58818083 ], [ -62.11577424, 8.58882377 ], [ -62.1126382, 8.58934115 ], [ -62.10893026, 8.58962204 ], [ -62.10545823, 8.59001199 ], [ -62.10403107, 8.5902528 ], [ -62.10284866, 8.59077462 ], [ -62.1019478, 8.59130613 ], [ -62.10122016, 8.59163005 ], [ -62.10044778, 8.59162826 ], [ -62.09869482, 8.59129855 ], [ -62.09641525, 8.59080486 ], [ -62.09486205, 8.59055706 ], [ -62.09315438, 8.5903088 ], [ -62.09164652, 8.59010633 ], [ -62.08972936, 8.59005659 ], [ -62.08769328, 8.59034115 ], [ -62.08495762, 8.5906151 ], [ -62.08190447, 8.59064403 ], [ -62.07949755, 8.59024034 ], [ -62.07664674, 8.58925674 ], [ -62.07474028, 8.58855584 ], [ -62.07274259, 8.58801744 ], [ -62.07156222, 8.58765281 ], [ -62.0704992, 8.58761408 ], [ -62.06997168, 8.58781184 ], [ -62.06928026, 8.58817189 ], [ -62.06858048, 8.58825158 ], [ -62.06777198, 8.58816826 ], [ -62.06675567, 8.58760506 ], [ -62.06574068, 8.58649927 ], [ -62.06447826, 8.58626111 ], [ -62.06333417, 8.58593272 ], [ -62.06240055, 8.58498984 ], [ -62.06150174, 8.58470737 ], [ -62.06068405, 8.5846692 ], [ -62.05946652, 8.58466625 ], [ -62.05791246, 8.58477999 ], [ -62.0560844, 8.58546287 ], [ -62.05355504, 8.58684043 ], [ -62.05147137, 8.58801099 ], [ -62.04991578, 8.58873978 ], [ -62.04914313, 8.58885546 ], [ -62.04825328, 8.588609 ], [ -62.04584106, 8.58670389 ], [ -62.04360264, 8.58434688 ], [ -62.04234345, 8.58284245 ], [ -62.04141202, 8.5810495 ], [ -62.0404032, 8.57751984 ], [ -62.03972174, 8.57390963 ], [ -62.03920194, 8.57102335 ], [ -62.03860036, 8.56453738 ], [ -62.03860963, 8.56084749 ], [ -62.0389886, 8.55463525 ], [ -62.0389156, 8.5511079 ], [ -62.03851409, 8.54818577 ], [ -62.03699057, 8.54344297 ], [ -62.03609593, 8.54153246 ], [ -62.03557199, 8.5403193 ], [ -62.03439327, 8.53937578 ], [ -62.03268009, 8.53783403 ], [ -62.03081084, 8.53693401 ], [ -62.02853174, 8.53644003 ], [ -62.02608867, 8.5361083 ], [ -62.02498913, 8.53618689 ], [ -62.02404304, 8.53667289 ], [ -62.02298776, 8.53724 ], [ -62.0215972, 8.53744449 ], [ -62.01936254, 8.53735746 ], [ -62.01597464, 8.53702337 ], [ -62.01235117, 8.53644443 ], [ -62.01028128, 8.53586942 ], [ -62.00711325, 8.5348484 ], [ -62.00291997, 8.53330021 ], [ -61.99868261, 8.53125443 ], [ -61.99473498, 8.5296254 ], [ -61.99221149, 8.52880488 ], [ -61.99005044, 8.52839229 ], [ -61.98663516, 8.5281483 ], [ -61.9841086, 8.52854869 ], [ -61.98199042, 8.52906769 ], [ -61.97946371, 8.52950422 ], [ -61.97762732, 8.52998776 ], [ -61.97628077, 8.53071674 ], [ -61.97522371, 8.53193483 ], [ -61.97382965, 8.53346861 ], [ -61.9724476, 8.5339081 ], [ -61.97056622, 8.53419258 ], [ -61.96775964, 8.53397706 ], [ -61.9639719, 8.53372286 ], [ -61.96161013, 8.53363515 ], [ -61.95895759, 8.53354659 ], [ -61.9561885, 8.53288804 ], [ -61.95296625, 8.5318303 ], [ -61.95036158, 8.53084652 ], [ -61.94763955, 8.52961829 ], [ -61.94559851, 8.5285185 ], [ -61.94369387, 8.52738287 ], [ -61.94148944, 8.52623741 ], [ -61.93921139, 8.52541723 ], [ -61.93567998, 8.52452126 ], [ -61.93209266, 8.52414976 ], [ -61.92895916, 8.5238969 ], [ -61.92476241, 8.52380394 ], [ -61.91962963, 8.5238259 ], [ -61.91323207, 8.52454065 ], [ -61.911232, 8.52505958 ], [ -61.9093151, 8.52509944 ], [ -61.90638017, 8.52533531 ], [ -61.90495345, 8.52549407 ], [ -61.90160909, 8.52593681 ], [ -61.89945564, 8.52609358 ], [ -61.89688417, 8.5262852 ], [ -61.89504785, 8.52672314 ], [ -61.89201977, 8.52774549 ], [ -61.88889091, 8.52905688 ], [ -61.88729189, 8.52911558 ], [ -61.88562037, 8.52911079 ], [ -61.88369388, 8.52929524 ], [ -61.88195636, 8.5301222 ], [ -61.88061089, 8.53043487 ], [ -61.87900264, 8.53055684 ], [ -61.87753031, 8.53075158 ], [ -61.87650305, 8.53100182 ], [ -61.87483022, 8.53144013 ], [ -61.87348402, 8.53201497 ], [ -61.87199954, 8.53328576 ], [ -61.87097057, 8.53411482 ], [ -61.87000664, 8.53442859 ], [ -61.86891574, 8.53468762 ], [ -61.86807939, 8.53487505 ], [ -61.86763196, 8.53564249 ], [ -61.86750318, 8.53621184 ], [ -61.86633708, 8.53729367 ], [ -61.86518148, 8.53793236 ], [ -61.86370695, 8.53888666 ], [ -61.86190386, 8.54035547 ], [ -61.85997278, 8.54206803 ], [ -61.8590706, 8.54302399 ], [ -61.8584233, 8.54379076 ], [ -61.85753204, 8.54411371 ], [ -61.85642935, 8.54525898 ], [ -61.85328151, 8.54677802 ], [ -61.8501981, 8.54798974 ], [ -61.84765438, 8.54957419 ], [ -61.8467303, 8.55014983 ], [ -61.84370948, 8.55167823 ], [ -61.84151528, 8.5532633 ], [ -61.83945665, 8.55504779 ], [ -61.83701344, 8.55785293 ], [ -61.83533243, 8.56091358 ], [ -61.83359098, 8.56295213 ], [ -61.83102338, 8.56479825 ], [ -61.82381207, 8.56995823 ], [ -61.82226236, 8.5716717 ], [ -61.82123389, 8.57224735 ], [ -61.81963449, 8.57236915 ], [ -61.81635377, 8.57267558 ], [ -61.81314447, 8.57337116 ], [ -61.80806856, 8.57539933 ], [ -61.80633107, 8.57609934 ], [ -61.80511266, 8.57641201 ], [ -61.80382013, 8.57717676 ], [ -61.80259911, 8.57832145 ], [ -61.79885866, 8.58322933 ], [ -61.79673374, 8.58578194 ], [ -61.79423063, 8.58723916 ], [ -61.79293887, 8.58775059 ], [ -61.79178462, 8.58787356 ], [ -61.78998589, 8.58780464 ], [ -61.78812413, 8.58754562 ], [ -61.78562782, 8.58683237 ], [ -61.78242413, 8.58573711 ], [ -61.78069089, 8.58508958 ], [ -61.77863914, 8.58457668 ], [ -61.77767652, 8.58444704 ], [ -61.77645867, 8.58456977 ], [ -61.77530031, 8.58596784 ], [ -61.77387867, 8.5873107 ], [ -61.77253117, 8.5882017 ], [ -61.77156664, 8.58864178 ], [ -61.77085799, 8.5886395 ], [ -61.76970699, 8.58774053 ], [ -61.76862024, 8.5866519 ], [ -61.76740554, 8.58581604 ], [ -61.76638047, 8.58530644 ], [ -61.76502841, 8.58478664 ], [ -61.76278453, 8.58471608 ], [ -61.75771328, 8.58520624 ], [ -61.75450618, 8.58519589 ], [ -61.75142706, 8.58493279 ], [ -61.74879355, 8.58454442 ], [ -61.74699736, 8.58370667 ], [ -61.74559151, 8.58299671 ], [ -61.74238372, 8.58042709 ], [ -61.7407245, 8.57939981 ], [ -61.73867293, 8.57888679 ], [ -61.73629224, 8.57900558 ], [ -61.73211856, 8.58007709 ], [ -61.73018845, 8.58128247 ], [ -61.72941238, 8.58242837 ], [ -61.72774712, 8.58325489 ], [ -61.72626406, 8.58389202 ], [ -61.72330901, 8.58458758 ], [ -61.71772729, 8.58559095 ], [ -61.71502593, 8.58647726 ], [ -61.71110552, 8.58786586 ], [ -61.70834039, 8.5888152 ], [ -61.70519359, 8.58976314 ], [ -61.7026841, 8.59033344 ], [ -61.70024906, 8.59038861 ], [ -61.69767921, 8.59000014 ], [ -61.69383792, 8.5894717 ], [ -61.69114066, 8.58914602 ], [ -61.68825445, 8.58830435 ], [ -61.685368, 8.58752583 ], [ -61.68287241, 8.58668542 ], [ -61.6801331, 8.58541907 ], [ -61.67852045, 8.58411142 ], [ -61.67685055, 8.58359929 ], [ -61.67402737, 8.58294762 ], [ -61.67121279, 8.5824225 ], [ -61.66851717, 8.58165355 ], [ -61.66607467, 8.58125627 ], [ -61.66408601, 8.58099623 ], [ -61.66037404, 8.57989825 ], [ -61.65851298, 8.57950294 ], [ -61.65639825, 8.57892591 ], [ -61.65280445, 8.57782827 ], [ -61.65037308, 8.57686124 ], [ -61.6476329, 8.57590217 ], [ -61.6466357, 8.5752928 ], [ -61.64570002, 8.57528051 ], [ -61.64496664, 8.57457263 ], [ -61.64315484, 8.57311036 ], [ -61.63902214, 8.57030168 ], [ -61.63722797, 8.56903846 ], [ -61.6347884, 8.56785426 ], [ -61.63372775, 8.5672085 ], [ -61.63288508, 8.56659062 ], [ -61.63212531, 8.56566557 ], [ -61.63123808, 8.56482152 ], [ -61.63048557, 8.56437577 ], [ -61.62968621, 8.56437291 ], [ -61.62871571, 8.56392639 ], [ -61.6277362, 8.56347983 ], [ -61.62661969, 8.56324982 ], [ -61.62551407, 8.5624953 ], [ -61.6236543, 8.5617834 ], [ -61.62236498, 8.561598 ], [ -61.62049583, 8.56097638 ], [ -61.61894304, 8.56079 ], [ -61.6148503, 8.55961794 ], [ -61.61254354, 8.55942877 ], [ -61.61094449, 8.55946834 ], [ -61.60987196, 8.55964531 ], [ -61.60902598, 8.55994967 ], [ -61.6081335, 8.56057049 ], [ -61.60728627, 8.5612275 ], [ -61.60666728, 8.56157799 ], [ -61.60613109, 8.56162123 ], [ -61.60528771, 8.56122033 ], [ -61.60422666, 8.56072818 ], [ -61.60169262, 8.56058344 ], [ -61.59937698, 8.56035799 ], [ -61.59688958, 8.55990586 ], [ -61.59435832, 8.5590106 ], [ -61.59125849, 8.55710036 ], [ -61.58845855, 8.55518225 ], [ -61.58672794, 8.55398227 ], [ -61.58207693, 8.5514877 ], [ -61.57732487, 8.54934532 ], [ -61.57488491, 8.54836877 ], [ -61.57364148, 8.54809289 ], [ -61.57177155, 8.54773342 ], [ -61.57012814, 8.5475103 ], [ -61.56808699, 8.54678844 ], [ -61.56506857, 8.54505018 ], [ -61.55867929, 8.54109302 ], [ -61.55371323, 8.53797299 ], [ -61.54951071, 8.53472013 ], [ -61.54591592, 8.53169557 ], [ -61.5429933, 8.52871879 ], [ -61.54149173, 8.5270765 ], [ -61.54055814, 8.52653949 ], [ -61.53922378, 8.52631741 ], [ -61.5378542, 8.52577876 ], [ -61.53624836, 8.52528443 ], [ -61.53394243, 8.52496834 ], [ -61.53189978, 8.52468931 ], [ -61.52945708, 8.52450831 ], [ -61.52603313, 8.52440495 ], [ -61.52069968, 8.52482776 ], [ -61.51807321, 8.52521555 ], [ -61.51580944, 8.52574042 ], [ -61.51398202, 8.5261765 ], [ -61.51179834, 8.52714474 ], [ -61.50881032, 8.5293938 ], [ -61.50666946, 8.53102218 ], [ -61.50435306, 8.53340048 ], [ -61.50359609, 8.53419322 ], [ -61.50278559, 8.53472357 ], [ -61.50190197, 8.53538033 ], [ -61.50118298, 8.53573919 ], [ -61.50061043, 8.53581842 ], [ -61.50016656, 8.53550923 ], [ -61.50002628, 8.5342157 ], [ -61.49962007, 8.53356303 ], [ -61.49917704, 8.53303688 ], [ -61.49802069, 8.53143192 ], [ -61.49726548, 8.52943068 ], [ -61.49601671, 8.52821423 ], [ -61.49556033, 8.52647637 ], [ -61.49591541, 8.5239369 ], [ -61.49604248, 8.52162262 ], [ -61.49691429, 8.51933829 ], [ -61.49679742, 8.51669753 ], [ -61.49679551, 8.51486199 ], [ -61.49604057, 8.51279744 ], [ -61.49488582, 8.51079463 ], [ -61.49442746, 8.50953604 ], [ -61.49381571, 8.50803266 ], [ -61.49332855, 8.50719887 ], [ -61.49286146, 8.50586789 ], [ -61.49124652, 8.50540954 ], [ -61.4899152, 8.50443687 ], [ -61.4888754, 8.50323023 ], [ -61.48782512, 8.50239425 ], [ -61.48699163, 8.5018485 ], [ -61.48604907, 8.50134751 ], [ -61.48506864, 8.50122617 ], [ -61.48442558, 8.50077154 ], [ -61.48292303, 8.49945463 ], [ -61.48153588, 8.49882536 ], [ -61.47963063, 8.49831155 ], [ -61.47859549, 8.49825327 ], [ -61.47657823, 8.49848949 ], [ -61.47530673, 8.49849357 ], [ -61.47322578, 8.49877482 ], [ -61.47057002, 8.49969566 ], [ -61.46911834, 8.49933739 ], [ -61.46739379, 8.49905027 ], [ -61.46610675, 8.49838517 ], [ -61.46391924, 8.49804193 ], [ -61.46252211, 8.49765672 ], [ -61.46078946, 8.49714355 ], [ -61.45820492, 8.49616583 ], [ -61.45658147, 8.49559882 ], [ -61.45494872, 8.49509504 ], [ -61.4523265, 8.49444266 ], [ -61.45116631, 8.49386832 ], [ -61.44937964, 8.49323735 ], [ -61.44747449, 8.49272341 ], [ -61.44522256, 8.492615 ], [ -61.44348836, 8.4924996 ], [ -61.44239106, 8.49210638 ], [ -61.44103549, 8.49041918 ], [ -61.43917703, 8.48959795 ], [ -61.43777121, 8.48912221 ], [ -61.43592773, 8.48683621 ], [ -61.43361392, 8.48408723 ], [ -61.43291481, 8.48178783 ], [ -61.43222857, 8.48081758 ], [ -61.43141562, 8.47972929 ], [ -61.43190733, 8.47939667 ], [ -61.43086901, 8.47789154 ], [ -61.42915486, 8.47734213 ], [ -61.42845858, 8.47659794 ], [ -61.42740024, 8.47556288 ], [ -61.42500319, 8.47543571 ], [ -61.42350565, 8.47520358 ], [ -61.41996631, 8.4746106 ], [ -61.41787851, 8.47436713 ], [ -61.41556465, 8.4738966 ], [ -61.41219784, 8.47330426 ], [ -61.40976544, 8.47295077 ], [ -61.40697895, 8.47258676 ], [ -61.4032647, 8.4725716 ], [ -61.39954757, 8.4732527 ], [ -61.39675629, 8.47404594 ], [ -61.39327674, 8.47438431 ], [ -61.39094948, 8.47495338 ], [ -61.38757866, 8.47534638 ], [ -61.38521578, 8.47574355 ], [ -61.38200534, 8.47687853 ], [ -61.37944868, 8.47802525 ], [ -61.37617361, 8.47937702 ], [ -61.37380597, 8.48093136 ], [ -61.37241928, 8.48241738 ], [ -61.37126819, 8.48403106 ], [ -61.36986486, 8.48517355 ], [ -61.36714379, 8.48651837 ], [ -61.36457251, 8.48680601 ], [ -61.36223137, 8.48635314 ], [ -61.3589191, 8.48362677 ], [ -61.35680854, 8.48233395 ], [ -61.35508011, 8.48088912 ], [ -61.35365458, 8.47870401 ], [ -61.35221993, 8.47650992 ], [ -61.35056734, 8.47432393 ], [ -61.34899465, 8.47259037 ], [ -61.34734437, 8.46987094 ], [ -61.34570995, 8.46769408 ], [ -61.34467177, 8.46626108 ], [ -61.34308889, 8.46478965 ], [ -61.34187203, 8.46266877 ], [ -61.34193707, 8.4623255 ], [ -61.34223992, 8.46156725 ], [ -61.34277015, 8.46074677 ], [ -61.3433036, 8.45916677 ], [ -61.34384639, 8.4569811 ], [ -61.3438487, 8.45697191 ], [ -61.34379428, 8.45481979 ], [ -61.34280136, 8.45343227 ], [ -61.34083183, 8.45108213 ], [ -61.33864543, 8.44847795 ], [ -61.33826692, 8.44792859 ], [ -61.3374271, 8.44670972 ], [ -61.33641496, 8.44557526 ], [ -61.33516865, 8.44397863 ], [ -61.3342375, 8.44300725 ], [ -61.33340762, 8.44172891 ], [ -61.33289093, 8.43939394 ], [ -61.33273652, 8.43517091 ], [ -61.33260305, 8.4345284 ], [ -61.33262997, 8.43249418 ], [ -61.33169392, 8.43063708 ], [ -61.33167554, 8.43060047 ], [ -61.33134804, 8.42861899 ], [ -61.33105847, 8.42628498 ], [ -61.32978654, 8.42432668 ], [ -61.32781986, 8.42346838 ], [ -61.32616082, 8.42286462 ], [ -61.32471796, 8.42265956 ], [ -61.32321122, 8.42254458 ], [ -61.32200379, 8.42249422 ], [ -61.3204957, 8.42268678 ], [ -61.31832612, 8.42256891 ], [ -61.31583172, 8.42196151 ], [ -61.31453552, 8.42145868 ], [ -61.31348581, 8.42063146 ], [ -61.31295499, 8.41949901 ], [ -61.31266687, 8.41685769 ], [ -61.31214799, 8.41505618 ], [ -61.31146431, 8.41318587 ], [ -61.31140322, 8.41301865 ], [ -61.31049817, 8.41233668 ], [ -61.30838106, 8.41270735 ], [ -61.30694352, 8.41337022 ], [ -61.30543211, 8.41434924 ], [ -61.3033613, 8.41449399 ], [ -61.30158184, 8.41237064 ], [ -61.29796802, 8.41032975 ], [ -61.29638209, 8.40964481 ], [ -61.29487783, 8.40896021 ], [ -61.29336362, 8.40850156 ], [ -61.29208708, 8.40766418 ], [ -61.29111306, 8.40615918 ], [ -61.29089398, 8.40434993 ], [ -61.29100066, 8.40279525 ], [ -61.29077009, 8.40153753 ], [ -61.29098249, 8.40073375 ], [ -61.29099171, 8.39862716 ], [ -61.2906293, 8.3963743 ], [ -61.28892159, 8.39447722 ], [ -61.28834505, 8.393444 ], [ -61.28788428, 8.39292674 ], [ -61.28649054, 8.39191709 ], [ -61.28475747, 8.3916835 ], [ -61.28323997, 8.39197529 ], [ -61.28211153, 8.39257615 ], [ -61.28104702, 8.39309591 ], [ -61.28006321, 8.393842 ], [ -61.27930434, 8.39505026 ], [ -61.27846339, 8.39633044 ], [ -61.27747927, 8.39714893 ], [ -61.27644056, 8.39799423 ], [ -61.27546551, 8.39879467 ], [ -61.27475437, 8.39946962 ], [ -61.27384014, 8.40089417 ], [ -61.27323517, 8.40220245 ], [ -61.27289468, 8.40323168 ], [ -61.272688, 8.40480395 ], [ -61.27154481, 8.40667955 ], [ -61.27003029, 8.40832745 ], [ -61.26820812, 8.40975701 ], [ -61.26661628, 8.41041906 ], [ -61.2655584, 8.41147219 ], [ -61.26464862, 8.41188413 ], [ -61.26384527, 8.41285693 ], [ -61.26305324, 8.41334167 ], [ -61.26237564, 8.41462259 ], [ -61.26130299, 8.41695046 ], [ -61.26016435, 8.41778627 ], [ -61.25958094, 8.4183081 ], [ -61.25835425, 8.41851057 ], [ -61.25669271, 8.4185032 ], [ -61.25556082, 8.41782917 ], [ -61.25418686, 8.41645783 ], [ -61.251492, 8.41607522 ], [ -61.2496724, 8.41689886 ], [ -61.24838315, 8.41891835 ], [ -61.24784101, 8.42035353 ], [ -61.24753431, 8.42192533 ], [ -61.24775045, 8.42434019 ], [ -61.24781399, 8.42636572 ], [ -61.24833818, 8.42892669 ], [ -61.24892404, 8.43189483 ], [ -61.24853529, 8.43354764 ], [ -61.24777425, 8.43519876 ], [ -61.24656253, 8.43609747 ], [ -61.24489655, 8.4370664 ], [ -61.24391052, 8.43826452 ], [ -61.243177, 8.43984341 ], [ -61.24276299, 8.44104402 ], [ -61.24230289, 8.44239815 ], [ -61.24214771, 8.44457636 ], [ -61.24198421, 8.44660989 ], [ -61.24183504, 8.4474771 ], [ -61.24189228, 8.44886068 ], [ -61.24150121, 8.45300878 ], [ -61.24074251, 8.45412646 ], [ -61.23915273, 8.45428206 ], [ -61.2379427, 8.45481002 ], [ -61.23513711, 8.45675028 ], [ -61.23278825, 8.45809581 ], [ -61.23059244, 8.45974048 ], [ -61.22885059, 8.46138711 ], [ -61.22687159, 8.46325859 ], [ -61.22542764, 8.46528629 ], [ -61.22429196, 8.4673877 ], [ -61.22417671, 8.46876147 ], [ -61.22358989, 8.47197736 ], [ -61.22169225, 8.47392163 ], [ -61.218892, 8.47465924 ], [ -61.21572118, 8.47502452 ], [ -61.21234529, 8.47455705 ], [ -61.20922547, 8.47371095 ], [ -61.20658517, 8.4732468 ], [ -61.20190214, 8.47270089 ], [ -61.1981486, 8.47341598 ], [ -61.19471714, 8.47515405 ], [ -61.19174335, 8.4761167 ], [ -61.18833785, 8.47811707 ], [ -61.18544852, 8.48041805 ], [ -61.18291223, 8.4829377 ], [ -61.18077525, 8.48552247 ], [ -61.17821407, 8.4894613 ], [ -61.17715327, 8.4910385 ], [ -61.17593523, 8.49321162 ], [ -61.1747867, 8.49606315 ], [ -61.17334092, 8.49838885 ], [ -61.17083224, 8.50079101 ], [ -61.16856969, 8.50107868 ], [ -61.16622896, 8.50061569 ], [ -61.16427149, 8.49978374 ], [ -61.16200882, 8.49819096 ], [ -61.15922085, 8.49629729 ], [ -61.15704142, 8.4944066 ], [ -61.15539046, 8.49213865 ], [ -61.15222669, 8.49099352 ], [ -61.14920722, 8.49007521 ], [ -61.1451312, 8.48982978 ], [ -61.14112633, 8.48989206 ], [ -61.13840293, 8.48972541 ], [ -61.13500397, 8.4903149 ], [ -61.13220762, 8.49022014 ], [ -61.12925611, 8.49028737 ], [ -61.12608775, 8.49011848 ], [ -61.12238443, 8.48980229 ], [ -61.11725445, 8.48969624 ], [ -61.11438355, 8.48998978 ], [ -61.11097556, 8.49056995 ], [ -61.10719487, 8.49122963 ], [ -61.10395095, 8.49166592 ], [ -61.10024321, 8.49225355 ], [ -61.0978246, 8.49291082 ], [ -61.09539867, 8.49320629 ], [ -61.09207457, 8.49333468 ], [ -61.08913369, 8.49309429 ], [ -61.08679246, 8.49278442 ], [ -61.08165164, 8.49305754 ], [ -61.07749667, 8.49409481 ], [ -61.07454075, 8.49505659 ], [ -61.07166504, 8.49632604 ], [ -61.06879078, 8.49728818 ], [ -61.06610414, 8.49886591 ], [ -61.06494863, 8.49932123 ], [ -61.06333666, 8.5002715 ], [ -61.06106923, 8.50153488 ], [ -61.0590205, 8.50265466 ], [ -61.05591619, 8.50422122 ], [ -61.05372321, 8.5051143 ], [ -61.05076419, 8.50668152 ], [ -61.04818801, 8.50794332 ], [ -61.04523792, 8.50951055 ], [ -61.04220613, 8.51107731 ], [ -61.03910398, 8.5121917 ], [ -61.0369863, 8.51255158 ], [ -61.03464241, 8.51276582 ], [ -61.03305645, 8.51216117 ], [ -61.03102748, 8.51116552 ], [ -61.02921711, 8.51003541 ], [ -61.02642965, 8.50821324 ], [ -61.02432085, 8.5068466 ], [ -61.02184331, 8.5048 ], [ -61.02053871, 8.50423291 ], [ -61.018451, 8.50230579 ], [ -61.01710697, 8.50056328 ], [ -61.01562157, 8.49983247 ], [ -61.01424348, 8.49941875 ], [ -61.01257456, 8.50083845 ], [ -61.01075423, 8.50166089 ], [ -61.00870696, 8.50248212 ], [ -61.00613111, 8.50367125 ], [ -61.00342932, 8.50463371 ], [ -61.00083484, 8.50589501 ], [ -60.99901691, 8.50626534 ], [ -60.99736032, 8.50702517 ], [ -60.99438145, 8.50888113 ], [ -60.99252018, 8.51058003 ], [ -60.98986897, 8.51227484 ], [ -60.98893736, 8.51331866 ], [ -60.98704583, 8.51559602 ], [ -60.98549572, 8.51855298 ], [ -60.98538374, 8.51913093 ], [ -60.98468346, 8.5210799 ], [ -60.98411053, 8.52297534 ], [ -60.98364782, 8.52463625 ], [ -60.98346837, 8.52595507 ], [ -60.98381693, 8.52875925 ], [ -60.98356645, 8.53150603 ], [ -60.98398883, 8.53581114 ], [ -60.9845867, 8.53782111 ], [ -60.98497307, 8.54032713 ], [ -60.98561593, 8.54243675 ], [ -60.98646402, 8.54521633 ], [ -60.98755752, 8.5479701 ], [ -60.98813215, 8.55094719 ], [ -60.98767521, 8.55323187 ], [ -60.98771016, 8.55522083 ], [ -60.98723634, 8.55898791 ], [ -60.98646367, 8.56259078 ], [ -60.98644706, 8.56575462 ], [ -60.9864281, 8.56936142 ], [ -60.98505243, 8.57191242 ], [ -60.98316241, 8.57381902 ], [ -60.98107573, 8.57513699 ], [ -60.97824735, 8.57588151 ], [ -60.97369955, 8.57546895 ], [ -60.96992556, 8.57469888 ], [ -60.96553766, 8.57497404 ], [ -60.96214713, 8.57553471 ], [ -60.95822145, 8.57599307 ], [ -60.95399887, 8.57590748 ], [ -60.95105149, 8.57683196 ], [ -60.94814447, 8.57698826 ], [ -60.9440572, 8.57877448 ], [ -60.94102257, 8.5807108 ], [ -60.93875475, 8.58191002 ], [ -60.93496715, 8.58368861 ], [ -60.93027291, 8.58517307 ], [ -60.92684227, 8.58642916 ], [ -60.92274799, 8.58780827 ], [ -60.91970257, 8.59002459 ], [ -60.91739224, 8.59067207 ], [ -60.91430458, 8.59230955 ], [ -60.91205352, 8.5937436 ], [ -60.90935682, 8.59529279 ], [ -60.90768995, 8.59618772 ], [ -60.90556804, 8.59723378 ], [ -60.90329598, 8.59751976 ], [ -60.89811881, 8.59761809 ], [ -60.89458139, 8.59843943 ], [ -60.89331777, 8.59866753 ], [ -60.89151757, 8.59902832 ], [ -60.89007634, 8.59851421 ], [ -60.88719788, 8.59842613 ], [ -60.88546549, 8.59801888 ], [ -60.88333511, 8.59732021 ], [ -60.88143173, 8.59664079 ], [ -60.87942638, 8.59633152 ], [ -60.87792557, 8.59512098 ], [ -60.87513322, 8.59424693 ], [ -60.87386719, 8.59163668 ], [ -60.87207361, 8.59083131 ], [ -60.86973282, 8.59041167 ], [ -60.86655443, 8.5903941 ], [ -60.86384079, 8.59008074 ], [ -60.86296583, 8.58901833 ], [ -60.86082773, 8.58810254 ], [ -60.85795465, 8.5886922 ], [ -60.85522949, 8.58882175 ], [ -60.85221367, 8.58895859 ], [ -60.85164133, 8.59061858 ], [ -60.85036982, 8.59062955 ], [ -60.84869548, 8.5896169 ], [ -60.84708064, 8.58931868 ], [ -60.8451753, 8.59061863 ], [ -60.84251707, 8.59176074 ], [ -60.84055888, 8.59115324 ], [ -60.83889038, 8.59071911 ], [ -60.83745427, 8.59094603 ], [ -60.83587472, 8.59082874 ], [ -60.83406678, 8.59096319 ], [ -60.83224539, 8.59185685 ], [ -60.83073059, 8.59155 ], [ -60.82983924, 8.59018922 ], [ -60.82105667, 8.59194741 ], [ -60.81743333, 8.5919269 ], [ -60.81508758, 8.59241078 ], [ -60.81243686, 8.59223305 ], [ -60.81048635, 8.59188751 ], [ -60.80867447, 8.59112703 ], [ -60.80701356, 8.59096386 ], [ -60.80621569, 8.5907334 ], [ -60.80482529, 8.59090622 ], [ -60.80338564, 8.59016592 ], [ -60.80240456, 8.59022361 ], [ -60.80051069, 8.59108056 ], [ -60.79933864, 8.59119133 ], [ -60.79813208, 8.59096747 ], [ -60.79671928, 8.59030865 ], [ -60.79567824, 8.58973326 ], [ -60.79251183, 8.58922705 ], [ -60.79128405, 8.58954543 ], [ -60.7893203, 8.58994094 ], [ -60.78843542, 8.58905006 ], [ -60.78662285, 8.58843409 ], [ -60.7837515, 8.58872485 ], [ -60.78147606, 8.58961566 ], [ -60.7799687, 8.589607 ], [ -60.77814726, 8.59050039 ], [ -60.77663905, 8.59063627 ], [ -60.77595726, 8.59075885 ], [ -60.77452215, 8.59081385 ], [ -60.77196895, 8.59106126 ], [ -60.7703727, 8.59227221 ], [ -60.76870213, 8.59221734 ], [ -60.76651896, 8.59283737 ], [ -60.76410809, 8.59359174 ], [ -60.76347143, 8.59376877 ], [ -60.76023715, 8.59400313 ], [ -60.75781519, 8.59509173 ], [ -60.75501515, 8.59562676 ], [ -60.7513866, 8.59650937 ], [ -60.74849907, 8.59800194 ], [ -60.74607743, 8.59903624 ], [ -60.74365927, 8.59947399 ], [ -60.74062737, 8.60081203 ], [ -60.73729847, 8.60169626 ], [ -60.73442086, 8.60303513 ], [ -60.73184567, 8.60392379 ], [ -60.72896535, 8.60571443 ], [ -60.7273018, 8.60600292 ], [ -60.72518422, 8.60628861 ], [ -60.72245191, 8.60762823 ], [ -60.72032612, 8.60926964 ], [ -60.71911841, 8.6092625 ], [ -60.71776174, 8.60835058 ], [ -60.71443669, 8.60857492 ], [ -60.71217642, 8.60690751 ], [ -60.71157363, 8.60596396 ], [ -60.71030042, 8.60476338 ], [ -60.70829045, 8.60376623 ], [ -60.70644411, 8.60273392 ], [ -60.70495992, 8.6018935 ], [ -60.70253721, 8.60158084 ], [ -60.70103164, 8.60128262 ], [ -60.69970082, 8.60059684 ], [ -60.69819727, 8.59996424 ], [ -60.69617743, 8.59910255 ], [ -60.69382808, 8.59718141 ], [ -60.69146289, 8.59637194 ], [ -60.6892789, 8.59563577 ], [ -60.6853572, 8.59394922 ], [ -60.68355661, 8.59288998 ], [ -60.6805448, 8.59091069 ], [ -60.677533, 8.58894034 ], [ -60.67603673, 8.58712369 ], [ -60.67467192, 8.58756736 ], [ -60.67406728, 8.5869672 ], [ -60.67332094, 8.58575165 ], [ -60.67309521, 8.58555149 ], [ -60.67338261, 8.58457711 ], [ -60.67178271, 8.58486568 ], [ -60.67010954, 8.5852623 ], [ -60.66858209, 8.58408719 ], [ -60.66645427, 8.58310725 ], [ -60.66383277, 8.58118436 ], [ -60.65916325, 8.5785984 ], [ -60.65510599, 8.57391025 ], [ -60.65250304, 8.57193319 ], [ -60.64829332, 8.56844608 ], [ -60.64573679, 8.56632471 ], [ -60.64333279, 8.56450255 ], [ -60.64091607, 8.56328581 ], [ -60.63881982, 8.56161912 ], [ -60.63685801, 8.56025144 ], [ -60.636203, 8.55899122 ], [ -60.63453004, 8.55789649 ], [ -60.6325874, 8.5563753 ], [ -60.63108905, 8.55493813 ], [ -60.62958309, 8.55328407 ], [ -60.62837763, 8.55294226 ], [ -60.62618685, 8.55190756 ], [ -60.62135532, 8.55067591 ], [ -60.61788925, 8.54885616 ], [ -60.61518033, 8.54793569 ], [ -60.61408118, 8.5465823 ], [ -60.61235155, 8.5473218 ], [ -60.61110595, 8.54760328 ], [ -60.6100284, 8.54714474 ], [ -60.6088763, 8.54553798 ], [ -60.60654704, 8.544891 ], [ -60.60458392, 8.54523135 ], [ -60.60296956, 8.54495925 ], [ -60.60151906, 8.54461593 ], [ -60.60032411, 8.54406631 ], [ -60.5990573, 8.54338058 ], [ -60.59737907, 8.54317139 ], [ -60.59599465, 8.54243078 ], [ -60.59385737, 8.54158606 ], [ -60.5921212, 8.54192774 ], [ -60.58863266, 8.5408487 ], [ -60.58501228, 8.54051884 ], [ -60.58213254, 8.54080821 ], [ -60.57944696, 8.54197532 ], [ -60.57806199, 8.54278008 ], [ -60.57713338, 8.54318088 ], [ -60.57593358, 8.54197141 ], [ -60.57095149, 8.54164206 ], [ -60.5676308, 8.54131394 ], [ -60.56506067, 8.54145142 ], [ -60.56131957, 8.54157246 ], [ -60.55998872, 8.54099472 ], [ -60.55600122, 8.53988515 ], [ -60.55353621, 8.54063781 ], [ -60.55186865, 8.54017542 ], [ -60.5479905, 8.54044013 ], [ -60.54503874, 8.54063831 ], [ -60.54319696, 8.54046402 ], [ -60.5396831, 8.5405411 ], [ -60.53507221, 8.54039435 ], [ -60.52912538, 8.5390732 ], [ -60.52609845, 8.53826771 ], [ -60.52408228, 8.53698056 ], [ -60.52106619, 8.53590397 ], [ -60.51685276, 8.53467513 ], [ -60.51352709, 8.53375012 ], [ -60.50855318, 8.53221805 ], [ -60.50508822, 8.53038844 ], [ -60.49649202, 8.52751363 ], [ -60.49487838, 8.52716883 ], [ -60.4928613, 8.52745406 ], [ -60.49083247, 8.52813675 ], [ -60.48894507, 8.52802517 ], [ -60.48684845, 8.52935803 ], [ -60.48560705, 8.53040728 ], [ -60.48453607, 8.53175591 ], [ -60.48165777, 8.53324638 ], [ -60.47966614, 8.53241107 ], [ -60.47759298, 8.53154817 ], [ -60.47577283, 8.53086756 ], [ -60.4741611, 8.52885994 ], [ -60.47338695, 8.52924353 ], [ -60.471895, 8.52697465 ], [ -60.46955348, 8.52552256 ], [ -60.46808734, 8.52622695 ], [ -60.46631038, 8.52588095 ], [ -60.46327292, 8.52672867 ], [ -60.46205694, 8.52666644 ], [ -60.46015175, 8.52787399 ], [ -60.4598417, 8.5278163 ], [ -60.45723239, 8.52733073 ], [ -60.45576472, 8.52826999 ], [ -60.45414703, 8.52854849 ], [ -60.45646115, 8.53002761 ], [ -60.45387434, 8.53272162 ], [ -60.45159011, 8.53632124 ], [ -60.45005427, 8.53932034 ], [ -60.44853445, 8.54126217 ], [ -60.44808481, 8.54199123 ], [ -60.44767963, 8.54422958 ], [ -60.44623004, 8.54651527 ], [ -60.44496074, 8.54628102 ], [ -60.44320527, 8.54679357 ], [ -60.44076143, 8.54707556 ], [ -60.43966941, 8.54884861 ], [ -60.4396282, 8.54957121 ], [ -60.43875925, 8.55191499 ], [ -60.43773469, 8.55172744 ], [ -60.43664748, 8.55413298 ], [ -60.43704515, 8.55710856 ], [ -60.43677969, 8.55878767 ], [ -60.43695745, 8.55936715 ], [ -60.43654995, 8.56056626 ], [ -60.43637463, 8.56234524 ], [ -60.43585488, 8.56269425 ], [ -60.43449018, 8.56313703 ], [ -60.43438751, 8.56490746 ], [ -60.43267052, 8.56373039 ], [ -60.43175771, 8.56447432 ], [ -60.43084294, 8.56551644 ], [ -60.43056046, 8.56431277 ], [ -60.42983454, 8.56427177 ], [ -60.42862246, 8.56495952 ], [ -60.4284583, 8.56777781 ], [ -60.42788694, 8.56903906 ], [ -60.42752555, 8.57148555 ], [ -60.42683238, 8.57062244 ], [ -60.42521956, 8.57149729 ], [ -60.4244216, 8.57000999 ], [ -60.42343134, 8.57012084 ], [ -60.42234589, 8.57223714 ], [ -60.4205485, 8.57356256 ], [ -60.4191682, 8.57361658 ], [ -60.41673155, 8.57550697 ], [ -60.41425289, 8.57688192 ], [ -60.41315335, 8.57704632 ], [ -60.41142589, 8.57742321 ], [ -60.40929599, 8.5769029 ], [ -60.40809028, 8.58066291 ], [ -60.40799279, 8.58299364 ], [ -60.40696004, 8.58534511 ], [ -60.4090298, 8.58804277 ], [ -60.41116748, 8.59010839 ], [ -60.41509086, 8.59258356 ], [ -60.41774432, 8.5935592 ], [ -60.41941341, 8.59511561 ], [ -60.41970022, 8.59700609 ], [ -60.41837006, 8.597693 ], [ -60.41715561, 8.598715 ], [ -60.41698131, 8.6003223 ], [ -60.41640579, 8.60084255 ], [ -60.4159971, 8.60221325 ], [ -60.41570783, 8.60335891 ], [ -60.41460731, 8.60364974 ], [ -60.41391945, 8.60467525 ], [ -60.41298952, 8.60524732 ], [ -60.41218302, 8.60501604 ], [ -60.41160285, 8.60622296 ], [ -60.41068125, 8.60690351 ], [ -60.40975401, 8.60707804 ], [ -60.40934753, 8.60810536 ], [ -60.40981182, 8.60925615 ], [ -60.40974871, 8.61052076 ], [ -60.40853698, 8.61114509 ], [ -60.40847511, 8.61222904 ], [ -60.40876458, 8.61372198 ], [ -60.40789769, 8.61435767 ], [ -60.40685403, 8.61429643 ], [ -60.40598683, 8.61497739 ], [ -60.40564007, 8.61790273 ], [ -60.40627452, 8.619398 ], [ -60.40661606, 8.62123464 ], [ -60.4061524, 8.62265923 ], [ -60.40626652, 8.62455764 ], [ -60.40661054, 8.62604192 ], [ -60.40597147, 8.62788095 ], [ -60.40493135, 8.62862388 ], [ -60.40377079, 8.62839017 ], [ -60.40325867, 8.62759146 ], [ -60.40186794, 8.62781704 ], [ -60.40169483, 8.62924364 ], [ -60.40186693, 8.63062726 ], [ -60.40065268, 8.63159496 ], [ -60.4003002, 8.63268595 ], [ -60.40099194, 8.63377496 ], [ -60.40053124, 8.63474777 ], [ -60.39995446, 8.63412039 ], [ -60.39886213, 8.63320028 ], [ -60.39747731, 8.63388673 ], [ -60.39603098, 8.6356028 ], [ -60.39233205, 8.63743001 ], [ -60.38966663, 8.63817096 ], [ -60.38239035, 8.63999177 ], [ -60.38077259, 8.64021571 ], [ -60.3721154, 8.6408341 ], [ -60.36939785, 8.64123115 ], [ -60.36541631, 8.64190854 ], [ -60.36333512, 8.64219245 ], [ -60.36149157, 8.64225204 ], [ -60.35894776, 8.64246942 ], [ -60.35623095, 8.64275794 ], [ -60.35386362, 8.64240725 ], [ -60.35161795, 8.6415424 ], [ -60.34954113, 8.6411937 ], [ -60.34768737, 8.6414248 ], [ -60.34549884, 8.64147296 ], [ -60.34416258, 8.64169859 ], [ -60.34278167, 8.64181549 ], [ -60.34104631, 8.64198422 ], [ -60.34070096, 8.64203604 ], [ -60.33626068, 8.63951134 ], [ -60.33332045, 8.638009 ], [ -60.3308896, 8.63766686 ], [ -60.32818237, 8.63789194 ], [ -60.32512436, 8.63765377 ], [ -60.3222911, 8.63644125 ], [ -60.32067907, 8.63586978 ], [ -60.31894096, 8.63643588 ], [ -60.31322967, 8.63522133 ], [ -60.31091589, 8.63630742 ], [ -60.30884181, 8.63688019 ], [ -60.30618334, 8.63664467 ], [ -60.30352892, 8.63583087 ], [ -60.30087613, 8.63480032 ], [ -60.28424832, 8.63413168 ], [ -60.2811933, 8.63349562 ], [ -60.27790146, 8.63297536 ], [ -60.27397411, 8.63245049 ], [ -60.27068224, 8.63193014 ], [ -60.26740034, 8.6312924 ], [ -60.26427858, 8.6311166 ], [ -60.26029811, 8.63167545 ], [ -60.25694605, 8.63195872 ], [ -60.25423117, 8.63201158 ], [ -60.25163595, 8.6318304 ], [ -60.24511323, 8.62993138 ], [ -60.24148152, 8.62872171 ], [ -60.23761135, 8.62785357 ], [ -60.23385763, 8.62721216 ], [ -60.23051808, 8.62703453 ], [ -60.22779634, 8.62679798 ], [ -60.22439748, 8.62604162 ], [ -60.22203361, 8.62529272 ], [ -60.21937952, 8.62448741 ], [ -60.21152658, 8.62206341 ], [ -60.20818247, 8.62005141 ], [ -60.20582376, 8.61861577 ], [ -60.20293929, 8.61705888 ], [ -60.20057019, 8.61579486 ], [ -60.19861368, 8.6152114 ], [ -60.19629905, 8.6164142 ], [ -60.19341115, 8.61657376 ], [ -60.1878777, 8.61358808 ], [ -60.1849969, 8.61278092 ], [ -60.18205108, 8.61219921 ], [ -60.17922712, 8.61230504 ], [ -60.17575614, 8.61275831 ], [ -60.17015849, 8.61354834 ], [ -60.1668707, 8.61256645 ], [ -60.16214022, 8.60906241 ], [ -60.15920213, 8.60745065 ], [ -60.15597192, 8.60606253 ], [ -60.15343549, 8.60536623 ], [ -60.15026105, 8.60501747 ], [ -60.14732056, 8.60495049 ], [ -60.14414663, 8.6045475 ], [ -60.14166506, 8.60379732 ], [ -60.13964791, 8.60286983 ], [ -60.13676091, 8.60171907 ], [ -60.13486167, 8.6008015 ], [ -60.13323996, 8.60039199 ], [ -60.13174579, 8.59992915 ], [ -60.13029775, 8.59935824 ], [ -60.12903309, 8.59855373 ], [ -60.12770318, 8.59797467 ], [ -60.12297595, 8.59653002 ], [ -60.11956791, 8.59589024 ], [ -60.11628574, 8.595423 ], [ -60.11391801, 8.59525171 ], [ -60.1112085, 8.5946713 ], [ -60.10889697, 8.59426546 ], [ -60.10642134, 8.59396686 ], [ -60.1034758, 8.59459515 ], [ -60.10151181, 8.59505014 ], [ -60.09838959, 8.59503566 ], [ -60.09637378, 8.59394544 ], [ -60.09401315, 8.59285259 ], [ -60.09181896, 8.59255594 ], [ -60.08506409, 8.59162866 ], [ -60.08275967, 8.59150275 ], [ -60.07992792, 8.59149936 ], [ -60.07624011, 8.59068549 ], [ -60.07330005, 8.58941655 ], [ -60.06995427, 8.58780117 ], [ -60.06695552, 8.58590835 ], [ -60.0640213, 8.58388955 ], [ -60.06159961, 8.58250708 ], [ -60.05312343, 8.57653433 ], [ -60.05030822, 8.57439896 ], [ -60.04799925, 8.57371286 ], [ -60.04534236, 8.57341255 ], [ -60.04315721, 8.5719775 ], [ -60.04165844, 8.56979799 ], [ -60.03947041, 8.56755901 ], [ -60.03745864, 8.56599884 ], [ -60.03607885, 8.56370271 ], [ -60.0348736, 8.56112805 ], [ -60.0329679, 8.55877372 ], [ -60.03100926, 8.55739469 ], [ -60.02945908, 8.55600965 ], [ -60.02824735, 8.55428401 ], [ -60.02617856, 8.55307566 ], [ -60.02450584, 8.55227693 ], [ -60.02295376, 8.54997958 ], [ -60.02179744, 8.54813684 ], [ -60.01978178, 8.54710056 ], [ -60.0183433, 8.54652941 ], [ -60.01420066, 8.54245056 ], [ -60.01275331, 8.54187029 ], [ -60.01028046, 8.54129114 ], [ -60.00814687, 8.54025392 ], [ -60.00641183, 8.53932824 ], [ -60.00491932, 8.53755515 ], [ -60.00347904, 8.53606255 ], [ -60.00227208, 8.53490603 ], [ -60.00117435, 8.53370517 ], [ -60.00012087, 8.53265817 ], [ -59.99985077, 8.53238516 ], [ -59.81679319, 8.30139276 ], [ -59.81674684, 8.30038983 ], [ -59.8159779, 8.29904706 ], [ -59.81476525, 8.29762835 ], [ -59.81370669, 8.29621994 ], [ -59.81256543, 8.29494642 ], [ -59.81225949, 8.29352597 ], [ -59.81178979, 8.2910566 ], [ -59.81125599, 8.28978781 ], [ -59.8095893, 8.28845589 ], [ -59.80807202, 8.2865922 ], [ -59.80663208, 8.28413317 ], [ -59.80556695, 8.28241757 ], [ -59.8047909, 8.27971994 ], [ -59.80500542, 8.27785211 ], [ -59.80439249, 8.27627569 ], [ -59.80355106, 8.27493222 ], [ -59.80429936, 8.27433312 ], [ -59.80654921, 8.27304153 ], [ -59.80789289, 8.27168844 ], [ -59.80961384, 8.27077192 ], [ -59.81089234, 8.27076404 ], [ -59.81201413, 8.26993308 ], [ -59.81320435, 8.26849749 ], [ -59.81439986, 8.26752253 ], [ -59.81628651, 8.26742919 ], [ -59.81793554, 8.26756876 ], [ -59.82003289, 8.26605905 ], [ -59.82084949, 8.26485529 ], [ -59.82114136, 8.26350278 ], [ -59.82103763, 8.26174077 ], [ -59.82084273, 8.26117026 ], [ -59.81988988, 8.26128007 ], [ -59.81931344, 8.2608058 ], [ -59.81987793, 8.25937422 ], [ -59.82034034, 8.25823088 ], [ -59.82032769, 8.25642444 ], [ -59.81994085, 8.25491302 ], [ -59.81983283, 8.25367486 ], [ -59.82088155, 8.25404439 ], [ -59.82173996, 8.25328354 ], [ -59.82176036, 8.25299461 ], [ -59.82156243, 8.2528034 ], [ -59.82139263, 8.25249497 ], [ -59.82134043, 8.25221462 ], [ -59.82117919, 8.25197846 ], [ -59.82106406, 8.25163438 ], [ -59.82122023, 8.25138267 ], [ -59.82145709, 8.25124006 ], [ -59.82169418, 8.25107037 ], [ -59.82193163, 8.25085543 ], [ -59.82207064, 8.25047728 ], [ -59.82216427, 8.25009864 ], [ -59.82220775, 8.2491958 ], [ -59.82220576, 8.24831061 ], [ -59.82209944, 8.24800276 ], [ -59.82191165, 8.24767608 ], [ -59.82190564, 8.24729674 ], [ -59.82190925, 8.24684517 ], [ -59.82195117, 8.24613193 ], [ -59.82199034, 8.24577103 ], [ -59.82203172, 8.24513004 ], [ -59.82208141, 8.24458852 ], [ -59.82217433, 8.24430029 ], [ -59.822721, 8.24396136 ], [ -59.82307573, 8.24381968 ], [ -59.82336542, 8.24386715 ], [ -59.82383693, 8.24386183 ], [ -59.8241728, 8.24381032 ], [ -59.82458245, 8.24359676 ], [ -59.82488489, 8.24319277 ], [ -59.82506997, 8.24271556 ], [ -59.82506569, 8.24211942 ], [ -59.82501581, 8.24155002 ], [ -59.82500385, 8.24078215 ], [ -59.82490647, 8.2404834 ], [ -59.82480492, 8.23957936 ], [ -59.82468403, 8.23881971 ], [ -59.8246885, 8.23825976 ], [ -59.82487496, 8.23761095 ], [ -59.8250511, 8.23712464 ], [ -59.82541904, 8.23645919 ], [ -59.82569653, 8.23576596 ], [ -59.82582946, 8.23501733 ], [ -59.93693657, 8.21504793 ], [ -59.93693687, 8.21504801 ], [ -59.93693664, 8.21504793 ], [ -59.9433284, 8.21389808 ], [ -59.9444312, 8.21195541 ], [ -59.94410819, 8.21032705 ], [ -59.94428672, 8.20832308 ], [ -59.94487382, 8.20505764 ], [ -59.94510853, 8.2040026 ], [ -59.9454312, 8.20211713 ], [ -59.94569264, 8.19993317 ], [ -59.94586608, 8.19858852 ], [ -59.94633733, 8.19741785 ], [ -59.94679962, 8.19624709 ], [ -59.94789558, 8.19518951 ], [ -59.94899157, 8.19413192 ], [ -59.95119071, 8.19345302 ], [ -59.95251523, 8.19333648 ], [ -59.95442996, 8.19309808 ], [ -59.95614378, 8.19305684 ], [ -59.95879054, 8.19312195 ], [ -59.9617382, 8.19296345 ], [ -59.96421587, 8.19262082 ], [ -59.96732587, 8.1913705 ], [ -59.96992522, 8.19052291 ], [ -59.97304005, 8.18984163 ], [ -59.97488606, 8.18909673 ], [ -59.97667421, 8.1876106 ], [ -59.97852534, 8.18498678 ], [ -59.97956884, 8.18246527 ], [ -59.9802716, 8.17943545 ], [ -59.98103478, 8.17559297 ], [ -59.98208124, 8.17267406 ], [ -59.98351871, 8.17078777 ], [ -59.9854271, 8.16895925 ], [ -59.98704376, 8.1673634 ], [ -59.9888948, 8.16593184 ], [ -59.99137649, 8.16381842 ], [ -59.99253893, 8.16233657 ], [ -59.99329002, 8.16130331 ], [ -59.99375313, 8.15998785 ], [ -59.99261071, 8.15637514 ], [ -59.99117692, 8.15414224 ], [ -59.98974104, 8.15218951 ], [ -59.98807605, 8.15057825 ], [ -59.98577077, 8.14851054 ], [ -59.98387954, 8.14684345 ], [ -59.98198225, 8.14477879 ], [ -59.98101084, 8.1425494 ], [ -59.98089989, 8.14042576 ], [ -59.981536, 8.13779279 ], [ -59.98304544, 8.1359612 ], [ -59.98506803, 8.1345941 ], [ -59.98714375, 8.13339907 ], [ -59.98915952, 8.13173385 ], [ -59.99083647, 8.13053584 ], [ -59.99268895, 8.12887838 ], [ -59.99395268, 8.1271623 ], [ -59.99500091, 8.12516463 ], [ -59.99662148, 8.1217801 ], [ -59.9969726, 8.11965987 ], [ -59.99738114, 8.11714256 ], [ -59.99779131, 8.11439043 ], [ -59.99832015, 8.11153079 ], [ -59.99901441, 8.10958468 ], [ -60.00000644, 8.10782141 ], [ -60.00104731, 8.10558878 ], [ -60.00099089, 8.10341136 ], [ -60.00036298, 8.10129291 ], [ -60.00020549, 8.09808494 ], [ -60.00061009, 8.0960825 ], [ -60.00089612, 8.09470362 ], [ -60.00101422, 8.0941343 ], [ -60.00114246, 8.09149749 ], [ -60.00103341, 8.08909376 ], [ -60.00097437, 8.08725954 ], [ -60.00144768, 8.08577258 ], [ -60.00231148, 8.08417097 ], [ -60.003818, 8.08268244 ], [ -60.00554901, 8.08148459 ], [ -60.00866324, 8.07953817 ], [ -60.00831682, 8.07856903 ], [ -60.00821294, 8.07668025 ], [ -60.007756, 8.07472574 ], [ -60.00718366, 8.07243604 ], [ -60.00638131, 8.06939499 ], [ -60.00576434, 8.06578614 ], [ -60.00616971, 8.06366627 ], [ -60.00692763, 8.06166634 ], [ -60.00831003, 8.05977939 ], [ -60.01004091, 8.05858154 ], [ -60.01246435, 8.05686482 ], [ -60.01494863, 8.05550073 ], [ -60.01823353, 8.053727 ], [ -60.02111784, 8.05218514 ], [ -60.02343326, 8.05035906 ], [ -60.02527819, 8.04842113 ], [ -60.02650175, 8.04469914 ], [ -60.02690648, 8.04263336 ], [ -60.02783391, 8.04097791 ], [ -60.02979582, 8.0391493 ], [ -60.03164269, 8.03817797 ], [ -60.03424095, 8.03732041 ], [ -60.0357351, 8.0375029 ], [ -60.03866729, 8.03933975 ], [ -60.04108505, 8.03962823 ], [ -60.04356842, 8.03837227 ], [ -60.04460577, 8.03654595 ], [ -60.04559335, 8.03408678 ], [ -60.04686635, 8.0322531 ], [ -60.04830821, 8.03088123 ], [ -60.04986545, 8.02985351 ], [ -60.05200189, 8.02893834 ], [ -60.05448222, 8.02808892 ], [ -60.05684441, 8.02729271 ], [ -60.05914807, 8.02706531 ], [ -60.06168067, 8.02776091 ], [ -60.06347228, 8.02816219 ], [ -60.06593505, 8.03103441 ], [ -60.06743167, 8.03212915 ], [ -60.06973413, 8.03207332 ], [ -60.07164036, 8.03293603 ], [ -60.07404951, 8.03443477 ], [ -60.0762425, 8.03575129 ], [ -60.07894671, 8.03655645 ], [ -60.08062001, 8.03576433 ], [ -60.08223002, 8.03496265 ], [ -60.08413291, 8.03502133 ], [ -60.08505157, 8.03583191 ], [ -60.08591315, 8.0370305 ], [ -60.08666341, 8.03858062 ], [ -60.08769756, 8.03972624 ], [ -60.08924492, 8.04008054 ], [ -60.09046186, 8.0397368 ], [ -60.0913193, 8.04024876 ], [ -60.09293507, 8.03990784 ], [ -60.09403291, 8.039744 ], [ -60.09500692, 8.04042839 ], [ -60.09633672, 8.0395164 ], [ -60.09651084, 8.03797277 ], [ -60.09709325, 8.03636883 ], [ -60.09933801, 8.03551735 ], [ -60.10170555, 8.03523588 ], [ -60.10412682, 8.03506325 ], [ -60.10614434, 8.03558337 ], [ -60.10689557, 8.03444133 ], [ -60.10776112, 8.03381503 ], [ -60.10943165, 8.03341119 ], [ -60.11090273, 8.03135834 ], [ -60.11186658, 8.03001329 ], [ -60.11549014, 8.02514215 ], [ -60.12170898, 8.01594357 ], [ -60.12769553, 8.0075111 ], [ -60.13139004, 8.00279371 ], [ -60.13366355, 8.00039725 ], [ -60.13587034, 7.99845208 ], [ -60.13657907, 7.99819504 ], [ -60.1372163, 7.99779285 ], [ -60.13776372, 7.99727266 ], [ -60.13880447, 7.99617767 ], [ -60.13934297, 7.99563933 ], [ -60.13990841, 7.99513733 ], [ -60.14050078, 7.99466259 ], [ -60.14231385, 7.99329282 ], [ -60.14290623, 7.99282708 ], [ -60.14466527, 7.99139381 ], [ -60.14526662, 7.99093717 ], [ -60.14589502, 7.99050782 ], [ -60.14653216, 7.99010566 ], [ -60.14718746, 7.98971273 ], [ -60.14915288, 7.98857882 ], [ -60.1498259, 7.98824022 ], [ -60.15052586, 7.98793781 ], [ -60.15122558, 7.9876626 ], [ -60.15406957, 7.9866161 ], [ -60.15478731, 7.98635901 ], [ -60.1562048, 7.98582666 ], [ -60.15761334, 7.9852762 ], [ -60.15831324, 7.98498282 ], [ -60.16109487, 7.98377324 ], [ -60.1617768, 7.98345265 ], [ -60.16244992, 7.98309594 ], [ -60.1631051, 7.98271189 ], [ -60.16502558, 7.98151443 ], [ -60.1662822, 7.9806557 ], [ -60.16691933, 7.98026248 ], [ -60.16759238, 7.97991481 ], [ -60.16827435, 7.97958517 ], [ -60.16966517, 7.97898031 ], [ -60.17036498, 7.97868691 ], [ -60.17107378, 7.97841173 ], [ -60.1717736, 7.97812737 ], [ -60.17315545, 7.97750436 ], [ -60.17383746, 7.97717472 ], [ -60.17451043, 7.976827 ], [ -60.1751476, 7.97642477 ], [ -60.17575794, 7.97596814 ], [ -60.17633225, 7.97548417 ], [ -60.17689763, 7.97498208 ], [ -60.17747191, 7.97448906 ], [ -60.17807321, 7.97403238 ], [ -60.1787105, 7.97361217 ], [ -60.17934759, 7.97320992 ], [ -60.17995787, 7.9727623 ], [ -60.18044227, 7.97217836 ], [ -60.18089051, 7.97156707 ], [ -60.18149168, 7.97111938 ], [ -60.18214687, 7.97073534 ], [ -60.18281089, 7.97037843 ], [ -60.18417485, 7.9697101 ], [ -60.18485674, 7.96938952 ], [ -60.18625655, 7.96879364 ], [ -60.18693844, 7.96847305 ], [ -60.18760253, 7.96809806 ], [ -60.18823963, 7.96770485 ], [ -60.18885891, 7.96726631 ], [ -60.18941518, 7.96675508 ], [ -60.18987255, 7.96614383 ], [ -60.19044674, 7.96566888 ], [ -60.1911821, 7.9654751 ], [ -60.19194336, 7.96548025 ], [ -60.19259336, 7.96584607 ], [ -60.19298778, 7.96649023 ], [ -60.19359459, 7.9678767 ], [ -60.19395262, 7.96853864 ], [ -60.19432878, 7.96919169 ], [ -60.19512663, 7.97048002 ], [ -60.19558468, 7.9710795 ], [ -60.19614316, 7.97158922 ], [ -60.19677473, 7.97200904 ], [ -60.19741071, 7.97176942 ], [ -60.19772359, 7.97108493 ], [ -60.19792787, 7.9703544 ], [ -60.198087, 7.96961466 ], [ -60.19819179, 7.96886543 ], [ -60.19819689, 7.96811558 ], [ -60.19815676, 7.96735632 ], [ -60.19817995, 7.96660662 ], [ -60.19828471, 7.96585746 ], [ -60.19845291, 7.9651177 ], [ -60.1986572, 7.96439632 ], [ -60.19888862, 7.96367511 ], [ -60.19922854, 7.96299971 ], [ -60.19975786, 7.96246121 ], [ -60.20035912, 7.96199542 ], [ -60.20099625, 7.96159322 ], [ -60.2016693, 7.96124536 ], [ -60.20237795, 7.9609881 ], [ -60.20310434, 7.96077617 ], [ -60.20382191, 7.96053702 ], [ -60.20450392, 7.96019836 ], [ -60.20513208, 7.95978694 ], [ -60.20571543, 7.95929394 ], [ -60.20620859, 7.95872808 ], [ -60.20657565, 7.95806196 ], [ -60.20698772, 7.95743229 ], [ -60.20746302, 7.95683911 ], [ -60.20799233, 7.95630056 ], [ -60.20867419, 7.95597994 ], [ -60.20942653, 7.95595791 ], [ -60.21017796, 7.95607137 ], [ -60.2109202, 7.95620282 ], [ -60.21167168, 7.95630723 ], [ -60.21242305, 7.9564298 ], [ -60.21316529, 7.95656125 ], [ -60.21391705, 7.95663857 ], [ -60.21469683, 7.95658057 ], [ -60.21544928, 7.95654045 ], [ -60.21592437, 7.95597442 ], [ -60.21618292, 7.95526234 ], [ -60.21626958, 7.95451306 ], [ -60.21593871, 7.95385129 ], [ -60.21535286, 7.95336848 ], [ -60.21482184, 7.95283186 ], [ -60.21445472, 7.95216976 ], [ -60.21433282, 7.95142812 ], [ -60.21469066, 7.95077098 ], [ -60.21520199, 7.95020521 ], [ -60.21574026, 7.94967575 ], [ -60.21630552, 7.94918259 ], [ -60.21685277, 7.94866222 ], [ -60.21731896, 7.94806 ], [ -60.21764079, 7.94737543 ], [ -60.21788123, 7.94666331 ], [ -60.21805839, 7.94592362 ], [ -60.21817213, 7.94518348 ], [ -60.21820442, 7.94442478 ], [ -60.21824573, 7.9436751 ], [ -60.21843186, 7.94294452 ], [ -60.21902391, 7.94250573 ], [ -60.21978537, 7.94246566 ], [ -60.22049983, 7.94268724 ], [ -60.221168, 7.94305315 ], [ -60.22184552, 7.94337394 ], [ -60.22258752, 7.9435415 ], [ -60.2233486, 7.94356465 ], [ -60.22409248, 7.94345219 ], [ -60.2247206, 7.94304075 ], [ -60.22501519, 7.94234704 ], [ -60.22495687, 7.94159668 ], [ -60.22469879, 7.94089022 ], [ -60.22440438, 7.94019259 ], [ -60.22419177, 7.93946829 ], [ -60.22406083, 7.93872659 ], [ -60.22401147, 7.93797628 ], [ -60.22415237, 7.93723637 ], [ -60.22463657, 7.93665234 ], [ -60.22521981, 7.93616832 ], [ -60.22570401, 7.93558429 ], [ -60.22607093, 7.93492715 ], [ -60.22641076, 7.93425173 ], [ -60.22665118, 7.93353959 ], [ -60.22649277, 7.93283382 ], [ -60.22577853, 7.93258505 ], [ -60.22503654, 7.93241752 ], [ -60.22429489, 7.93219578 ], [ -60.22453506, 7.93151966 ], [ -60.2249742, 7.93089918 ], [ -60.22543128, 7.9303059 ], [ -60.22632763, 7.92908313 ], [ -60.2268208, 7.92850809 ], [ -60.22737699, 7.92799687 ], [ -60.22804107, 7.92762178 ], [ -60.22874965, 7.92736445 ], [ -60.22949357, 7.9272429 ], [ -60.23024516, 7.92732921 ], [ -60.23083104, 7.92779392 ], [ -60.23172917, 7.92901057 ], [ -60.23228764, 7.92952026 ], [ -60.23289171, 7.92997604 ], [ -60.23357833, 7.93029687 ], [ -60.23433015, 7.93034703 ], [ -60.23508319, 7.93021653 ], [ -60.23576495, 7.92990477 ], [ -60.23624009, 7.92932067 ], [ -60.23647149, 7.92859939 ], [ -60.23656711, 7.92785004 ], [ -60.23645422, 7.92710845 ], [ -60.2361961, 7.92640193 ], [ -60.2360289, 7.92565997 ], [ -60.2361969, 7.92492926 ], [ -60.23672546, 7.92449003 ], [ -60.23732013, 7.92499993 ], [ -60.23836985, 7.9252237 ], [ -60.23911382, 7.92509313 ], [ -60.23979556, 7.9247814 ], [ -60.24041476, 7.92433371 ], [ -60.24098891, 7.92384961 ], [ -60.24152718, 7.92331103 ], [ -60.24202941, 7.92274514 ], [ -60.24249546, 7.9221519 ], [ -60.24295264, 7.92154959 ], [ -60.24338265, 7.920929 ], [ -60.24376762, 7.92028104 ], [ -60.24421571, 7.9196696 ], [ -60.24472687, 7.91911272 ], [ -60.24580327, 7.91804464 ], [ -60.24691566, 7.91702194 ], [ -60.24748994, 7.91651975 ], [ -60.24857523, 7.91547887 ], [ -60.24922125, 7.91508556 ], [ -60.24997375, 7.9150273 ], [ -60.25072533, 7.91511353 ], [ -60.25147713, 7.91516367 ], [ -60.25223835, 7.91516869 ], [ -60.25299029, 7.91520074 ], [ -60.25374167, 7.9153141 ], [ -60.25450278, 7.91533716 ], [ -60.25523788, 7.91517034 ], [ -60.25591965, 7.91484954 ], [ -60.25652087, 7.91438364 ], [ -60.25691472, 7.91374472 ], [ -60.25718223, 7.91303273 ], [ -60.25725968, 7.91228323 ], [ -60.25756326, 7.91159855 ], [ -60.25802935, 7.91100529 ], [ -60.25858549, 7.91049392 ], [ -60.25918665, 7.91003706 ], [ -60.25982373, 7.90962559 ], [ -60.26117837, 7.90894782 ], [ -60.26181545, 7.90853635 ], [ -60.26301769, 7.90761356 ], [ -60.26363681, 7.90718396 ], [ -60.26492885, 7.90638825 ], [ -60.26558383, 7.90600397 ], [ -60.26691163, 7.90528084 ], [ -60.26750368, 7.90481483 ], [ -60.26791563, 7.90418506 ], [ -60.2682012, 7.90348221 ], [ -60.26846865, 7.9027701 ], [ -60.26869989, 7.90205784 ], [ -60.26914441, 7.90060601 ], [ -60.2694209, 7.89990307 ], [ -60.27008443, 7.89960015 ], [ -60.27083599, 7.89968636 ], [ -60.27158819, 7.89967321 ], [ -60.27217115, 7.89921617 ], [ -60.27263727, 7.89861385 ], [ -60.27307627, 7.89800233 ], [ -60.27358744, 7.89743641 ], [ -60.27425126, 7.89707931 ], [ -60.27496879, 7.89683104 ], [ -60.27567737, 7.89656452 ], [ -60.27639481, 7.89632529 ], [ -60.27709441, 7.89604968 ], [ -60.27774044, 7.89564735 ], [ -60.27832355, 7.89516322 ], [ -60.27942674, 7.89413131 ], [ -60.28000993, 7.89363813 ], [ -60.28121209, 7.8927243 ], [ -60.28184937, 7.89226762 ], [ -60.28307851, 7.89139009 ], [ -60.28368848, 7.89094236 ], [ -60.28428959, 7.89048542 ], [ -60.28542891, 7.8894808 ], [ -60.28605689, 7.8890602 ], [ -60.28677432, 7.88882081 ], [ -60.28750941, 7.88865394 ], [ -60.28821811, 7.88836943 ], [ -60.28886398, 7.88798506 ], [ -60.28947405, 7.88753722 ], [ -60.29004809, 7.88704397 ], [ -60.29070298, 7.88667771 ], [ -60.29145586, 7.88655612 ], [ -60.2921999, 7.88640735 ], [ -60.29285472, 7.88604109 ], [ -60.29345587, 7.88557509 ], [ -60.29397592, 7.8850273 ], [ -60.2943698, 7.8843793 ], [ -60.29458291, 7.88365784 ], [ -60.2946512, 7.88290826 ], [ -60.29454728, 7.88215768 ], [ -60.2941218, 7.88070918 ], [ -60.29387267, 7.87999379 ], [ -60.29382313, 7.87924346 ], [ -60.29387345, 7.87848484 ], [ -60.29423089, 7.87785468 ], [ -60.2950014, 7.87781447 ], [ -60.29574368, 7.87793668 ], [ -60.2964762, 7.87816728 ], [ -60.29722798, 7.87821728 ], [ -60.29775686, 7.87769662 ], [ -60.29823189, 7.87711238 ], [ -60.29885088, 7.87667361 ], [ -60.29958557, 7.87656992 ], [ -60.30029044, 7.87687269 ], [ -60.30093125, 7.87726529 ], [ -60.30157199, 7.87767604 ], [ -60.30218526, 7.87812273 ], [ -60.30278036, 7.87858739 ], [ -60.30340282, 7.87901612 ], [ -60.30409874, 7.87930064 ], [ -60.30484989, 7.87945009 ], [ -60.30560162, 7.87950916 ], [ -60.3063629, 7.87949597 ], [ -60.30710666, 7.87939225 ], [ -60.30789194, 7.87846669 ], [ -60.30838493, 7.87789155 ], [ -60.3088149, 7.87727078 ], [ -60.30923577, 7.87664098 ], [ -60.30967467, 7.87602938 ], [ -60.31016769, 7.87545427 ], [ -60.31070581, 7.87491557 ], [ -60.31169045, 7.87399117 ], [ -60.31217445, 7.87340696 ], [ -60.31266754, 7.87283185 ], [ -60.31310636, 7.87222021 ], [ -60.31335561, 7.87151696 ], [ -60.31336052, 7.87075803 ], [ -60.31353738, 7.87002729 ], [ -60.31384991, 7.86933346 ], [ -60.31440563, 7.86886717 ], [ -60.3151384, 7.86906164 ], [ -60.31583417, 7.86936423 ], [ -60.31656699, 7.8695497 ], [ -60.31731829, 7.86967193 ], [ -60.31806205, 7.86955926 ], [ -60.31870796, 7.86916577 ], [ -60.31930906, 7.86869975 ], [ -60.31992798, 7.86826996 ], [ -60.32121086, 7.86746495 ], [ -60.32182085, 7.86701706 ], [ -60.32236795, 7.86648744 ], [ -60.32268036, 7.86581165 ], [ -60.32255825, 7.86506997 ], [ -60.32224552, 7.86438127 ], [ -60.3217963, 7.86377302 ], [ -60.32128336, 7.86321859 ], [ -60.32069757, 7.8627269 ], [ -60.32071925, 7.8621668 ], [ -60.32146342, 7.86199078 ], [ -60.32220736, 7.86185097 ], [ -60.32294265, 7.86164788 ], [ -60.32357953, 7.86124529 ], [ -60.32411752, 7.86071561 ], [ -60.32462856, 7.8601496 ], [ -60.32512157, 7.85958348 ], [ -60.32556049, 7.85896271 ], [ -60.32610744, 7.85845117 ], [ -60.32681581, 7.85819365 ], [ -60.32830358, 7.85793199 ], [ -60.32902999, 7.85770171 ], [ -60.32970272, 7.85736259 ], [ -60.33009093, 7.85713479 ], [ -60.33035758, 7.8569783 ], [ -60.3322503, 7.8557252 ], [ -60.3328783, 7.85529545 ], [ -60.3334883, 7.85484758 ], [ -60.33406229, 7.85435424 ], [ -60.33452817, 7.85376075 ], [ -60.33493094, 7.85312177 ], [ -60.33544195, 7.85256479 ], [ -60.33617632, 7.85250618 ], [ -60.33687213, 7.85279981 ], [ -60.33749471, 7.85321931 ], [ -60.33805313, 7.85374695 ], [ -60.33876087, 7.85359782 ], [ -60.33937088, 7.85314087 ], [ -60.33994491, 7.85264748 ], [ -60.34050995, 7.85214504 ], [ -60.34104788, 7.85161531 ], [ -60.3416219, 7.85112196 ], [ -60.34226773, 7.85072851 ], [ -60.34300114, 7.85082351 ], [ -60.34368772, 7.85114406 ], [ -60.34440193, 7.85140161 ], [ -60.34514558, 7.85130691 ], [ -60.34582732, 7.85096782 ], [ -60.34643721, 7.8505289 ], [ -60.3470023, 7.85001741 ], [ -60.34749522, 7.84944222 ], [ -60.34797013, 7.84885785 ], [ -60.34849914, 7.84831905 ], [ -60.34908213, 7.84783475 ], [ -60.34970099, 7.84740488 ], [ -60.35036487, 7.84702962 ], [ -60.35108225, 7.84679014 ], [ -60.35182455, 7.84690319 ], [ -60.35254809, 7.84711564 ], [ -60.35329179, 7.84701181 ], [ -60.35395556, 7.84665459 ], [ -60.35456549, 7.84620662 ], [ -60.35514847, 7.84572232 ], [ -60.35571333, 7.8452289 ], [ -60.35619729, 7.84464457 ], [ -60.35664522, 7.84403297 ], [ -60.35721905, 7.84354861 ], [ -60.35788287, 7.84318226 ], [ -60.35857349, 7.84287038 ], [ -60.35997259, 7.84228269 ], [ -60.36065424, 7.8419617 ], [ -60.3613449, 7.84164973 ], [ -60.36202656, 7.84131974 ], [ -60.3626903, 7.84095335 ], [ -60.36331823, 7.84053257 ], [ -60.36452902, 7.83962746 ], [ -60.36512103, 7.83915224 ], [ -60.36579376, 7.8388041 ], [ -60.36653631, 7.83888104 ], [ -60.36727842, 7.8390302 ], [ -60.36796008, 7.8387002 ], [ -60.36908092, 7.83768611 ], [ -60.36973574, 7.83731065 ], [ -60.37116159, 7.83679544 ], [ -60.3725607, 7.83620779 ], [ -60.37324229, 7.83588667 ], [ -60.37392399, 7.8355475 ], [ -60.37659693, 7.83412747 ], [ -60.37729647, 7.83382454 ], [ -60.37799602, 7.83353976 ], [ -60.3786776, 7.83321868 ], [ -60.38003196, 7.83254035 ], [ -60.38069567, 7.83217397 ], [ -60.38134148, 7.83178036 ], [ -60.38200521, 7.8314231 ], [ -60.3827226, 7.83117449 ], [ -60.38348399, 7.83114307 ], [ -60.38499659, 7.83123378 ], [ -60.38637404, 7.83121518 ], [ -60.3913389, 7.8313182 ], [ -60.39393666, 7.83032219 ], [ -60.3966887, 7.82781807 ], [ -60.40018245, 7.82552625 ], [ -60.40398089, 7.8252334 ], [ -60.40735016, 7.82547095 ], [ -60.41081921, 7.82717301 ], [ -60.41386366, 7.82866467 ], [ -60.41702468, 7.82889184 ], [ -60.42103166, 7.82860013 ], [ -60.42792711, 7.83011522 ], [ -60.43234515, 7.83224767 ], [ -60.44011606, 7.83586434 ], [ -60.44663649, 7.83800945 ], [ -60.45211361, 7.83888309 ], [ -60.45652254, 7.83807826 ], [ -60.46085001, 7.837264 ], [ -60.46402072, 7.8359185 ], [ -60.46961918, 7.83321396 ], [ -60.47342669, 7.83145654 ], [ -60.47712866, 7.82916519 ], [ -60.48124699, 7.82844879 ], [ -60.48556222, 7.82815821 ], [ -60.4907216, 7.82913782 ], [ -60.49598732, 7.83053376 ], [ -60.49973998, 7.83036617 ], [ -60.50513197, 7.82882562 ], [ -60.50840542, 7.82694723 ], [ -60.51326583, 7.82487926 ], [ -60.51622489, 7.82405616 ], [ -60.51939308, 7.82312585 ], [ -60.52486878, 7.82273322 ], [ -60.53026997, 7.81961083 ], [ -60.53365698, 7.81690135 ], [ -60.53535473, 7.81480554 ], [ -60.53610351, 7.81228854 ], [ -60.53612503, 7.80861046 ], [ -60.53574428, 7.80245376 ], [ -60.53545908, 7.79698454 ], [ -60.53600986, 7.79267684 ], [ -60.53739832, 7.78921461 ], [ -60.53932078, 7.78585477 ], [ -60.54175906, 7.78261545 ], [ -60.54526661, 7.7778007 ], [ -60.5499326, 7.77320046 ], [ -60.55459665, 7.76891646 ], [ -60.55840646, 7.7650432 ], [ -60.56156604, 7.76236813 ], [ -60.56358176, 7.760066 ], [ -60.56412847, 7.75639087 ], [ -60.56403608, 7.75355255 ], [ -60.56449207, 7.7482953 ], [ -60.56482009, 7.74640827 ], [ -60.56535638, 7.74452253 ], [ -60.5668453, 7.74242526 ], [ -60.56863858, 7.74096234 ], [ -60.57487193, 7.7378437 ], [ -60.57900079, 7.73513777 ], [ -60.58101748, 7.73261861 ], [ -60.58019472, 7.72914343 ], [ -60.57852094, 7.72713669 ], [ -60.57653391, 7.72445032 ], [ -60.57349456, 7.72201093 ], [ -60.57045872, 7.71894799 ], [ -60.56836223, 7.71641457 ], [ -60.56785063, 7.71398966 ], [ -60.56744641, 7.7102006 ], [ -60.5686228, 7.70726098 ], [ -60.5694743, 7.70569324 ], [ -60.57160193, 7.70275909 ], [ -60.57393733, 7.69993444 ], [ -60.57543256, 7.69668034 ], [ -60.57607192, 7.6941624 ], [ -60.57673236, 7.6895388 ], [ -60.57695498, 7.68701862 ], [ -60.57792046, 7.68450253 ], [ -60.58110286, 7.68084211 ], [ -60.58523591, 7.6772864 ], [ -60.58863065, 7.67289504 ], [ -60.58865493, 7.66858419 ], [ -60.58758759, 7.66668022 ], [ -60.58737153, 7.66644408 ], [ -60.58689414, 7.66596241 ], [ -60.58621835, 7.66531687 ], [ -60.58588581, 7.6648451 ], [ -60.58587049, 7.66433892 ], [ -60.58601814, 7.66386977 ], [ -60.58618431, 7.66331036 ], [ -60.58662361, 7.66251747 ], [ -60.58710784, 7.66179718 ], [ -60.58775531, 7.66102352 ], [ -60.58873953, 7.65998062 ], [ -60.58953217, 7.6591898 ], [ -60.59003471, 7.65841531 ], [ -60.59041058, 7.65762211 ], [ -60.5905776, 7.65691807 ], [ -60.5905874, 7.65517385 ], [ -60.59041011, 7.65448602 ], [ -60.59012713, 7.65324618 ], [ -60.59006842, 7.6524054 ], [ -60.59015534, 7.65145691 ], [ -60.59016393, 7.64992051 ], [ -60.59002252, 7.64929615 ], [ -60.58956403, 7.64866998 ], [ -60.5889903, 7.64760033 ], [ -60.5886586, 7.64697489 ], [ -60.58859866, 7.6463599 ], [ -60.58874879, 7.64542992 ], [ -60.58907166, 7.64440143 ], [ -60.58944748, 7.64360815 ], [ -60.58957973, 7.64263278 ], [ -60.58955609, 7.64200905 ], [ -60.58934973, 7.64164646 ], [ -60.58880041, 7.64107392 ], [ -60.58695215, 7.63950912 ], [ -60.58621356, 7.63876393 ], [ -60.5860284, 7.63786815 ], [ -60.58607712, 7.63725386 ], [ -60.58632542, 7.63658647 ], [ -60.58674484, 7.63610979 ], [ -60.58714551, 7.6357234 ], [ -60.58760012, 7.63542772 ], [ -60.58820789, 7.63527743 ], [ -60.59010134, 7.63523377 ], [ -60.59121476, 7.63535751 ], [ -60.59204709, 7.63555193 ], [ -60.59295966, 7.63596373 ], [ -60.59360027, 7.63641919 ], [ -60.59404165, 7.63686442 ], [ -60.59421996, 7.63737152 ], [ -60.5945868, 7.63818704 ], [ -60.59502396, 7.63940051 ], [ -60.59561544, 7.64053349 ], [ -60.5962367, 7.64121487 ], [ -60.59692197, 7.64177903 ], [ -60.59748176, 7.64211648 ], [ -60.59843135, 7.64239292 ], [ -60.59903805, 7.64243246 ], [ -60.59963702, 7.64222795 ], [ -60.60040745, 7.64215081 ], [ -60.60125882, 7.64217362 ], [ -60.60196465, 7.64231314 ], [ -60.60279661, 7.64257077 ], [ -60.60358241, 7.64298186 ], [ -60.60418617, 7.64355461 ], [ -60.6050604, 7.64435474 ], [ -60.60652983, 7.64562823 ], [ -60.60734216, 7.64615696 ], [ -60.60856481, 7.64621795 ], [ -60.60954221, 7.64637698 ], [ -60.61079139, 7.64654663 ], [ -60.61205977, 7.64652653 ], [ -60.61332944, 7.64626236 ], [ -60.61449057, 7.64597955 ], [ -60.61548861, 7.64569589 ], [ -60.61601609, 7.64532822 ], [ -60.61666334, 7.64459069 ], [ -60.61764742, 7.64354773 ], [ -60.61895993, 7.64209982 ], [ -60.61988127, 7.64093902 ], [ -60.62070174, 7.64000359 ], [ -60.62135057, 7.6389768 ], [ -60.62208188, 7.6377788 ], [ -60.62250311, 7.63696765 ], [ -60.62289706, 7.63615647 ], [ -60.62336455, 7.63516483 ], [ -60.62364144, 7.63423545 ], [ -60.62376431, 7.63330516 ], [ -60.62376873, 7.63250085 ], [ -60.62354667, 7.62842346 ], [ -60.62369653, 7.62752949 ], [ -60.62384634, 7.62665372 ], [ -60.62389493, 7.62604843 ], [ -60.62350009, 7.62536837 ], [ -60.62318527, 7.62496903 ], [ -60.62287856, 7.62474135 ], [ -60.6223548, 7.62444026 ], [ -60.62192106, 7.624248 ], [ -60.62138037, 7.62373892 ], [ -60.6207673, 7.62321136 ], [ -60.62010003, 7.62265637 ], [ -60.61933251, 7.62222735 ], [ -60.61862868, 7.62173543 ], [ -60.61819568, 7.62140773 ], [ -60.61784495, 7.62095389 ], [ -60.61757563, 7.62050954 ], [ -60.61756062, 7.61994008 ], [ -60.61762621, 7.61955176 ], [ -60.61785447, 7.6192277 ], [ -60.61820944, 7.61891329 ], [ -60.61864657, 7.6184909 ], [ -60.6193199, 7.61795232 ], [ -60.62000202, 7.61744993 ], [ -60.62054799, 7.61700103 ], [ -60.62088588, 7.61650586 ], [ -60.62096977, 7.61607249 ], [ -60.62095374, 7.61568376 ], [ -60.62105531, 7.61533181 ], [ -60.62103959, 7.61490698 ], [ -60.62116933, 7.61438349 ], [ -60.62129012, 7.61382373 ], [ -60.62162795, 7.61333761 ], [ -60.62198276, 7.61305029 ], [ -60.62249962, 7.61296278 ], [ -60.62339588, 7.61304903 ], [ -60.62403857, 7.61312484 ], [ -60.62472692, 7.61314666 ], [ -60.6250808, 7.61303114 ], [ -60.62541848, 7.61257203 ], [ -60.62566628, 7.61198594 ], [ -60.62586025, 7.61130915 ], [ -60.62581916, 7.61053161 ], [ -60.62595063, 7.60969187 ], [ -60.62614587, 7.60878005 ], [ -60.62610545, 7.60788505 ], [ -60.62623674, 7.60707241 ], [ -60.6265935, 7.60645064 ], [ -60.62703021, 7.60608255 ], [ -60.62759398, 7.60569697 ], [ -60.62836602, 7.60531251 ], [ -60.6292545, 7.60516375 ], [ -60.63013386, 7.60503302 ], [ -60.63162838, 7.60504115 ], [ -60.63249881, 7.60489221 ], [ -60.63346037, 7.60462633 ], [ -60.63408703, 7.60433145 ], [ -60.6350669, 7.60402957 ], [ -60.63600095, 7.60383574 ], [ -60.63689932, 7.60353342 ], [ -60.63760753, 7.60322992 ], [ -60.63806343, 7.60269012 ], [ -60.6382099, 7.60240174 ], [ -60.63833841, 7.60209511 ], [ -60.63811442, 7.60164196 ], [ -60.63761908, 7.60111508 ], [ -60.63720426, 7.60077845 ], [ -60.63687134, 7.6003699 ], [ -60.63695557, 7.5998823 ], [ -60.63739289, 7.59940566 ], [ -60.63803899, 7.59885787 ], [ -60.638812, 7.5983017 ], [ -60.63946669, 7.59783527 ], [ -60.64000428, 7.59725976 ], [ -60.64042428, 7.59663843 ], [ -60.6405917, 7.59584392 ], [ -60.64062164, 7.59533797 ], [ -60.64050424, 7.59360203 ], [ -60.64019981, 7.59295867 ], [ -60.63976022, 7.59217896 ], [ -60.63916777, 7.5911906 ], [ -60.63862846, 7.59042852 ], [ -60.63821524, 7.58980266 ], [ -60.63805515, 7.58925949 ], [ -60.63801383, 7.58853617 ], [ -60.63791994, 7.58748724 ], [ -60.63748138, 7.58651786 ], [ -60.63707723, 7.58589194 ], [ -60.63651957, 7.58516589 ], [ -60.63596187, 7.58446698 ], [ -60.63571162, 7.58384192 ], [ -60.6357327, 7.58329975 ], [ -60.63592628, 7.58267717 ], [ -60.636265, 7.58201927 ], [ -60.63670325, 7.58137995 ], [ -60.63743193, 7.58064274 ], [ -60.63864222, 7.57960089 ], [ -60.63964224, 7.57892847 ], [ -60.64044181, 7.57846281 ], [ -60.64124845, 7.57836778 ], [ -60.64189134, 7.57840739 ], [ -60.64257985, 7.57837496 ], [ -60.64305996, 7.57835951 ], [ -60.64358642, 7.57816353 ], [ -60.64410559, 7.57762405 ], [ -60.64452657, 7.57682191 ], [ -60.64483911, 7.57599213 ], [ -60.64501604, 7.57509828 ], [ -60.64534555, 7.57445837 ], [ -60.64616463, 7.57373968 ], [ -60.6470555, 7.57314799 ], [ -60.64788992, 7.57293563 ], [ -60.64916197, 7.57220129 ], [ -60.65064274, 7.5713778 ], [ -60.65176985, 7.57064268 ], [ -60.65362467, 7.56933315 ], [ -60.65516826, 7.56861833 ], [ -60.6562116, 7.56829861 ], [ -60.65695472, 7.56822127 ], [ -60.65744327, 7.56833236 ], [ -60.6579578, 7.56865139 ], [ -60.65827332, 7.56892428 ], [ -60.6589148, 7.56921699 ], [ -60.65933122, 7.56927347 ], [ -60.66008279, 7.56930459 ], [ -60.66040787, 7.56947804 ], [ -60.66064136, 7.56984988 ], [ -60.66083633, 7.57064626 ], [ -60.66086036, 7.57123386 ], [ -60.6610388, 7.57173191 ], [ -60.66151565, 7.57234004 ], [ -60.66218339, 7.57279553 ], [ -60.66292402, 7.57318818 ], [ -60.66354852, 7.57328189 ], [ -60.66438236, 7.57316888 ], [ -60.66563287, 7.57306716 ], [ -60.66719222, 7.57279526 ], [ -60.66846151, 7.57257612 ], [ -60.66979389, 7.57240243 ], [ -60.67037384, 7.5723513 ], [ -60.67079162, 7.57213667 ], [ -60.67110236, 7.57163216 ], [ -60.67129513, 7.57114512 ], [ -60.67117076, 7.5706835 ], [ -60.67125487, 7.57021394 ], [ -60.67146577, 7.56972699 ], [ -60.67180391, 7.56916844 ], [ -60.67236884, 7.56852975 ], [ -60.67309639, 7.56799134 ], [ -60.67372205, 7.56785913 ], [ -60.6742013, 7.5680153 ], [ -60.67440871, 7.56818809 ], [ -60.67463297, 7.56857796 ], [ -60.67490283, 7.56893192 ], [ -60.67531805, 7.56920526 ], [ -60.67589628, 7.56947953 ], [ -60.67634836, 7.5696175 ], [ -60.67688984, 7.56999095 ], [ -60.67751339, 7.57026538 ], [ -60.67846249, 7.57062296 ], [ -60.67951966, 7.57109862 ], [ -60.6802052, 7.5716265 ], [ -60.68076348, 7.57225309 ], [ -60.68106789, 7.57291448 ], [ -60.68144374, 7.57376614 ], [ -60.6817919, 7.57472608 ], [ -60.68207528, 7.57592965 ], [ -60.68234377, 7.57653662 ], [ -60.68269507, 7.5769091 ], [ -60.68301892, 7.57731758 ], [ -60.68314388, 7.57767066 ], [ -60.68339555, 7.57804262 ], [ -60.68357421, 7.57850452 ], [ -60.68369551, 7.57953558 ], [ -60.68386356, 7.58029566 ], [ -60.68412336, 7.58083932 ], [ -60.68450113, 7.58132944 ], [ -60.68511525, 7.58166715 ], [ -60.68588481, 7.58174352 ], [ -60.68679991, 7.58169417 ], [ -60.68755263, 7.58151742 ], [ -60.68813406, 7.5811951 ], [ -60.68884306, 7.58072885 ], [ -60.68967908, 7.58022713 ], [ -60.69005355, 7.57965067 ], [ -60.69016605, 7.57892823 ], [ -60.69023444, 7.57799762 ], [ -60.69002902, 7.57745422 ], [ -60.68967895, 7.57684679 ], [ -60.68936526, 7.57622142 ], [ -60.68885202, 7.57564022 ], [ -60.68843895, 7.57496922 ], [ -60.68817065, 7.57432607 ], [ -60.68802037, 7.5736384 ], [ -60.68783946, 7.57189297 ], [ -60.68763923, 7.57037344 ], [ -60.68748352, 7.5689898 ], [ -60.68748922, 7.56792327 ], [ -60.6875759, 7.56694756 ], [ -60.68774407, 7.56598133 ], [ -60.68776752, 7.56498724 ], [ -60.68752973, 7.56372064 ], [ -60.68742406, 7.56314162 ], [ -60.68703839, 7.5624345 ], [ -60.68668843, 7.56180901 ], [ -60.68625646, 7.56130059 ], [ -60.68613232, 7.56079375 ], [ -60.68627875, 7.56050536 ], [ -60.68661487, 7.56031727 ], [ -60.68700516, 7.56015667 ], [ -60.68785621, 7.56023349 ], [ -60.68848138, 7.56019159 ], [ -60.68898076, 7.55996833 ], [ -60.68946326, 7.55950088 ], [ -60.69015231, 7.55936898 ], [ -60.69073063, 7.55962507 ], [ -60.69153414, 7.56011739 ], [ -60.69300553, 7.56105615 ], [ -60.69402396, 7.56201058 ], [ -60.69466061, 7.56322508 ], [ -60.69502864, 7.56385066 ], [ -60.69563415, 7.56410689 ], [ -60.69754511, 7.56413513 ], [ -60.69854292, 7.5638692 ], [ -60.6994602, 7.56340402 ], [ -60.70214802, 7.56211668 ], [ -60.70390084, 7.56123107 ], [ -60.70483791, 7.56044058 ], [ -60.70536788, 7.55956667 ], [ -60.70580729, 7.55869221 ], [ -60.70636381, 7.5579269 ], [ -60.70728216, 7.55725377 ], [ -60.70811892, 7.55659837 ], [ -60.70860172, 7.55607665 ], [ -60.70878591, 7.55549013 ], [ -60.70878931, 7.55484844 ], [ -60.70887558, 7.55393596 ], [ -60.70890649, 7.55323115 ], [ -60.70900979, 7.55253564 ], [ -60.70915742, 7.55203025 ], [ -60.70962233, 7.55145424 ], [ -60.70993417, 7.55071475 ], [ -60.71004583, 7.5501459 ], [ -60.70990593, 7.5491961 ], [ -60.70976368, 7.54868921 ], [ -60.70957728, 7.54796517 ], [ -60.70947185, 7.54735001 ], [ -60.70956519, 7.54682625 ], [ -60.70968776, 7.54590496 ], [ -60.70999204, 7.54487615 ], [ -60.71059384, 7.54411999 ], [ -60.71122121, 7.54365336 ], [ -60.71178346, 7.54352065 ], [ -60.7124532, 7.54362355 ], [ -60.71324014, 7.54381754 ], [ -60.71389948, 7.54415535 ], [ -60.71466766, 7.5444848 ], [ -60.71548236, 7.54457039 ], [ -60.71609914, 7.5444019 ], [ -60.71637217, 7.54415019 ], [ -60.7167094, 7.54374528 ], [ -60.71702104, 7.54304184 ], [ -60.71790323, 7.54235048 ], [ -60.71877616, 7.54169525 ], [ -60.71903166, 7.54134403 ], [ -60.71898866, 7.54089188 ], [ -60.71884573, 7.54052061 ], [ -60.71834907, 7.54022876 ], [ -60.71774395, 7.53990017 ], [ -60.71729452, 7.53925609 ], [ -60.71667359, 7.5384756 ], [ -60.71555391, 7.53782793 ], [ -60.71468553, 7.53762458 ], [ -60.71258429, 7.53761362 ], [ -60.71181511, 7.53749212 ], [ -60.71098418, 7.53704487 ], [ -60.71030811, 7.53643575 ], [ -60.70975074, 7.53563742 ], [ -60.7093754, 7.53467742 ], [ -60.70910786, 7.5338806 ], [ -60.7089936, 7.5332202 ], [ -60.70896919, 7.53269583 ], [ -60.70920714, 7.53222705 ], [ -60.70968076, 7.53172337 ], [ -60.7106096, 7.53076107 ], [ -60.71136668, 7.52973465 ], [ -60.71151571, 7.52895816 ], [ -60.71141096, 7.52819829 ], [ -60.71120673, 7.52741996 ], [ -60.71075741, 7.52675782 ], [ -60.71026081, 7.52645691 ], [ -60.70952759, 7.52638077 ], [ -60.70867661, 7.5263131 ], [ -60.70826092, 7.52613913 ], [ -60.70762036, 7.52566585 ], [ -60.70662888, 7.52476584 ], [ -60.70588176, 7.5238761 ], [ -60.70524358, 7.52295083 ], [ -60.70492145, 7.52221703 ], [ -60.70479811, 7.52155662 ], [ -60.70475637, 7.52088748 ], [ -60.70496893, 7.52007518 ], [ -60.7055535, 7.51912915 ], [ -60.7060561, 7.51828222 ], [ -60.70666563, 7.51776115 ], [ -60.70771013, 7.51717903 ], [ -60.70812034, 7.51667501 ], [ -60.7081887, 7.51572636 ], [ -60.70798367, 7.51510156 ], [ -60.7075789, 7.51457524 ], [ -60.70691259, 7.51383063 ], [ -60.70619137, 7.51320321 ], [ -60.70558614, 7.51291078 ], [ -60.70486279, 7.51269012 ], [ -60.70401328, 7.51233313 ], [ -60.70345408, 7.51190538 ], [ -60.70275072, 7.51132323 ], [ -60.70241837, 7.51079729 ], [ -60.70232138, 7.51029062 ], [ -60.70234234, 7.50975744 ], [ -60.7024922, 7.50880925 ], [ -60.70259641, 7.50793303 ], [ -60.7026011, 7.5070382 ], [ -60.7025068, 7.50602539 ], [ -60.70228437, 7.50526504 ], [ -60.70209851, 7.50445054 ], [ -60.70206902, 7.50316695 ], [ -60.70225426, 7.50237248 ], [ -60.7024297, 7.50173168 ], [ -60.7028054, 7.50089313 ], [ -60.70324374, 7.50019939 ], [ -60.70350014, 7.49965843 ], [ -60.70350322, 7.49907092 ], [ -60.70346017, 7.49864586 ], [ -60.70331865, 7.49800344 ], [ -60.70305123, 7.49718859 ], [ -60.70249467, 7.49624568 ], [ -60.70200056, 7.4954838 ], [ -60.70080316, 7.49413991 ], [ -60.70005944, 7.49262658 ], [ -60.69944082, 7.49143028 ], [ -60.69841654, 7.48988838 ], [ -60.69750669, 7.48897071 ], [ -60.69659561, 7.48828808 ], [ -60.69603637, 7.48786031 ], [ -60.69547826, 7.48721571 ], [ -60.69508272, 7.48666229 ], [ -60.69495845, 7.48618261 ], [ -60.69493003, 7.48470011 ], [ -60.69501566, 7.48390511 ], [ -60.69512881, 7.4830471 ], [ -60.69510535, 7.48235106 ], [ -60.69489947, 7.48187995 ], [ -60.69443113, 7.48140752 ], [ -60.69302508, 7.48013472 ], [ -60.69248521, 7.47947211 ], [ -60.6920263, 7.47890931 ], [ -60.69153284, 7.47802999 ], [ -60.69095595, 7.4775208 ], [ -60.69031352, 7.47741805 ], [ -60.68909111, 7.47739354 ], [ -60.68784127, 7.47742316 ], [ -60.68708855, 7.4776362 ], [ -60.68650766, 7.47788618 ], [ -60.68571729, 7.47837014 ], [ -60.68517164, 7.47881016 ], [ -60.68463593, 7.47907846 ], [ -60.6839024, 7.47907461 ], [ -60.68334172, 7.4789361 ], [ -60.68297206, 7.4786269 ], [ -60.68263905, 7.47823648 ], [ -60.68239759, 7.47764772 ], [ -60.68212969, 7.47693223 ], [ -60.68186131, 7.47630718 ], [ -60.68128466, 7.47576184 ], [ -60.68070678, 7.47544253 ], [ -60.68005663, 7.47509564 ], [ -60.67923622, 7.4744044 ], [ -60.67875882, 7.47391385 ], [ -60.67836354, 7.47332427 ], [ -60.67787161, 7.47215566 ], [ -60.67713094, 7.47009099 ], [ -60.67676273, 7.46951063 ], [ -60.6759332, 7.46882839 ], [ -60.67535514, 7.46854521 ], [ -60.67474892, 7.46845157 ], [ -60.67410589, 7.46846626 ], [ -60.67346318, 7.46842673 ], [ -60.67199014, 7.46784955 ], [ -60.67106046, 7.46728427 ], [ -60.67016738, 7.46663786 ], [ -60.66911351, 7.46558385 ], [ -60.66708476, 7.46393722 ], [ -60.66543233, 7.46305177 ], [ -60.66424903, 7.46250323 ], [ -60.66218826, 7.46177833 ], [ -60.66103129, 7.46138354 ], [ -60.65889701, 7.46086612 ], [ -60.65777651, 7.46041728 ], [ -60.65681903, 7.45997845 ], [ -60.65582715, 7.45919586 ], [ -60.65504365, 7.4583783 ], [ -60.65434148, 7.45759725 ], [ -60.65378363, 7.45693454 ], [ -60.65290997, 7.45605315 ], [ -60.65183523, 7.45552324 ], [ -60.65092204, 7.45526535 ], [ -60.65000753, 7.45526052 ], [ -60.64872144, 7.4553079 ], [ -60.64764331, 7.45541962 ], [ -60.64682875, 7.45534303 ], [ -60.6460785, 7.45510398 ], [ -60.64567282, 7.45476746 ], [ -60.64511375, 7.45432162 ], [ -60.64468122, 7.45392161 ], [ -60.64265413, 7.4520038 ], [ -60.64167955, 7.45137491 ], [ -60.64062202, 7.4510259 ], [ -60.63991773, 7.45065156 ], [ -60.63927704, 7.45024138 ], [ -60.63888059, 7.4498688 ], [ -60.63867538, 7.44929818 ], [ -60.63839106, 7.44829351 ], [ -60.63804683, 7.44661955 ], [ -60.63760269, 7.44501744 ], [ -60.63722775, 7.44402125 ], [ -60.63706928, 7.44317087 ], [ -60.6369778, 7.44165194 ], [ -60.6368406, 7.44022317 ], [ -60.63657648, 7.4388209 ], [ -60.63614753, 7.43775213 ], [ -60.63604504, 7.43660364 ], [ -60.63634184, 7.43527669 ], [ -60.63658224, 7.434347 ], [ -60.63710284, 7.43350024 ], [ -60.63775027, 7.43264505 ], [ -60.63881581, 7.43150287 ], [ -60.63998978, 7.43037933 ], [ -60.64071851, 7.42956975 ], [ -60.64084896, 7.42886548 ], [ -60.64087217, 7.42791657 ], [ -60.64074874, 7.4272923 ], [ -60.64050768, 7.42664935 ], [ -60.64023017, 7.42606029 ], [ -60.63937124, 7.42413068 ], [ -60.63908804, 7.42289088 ], [ -60.63900215, 7.42203187 ], [ -60.63911471, 7.42129128 ], [ -60.63939015, 7.42057873 ], [ -60.63972952, 7.41975802 ], [ -60.63991317, 7.41927103 ], [ -60.63983309, 7.41901749 ], [ -60.63956266, 7.41879015 ], [ -60.63917418, 7.41862534 ], [ -60.63863094, 7.41862243 ], [ -60.63786118, 7.41864545 ], [ -60.6371553, 7.41859653 ], [ -60.63661325, 7.41835868 ], [ -60.63619863, 7.41801302 ], [ -60.63547777, 7.4173675 ], [ -60.63435922, 7.41658432 ], [ -60.63301395, 7.41587213 ], [ -60.63131646, 7.41498643 ], [ -60.62963693, 7.41414596 ], [ -60.62811077, 7.41339672 ], [ -60.62697366, 7.41271273 ], [ -60.62593676, 7.41190288 ], [ -60.62517154, 7.41108532 ], [ -60.62451526, 7.41022328 ], [ -60.62399466, 7.40937086 ], [ -60.62360978, 7.4085463 ], [ -60.62326202, 7.40754123 ], [ -60.62309398, 7.40679924 ], [ -60.6227898, 7.4061198 ], [ -60.62229604, 7.40533079 ], [ -60.62159284, 7.40478476 ], [ -60.62082427, 7.40459087 ], [ -60.62019988, 7.40452431 ], [ -60.61955685, 7.40456603 ], [ -60.6188326, 7.40456217 ], [ -60.61804559, 7.40444049 ], [ -60.61752178, 7.4041846 ], [ -60.61699188, 7.40338646 ], [ -60.6164534, 7.40250683 ], [ -60.61562549, 7.40157149 ], [ -60.61490552, 7.40076328 ], [ -60.61420379, 7.399928 ], [ -60.61358355, 7.39910227 ], [ -60.61265387, 7.39857309 ], [ -60.61182116, 7.39853249 ], [ -60.61111407, 7.39870037 ], [ -60.61036087, 7.39903071 ], [ -60.60963477, 7.39936126 ], [ -60.60880142, 7.39944716 ], [ -60.60809625, 7.39925359 ], [ -60.60739166, 7.39896057 ], [ -60.60679746, 7.39833377 ], [ -60.60623989, 7.3976439 ], [ -60.60594342, 7.39721752 ], [ -60.60589992, 7.39689189 ], [ -60.60607449, 7.3964139 ], [ -60.60646557, 7.39608155 ], [ -60.60726447, 7.39567911 ], [ -60.60850682, 7.39529712 ], [ -60.60961364, 7.39487833 ], [ -60.61027691, 7.39442997 ], [ -60.61059684, 7.39387136 ], [ -60.61063693, 7.39314847 ], [ -60.61041538, 7.39225257 ], [ -60.60984097, 7.39131858 ], [ -60.6093664, 7.39033991 ], [ -60.60918107, 7.38944413 ], [ -60.60879849, 7.38820391 ], [ -60.60869554, 7.38714591 ], [ -60.60884419, 7.38643272 ], [ -60.60891042, 7.38590889 ], [ -60.60881374, 7.38536608 ], [ -60.60838233, 7.38477623 ], [ -60.60784084, 7.38445706 ], [ -60.60721919, 7.38388435 ], [ -60.60624719, 7.38283074 ], [ -60.60556506, 7.38171541 ], [ -60.60526122, 7.38098164 ], [ -60.60531063, 7.38020468 ], [ -60.60558063, 7.3788233 ], [ -60.60596618, 7.37783119 ], [ -60.60627873, 7.37695623 ], [ -60.60697192, 7.37599284 ], [ -60.6078917, 7.37498552 ], [ -60.60889237, 7.37407799 ], [ -60.6095837, 7.37347616 ], [ -60.60976796, 7.37287162 ], [ -60.60975342, 7.37221178 ], [ -60.60952991, 7.37168638 ], [ -60.60927909, 7.37117891 ], [ -60.60876558, 7.37071521 ], [ -60.60839525, 7.37055963 ], [ -60.60760095, 7.37012155 ], [ -60.60700699, 7.36945853 ], [ -60.60655048, 7.3684891 ], [ -60.60623004, 7.36747511 ], [ -60.60563081, 7.36610715 ], [ -60.60476872, 7.36480109 ], [ -60.60403942, 7.36405604 ], [ -60.60296597, 7.36335439 ], [ -60.60213725, 7.36257266 ], [ -60.6015164, 7.36186438 ], [ -60.60083294, 7.36102027 ], [ -60.59942677, 7.35988291 ], [ -60.59810019, 7.35911667 ], [ -60.59700692, 7.35872213 ], [ -60.5957154, 7.35815489 ], [ -60.59453408, 7.35730806 ], [ -60.5937776, 7.3565809 ], [ -60.59315722, 7.35578231 ], [ -60.59234659, 7.35501872 ], [ -60.59150018, 7.35418275 ], [ -60.59094397, 7.35324883 ], [ -60.59064355, 7.35188243 ], [ -60.5906233, 7.35059901 ], [ -60.59090086, 7.34948884 ], [ -60.5913403, 7.34857835 ], [ -60.59211521, 7.34755217 ], [ -60.59294396, 7.34663472 ], [ -60.59451863, 7.34503442 ], [ -60.59558295, 7.34406401 ], [ -60.59629393, 7.34315506 ], [ -60.59650459, 7.34269524 ], [ -60.59638078, 7.34216136 ], [ -60.59606645, 7.34168063 ], [ -60.59518273, 7.34105232 ], [ -60.59438856, 7.34059616 ], [ -60.59342512, 7.33964201 ], [ -60.59267683, 7.33907766 ], [ -60.59122451, 7.33812989 ], [ -60.59000773, 7.33713825 ], [ -60.58924316, 7.33623944 ], [ -60.58894076, 7.33524365 ], [ -60.58885566, 7.33423096 ], [ -60.58895119, 7.33330054 ], [ -60.58957197, 7.33232776 ], [ -60.59028594, 7.33085838 ], [ -60.59029318, 7.32951181 ], [ -60.59035556, 7.32800281 ], [ -60.59019876, 7.3268542 ], [ -60.58951677, 7.32574791 ], [ -60.58829221, 7.32453936 ], [ -60.58824327, 7.32353586 ], [ -60.58797847, 7.32227816 ], [ -60.58707892, 7.32122491 ], [ -60.58633113, 7.32057022 ], [ -60.58601119, 7.3194659 ], [ -60.58607251, 7.3181647 ], [ -60.58640484, 7.31696448 ], [ -60.58710633, 7.31611873 ], [ -60.58807016, 7.31531949 ], [ -60.58887894, 7.31471828 ], [ -60.5893076, 7.31412408 ], [ -60.58931268, 7.31317512 ], [ -60.58940026, 7.31202779 ], [ -60.58990879, 7.31172317 ], [ -60.59086765, 7.31184576 ], [ -60.59161831, 7.31196732 ], [ -60.59247782, 7.31203516 ], [ -60.593765, 7.31168955 ], [ -60.59499714, 7.3114973 ], [ -60.59655432, 7.31144237 ], [ -60.5981638, 7.31175816 ], [ -60.59953726, 7.31221739 ], [ -60.60081427, 7.31208864 ], [ -60.60237224, 7.31188898 ], [ -60.60365862, 7.31169703 ], [ -60.60463032, 7.31109664 ], [ -60.60522321, 7.31025021 ], [ -60.60555015, 7.30834498 ], [ -60.60582752, 7.30725283 ], [ -60.6063645, 7.3067044 ], [ -60.60716218, 7.30650068 ], [ -60.60775049, 7.30650378 ], [ -60.60818602, 7.3063073 ], [ -60.60834279, 7.30575684 ], [ -60.60840268, 7.30470874 ], [ -60.60867664, 7.30425826 ], [ -60.60963739, 7.30401023 ], [ -60.61028137, 7.30376968 ], [ -60.61081756, 7.30336577 ], [ -60.61119927, 7.30306956 ], [ -60.61178798, 7.30301847 ], [ -60.61226769, 7.30302103 ], [ -60.61252991, 7.3030766 ], [ -60.61317257, 7.30308 ], [ -60.61349968, 7.30282861 ], [ -60.61371026, 7.30237783 ], [ -60.61350525, 7.30178026 ], [ -60.61329255, 7.30092961 ], [ -60.61281763, 7.30002327 ], [ -60.61234587, 7.29852045 ], [ -60.6120825, 7.29696449 ], [ -60.61218838, 7.29577206 ], [ -60.6120295, 7.29502101 ], [ -60.61128327, 7.29405912 ], [ -60.61069948, 7.29320642 ], [ -60.61049556, 7.29240089 ], [ -60.61060017, 7.29145253 ], [ -60.61109313, 7.2906507 ], [ -60.61189498, 7.28965172 ], [ -60.61259639, 7.28880589 ], [ -60.61372274, 7.28806163 ], [ -60.61458521, 7.28756906 ], [ -60.6150125, 7.2872189 ], [ -60.61528802, 7.28647016 ], [ -60.61507447, 7.28576407 ], [ -60.61470815, 7.28485832 ], [ -60.61449384, 7.28430585 ], [ -60.61417091, 7.28375284 ], [ -60.61369384, 7.28325322 ], [ -60.61343374, 7.28279996 ], [ -60.61364505, 7.28220457 ], [ -60.61461756, 7.28145054 ], [ -60.61638591, 7.28080901 ], [ -60.61826187, 7.2803761 ], [ -60.61986563, 7.2800501 ], [ -60.62072657, 7.27983765 ], [ -60.62126119, 7.27973203 ], [ -60.62200624, 7.27919362 ], [ -60.62298026, 7.27814128 ], [ -60.62373595, 7.27729573 ], [ -60.62497318, 7.27610007 ], [ -60.62540152, 7.27555099 ], [ -60.62607299, 7.27522919 ], [ -60.62652568, 7.27520445 ], [ -60.62695079, 7.2752609 ], [ -60.62738627, 7.27505524 ], [ -60.62770862, 7.2740085 ], [ -60.6284147, 7.27225882 ], [ -60.62932797, 7.27070902 ], [ -60.62992156, 7.26970889 ], [ -60.63067799, 7.26871864 ], [ -60.63121641, 7.26786286 ], [ -60.63197058, 7.26731548 ], [ -60.63272305, 7.26707534 ], [ -60.63325868, 7.26677089 ], [ -60.63368694, 7.2662218 ], [ -60.63385718, 7.26482174 ], [ -60.63338325, 7.26371661 ], [ -60.63300942, 7.26251259 ], [ -60.63248511, 7.26065698 ], [ -60.63226386, 7.25968873 ], [ -60.63196026, 7.25890087 ], [ -60.63179969, 7.25844812 ], [ -60.63163911, 7.25799537 ], [ -60.63170337, 7.25609765 ], [ -60.63192343, 7.25554748 ], [ -60.63277767, 7.25490117 ], [ -60.63369546, 7.25420101 ], [ -60.63412263, 7.25385072 ], [ -60.63428821, 7.25334544 ], [ -60.63396754, 7.25234956 ], [ -60.6338621, 7.25174348 ], [ -60.63381998, 7.25114675 ], [ -60.63386862, 7.25049627 ], [ -60.63451435, 7.24989406 ], [ -60.63505095, 7.24939975 ], [ -60.63506218, 7.24897501 ], [ -60.63383671, 7.24793829 ], [ -60.63298101, 7.24713842 ], [ -60.63261366, 7.24643155 ], [ -60.63282811, 7.2452306 ], [ -60.63305106, 7.24412912 ], [ -60.63310905, 7.24342438 ], [ -60.63300352, 7.24282731 ], [ -60.63214978, 7.24166601 ], [ -60.62933349, 7.23849705 ], [ -60.6284872, 7.23764299 ], [ -60.62790104, 7.23724233 ], [ -60.62736118, 7.23663399 ], [ -60.62683088, 7.2359262 ], [ -60.62630343, 7.23467623 ], [ -60.62610262, 7.23327424 ], [ -60.62578149, 7.23236872 ], [ -60.62552455, 7.23131893 ], [ -60.62568464, 7.23011773 ], [ -60.62600673, 7.22910713 ], [ -60.6257931, 7.22841012 ], [ -60.62537386, 7.22725106 ], [ -60.62510515, 7.22669833 ], [ -60.62457439, 7.22609908 ], [ -60.62420599, 7.22559101 ], [ -60.62426465, 7.22474169 ], [ -60.62426879, 7.22394639 ], [ -60.62394804, 7.22298668 ], [ -60.62331022, 7.22207953 ], [ -60.62305006, 7.22163527 ], [ -60.62294384, 7.22118281 ], [ -60.62290053, 7.21907671 ], [ -60.62242663, 7.21797159 ], [ -60.62226794, 7.21716641 ], [ -60.6221648, 7.21611744 ], [ -60.62185283, 7.21521197 ], [ -60.62152989, 7.21465898 ], [ -60.6208455, 7.2140047 ], [ -60.61929266, 7.21329157 ], [ -60.61838922, 7.21298865 ], [ -60.61795896, 7.21219104 ], [ -60.61743264, 7.21073324 ], [ -60.61674294, 7.20937386 ], [ -60.61578858, 7.20841987 ], [ -60.61498708, 7.20766556 ], [ -60.6135506, 7.20720617 ], [ -60.61194916, 7.20714358 ], [ -60.61092674, 7.20709309 ], [ -60.61013255, 7.2066822 ], [ -60.60938148, 7.20667828 ], [ -60.60846325, 7.2074778 ], [ -60.60781629, 7.20832404 ], [ -60.6068533, 7.20902393 ], [ -60.60561811, 7.2098671 ], [ -60.60471105, 7.21026003 ], [ -60.60321045, 7.20995388 ], [ -60.6018745, 7.20929615 ], [ -60.60059423, 7.2083856 ], [ -60.59926977, 7.20727602 ], [ -60.5983419, 7.20646684 ], [ -60.59765918, 7.20551425 ], [ -60.59696867, 7.20430858 ], [ -60.59638626, 7.2032028 ], [ -60.59596037, 7.20159182 ], [ -60.595812, 7.20054263 ], [ -60.59560068, 7.19943891 ], [ -60.59544329, 7.19838968 ], [ -60.59572107, 7.19718911 ], [ -60.59626005, 7.1962339 ], [ -60.59642795, 7.19528578 ], [ -60.59643239, 7.19443628 ], [ -60.59621912, 7.19368495 ], [ -60.59633149, 7.19298061 ], [ -60.59681583, 7.19207933 ], [ -60.59671015, 7.19152747 ], [ -60.59665925, 7.19087647 ], [ -60.59683003, 7.18937705 ], [ -60.5969966, 7.188673 ], [ -60.59689138, 7.18802175 ], [ -60.59625181, 7.18746706 ], [ -60.59480743, 7.18680868 ], [ -60.59326476, 7.18590591 ], [ -60.59267924, 7.1853967 ], [ -60.59215479, 7.18359536 ], [ -60.59188809, 7.18269022 ], [ -60.59104196, 7.18183619 ], [ -60.59003087, 7.18137897 ], [ -60.58890106, 7.18112002 ], [ -60.58833169, 7.18098139 ], [ -60.58719854, 7.17965595 ], [ -60.58602635, 7.17885441 ], [ -60.58456091, 7.17875633 ], [ -60.58270223, 7.17945158 ], [ -60.58153244, 7.17991529 ], [ -60.58072677, 7.17996539 ], [ -60.58008691, 7.17947396 ], [ -60.57971934, 7.17882123 ], [ -60.57897098, 7.17831115 ], [ -60.57793931, 7.1783329 ], [ -60.57720727, 7.17815726 ], [ -60.57634848, 7.17799912 ], [ -60.57570602, 7.17799571 ], [ -60.5747468, 7.17799064 ], [ -60.57416186, 7.17738206 ], [ -60.57395049, 7.17627832 ], [ -60.57353267, 7.17487521 ], [ -60.57337564, 7.17377181 ], [ -60.57284648, 7.17287422 ], [ -60.57194745, 7.17176686 ], [ -60.57012816, 7.17014853 ], [ -60.56725766, 7.16712375 ], [ -60.56623996, 7.16622369 ], [ -60.5654469, 7.16561396 ], [ -60.56480844, 7.16486038 ], [ -60.56443269, 7.16405408 ], [ -60.56373884, 7.16349912 ], [ -60.56337087, 7.16294588 ], [ -60.56321458, 7.16169778 ], [ -60.56301318, 7.1604405 ], [ -60.56258229, 7.15978752 ], [ -60.56184192, 7.15948532 ], [ -60.55975175, 7.15947422 ], [ -60.55911092, 7.15917256 ], [ -60.55831495, 7.15911412 ], [ -60.55761667, 7.1594087 ], [ -60.5570285, 7.15940557 ], [ -60.55611698, 7.15895787 ], [ -60.55542513, 7.1580504 ], [ -60.5552383, 7.15744391 ], [ -60.55528218, 7.15599806 ], [ -60.55485697, 7.15428771 ], [ -60.55477239, 7.15318466 ], [ -60.55486843, 7.15212775 ], [ -60.55488978, 7.15152238 ], [ -60.55476722, 7.15074442 ], [ -60.55381303, 7.14982663 ], [ -60.55264156, 7.14891661 ], [ -60.55194935, 7.14806336 ], [ -60.55041532, 7.14559703 ], [ -60.55020503, 7.14429442 ], [ -60.5500851, 7.14303758 ], [ -60.55013273, 7.14258594 ], [ -60.55000936, 7.14196171 ], [ -60.54967673, 7.14155323 ], [ -60.54909869, 7.14136038 ], [ -60.5483871, 7.14076014 ], [ -60.54835314, 7.14034419 ], [ -60.54799517, 7.13960115 ], [ -60.54760964, 7.13893939 ], [ -60.54686435, 7.13787802 ], [ -60.54649844, 7.1369271 ], [ -60.54596993, 7.13592109 ], [ -60.54548615, 7.13501482 ], [ -60.54480252, 7.13426103 ], [ -60.54448054, 7.1335544 ], [ -60.54423177, 7.13270352 ], [ -60.54427142, 7.13205301 ], [ -60.54417905, 7.13070597 ], [ -60.54321711, 7.12954396 ], [ -60.54268843, 7.12859229 ], [ -60.54221283, 7.12783958 ], [ -60.54189891, 7.12733181 ], [ -60.54151998, 7.127131 ], [ -60.54061361, 7.12742437 ], [ -60.53969847, 7.12767261 ], [ -60.53894623, 7.1279216 ], [ -60.53828644, 7.12778255 ], [ -60.53773635, 7.12744518 ], [ -60.53740255, 7.12726271 ], [ -60.53684823, 7.12772066 ], [ -60.53660637, 7.12895749 ], [ -60.53631814, 7.13041104 ], [ -60.53636627, 7.13155905 ], [ -60.53689579, 7.13236627 ], [ -60.53790323, 7.13347423 ], [ -60.5384325, 7.1343266 ], [ -60.53842714, 7.1353297 ], [ -60.53805379, 7.13577957 ], [ -60.53751942, 7.13587614 ], [ -60.53687812, 7.13567391 ], [ -60.53629164, 7.1353726 ], [ -60.53532224, 7.13561141 ], [ -60.53478569, 7.13611464 ], [ -60.53403953, 7.13690595 ], [ -60.53312111, 7.13775962 ], [ -60.53081498, 7.13924757 ], [ -60.52957998, 7.14009054 ], [ -60.52904402, 7.14048522 ], [ -60.52834567, 7.14078881 ], [ -60.52775682, 7.14093022 ], [ -60.52695211, 7.14082654 ], [ -60.52615674, 7.14067771 ], [ -60.52540496, 7.14081825 ], [ -60.52486959, 7.14111365 ], [ -60.52454302, 7.1412655 ], [ -60.52406247, 7.14146171 ], [ -60.52362646, 7.14177572 ], [ -60.52353127, 7.14264278 ], [ -60.52358627, 7.14419751 ], [ -60.52319148, 7.14527088 ], [ -60.52302268, 7.1463726 ], [ -60.52269098, 7.14747341 ], [ -60.52226123, 7.14832055 ], [ -60.52160906, 7.15012461 ], [ -60.52121939, 7.15192093 ], [ -60.52126633, 7.15327684 ], [ -60.52153159, 7.15442602 ], [ -60.52158179, 7.15518542 ], [ -60.52136073, 7.15590727 ], [ -60.51986148, 7.15707407 ], [ -60.51921529, 7.15777546 ], [ -60.51904941, 7.15832586 ], [ -60.5187841, 7.15887571 ], [ -60.51818342, 7.15952315 ], [ -60.5174909, 7.1604232 ], [ -60.51732511, 7.16096455 ], [ -60.51732234, 7.16147064 ], [ -60.51838541, 7.16232593 ], [ -60.51897005, 7.16297977 ], [ -60.5193912, 7.16373208 ], [ -60.51938252, 7.1653408 ], [ -60.51927324, 7.16713864 ], [ -60.51915682, 7.16859305 ], [ -60.51882871, 7.1690432 ], [ -60.51808404, 7.16953613 ], [ -60.51695002, 7.17008138 ], [ -60.51626154, 7.17023127 ], [ -60.51556755, 7.16972143 ], [ -60.51476578, 7.16906641 ], [ -60.5140729, 7.16836674 ], [ -60.51359526, 7.16801174 ], [ -60.51306301, 7.16771059 ], [ -60.5122037, 7.16765173 ], [ -60.51107877, 7.16819694 ], [ -60.51070645, 7.16844791 ], [ -60.51011782, 7.16854422 ], [ -60.50910357, 7.16869235 ], [ -60.50855885, 7.16903284 ], [ -60.50860878, 7.16983739 ], [ -60.50929537, 7.17169381 ], [ -60.50929131, 7.17244386 ], [ -60.50891651, 7.17314671 ], [ -60.50874924, 7.17395019 ], [ -60.50885057, 7.17529727 ], [ -60.5090587, 7.17695231 ], [ -60.5085721, 7.17825102 ], [ -60.50792371, 7.17934103 ], [ -60.5071154, 7.1798879 ], [ -60.5059912, 7.18028853 ], [ -60.50481029, 7.18113165 ], [ -60.50379281, 7.18187619 ], [ -60.50239392, 7.18287171 ], [ -60.50137778, 7.18336324 ], [ -60.49992944, 7.18346379 ], [ -60.49460591, 7.18897467 ], [ -60.49019498, 7.1897458 ], [ -60.48490316, 7.18945478 ], [ -60.48358043, 7.18975473 ], [ -60.47974955, 7.19036627 ], [ -60.47736363, 7.19147375 ], [ -60.47565563, 7.19272057 ], [ -60.47307378, 7.19490236 ], [ -60.47061928, 7.19695834 ], [ -60.46727419, 7.19969617 ], [ -60.46531697, 7.20181808 ], [ -60.46392457, 7.20487395 ], [ -60.46202955, 7.20718593 ], [ -60.46107147, 7.21025324 ], [ -60.45898429, 7.21293471 ], [ -60.45753205, 7.21373999 ], [ -60.45476661, 7.21472772 ], [ -60.45188047, 7.21464839 ], [ -60.44756223, 7.21337712 ], [ -60.4456231, 7.21223667 ], [ -60.44268388, 7.21034061 ], [ -60.43980764, 7.20850805 ], [ -60.43696969, 7.2062962 ], [ -60.43323311, 7.20138634 ], [ -60.43061044, 7.19792853 ], [ -60.42837364, 7.19503327 ], [ -60.42663491, 7.19207744 ], [ -60.42570887, 7.1894335 ], [ -60.42253021, 7.18509606 ], [ -60.42091399, 7.18289105 ], [ -60.41835132, 7.18005709 ], [ -60.41666292, 7.17942407 ], [ -60.41215172, 7.17876613 ], [ -60.40920466, 7.17831571 ], [ -60.40240371, 7.17778931 ], [ -60.39681219, 7.17938424 ], [ -60.39033625, 7.18216698 ], [ -60.38498066, 7.18520894 ], [ -60.37830596, 7.18949932 ], [ -60.3752259, 7.19173175 ], [ -60.37246354, 7.19222196 ], [ -60.36608576, 7.19204985 ], [ -60.3615154, 7.19070422 ], [ -60.35670327, 7.18735114 ], [ -60.35289328, 7.18438329 ], [ -60.35140229, 7.18249517 ], [ -60.34786059, 7.17696251 ], [ -60.34586772, 7.17425823 ], [ -60.34612782, 7.17309405 ], [ -60.34677163, 7.1712815 ], [ -60.34608988, 7.16870224 ], [ -60.3450434, 7.16662688 ], [ -60.34556119, 7.16312374 ], [ -60.3444431, 7.1609215 ], [ -60.34213868, 7.15890214 ], [ -60.34001022, 7.15776033 ], [ -60.33806555, 7.15769488 ], [ -60.33542427, 7.15917962 ], [ -60.33299038, 7.15922879 ], [ -60.33085685, 7.15896337 ], [ -60.32873962, 7.15745116 ], [ -60.32567002, 7.15636707 ], [ -60.3233509, 7.15535059 ], [ -60.32066962, 7.15283196 ], [ -60.31942499, 7.15062897 ], [ -60.31807924, 7.14869641 ], [ -60.31627007, 7.14712267 ], [ -60.31338796, 7.14648242 ], [ -60.31094016, 7.14583564 ], [ -60.30882605, 7.14381729 ], [ -60.3077703, 7.1418051 ], [ -60.30589783, 7.14023094 ], [ -60.30314762, 7.13871489 ], [ -60.29894858, 7.13743441 ], [ -60.29619914, 7.13579184 ], [ -60.29340611, 7.13540499 ], [ -60.29121278, 7.13457895 ], [ -60.28934674, 7.13193858 ], [ -60.28754404, 7.12928953 ], [ -60.28680504, 7.12728821 ], [ -60.28745403, 7.12459032 ], [ -60.28890374, 7.12265609 ], [ -60.28841315, 7.12146952 ], [ -60.28665967, 7.11969719 ], [ -60.2859814, 7.11813009 ], [ -60.28643305, 7.11669601 ], [ -60.28845073, 7.11507236 ], [ -60.29045601, 7.11401786 ], [ -60.29128797, 7.11252272 ], [ -60.29116719, 7.11151904 ], [ -60.2901097, 7.10982316 ], [ -60.28930389, 7.10840881 ], [ -60.28837014, 7.10721063 ], [ -60.28862935, 7.10620917 ], [ -60.28977057, 7.10439956 ], [ -60.29003528, 7.10245845 ], [ -60.29010559, 7.10126608 ], [ -60.28911328, 7.09925436 ], [ -60.28824729, 7.09730658 ], [ -60.2874992, 7.09530527 ], [ -60.28750842, 7.09373305 ], [ -60.28789742, 7.09217213 ], [ -60.2887814, 7.0910478 ], [ -60.28985267, 7.09036735 ], [ -60.2908611, 7.08961416 ], [ -60.29212421, 7.08861853 ], [ -60.29307472, 7.08693435 ], [ -60.29322405, 7.0830498 ], [ -60.29348662, 7.07989782 ], [ -60.29376467, 7.07563445 ], [ -60.29340852, 7.07155718 ], [ -60.29347949, 7.07024742 ], [ -60.29461925, 7.06868179 ], [ -60.29700738, 7.06706918 ], [ -60.29802264, 7.06513228 ], [ -60.29916664, 7.06281668 ], [ -60.30018839, 7.05975036 ], [ -60.30139601, 7.05738082 ], [ -60.30297373, 7.05513096 ], [ -60.30512265, 7.05264035 ], [ -60.30757664, 7.05058525 ], [ -60.31009887, 7.04921731 ], [ -60.31241969, 7.04829088 ], [ -60.31524183, 7.04824388 ], [ -60.31736579, 7.05008131 ], [ -60.31830428, 7.05045721 ], [ -60.32144269, 7.0504752 ], [ -60.324413, 7.04984165 ], [ -60.32636257, 7.04897626 ], [ -60.32889371, 7.04604488 ], [ -60.33203423, 7.0441201 ], [ -60.33530106, 7.04382238 ], [ -60.33631067, 7.04282513 ], [ -60.33644694, 7.04113612 ], [ -60.33575977, 7.03950569 ], [ -60.33577515, 7.036813 ], [ -60.33837174, 7.03350245 ], [ -60.33851263, 7.03258151 ], [ -60.33876089, 7.03186899 ], [ -60.33918954, 7.03124794 ], [ -60.33977998, 7.03079045 ], [ -60.34051376, 7.03058683 ], [ -60.34126474, 7.03053686 ], [ -60.34201601, 7.0304327 ], [ -60.34348307, 7.03009763 ], [ -60.34363204, 7.0293575 ], [ -60.34387124, 7.02864493 ], [ -60.34414656, 7.0279417 ], [ -60.34444892, 7.02724763 ], [ -60.34476038, 7.0265626 ], [ -60.34564946, 7.02447121 ], [ -60.34593382, 7.02377704 ], [ -60.34623624, 7.02308297 ], [ -60.34655665, 7.02239795 ], [ -60.34724261, 7.02104644 ], [ -60.34757209, 7.02037059 ], [ -60.34785642, 7.01966733 ], [ -60.3480866, 7.01894573 ], [ -60.34829872, 7.01822399 ], [ -60.34854692, 7.01751155 ], [ -60.34884029, 7.01681743 ], [ -60.34916069, 7.0161324 ], [ -60.34949913, 7.0154566 ], [ -60.35022115, 7.01412336 ], [ -60.35060467, 7.01347485 ], [ -60.35101525, 7.01283558 ], [ -60.35143486, 7.01221446 ], [ -60.35188146, 7.01160251 ], [ -60.35234607, 7.0109997 ], [ -60.35281967, 7.01041501 ], [ -60.35331136, 7.00983939 ], [ -60.3538389, 7.00930017 ], [ -60.35492117, 7.00823998 ], [ -60.35544878, 7.00770076 ], [ -60.35646792, 7.00658599 ], [ -60.35778778, 7.00508432 ], [ -60.3582254, 7.00446326 ], [ -60.35993968, 7.00196987 ], [ -60.36054072, 7.00124122 ], [ -60.36134058, 7.00054092 ], [ -60.36181384, 7.00001042 ], [ -60.36237534, 6.99665194 ], [ -60.36375287, 6.99290952 ], [ -60.36430797, 6.9906897 ], [ -60.36438193, 6.98878335 ], [ -60.36406406, 6.9857906 ], [ -60.36441077, 6.98363279 ], [ -60.36354634, 6.98134169 ], [ -60.36274849, 6.97847271 ], [ -60.36276594, 6.97535521 ], [ -60.36352096, 6.97294667 ], [ -60.36483188, 6.96977314 ], [ -60.36531807, 6.96692036 ], [ -60.36696463, 6.96355894 ], [ -60.36740489, 6.96081424 ], [ -60.36808344, 6.95751971 ], [ -60.36871071, 6.95530022 ], [ -60.36932118, 6.95448126 ], [ -60.36924694, 6.95319772 ], [ -60.36995025, 6.95193654 ], [ -60.36988434, 6.95077942 ], [ -60.36901352, 6.949636 ], [ -60.36943531, 6.94696352 ], [ -60.37018564, 6.94537726 ], [ -60.37094284, 6.94417964 ], [ -60.37108658, 6.94271649 ], [ -60.37204313, 6.94144767 ], [ -60.37265606, 6.94017687 ], [ -60.37280711, 6.93903912 ], [ -60.37321969, 6.93802025 ], [ -60.37356064, 6.93687453 ], [ -60.37323233, 6.93573411 ], [ -60.37310133, 6.934902 ], [ -60.37310587, 6.93407974 ], [ -60.37385016, 6.93357779 ], [ -60.37452659, 6.93389775 ], [ -60.37561065, 6.93409356 ], [ -60.37676774, 6.93416323 ], [ -60.37723793, 6.9341658 ], [ -60.37805211, 6.93410707 ], [ -60.37880758, 6.93321658 ], [ -60.38018796, 6.93215789 ], [ -60.38221781, 6.9346632 ], [ -60.38558885, 6.93830547 ], [ -60.39099328, 6.94382042 ], [ -60.3943217, 6.94701056 ], [ -60.39663705, 6.94860472 ], [ -60.3984401, 6.94963575 ], [ -60.40030919, 6.9501521 ], [ -60.40256873, 6.95039036 ], [ -60.40454977, 6.95029278 ], [ -60.40670509, 6.94973526 ], [ -60.40795771, 6.94889263 ], [ -60.40960197, 6.94754614 ], [ -60.41102791, 6.94642434 ], [ -60.41216232, 6.94568945 ], [ -60.41680875, 6.9443593 ], [ -60.42310202, 6.94286627 ], [ -60.42843455, 6.94176561 ], [ -60.4353493, 6.94072764 ], [ -60.43554112, 6.94069595 ], [ -60.44101556, 6.93979122 ], [ -60.44413126, 6.93890429 ], [ -60.44753967, 6.93739536 ], [ -60.45213827, 6.93487155 ], [ -60.4550358, 6.93250136 ], [ -60.45782689, 6.92974191 ], [ -60.45936704, 6.92754501 ], [ -60.46108491, 6.92421948 ], [ -60.46250805, 6.92190457 ], [ -60.46332055, 6.920973 ], [ -60.46467354, 6.91942182 ], [ -60.46660809, 6.9178506 ], [ -60.46836844, 6.91673032 ], [ -60.47138064, 6.91487556 ], [ -60.47411067, 6.91336275 ], [ -60.47660884, 6.91122513 ], [ -60.47912146, 6.90806632 ], [ -60.48237604, 6.90310401 ], [ -60.48591327, 6.89769124 ], [ -60.48932963, 6.89290127 ], [ -60.49246744, 6.88946548 ], [ -60.49581779, 6.88688027 ], [ -60.49843004, 6.88536662 ], [ -60.5014416, 6.88356584 ], [ -60.50461301, 6.88233517 ], [ -60.50768078, 6.88189927 ], [ -60.51175107, 6.88169454 ], [ -60.51554831, 6.88183174 ], [ -60.520303, 6.8821908 ], [ -60.52658493, 6.88273844 ], [ -60.52862832, 6.88281226 ], [ -60.53117223, 6.88225605 ], [ -60.53350265, 6.88102077 ], [ -60.53526533, 6.87938501 ], [ -60.53766075, 6.87606245 ], [ -60.53857699, 6.87374453 ], [ -60.53979236, 6.86951206 ], [ -60.54252293, 6.86428417 ], [ -60.54474147, 6.86191858 ], [ -60.54712998, 6.85989726 ], [ -60.55121995, 6.85759546 ], [ -60.55439089, 6.85641867 ], [ -60.5583642, 6.85570675 ], [ -60.56357487, 6.85528129 ], [ -60.57200534, 6.85475459 ], [ -60.57744294, 6.85415843 ], [ -60.58084576, 6.85361519 ], [ -60.58464732, 6.85289323 ], [ -60.58680116, 6.85256056 ], [ -60.58934126, 6.85274503 ], [ -60.59103956, 6.853097 ], [ -60.59301844, 6.85338717 ], [ -60.59517086, 6.8533436 ], [ -60.59749741, 6.85284007 ], [ -60.59942773, 6.8520002 ], [ -60.60169593, 6.85048406 ], [ -60.6042052, 6.84778512 ], [ -60.60562235, 6.84649065 ], [ -60.60852614, 6.84446245 ], [ -60.6124926, 6.84329817 ], [ -60.61673773, 6.84246966 ], [ -60.62109932, 6.84186752 ], [ -60.62427691, 6.84114212 ], [ -60.63079756, 6.83914059 ], [ -60.63583819, 6.83837006 ], [ -60.64026084, 6.83821994 ], [ -60.64552718, 6.83751362 ], [ -60.65142108, 6.83606911 ], [ -60.65419943, 6.83563072 ], [ -60.65686179, 6.83484831 ], [ -60.66168268, 6.83278384 ], [ -60.66554876, 6.8299102 ], [ -60.66861775, 6.82733094 ], [ -60.66927699, 6.82652306 ], [ -60.67151955, 6.82377481 ], [ -60.67841925, 6.81436266 ], [ -60.68348709, 6.80787006 ], [ -60.68548391, 6.80442689 ], [ -60.68737672, 6.80002509 ], [ -60.68824644, 6.79588951 ], [ -60.689397, 6.79164681 ], [ -60.69088641, 6.78837279 ], [ -60.69254611, 6.7854341 ], [ -60.69487369, 6.78273354 ], [ -60.70085653, 6.77573871 ], [ -60.70375489, 6.77279678 ], [ -60.70540895, 6.77099679 ], [ -60.70637756, 6.76885012 ], [ -60.70707833, 6.7659701 ], [ -60.70844391, 6.76398796 ], [ -60.71389843, 6.75965689 ], [ -60.71633777, 6.75814075 ], [ -60.71838562, 6.75719221 ], [ -60.72059424, 6.75668731 ], [ -60.72177943, 6.75653019 ], [ -60.72387707, 6.75653996 ], [ -60.7258556, 6.7568836 ], [ -60.72862691, 6.75786371 ], [ -60.73360017, 6.75974894 ], [ -60.73727491, 6.76089587 ], [ -60.74338007, 6.7624518 ], [ -60.75135458, 6.76453152 ], [ -60.75780085, 6.7666583 ], [ -60.76513432, 6.77053366 ], [ -60.76959589, 6.77367267 ], [ -60.77411103, 6.77697455 ], [ -60.77828723, 6.77926251 ], [ -60.78224906, 6.78097102 ], [ -60.78450626, 6.78173151 ], [ -60.7881796, 6.78327591 ], [ -60.79207493, 6.78572527 ], [ -60.80070945, 6.79199251 ], [ -60.80398118, 6.79438473 ], [ -60.80753477, 6.79644374 ], [ -60.80760279, 6.79647215 ], [ -60.80985445, 6.79741242 ], [ -60.81273605, 6.79810336 ], [ -60.81602694, 6.79828994 ], [ -60.81732908, 6.79829579 ], [ -60.81959367, 6.79745634 ], [ -60.82215146, 6.79576834 ], [ -60.8253367, 6.79329685 ], [ -60.82851385, 6.7905901 ], [ -60.83050467, 6.78827587 ], [ -60.83238359, 6.78670233 ], [ -60.83550063, 6.78529699 ], [ -60.83908086, 6.78345086 ], [ -60.84134512, 6.78266539 ], [ -60.84309998, 6.78255567 ], [ -60.84582153, 6.78263102 ], [ -60.84802548, 6.78320126 ], [ -60.85040356, 6.78393802 ], [ -60.85175516, 6.78435674 ], [ -60.85531815, 6.78640643 ], [ -60.85983568, 6.78937337 ], [ -60.8735604, 6.7962226 ], [ -60.87582479, 6.79748 ], [ -60.87880911, 6.79953606 ], [ -60.88371697, 6.8043125 ], [ -60.89064986, 6.81135768 ], [ -60.89381398, 6.81370382 ], [ -60.8975947, 6.81569994 ], [ -60.90149424, 6.81741648 ], [ -60.90438402, 6.81839622 ], [ -60.90658811, 6.81902055 ], [ -60.90987076, 6.81909804 ], [ -60.91275866, 6.81843246 ], [ -60.91486126, 6.81742008 ], [ -60.91702126, 6.81567556 ], [ -60.91895762, 6.81336066 ], [ -60.9212955, 6.81019767 ], [ -60.92306557, 6.80658016 ], [ -60.9242201, 6.80098024 ], [ -60.92457414, 6.79645273 ], [ -60.92447991, 6.79311646 ], [ -60.92359324, 6.78898144 ], [ -60.92067258, 6.78255945 ], [ -60.91831234, 6.77830957 ], [ -60.91690061, 6.77643228 ], [ -60.91544196, 6.77495245 ], [ -60.91414361, 6.77404285 ], [ -60.90961912, 6.77260423 ], [ -60.90627542, 6.77208359 ], [ -60.90384651, 6.77122334 ], [ -60.90255144, 6.7695725 ], [ -60.90036233, 6.76554929 ], [ -60.89895923, 6.76169225 ], [ -60.89880228, 6.76033561 ], [ -60.89936803, 6.75914474 ], [ -60.9006807, 6.75671868 ], [ -60.90210948, 6.75461851 ], [ -60.90409729, 6.75287324 ], [ -60.90914447, 6.75046319 ], [ -60.91277837, 6.74867069 ], [ -60.91398499, 6.74845115 ], [ -60.91583716, 6.74811424 ], [ -60.92110094, 6.74791071 ], [ -60.92552208, 6.74810126 ], [ -60.92954225, 6.74687084 ], [ -60.932153, 6.74535411 ], [ -60.93443165, 6.74326643 ], [ -60.93664903, 6.74067219 ], [ -60.93700503, 6.74010336 ], [ -60.93841524, 6.73785013 ], [ -60.93888355, 6.73400092 ], [ -60.9397588, 6.72801096 ], [ -60.94095267, 6.72580119 ], [ -60.94248729, 6.7242798 ], [ -60.94527107, 6.72242915 ], [ -60.94884178, 6.7205186 ], [ -60.95196585, 6.71945588 ], [ -60.95587641, 6.71845066 ], [ -60.96126055, 6.71751479 ], [ -60.96487867, 6.71724049 ], [ -60.96742838, 6.7173143 ], [ -60.96985938, 6.71765893 ], [ -60.97150317, 6.71811774 ], [ -60.97382614, 6.71835333 ], [ -60.97648484, 6.71831008 ], [ -60.97829352, 6.71826328 ], [ -60.97982213, 6.7181521 ], [ -60.98163825, 6.71850314 ], [ -60.98406624, 6.71958895 ], [ -60.98807668, 6.72288707 ], [ -60.99297522, 6.72794265 ], [ -60.99501115, 6.72982243 ], [ -60.99754473, 6.73164088 ], [ -61.00020725, 6.7328994 ], [ -61.00246588, 6.73341491 ], [ -61.00473586, 6.73336993 ], [ -61.0069982, 6.73298134 ], [ -61.00955128, 6.73225938 ], [ -61.01198772, 6.73131108 ], [ -61.01420264, 6.72922264 ], [ -61.016818, 6.72651195 ], [ -61.01932686, 6.72329459 ], [ -61.02171259, 6.72144191 ], [ -61.02392265, 6.72054675 ], [ -61.02636564, 6.720213 ], [ -61.02907796, 6.72034153 ], [ -61.03140104, 6.72057681 ], [ -61.03440341, 6.7205256 ], [ -61.03666752, 6.7196848 ], [ -61.03899332, 6.71924216 ], [ -61.04345954, 6.71948598 ], [ -61.04459898, 6.71949054 ], [ -61.04731021, 6.71989914 ], [ -61.05030952, 6.72064337 ], [ -61.05393277, 6.72139004 ], [ -61.0578873, 6.72299698 ], [ -61.06257933, 6.72561924 ], [ -61.06868028, 6.72869916 ], [ -61.0719563, 6.73041174 ], [ -61.07393087, 6.73189322 ], [ -61.07545673, 6.732523 ], [ -61.07658784, 6.73235573 ], [ -61.07823683, 6.73156663 ], [ -61.07954613, 6.72976353 ], [ -61.08057729, 6.72738987 ], [ -61.08132137, 6.72444538 ], [ -61.08234117, 6.71695354 ], [ -61.08266209, 6.71459596 ], [ -61.08340762, 6.71126278 ], [ -61.08415685, 6.70928569 ], [ -61.08501175, 6.70804141 ], [ -61.08637391, 6.70657301 ], [ -61.08773275, 6.70595449 ], [ -61.08948726, 6.70590709 ], [ -61.09113152, 6.70631132 ], [ -61.09282847, 6.70710443 ], [ -61.09513601, 6.70903914 ], [ -61.09913814, 6.71472342 ], [ -61.10065758, 6.71699858 ], [ -61.10228851, 6.71853285 ], [ -61.10410219, 6.71955248 ], [ -61.10618084, 6.71997216 ], [ -61.10670463, 6.72007788 ], [ -61.10840611, 6.71974085 ], [ -61.10959164, 6.71951943 ], [ -61.11101075, 6.71969666 ], [ -61.11287122, 6.72032763 ], [ -61.11660835, 6.72209594 ], [ -61.12061919, 6.72323246 ], [ -61.12469278, 6.72454099 ], [ -61.12804616, 6.72499684 ], [ -61.13029751, 6.72512295 ], [ -61.1321505, 6.72537409 ], [ -61.13374175, 6.72547064 ], [ -61.13507079, 6.72555706 ], [ -61.13593929, 6.725479 ], [ -61.13678148, 6.72518382 ], [ -61.13820504, 6.72420372 ], [ -61.14240875, 6.71983469 ], [ -61.14653972, 6.71553764 ], [ -61.14955474, 6.71219463 ], [ -61.14979465, 6.7109298 ], [ -61.15020105, 6.70868007 ], [ -61.15092962, 6.70492163 ], [ -61.15164584, 6.70204008 ], [ -61.15149563, 6.70109017 ], [ -61.15133593, 6.70026687 ], [ -61.15074215, 6.69946897 ], [ -61.14944426, 6.69831583 ], [ -61.14873177, 6.69780685 ], [ -61.14818228, 6.69724423 ], [ -61.14810383, 6.69645738 ], [ -61.14854193, 6.69539214 ], [ -61.14961508, 6.69377772 ], [ -61.15041677, 6.6921985 ], [ -61.15093419, 6.69168515 ], [ -61.15168607, 6.69133536 ], [ -61.15243692, 6.6912568 ], [ -61.15382047, 6.69126199 ], [ -61.15570879, 6.69170306 ], [ -61.16108414, 6.69310645 ], [ -61.1640836, 6.69386814 ], [ -61.16460007, 6.69358975 ], [ -61.16471942, 6.69312001 ], [ -61.16455931, 6.69240519 ], [ -61.16385879, 6.69110055 ], [ -61.16137272, 6.68847834 ], [ -61.16055471, 6.68717338 ], [ -61.16016196, 6.68578854 ], [ -61.16020195, 6.68476701 ], [ -61.16048817, 6.68318583 ], [ -61.16104409, 6.68203966 ], [ -61.16179654, 6.6815271 ], [ -61.1623934, 6.68152935 ], [ -61.16325937, 6.68208409 ], [ -61.16499093, 6.68335638 ], [ -61.16633666, 6.68378624 ], [ -61.167124, 6.68363552 ], [ -61.16804041, 6.68280715 ], [ -61.16887862, 6.68111041 ], [ -61.16999152, 6.67851061 ], [ -61.1704281, 6.67783414 ], [ -61.17109859, 6.677484 ], [ -61.17204848, 6.67737001 ], [ -61.17323263, 6.67749189 ], [ -61.17465903, 6.67813015 ], [ -61.17667266, 6.67892415 ], [ -61.17757687, 6.67892752 ], [ -61.17888154, 6.67826329 ], [ -61.17988057, 6.67708256 ], [ -61.18122623, 6.6751074 ], [ -61.18174645, 6.67380731 ], [ -61.18194918, 6.67277732 ], [ -61.18233743, 6.67048225 ], [ -61.18347519, 6.66847015 ], [ -61.18378625, 6.66748578 ], [ -61.18378804, 6.66700667 ], [ -61.18399115, 6.66586809 ], [ -61.18414754, 6.66513635 ], [ -61.18381102, 6.66075001 ], [ -61.18389643, 6.65964726 ], [ -61.18436933, 6.65891658 ], [ -61.18503105, 6.65848501 ], [ -61.18565565, 6.65829745 ], [ -61.18628106, 6.65790191 ], [ -61.18687145, 6.65717176 ], [ -61.18761538, 6.65651446 ], [ -61.18882962, 6.65582264 ], [ -61.18933757, 6.65539048 ], [ -61.18945791, 6.65462244 ], [ -61.18895584, 6.65344525 ], [ -61.18840958, 6.65198755 ], [ -61.18846307, 6.64971832 ], [ -61.1883114, 6.64916626 ], [ -61.18776165, 6.64864887 ], [ -61.18636402, 6.6475859 ], [ -61.18495839, 6.64622451 ], [ -61.18351752, 6.64460981 ], [ -61.18223662, 6.64376425 ], [ -61.1816964, 6.64313841 ], [ -61.18141839, 6.64251355 ], [ -61.18150505, 6.64108529 ], [ -61.18166116, 6.64042584 ], [ -61.18213373, 6.63977661 ], [ -61.18260555, 6.63933529 ], [ -61.1826811, 6.6384585 ], [ -61.18261172, 6.63765361 ], [ -61.18214275, 6.63731733 ], [ -61.18136699, 6.63680816 ], [ -61.18066373, 6.63625407 ], [ -61.18031234, 6.6359183 ], [ -61.18031448, 6.63533964 ], [ -61.18129397, 6.6345385 ], [ -61.18215587, 6.63373701 ], [ -61.18355787, 6.63358838 ], [ -61.18508618, 6.63355781 ], [ -61.18719335, 6.633448 ], [ -61.18816272, 6.63294518 ], [ -61.18902445, 6.63217986 ], [ -61.18961684, 6.63089804 ], [ -61.19036216, 6.62983388 ], [ -61.19097391, 6.62946048 ], [ -61.19097398, 6.62946048 ], [ -61.19097413, 6.62946041 ], [ -61.19097488, 6.62945994 ], [ -61.19192928, 6.62907108 ], [ -61.19270741, 6.62892918 ], [ -61.19314039, 6.62919303 ], [ -61.19356304, 6.62984553 ], [ -61.19403069, 6.63054338 ], [ -61.19449966, 6.63087969 ], [ -61.19527806, 6.63066552 ], [ -61.1971628, 6.62956931 ], [ -61.19911326, 6.62778612 ], [ -61.19963646, 6.62715337 ], [ -61.19990336, 6.62683054 ], [ -61.19982573, 6.62580854 ], [ -61.19975181, 6.62375584 ], [ -61.20019009, 6.62255492 ], [ -61.2005812, 6.62193247 ], [ -61.20042995, 6.62123575 ], [ -61.19976357, 6.62050091 ], [ -61.1990713, 6.61940441 ], [ -61.19887703, 6.61811983 ], [ -61.19923477, 6.61669253 ], [ -61.19978276, 6.61519359 ], [ -61.20092463, 6.6144654 ], [ -61.20178574, 6.61388079 ], [ -61.20221267, 6.61333082 ], [ -61.20213713, 6.61172112 ], [ -61.20148089, 6.61065187 ], [ -61.20124935, 6.60966548 ], [ -61.2017623, 6.60783182 ], [ -61.20430768, 6.60403453 ], [ -61.20584538, 6.60133662 ], [ -61.20663205, 6.59880778 ], [ -61.20633423, 6.59613943 ], [ -61.20637369, 6.59522633 ], [ -61.20700032, 6.59446009 ], [ -61.20809863, 6.59325247 ], [ -61.20934923, 6.5924522 ], [ -61.21036084, 6.59274522 ], [ -61.21129932, 6.59326394 ], [ -61.21269659, 6.59440819 ], [ -61.2139495, 6.59550671 ], [ -61.21523167, 6.5959905 ], [ -61.2162443, 6.5959941 ], [ -61.21750289, 6.59548322 ], [ -61.21839979, 6.59497107 ], [ -61.21910594, 6.59472034 ], [ -61.21972972, 6.59475874 ], [ -61.2205421, 6.59513236 ], [ -61.22140089, 6.5951716 ], [ -61.2222248, 6.59484002 ], [ -61.22320429, 6.59400262 ], [ -61.22320666, 6.59333354 ], [ -61.22262109, 6.59274377 ], [ -61.22199888, 6.59227138 ], [ -61.22153077, 6.59171818 ], [ -61.22157016, 6.59080508 ], [ -61.2215446, 6.58925317 ], [ -61.22156279, 6.59035937 ], [ -61.22156272, 6.59035937 ], [ -61.22154036, 6.58901476 ], [ -61.22228923, 6.58689252 ], [ -61.22221324, 6.58539141 ], [ -61.22187292, 6.58447697 ], [ -61.22073815, 6.58322522 ], [ -61.22008054, 6.58256274 ], [ -61.21984756, 6.58197423 ], [ -61.21957943, 6.58109628 ], [ -61.21907571, 6.58036208 ], [ -61.21884312, 6.57966506 ], [ -61.21868286, 6.57896823 ], [ -61.21958984, 6.57816678 ], [ -61.22037128, 6.57707551 ], [ -61.22107687, 6.57696955 ], [ -61.22205285, 6.57708147 ], [ -61.22282936, 6.57737352 ], [ -61.22435372, 6.57840968 ], [ -61.22551921, 6.57863087 ], [ -61.22661336, 6.57859861 ], [ -61.22727517, 6.57808557 ], [ -61.2280195, 6.57724728 ], [ -61.22861051, 6.57629997 ], [ -61.22900272, 6.57534301 ], [ -61.22947619, 6.57439528 ], [ -61.23022093, 6.57344851 ], [ -61.22987138, 6.57257019 ], [ -61.22886204, 6.57164442 ], [ -61.22835733, 6.57119959 ], [ -61.2278887, 6.57076392 ], [ -61.22703101, 6.57042632 ], [ -61.22574759, 6.5703133 ], [ -61.22460838, 6.57030926 ], [ -61.22293507, 6.5705203 ], [ -61.22199495, 6.57048079 ], [ -61.22074883, 6.57004243 ], [ -61.21950259, 6.5696311 ], [ -61.21852824, 6.56903995 ], [ -61.21814171, 6.56842377 ], [ -61.21842692, 6.56703233 ], [ -61.21838629, 6.56574822 ], [ -61.218392, 6.56413882 ], [ -61.21886901, 6.56220563 ], [ -61.2196965, 6.56085228 ], [ -61.22094998, 6.55921114 ], [ -61.22196463, 6.55862703 ], [ -61.22282642, 6.55778916 ], [ -61.22357244, 6.55647177 ], [ -61.22357466, 6.55584792 ], [ -61.22303299, 6.55562893 ], [ -61.22190304, 6.55558878 ], [ -61.2203033, 6.55543849 ], [ -61.21951747, 6.55524587 ], [ -61.21865886, 6.5551704 ], [ -61.21803463, 6.55527677 ], [ -61.21725544, 6.5557532 ], [ -61.21607805, 6.55633673 ], [ -61.21510069, 6.55662253 ], [ -61.21447738, 6.55647567 ], [ -61.21362099, 6.55577646 ], [ -61.21245683, 6.55518453 ], [ -61.21128565, 6.55401402 ], [ -61.20938467, 6.55217184 ], [ -61.20860217, 6.55103886 ], [ -61.20853273, 6.55023385 ], [ -61.20923194, 6.54935928 ], [ -61.21068704, 6.54694133 ], [ -61.21120021, 6.54500822 ], [ -61.21132188, 6.54382423 ], [ -61.21098034, 6.54327144 ], [ -61.21046506, 6.54326964 ], [ -61.20976825, 6.54344795 ], [ -61.208908, 6.5438518 ], [ -61.2083212, 6.54362371 ], [ -61.20769891, 6.54318748 ], [ -61.20743097, 6.54227327 ], [ -61.2075874, 6.54150533 ], [ -61.20829499, 6.54081157 ], [ -61.20950616, 6.54088822 ], [ -61.21102299, 6.54144516 ], [ -61.21179828, 6.54206281 ], [ -61.21238473, 6.54239937 ], [ -61.21309005, 6.54236572 ], [ -61.21430203, 6.54218921 ], [ -61.21538802, 6.54189464 ], [ -61.2164829, 6.54160926 ], [ -61.21734172, 6.54161229 ], [ -61.21812664, 6.54208526 ], [ -61.21859654, 6.54212306 ], [ -61.21882425, 6.54165368 ], [ -61.21929668, 6.54099533 ], [ -61.21980628, 6.54004777 ], [ -61.21981241, 6.53832073 ], [ -61.21940049, 6.53463025 ], [ -61.2197596, 6.53279611 ], [ -61.22089539, 6.53115454 ], [ -61.22132472, 6.52990833 ], [ -61.22117462, 6.5288861 ], [ -61.220552, 6.52855836 ], [ -61.21965637, 6.528736 ], [ -61.21871471, 6.5291667 ], [ -61.21789083, 6.52949835 ], [ -61.21684178, 6.52960311 ], [ -61.21625495, 6.52938408 ], [ -61.21528068, 6.52879285 ], [ -61.21435121, 6.52831044 ], [ -61.21337517, 6.52823457 ], [ -61.21270621, 6.52823219 ], [ -61.21251438, 6.52878306 ], [ -61.21234903, 6.52951489 ], [ -61.21242709, 6.53046456 ], [ -61.21250423, 6.53164024 ], [ -61.21210297, 6.53262436 ], [ -61.21144205, 6.53291131 ], [ -61.2105829, 6.5329806 ], [ -61.21004103, 6.53283401 ], [ -61.20933884, 6.5319907 ], [ -61.20860175, 6.53082165 ], [ -61.208053, 6.5300512 ], [ -61.2072412, 6.52953294 ], [ -61.20657343, 6.52919599 ], [ -61.20603372, 6.52842558 ], [ -61.20541404, 6.52729317 ], [ -61.20486826, 6.52568184 ], [ -61.20424762, 6.52480257 ], [ -61.20355284, 6.52442935 ], [ -61.20292899, 6.5244633 ], [ -61.20218675, 6.52472289 ], [ -61.20202158, 6.52540945 ], [ -61.20252285, 6.52680367 ], [ -61.20353982, 6.52809116 ], [ -61.20419522, 6.52937747 ], [ -61.20462391, 6.53084364 ], [ -61.20503928, 6.53351243 ], [ -61.20503249, 6.53542021 ], [ -61.20464041, 6.53636822 ], [ -61.20393201, 6.53727893 ], [ -61.20276253, 6.53818786 ], [ -61.20209348, 6.53822165 ], [ -61.20084563, 6.53828961 ], [ -61.19889186, 6.53858095 ], [ -61.19737242, 6.5387563 ], [ -61.19615944, 6.53919503 ], [ -61.19533642, 6.53930064 ], [ -61.1948671, 6.5390819 ], [ -61.19432639, 6.53860077 ], [ -61.19378673, 6.53783035 ], [ -61.19378949, 6.53706176 ], [ -61.19418132, 6.5361862 ], [ -61.19504556, 6.53468838 ], [ -61.19563172, 6.5325657 ], [ -61.19563695, 6.53110097 ], [ -61.19513371, 6.53025826 ], [ -61.19450221, 6.52988534 ], [ -61.19306513, 6.52980788 ], [ -61.19220681, 6.52966007 ], [ -61.19138578, 6.52921408 ], [ -61.19096295, 6.52862489 ], [ -61.19056655, 6.52826187 ], [ -61.19006032, 6.52826004 ], [ -61.18955305, 6.5285475 ], [ -61.1888104, 6.52891556 ], [ -61.18786918, 6.52920146 ], [ -61.18678227, 6.52978535 ], [ -61.18564096, 6.53040507 ], [ -61.18435488, 6.53106046 ], [ -61.18283382, 6.53170594 ], [ -61.18192768, 6.53229037 ], [ -61.18040759, 6.53265564 ], [ -61.1793963, 6.5323174 ], [ -61.17908284, 6.53151164 ], [ -61.17912228, 6.53059854 ], [ -61.17944262, 6.52949664 ], [ -61.18042382, 6.52815295 ], [ -61.18078222, 6.52654487 ], [ -61.1806232, 6.52551354 ], [ -61.18008295, 6.52492392 ], [ -61.17887261, 6.52463028 ], [ -61.17739232, 6.5240011 ], [ -61.17544259, 6.52318931 ], [ -61.17330216, 6.52263006 ], [ -61.1721743, 6.52204731 ], [ -61.17142606, 6.52145693 ], [ -61.17127532, 6.52065164 ], [ -61.17135956, 6.51984729 ], [ -61.172296, 6.51838594 ], [ -61.17335841, 6.51706978 ], [ -61.17379576, 6.51612199 ], [ -61.17375614, 6.51458476 ], [ -61.17387734, 6.51355449 ], [ -61.17426977, 6.5125342 ], [ -61.17447277, 6.51136862 ], [ -61.17404143, 6.51067079 ], [ -61.17361985, 6.50975615 ], [ -61.17315191, 6.50916676 ], [ -61.17268342, 6.50872203 ], [ -61.17217772, 6.50857548 ], [ -61.1716351, 6.50864592 ], [ -61.17092959, 6.50875185 ], [ -61.17030631, 6.50864113 ], [ -61.16972079, 6.50805122 ], [ -61.16968756, 6.50724647 ], [ -61.16984561, 6.50604455 ], [ -61.17008503, 6.50483379 ], [ -61.17059466, 6.50388634 ], [ -61.17141975, 6.50319307 ], [ -61.17231763, 6.50239167 ], [ -61.17267317, 6.50155204 ], [ -61.17303617, 6.49866012 ], [ -61.1729583, 6.49767433 ], [ -61.17296176, 6.49671591 ], [ -61.17331643, 6.49613855 ], [ -61.17394209, 6.49558927 ], [ -61.17461238, 6.49522096 ], [ -61.17527261, 6.49511483 ], [ -61.17624952, 6.49493755 ], [ -61.17773485, 6.49413818 ], [ -61.18093875, 6.49305566 ], [ -61.18191663, 6.4926161 ], [ -61.18238879, 6.49203011 ], [ -61.1823093, 6.49148733 ], [ -61.18224007, 6.49063716 ], [ -61.18239766, 6.48954367 ], [ -61.18270787, 6.48874014 ], [ -61.18326213, 6.48793739 ], [ -61.18407802, 6.48728032 ], [ -61.18448168, 6.48562717 ], [ -61.1838679, 6.48538081 ], [ -61.18313721, 6.48495332 ], [ -61.1820091, 6.48446102 ], [ -61.18068089, 6.48428441 ], [ -61.17964034, 6.48458811 ], [ -61.17878917, 6.48498294 ], [ -61.17798413, 6.48514276 ], [ -61.17717975, 6.48511276 ], [ -61.17634962, 6.48468479 ], [ -61.17524027, 6.48399369 ], [ -61.1747453, 6.48339517 ], [ -61.17472001, 6.48288877 ], [ -61.17501128, 6.48231116 ], [ -61.17602638, 6.48155527 ], [ -61.1770212, 6.48143226 ], [ -61.17792537, 6.48134513 ], [ -61.17851412, 6.48103074 ], [ -61.17903984, 6.48061668 ], [ -61.17951211, 6.47999455 ], [ -61.17958654, 6.47939807 ], [ -61.18013167, 6.4786225 ], [ -61.18067633, 6.47800049 ], [ -61.18108532, 6.47737812 ], [ -61.18097147, 6.47633794 ], [ -61.18090235, 6.4754517 ], [ -61.18056948, 6.47500744 ], [ -61.17981973, 6.47486916 ], [ -61.1785805, 6.4751088 ], [ -61.17730716, 6.47476965 ], [ -61.17666725, 6.474252 ], [ -61.17612988, 6.47285775 ], [ -61.17585822, 6.4704788 ], [ -61.17557386, 6.4691216 ], [ -61.17500741, 6.46827867 ], [ -61.17364605, 6.46727924 ], [ -61.17206562, 6.46689378 ], [ -61.17073938, 6.46620188 ], [ -61.16828683, 6.4645114 ], [ -61.16672818, 6.46310431 ], [ -61.16480077, 6.46118969 ], [ -61.16350181, 6.46045259 ], [ -61.16202966, 6.4601309 ], [ -61.16056502, 6.46021602 ], [ -61.15867376, 6.46081493 ], [ -61.15737731, 6.46189521 ], [ -61.15694978, 6.46265321 ], [ -61.15680214, 6.46347538 ], [ -61.15686779, 6.4653382 ], [ -61.15676529, 6.46617862 ], [ -61.15641026, 6.46686457 ], [ -61.15619939, 6.4676865 ], [ -61.15526683, 6.46810811 ], [ -61.15479764, 6.46789849 ], [ -61.15434626, 6.46772498 ], [ -61.15380396, 6.46772304 ], [ -61.15342417, 6.46776684 ], [ -61.15290841, 6.46791876 ], [ -61.15222144, 6.46791626 ], [ -61.15156196, 6.46782337 ], [ -61.15111109, 6.46751439 ], [ -61.15085063, 6.4670704 ], [ -61.15087964, 6.46653705 ], [ -61.15092713, 6.46591339 ], [ -61.15094744, 6.46528962 ], [ -61.15074253, 6.46446607 ], [ -61.15043884, 6.46347039 ], [ -61.15001866, 6.46218503 ], [ -61.15006753, 6.46118161 ], [ -61.15080366, 6.46007219 ], [ -61.15250001, 6.45838764 ], [ -61.15347051, 6.45745986 ], [ -61.15437536, 6.45720089 ], [ -61.15522547, 6.45706837 ], [ -61.15598629, 6.45662807 ], [ -61.1561237, 6.45612225 ], [ -61.15599109, 6.45529906 ], [ -61.15535324, 6.45421177 ], [ -61.15405614, 6.45298644 ], [ -61.15325324, 6.45255855 ], [ -61.15249437, 6.45246542 ], [ -61.15138251, 6.45248851 ], [ -61.14996335, 6.45251952 ], [ -61.14854367, 6.45269527 ], [ -61.14781174, 6.45262935 ], [ -61.14724336, 6.45233791 ], [ -61.14684813, 6.45164934 ], [ -61.14670709, 6.45067235 ], [ -61.14713754, 6.44911881 ], [ -61.14768114, 6.44876811 ], [ -61.14839633, 6.44845435 ], [ -61.14914595, 6.44861073 ], [ -61.14997557, 6.44914718 ], [ -61.15106655, 6.44988346 ], [ -61.15172509, 6.45024751 ], [ -61.15229427, 6.45031286 ], [ -61.15276516, 6.45005241 ], [ -61.15292926, 6.44967322 ], [ -61.15285897, 6.44911241 ], [ -61.15269876, 6.44842471 ], [ -61.15223218, 6.44747367 ], [ -61.15192802, 6.44660453 ], [ -61.15197713, 6.44553784 ], [ -61.15266087, 6.44391287 ], [ -61.1537064, 6.44220784 ], [ -61.15394746, 6.44052701 ], [ -61.15367187, 6.43926018 ], [ -61.15289272, 6.43727736 ], [ -61.15188443, 6.43616154 ], [ -61.15105567, 6.43539007 ], [ -61.1504175, 6.43440224 ], [ -61.14968938, 6.43331467 ], [ -61.14903118, 6.43286924 ], [ -61.14839019, 6.43266802 ], [ -61.1476855, 6.43257508 ], [ -61.14688128, 6.43252698 ], [ -61.14585899, 6.43279447 ], [ -61.14486389, 6.4330531 ], [ -61.14410294, 6.43352042 ], [ -61.14351542, 6.43353635 ], [ -61.14309132, 6.43333597 ], [ -61.14259611, 6.43282784 ], [ -61.14249855, 6.43231211 ], [ -61.14276238, 6.43182483 ], [ -61.1433605, 6.43138395 ], [ -61.14416687, 6.43085343 ], [ -61.14513598, 6.43030543 ], [ -61.14662954, 6.42966894 ], [ -61.14775375, 6.42871459 ], [ -61.14816167, 6.42838158 ], [ -61.14830848, 6.42776733 ], [ -61.14823924, 6.42691715 ], [ -61.14805334, 6.42583153 ], [ -61.1482676, 6.42407828 ], [ -61.14784574, 6.42325397 ], [ -61.14730564, 6.4226553 ], [ -61.146721, 6.42187555 ], [ -61.14629867, 6.42118693 ], [ -61.14592255, 6.42022716 ], [ -61.14585319, 6.41941324 ], [ -61.14569684, 6.41765857 ], [ -61.1460248, 6.41692743 ], [ -61.14666884, 6.41627883 ], [ -61.14768305, 6.41573097 ], [ -61.14854337, 6.41527295 ], [ -61.14943851, 6.41515865 ], [ -61.15021533, 6.41527896 ], [ -61.15059276, 6.41587703 ], [ -61.15120437, 6.41672015 ], [ -61.15219314, 6.41821546 ], [ -61.15299427, 6.4191225 ], [ -61.15370581, 6.41981219 ], [ -61.15432041, 6.41979632 ], [ -61.15490914, 6.41946398 ], [ -61.15569739, 6.41891527 ], [ -61.15619835, 6.4178502 ], [ -61.15570346, 6.41722456 ], [ -61.15461262, 6.41647017 ], [ -61.1537662, 6.41557198 ], [ -61.15337107, 6.41488345 ], [ -61.15346417, 6.41411528 ], [ -61.15391816, 6.41353829 ], [ -61.15465171, 6.41311596 ], [ -61.1557926, 6.41254143 ], [ -61.15671704, 6.41181231 ], [ -61.15707234, 6.41103609 ], [ -61.1568868, 6.40984195 ], [ -61.15630517, 6.40822139 ], [ -61.15624414, 6.40508379 ], [ -61.15590507, 6.40133039 ], [ -61.15586382, 6.40024524 ], [ -61.15620266, 6.3989988 ], [ -61.15670872, 6.39647803 ], [ -61.15647717, 6.39553687 ], [ -61.15610133, 6.39447767 ], [ -61.15600424, 6.39382636 ], [ -61.15631325, 6.39333919 ], [ -61.15679308, 6.39312398 ], [ -61.15764367, 6.39281957 ], [ -61.15863844, 6.39264233 ], [ -61.15927074, 6.39273497 ], [ -61.15960426, 6.39298034 ], [ -61.15960323, 6.39326963 ], [ -61.15924932, 6.39366621 ], [ -61.15865129, 6.39410711 ], [ -61.1580616, 6.39472883 ], [ -61.15803209, 6.39541585 ], [ -61.1583384, 6.39567919 ], [ -61.15879032, 6.39566276 ], [ -61.15947866, 6.39524023 ], [ -61.16025612, 6.39517975 ], [ -61.16123043, 6.39567147 ], [ -61.16266502, 6.39636372 ], [ -61.16396355, 6.39716397 ], [ -61.16470322, 6.39756442 ], [ -61.16521855, 6.39750299 ], [ -61.1656899, 6.3971249 ], [ -61.16586444, 6.39632991 ], [ -61.16610733, 6.39410659 ], [ -61.16580476, 6.39277637 ], [ -61.16533954, 6.39144566 ], [ -61.16432243, 6.39028466 ], [ -61.16354664, 6.38988416 ], [ -61.16306831, 6.38970154 ], [ -61.16264267, 6.3899442 ], [ -61.16231577, 6.39038606 ], [ -61.16159921, 6.39111586 ], [ -61.1607654, 6.39176385 ], [ -61.15972617, 6.39173299 ], [ -61.15873263, 6.39157579 ], [ -61.15800178, 6.39123861 ], [ -61.15705624, 6.39028583 ], [ -61.15649835, 6.3896148 ], [ -61.15649978, 6.38921695 ], [ -61.15689835, 6.38894717 ], [ -61.15754103, 6.38866011 ], [ -61.15858207, 6.3881756 ], [ -61.15936118, 6.38765399 ], [ -61.15988698, 6.38720384 ], [ -61.1600336, 6.38663478 ], [ -61.15996379, 6.38593828 ], [ -61.1592099, 6.38445275 ], [ -61.15860339, 6.38220833 ], [ -61.15876933, 6.3812957 ], [ -61.15917796, 6.38074565 ], [ -61.15970375, 6.38027737 ], [ -61.16029105, 6.38032473 ], [ -61.16078646, 6.38079659 ], [ -61.16177669, 6.38188517 ], [ -61.1627661, 6.38319969 ], [ -61.16335174, 6.38370808 ], [ -61.16396634, 6.3836922 ], [ -61.16484353, 6.38354164 ], [ -61.16557694, 6.3831645 ], [ -61.16591346, 6.38254183 ], [ -61.16582493, 6.38203518 ], [ -61.1654208, 6.38131941 ], [ -61.16481028, 6.38018709 ], [ -61.16446038, 6.37945349 ], [ -61.16422796, 6.37873842 ], [ -61.16397019, 6.37751686 ], [ -61.16382878, 6.37663034 ], [ -61.16275757, 6.375433 ], [ -61.16020958, 6.37275667 ], [ -61.15882198, 6.37157638 ], [ -61.15825412, 6.37117651 ], [ -61.15766746, 6.3709484 ], [ -61.15707224, 6.37059364 ], [ -61.15655891, 6.37010358 ], [ -61.15646127, 6.36959689 ], [ -61.15684335, 6.36891114 ], [ -61.15767805, 6.36798284 ], [ -61.16058597, 6.36601306 ], [ -61.16193737, 6.36464361 ], [ -61.16277387, 6.36320897 ], [ -61.16329304, 6.3620716 ], [ -61.16323559, 6.36043489 ], [ -61.16274198, 6.35945664 ], [ -61.16248284, 6.35863293 ], [ -61.16231412, 6.35779152 ], [ -61.16260529, 6.35723198 ], [ -61.16314775, 6.35717064 ], [ -61.16390676, 6.35719138 ], [ -61.16487547, 6.35670658 ], [ -61.16551767, 6.356537 ], [ -61.16627801, 6.35617809 ], [ -61.16691259, 6.35562882 ], [ -61.1672222, 6.35496077 ], [ -61.16706208, 6.35425502 ], [ -61.16661435, 6.35307806 ], [ -61.16655386, 6.35229117 ], [ -61.16684071, 6.35041159 ], [ -61.16769336, 6.3495014 ], [ -61.16895448, 6.34808631 ], [ -61.17085837, 6.34633901 ], [ -61.17156791, 6.34501244 ], [ -61.17159826, 6.34409934 ], [ -61.17110378, 6.34336516 ], [ -61.17043731, 6.34272088 ], [ -61.16992494, 6.34195963 ], [ -61.16954861, 6.34105412 ], [ -61.16969553, 6.34038562 ], [ -61.17016729, 6.33985381 ], [ -61.17075655, 6.33932243 ], [ -61.17158869, 6.33910831 ], [ -61.17230242, 6.33915602 ], [ -61.17267105, 6.33969079 ], [ -61.17300128, 6.34086742 ], [ -61.17325799, 6.34239635 ], [ -61.17351648, 6.34340087 ], [ -61.17436411, 6.34393733 ], [ -61.17502386, 6.34391243 ], [ -61.17590228, 6.34338207 ], [ -61.17647365, 6.34280541 ], [ -61.17654779, 6.34227222 ], [ -61.17564642, 6.34160903 ], [ -61.17470849, 6.3410723 ], [ -61.17421487, 6.34011216 ], [ -61.17393441, 6.3376248 ], [ -61.17415374, 6.33693833 ], [ -61.17475113, 6.33665116 ], [ -61.1760549, 6.33595045 ], [ -61.17761191, 6.33517838 ], [ -61.17885089, 6.33489333 ], [ -61.17998021, 6.33498779 ], [ -61.1808835, 6.33509944 ], [ -61.18168995, 6.33446031 ], [ -61.18188323, 6.33345737 ], [ -61.18164173, 6.33275124 ], [ -61.18070443, 6.33203371 ], [ -61.17833857, 6.33153716 ], [ -61.17607233, 6.33097767 ], [ -61.17451116, 6.33036644 ], [ -61.17324028, 6.32943068 ], [ -61.17090818, 6.3270446 ], [ -61.16810245, 6.32315585 ], [ -61.16643033, 6.32068168 ], [ -61.1644067, 6.31797108 ], [ -61.16372238, 6.31728153 ], [ -61.16335342, 6.31685528 ], [ -61.16363505, 6.31641322 ], [ -61.16425103, 6.31598148 ], [ -61.16477738, 6.31535937 ], [ -61.16497144, 6.31412142 ], [ -61.16535518, 6.31034341 ], [ -61.16524017, 6.30965587 ], [ -61.16469989, 6.30912054 ], [ -61.16378011, 6.30858384 ], [ -61.16302352, 6.30787587 ], [ -61.16262997, 6.3067172 ], [ -61.16285389, 6.30472883 ], [ -61.16285749, 6.30370717 ], [ -61.16262621, 6.30266658 ], [ -61.16236679, 6.30190619 ], [ -61.16173631, 6.30132535 ], [ -61.16102248, 6.30132282 ], [ -61.1601003, 6.30147328 ], [ -61.1595136, 6.30129945 ], [ -61.15891961, 6.30061021 ], [ -61.15890486, 6.29965175 ], [ -61.15919069, 6.29805242 ], [ -61.15862545, 6.2969022 ], [ -61.1574901, 6.29598496 ], [ -61.15631835, 6.29515804 ], [ -61.15556179, 6.29446823 ], [ -61.15480682, 6.29331729 ], [ -61.15433858, 6.29284548 ], [ -61.1536704, 6.29273465 ], [ -61.15280293, 6.29273159 ], [ -61.15173615, 6.29288152 ], [ -61.15075746, 6.29367363 ], [ -61.14860357, 6.29464252 ], [ -61.14703811, 6.295279 ], [ -61.14546557, 6.29536379 ], [ -61.14499598, 6.29528077 ], [ -61.14423891, 6.29474466 ], [ -61.14341216, 6.29344876 ], [ -61.14234913, 6.29254082 ], [ -61.14103143, 6.29211126 ], [ -61.13923619, 6.29130919 ], [ -61.1386958, 6.29081903 ], [ -61.13868877, 6.29025842 ], [ -61.13984985, 6.28897873 ], [ -61.14061027, 6.28857453 ], [ -61.14091911, 6.2881326 ], [ -61.14098577, 6.28715634 ], [ -61.14045384, 6.28427031 ], [ -61.14039085, 6.28165709 ], [ -61.13978103, 6.28036198 ], [ -61.13902486, 6.27958176 ], [ -61.13832139, 6.27920853 ], [ -61.13756295, 6.27904312 ], [ -61.13687515, 6.27935706 ], [ -61.1364939, 6.27986206 ], [ -61.13602421, 6.27981518 ], [ -61.13561848, 6.27956967 ], [ -61.13562093, 6.27888253 ], [ -61.13566924, 6.27799665 ], [ -61.13565545, 6.27679409 ], [ -61.13511552, 6.27617732 ], [ -61.13414191, 6.27555 ], [ -61.13378928, 6.27561204 ], [ -61.13302899, 6.2759891 ], [ -61.13160963, 6.27621011 ], [ -61.13035334, 6.27631411 ], [ -61.12936892, 6.27617491 ], [ -61.12830365, 6.27592705 ], [ -61.12743495, 6.27629465 ], [ -61.12652839, 6.2771322 ], [ -61.12551333, 6.27799659 ], [ -61.12489781, 6.27831087 ], [ -61.12430154, 6.27830873 ], [ -61.12373365, 6.27792695 ], [ -61.12285898, 6.27743556 ], [ -61.12212803, 6.27716165 ], [ -61.12165761, 6.27732278 ], [ -61.12096964, 6.27769095 ], [ -61.1203546, 6.27786965 ], [ -61.11974111, 6.27759614 ], [ -61.11776246, 6.27506652 ], [ -61.11627683, 6.27359657 ], [ -61.11597285, 6.27270034 ], [ -61.11624117, 6.27094735 ], [ -61.11785984, 6.26805085 ], [ -61.11980071, 6.26599637 ], [ -61.12039866, 6.26555548 ], [ -61.12105844, 6.26548553 ], [ -61.12150959, 6.265668 ], [ -61.12181487, 6.26620257 ], [ -61.12226501, 6.26664711 ], [ -61.1227349, 6.26663072 ], [ -61.12326028, 6.2662529 ], [ -61.12375967, 6.26556751 ], [ -61.12442373, 6.26432219 ], [ -61.12466615, 6.26221642 ], [ -61.12547297, 6.2614418 ], [ -61.1262822, 6.26000707 ], [ -61.12704444, 6.25909659 ], [ -61.12777747, 6.25874657 ], [ -61.1282289, 6.25885674 ], [ -61.12866939, 6.25948216 ], [ -61.12926454, 6.25981875 ], [ -61.12976166, 6.25974819 ], [ -61.13026003, 6.25935219 ], [ -61.13073442, 6.25806996 ], [ -61.13073432, 6.25555645 ], [ -61.13076119, 6.25307024 ], [ -61.13164647, 6.25055987 ], [ -61.13239067, 6.24707251 ], [ -61.13319964, 6.24313338 ], [ -61.13294403, 6.2413422 ], [ -61.13251376, 6.24037336 ], [ -61.13233883, 6.23872712 ], [ -61.13131565, 6.23682487 ], [ -61.13092082, 6.2360549 ], [ -61.13089567, 6.23549426 ], [ -61.13114112, 6.23508832 ], [ -61.13162074, 6.23486394 ], [ -61.13219032, 6.23475747 ], [ -61.13303119, 6.23455254 ], [ -61.13364637, 6.23433764 ], [ -61.1337835, 6.23388608 ], [ -61.13402924, 6.23337159 ], [ -61.13430274, 6.23267637 ], [ -61.13514657, 6.23165768 ], [ -61.13578091, 6.23109937 ], [ -61.13622605, 6.23042284 ], [ -61.13630054, 6.22979022 ], [ -61.13629018, 6.22759307 ], [ -61.13631296, 6.2262641 ], [ -61.13659562, 6.22552365 ], [ -61.13713927, 6.22507357 ], [ -61.13787195, 6.22483201 ], [ -61.13846936, 6.22449954 ], [ -61.13914885, 6.22395943 ], [ -61.1394215, 6.22349937 ], [ -61.13922951, 6.22159091 ], [ -61.13936788, 6.22077764 ], [ -61.13966853, 6.22004635 ], [ -61.13957106, 6.21952161 ], [ -61.13901363, 6.21874215 ], [ -61.13785262, 6.21746318 ], [ -61.13690371, 6.21498244 ], [ -61.13601193, 6.21424701 ], [ -61.13470232, 6.2141339 ], [ -61.13324794, 6.21409264 ], [ -61.13259049, 6.21349359 ], [ -61.13229472, 6.21282342 ], [ -61.13253797, 6.21044646 ], [ -61.13227896, 6.20961369 ], [ -61.13184763, 6.20895216 ], [ -61.13069275, 6.20850504 ], [ -61.12954591, 6.20836542 ], [ -61.12873111, 6.20885079 ], [ -61.12833118, 6.20955457 ], [ -61.12830115, 6.21037724 ], [ -61.12879318, 6.21176227 ], [ -61.12888999, 6.2124679 ], [ -61.12851826, 6.21286442 ], [ -61.12774107, 6.212934 ], [ -61.12712742, 6.21272383 ], [ -61.12638781, 6.21238672 ], [ -61.12581067, 6.21208628 ], [ -61.12499797, 6.21197492 ], [ -61.12461947, 6.21171136 ], [ -61.12462068, 6.21137687 ], [ -61.12494741, 6.21096211 ], [ -61.12549965, 6.21062949 ], [ -61.12614269, 6.21017066 ], [ -61.12747761, 6.20821348 ], [ -61.12794324, 6.20683174 ], [ -61.12859548, 6.20632772 ], [ -61.12943703, 6.2059419 ], [ -61.13000762, 6.2055371 ], [ -61.13033531, 6.20482396 ], [ -61.13015807, 6.20385589 ], [ -61.12960047, 6.20314872 ], [ -61.12872725, 6.20226861 ], [ -61.12767692, 6.20036627 ], [ -61.12690242, 6.19967642 ], [ -61.12620822, 6.19928516 ], [ -61.12555786, 6.19923766 ], [ -61.12474425, 6.19938846 ], [ -61.12400275, 6.19959378 ], [ -61.12335291, 6.1994197 ], [ -61.1230107, 6.19912018 ], [ -61.12271462, 6.1985404 ], [ -61.12270091, 6.19731078 ], [ -61.12368444, 6.19509009 ], [ -61.12437071, 6.19261517 ], [ -61.12506857, 6.19196668 ], [ -61.126262, 6.19169057 ], [ -61.12796961, 6.19164232 ], [ -61.12941435, 6.19184639 ], [ -61.1302336, 6.19265389 ], [ -61.13080168, 6.19295432 ], [ -61.13116362, 6.19280182 ], [ -61.13152666, 6.19230591 ], [ -61.13200421, 6.19008332 ], [ -61.13253474, 6.1882227 ], [ -61.13253695, 6.18759888 ], [ -61.13234043, 6.18696522 ], [ -61.13181889, 6.18625818 ], [ -61.13142502, 6.18524415 ], [ -61.13119358, 6.18425783 ], [ -61.13133155, 6.18355312 ], [ -61.13195632, 6.1831394 ], [ -61.13247193, 6.18294231 ], [ -61.13298853, 6.18247398 ], [ -61.13358771, 6.1816171 ], [ -61.13379133, 6.18023454 ], [ -61.13422743, 6.17953077 ], [ -61.13467148, 6.17912555 ], [ -61.13538566, 6.17897427 ], [ -61.13596317, 6.17916621 ], [ -61.1364588, 6.17952052 ], [ -61.13720608, 6.18023745 ], [ -61.13873548, 6.18206912 ], [ -61.14244426, 6.18325746 ], [ -61.14590367, 6.18341426 ], [ -61.14994079, 6.18372663 ], [ -61.15144936, 6.18376801 ], [ -61.15272035, 6.18455908 ], [ -61.15404574, 6.18533219 ], [ -61.15510067, 6.18591447 ], [ -61.15581358, 6.18613401 ], [ -61.15690758, 6.18587552 ], [ -61.15867936, 6.18556529 ], [ -61.15985427, 6.18542461 ], [ -61.16070281, 6.18560843 ], [ -61.1612797, 6.18599013 ], [ -61.16172041, 6.18655221 ], [ -61.16198853, 6.187385 ], [ -61.16232961, 6.18802809 ], [ -61.16264483, 6.18832761 ], [ -61.16320452, 6.188438 ], [ -61.16365657, 6.18834916 ], [ -61.16397496, 6.18770836 ], [ -61.16444655, 6.18717652 ], [ -61.16490752, 6.18709665 ], [ -61.16586263, 6.18783238 ], [ -61.16645812, 6.18804235 ], [ -61.16727288, 6.18757498 ], [ -61.16856834, 6.18653064 ], [ -61.16888654, 6.185935 ], [ -61.16900606, 6.18533868 ], [ -61.16917066, 6.18474252 ], [ -61.1695329, 6.18449968 ], [ -61.16993019, 6.18456431 ], [ -61.1702995, 6.18488197 ], [ -61.17065819, 6.18566083 ], [ -61.17078999, 6.18674629 ], [ -61.17096692, 6.18783187 ], [ -61.17152494, 6.18844861 ], [ -61.17266864, 6.18951039 ], [ -61.174003, 6.19028348 ], [ -61.17504916, 6.19081148 ], [ -61.17614288, 6.19066155 ], [ -61.17696711, 6.19003148 ], [ -61.17806581, 6.18839875 ], [ -61.1799827, 6.18528594 ], [ -61.1813636, 6.1830122 ], [ -61.1815276, 6.18260585 ], [ -61.18194403, 6.18234504 ], [ -61.18252214, 6.18238315 ], [ -61.18331626, 6.18263006 ], [ -61.18391237, 6.18268634 ], [ -61.1842649, 6.18261522 ], [ -61.18436539, 6.18229002 ], [ -61.18423113, 6.18191892 ], [ -61.18388889, 6.18161933 ], [ -61.1834205, 6.18121083 ], [ -61.18304297, 6.18064897 ], [ -61.18288215, 6.18012401 ], [ -61.18306387, 6.17980824 ], [ -61.18338071, 6.17963746 ], [ -61.18419294, 6.17988437 ], [ -61.18445519, 6.17981298 ], [ -61.18473599, 6.17958784 ], [ -61.1847912, 6.1792716 ], [ -61.18463969, 6.17867427 ], [ -61.18429788, 6.17824822 ], [ -61.18398316, 6.17779504 ], [ -61.18374936, 6.17747775 ], [ -61.18376861, 6.17714327 ], [ -61.18428384, 6.17705461 ], [ -61.18468105, 6.17714636 ], [ -61.18509626, 6.17723827 ], [ -61.18539482, 6.17711264 ], [ -61.18555834, 6.17685104 ], [ -61.1855232, 6.17655251 ], [ -61.1853256, 6.17621732 ], [ -61.18498348, 6.17588159 ], [ -61.1848493, 6.17548327 ], [ -61.18503075, 6.17525789 ], [ -61.18546423, 6.17530457 ], [ -61.1860423, 6.17532462 ], [ -61.18645837, 6.17517235 ], [ -61.18685671, 6.17492955 ], [ -61.18687631, 6.17448655 ], [ -61.18662435, 6.17418735 ], [ -61.18620081, 6.17388753 ], [ -61.18629261, 6.17344477 ], [ -61.18623078, 6.17302871 ], [ -61.18590717, 6.17256648 ], [ -61.18582825, 6.17185185 ], [ -61.18606498, 6.17130112 ], [ -61.18661827, 6.1706701 ], [ -61.18697161, 6.17036396 ], [ -61.18703621, 6.16995727 ], [ -61.18683042, 6.16937791 ], [ -61.1861552, 6.16868839 ], [ -61.18546343, 6.16755586 ], [ -61.18528649, 6.16646121 ], [ -61.18531567, 6.16585553 ], [ -61.18500037, 6.16557422 ], [ -61.18470197, 6.16565455 ], [ -61.1845293, 6.16596134 ], [ -61.18431995, 6.16643082 ], [ -61.1838227, 6.16656472 ], [ -61.18347042, 6.1665364 ], [ -61.18320939, 6.16625525 ], [ -61.18318372, 6.16584828 ], [ -61.18326675, 6.16532414 ], [ -61.18362044, 6.16490941 ], [ -61.18359516, 6.16439397 ], [ -61.18318979, 6.16405807 ], [ -61.18280194, 6.16386684 ], [ -61.18227797, 6.16386504 ], [ -61.18195335, 6.16370122 ], [ -61.1813141, 6.16306613 ], [ -61.18126214, 6.16240597 ], [ -61.18155491, 6.16133102 ], [ -61.18161204, 6.16045411 ], [ -61.18127167, 6.15959399 ], [ -61.18097484, 6.15921329 ], [ -61.18144666, 6.15860903 ], [ -61.18194512, 6.15814054 ], [ -61.18253562, 6.1571571 ], [ -61.18245059, 6.15561067 ], [ -61.18277975, 6.15443629 ], [ -61.18272755, 6.15385748 ], [ -61.18231319, 6.15349444 ], [ -61.18181684, 6.15335706 ], [ -61.18146551, 6.15305755 ], [ -61.18146712, 6.15258741 ], [ -61.18211306, 6.15124236 ], [ -61.18267494, 6.15071982 ], [ -61.18320008, 6.15036 ], [ -61.18367157, 6.14984624 ], [ -61.18385539, 6.14893365 ], [ -61.18520648, 6.14742822 ], [ -61.18623088, 6.14635577 ], [ -61.18664861, 6.14569714 ], [ -61.18705569, 6.14553579 ], [ -61.18752448, 6.14581764 ], [ -61.18796592, 6.14617178 ], [ -61.18849175, 6.14562202 ], [ -61.18852063, 6.14507963 ], [ -61.18835065, 6.14458176 ], [ -61.18823503, 6.14405695 ], [ -61.18838085, 6.14366862 ], [ -61.18925727, 6.14361735 ], [ -61.18976257, 6.14379084 ], [ -61.19002577, 6.14343011 ], [ -61.18988303, 6.14290519 ], [ -61.18923527, 6.14210731 ], [ -61.18853457, 6.14094761 ], [ -61.18839339, 6.1399616 ], [ -61.18852441, 6.13861478 ], [ -61.18852683, 6.13790051 ], [ -61.18817641, 6.13734782 ], [ -61.18783354, 6.13721102 ], [ -61.18744637, 6.13684804 ], [ -61.18742086, 6.13637778 ], [ -61.18812655, 6.13605473 ], [ -61.18880478, 6.13583996 ], [ -61.1899429, 6.13587093 ], [ -61.19166879, 6.13570498 ], [ -61.19267254, 6.13538282 ], [ -61.19334075, 6.13546642 ], [ -61.19398987, 6.13585744 ], [ -61.19477457, 6.13621274 ], [ -61.19556936, 6.13624252 ], [ -61.19635569, 6.13613669 ], [ -61.19691614, 6.1360029 ], [ -61.19755937, 6.13545352 ], [ -61.19782276, 6.13503855 ], [ -61.1981753, 6.13495827 ], [ -61.19859028, 6.1351315 ], [ -61.19896884, 6.13537688 ], [ -61.19937343, 6.1359569 ], [ -61.19986743, 6.1368085 ], [ -61.20033513, 6.13741588 ], [ -61.20089384, 6.13780658 ], [ -61.2017704, 6.1377191 ], [ -61.20188921, 6.1373126 ], [ -61.20183638, 6.13689647 ], [ -61.20160317, 6.13639842 ], [ -61.20148799, 6.13573799 ], [ -61.20142674, 6.13514105 ], [ -61.20084352, 6.13395462 ], [ -61.20081989, 6.13293285 ], [ -61.20065038, 6.13227216 ], [ -61.20044529, 6.13147584 ], [ -61.20056515, 6.13076196 ], [ -61.20103727, 6.1300492 ], [ -61.20106775, 6.12902758 ], [ -61.20166838, 6.12770953 ], [ -61.20240395, 6.12655466 ], [ -61.20267008, 6.12531679 ], [ -61.20361438, 6.12383706 ], [ -61.204611, 6.1229634 ], [ -61.20531662, 6.1226583 ], [ -61.20572472, 6.12217143 ], [ -61.20555505, 6.12159219 ], [ -61.2050602, 6.12098473 ], [ -61.20450287, 6.12016005 ], [ -61.20429925, 6.11892066 ], [ -61.2049177, 6.11765692 ], [ -61.2059783, 6.11655737 ], [ -61.20642355, 6.11576315 ], [ -61.20686742, 6.11538483 ], [ -61.20730085, 6.11544054 ], [ -61.20748056, 6.11571243 ], [ -61.20762397, 6.11604749 ], [ -61.20793953, 6.11623839 ], [ -61.20840834, 6.11651114 ], [ -61.20896807, 6.11659448 ], [ -61.20943735, 6.11674065 ], [ -61.21005004, 6.11720386 ], [ -61.21084252, 6.11794786 ], [ -61.2115732, 6.11825775 ], [ -61.21226905, 6.11815158 ], [ -61.21292043, 6.11784628 ], [ -61.21332922, 6.1171605 ], [ -61.21327714, 6.11652733 ], [ -61.21288994, 6.11614635 ], [ -61.21248474, 6.1157562 ], [ -61.21207973, 6.11532082 ], [ -61.21213522, 6.11493218 ], [ -61.2124614, 6.11462591 ], [ -61.21293071, 6.11474498 ], [ -61.2135969, 6.11543435 ], [ -61.21415463, 6.11615055 ], [ -61.2142962, 6.11702804 ], [ -61.21438392, 6.11782403 ], [ -61.21476147, 6.11837686 ], [ -61.21537482, 6.1186501 ], [ -61.21657368, 6.11943169 ], [ -61.21748355, 6.1201761 ], [ -61.21834379, 6.12226764 ], [ -61.21903227, 6.12441284 ], [ -61.21953131, 6.12647604 ], [ -61.21998631, 6.12821362 ], [ -61.22040018, 6.12870319 ], [ -61.22077898, 6.1288763 ], [ -61.22118661, 6.12854305 ], [ -61.22180181, 6.12824678 ], [ -61.22230795, 6.12816701 ], [ -61.22285835, 6.12838588 ], [ -61.22344475, 6.12860479 ], [ -61.22394177, 6.1285522 ], [ -61.22429567, 6.12805603 ], [ -61.22436184, 6.12717927 ], [ -61.22448121, 6.12660088 ], [ -61.22500572, 6.12641278 ], [ -61.22550166, 6.12668574 ], [ -61.22605935, 6.12740185 ], [ -61.22658332, 6.12740357 ], [ -61.22716977, 6.12760438 ], [ -61.2273768, 6.12784928 ], [ -61.22742924, 6.12837385 ], [ -61.22745437, 6.12897976 ], [ -61.22789529, 6.12949658 ], [ -61.2283642, 6.12975125 ], [ -61.22879814, 6.12964422 ], [ -61.22926907, 6.12928416 ], [ -61.2298572, 6.12898765 ], [ -61.23044452, 6.12893536 ], [ -61.23105994, 6.12860282 ], [ -61.23176708, 6.12783659 ], [ -61.23238486, 6.12676268 ], [ -61.23309279, 6.12575228 ], [ -61.23385472, 6.1247873 ], [ -61.2338229, 6.12348521 ], [ -61.2335002, 6.12271551 ], [ -61.2333873, 6.12134075 ], [ -61.23406883, 6.12010427 ], [ -61.23553741, 6.11851772 ], [ -61.23656021, 6.11791527 ], [ -61.23705885, 6.11733824 ], [ -61.23735888, 6.11676054 ], [ -61.23765055, 6.11596576 ], [ -61.23783449, 6.11495368 ], [ -61.23807027, 6.1146742 ], [ -61.2383858, 6.11486508 ], [ -61.23885364, 6.11544529 ], [ -61.23941262, 6.11578171 ], [ -61.23984632, 6.11575601 ], [ -61.23988433, 6.11517743 ], [ -61.24006097, 6.1136409 ], [ -61.23983023, 6.1123742 ], [ -61.24006653, 6.111932 ], [ -61.24044593, 6.11193325 ], [ -61.24074285, 6.11229582 ], [ -61.24103081, 6.11262231 ], [ -61.24143694, 6.11273212 ], [ -61.24202537, 6.11235426 ], [ -61.24291349, 6.1114711 ], [ -61.24369989, 6.11131084 ], [ -61.24437662, 6.11153915 ], [ -61.24510788, 6.11167715 ], [ -61.24595735, 6.11157143 ], [ -61.24700342, 6.11211737 ], [ -61.247878, 6.11261751 ], [ -61.24823051, 6.11256441 ], [ -61.24849332, 6.11229396 ], [ -61.24929003, 6.11174501 ], [ -61.24984141, 6.1116383 ], [ -61.25042886, 6.11155885 ], [ -61.25089878, 6.11150615 ], [ -61.25177232, 6.11230462 ], [ -61.25288042, 6.11323958 ], [ -61.2555744, 6.11539127 ], [ -61.25651189, 6.1160001 ], [ -61.25718027, 6.11602938 ], [ -61.25835668, 6.11540027 ], [ -61.25920727, 6.11494188 ], [ -61.2594169, 6.11436386 ], [ -61.25965293, 6.11400291 ], [ -61.26005985, 6.11386864 ], [ -61.26043809, 6.11423157 ], [ -61.2605543, 6.11461174 ], [ -61.26081569, 6.11480242 ], [ -61.26111416, 6.11466777 ], [ -61.26154838, 6.11447926 ], [ -61.26187385, 6.11439893 ], [ -61.26239669, 6.11472616 ], [ -61.2626949, 6.1147 ], [ -61.26304793, 6.11448409 ], [ -61.26310361, 6.11401406 ], [ -61.26284368, 6.1133803 ], [ -61.26296226, 6.1130281 ], [ -61.26328821, 6.11280307 ], [ -61.26360453, 6.11274984 ], [ -61.26398366, 6.11283241 ], [ -61.26451573, 6.11311448 ], [ -61.26501187, 6.11333305 ], [ -61.26530089, 6.11333398 ], [ -61.26557258, 6.11311788 ], [ -61.26597953, 6.1129835 ], [ -61.26633167, 6.11303897 ], [ -61.26659324, 6.11317541 ], [ -61.26694478, 6.11339352 ], [ -61.26744252, 6.11312392 ], [ -61.26732611, 6.11278896 ], [ -61.26732708, 6.11249051 ], [ -61.26741861, 6.11212918 ], [ -61.26774471, 6.11183181 ], [ -61.26820559, 6.11177907 ], [ -61.26864937, 6.11141878 ], [ -61.26865041, 6.11109331 ], [ -61.26841655, 6.11078511 ], [ -61.26803846, 6.11037695 ], [ -61.26797631, 6.11004228 ], [ -61.26806754, 6.10977127 ], [ -61.26839331, 6.10958245 ], [ -61.26882681, 6.10961097 ], [ -61.26933258, 6.10963971 ], [ -61.26980258, 6.10955986 ], [ -61.27026409, 6.10930813 ], [ -61.27032839, 6.10898288 ], [ -61.2699779, 6.10840307 ], [ -61.26995186, 6.1080684 ], [ -61.27018769, 6.10777081 ], [ -61.27030686, 6.10724673 ], [ -61.27024571, 6.10658639 ], [ -61.26989433, 6.10631404 ], [ -61.26946179, 6.10597807 ], [ -61.26902066, 6.10551552 ], [ -61.26893196, 6.10499077 ], [ -61.26902394, 6.10449376 ], [ -61.26937722, 6.10416944 ], [ -61.26987417, 6.1041439 ], [ -61.2701084, 6.1043345 ], [ -61.27036863, 6.10488691 ], [ -61.27060178, 6.10540306 ], [ -61.27095302, 6.10573877 ], [ -61.27124229, 6.10565832 ], [ -61.27159587, 6.10527064 ], [ -61.27189612, 6.10461154 ], [ -61.27186402, 6.10334549 ], [ -61.27172339, 6.10211536 ], [ -61.27107931, 6.10014208 ], [ -61.27122866, 6.09863253 ], [ -61.27231868, 6.09676436 ], [ -61.27366926, 6.09528574 ], [ -61.2743755, 6.09476355 ], [ -61.27481767, 6.09490058 ], [ -61.27513149, 6.09565215 ], [ -61.27583162, 6.09705586 ], [ -61.27648031, 6.0975733 ], [ -61.2769767, 6.09771956 ], [ -61.27729338, 6.0975488 ], [ -61.27741216, 6.09711514 ], [ -61.27706296, 6.0961465 ], [ -61.27672158, 6.09556673 ], [ -61.27672487, 6.09452687 ], [ -61.27676417, 6.09070222 ], [ -61.27729984, 6.08699665 ], [ -61.27779959, 6.08608496 ], [ -61.27838833, 6.08557144 ], [ -61.2791472, 6.08554674 ], [ -61.27987858, 6.08563053 ], [ -61.28058384, 6.08540667 ], [ -61.28284678, 6.0839309 ], [ -61.28439493, 6.08282366 ], [ -61.28448666, 6.08238084 ], [ -61.28418976, 6.08200021 ], [ -61.28383905, 6.08150179 ], [ -61.28404823, 6.08104128 ], [ -61.28442823, 6.08087063 ], [ -61.2848709, 6.08084489 ], [ -61.28519715, 6.08049334 ], [ -61.28516259, 6.07999592 ], [ -61.28513739, 6.07941716 ], [ -61.28567164, 6.07897578 ], [ -61.28631368, 6.07876073 ], [ -61.28710085, 6.07835639 ], [ -61.28783311, 6.07815973 ], [ -61.28869107, 6.07821669 ], [ -61.28918884, 6.0778928 ], [ -61.28968734, 6.07736993 ], [ -61.29015815, 6.07701871 ], [ -61.29112481, 6.07698562 ], [ -61.29176566, 6.0771323 ], [ -61.2922088, 6.07696193 ], [ -61.29261723, 6.07633929 ], [ -61.29256598, 6.07539872 ], [ -61.29200745, 6.07492678 ], [ -61.29116003, 6.07438156 ], [ -61.29001653, 6.07322058 ], [ -61.2898741, 6.07256007 ], [ -61.2902552, 6.07200969 ], [ -61.29087051, 6.07168609 ], [ -61.29169283, 6.07157117 ], [ -61.29283996, 6.07157477 ], [ -61.29371657, 6.07144194 ], [ -61.29444959, 6.07101019 ], [ -61.29521175, 6.06990946 ], [ -61.29683655, 6.06738272 ], [ -61.29779752, 6.06625548 ], [ -61.29964408, 6.06502242 ], [ -61.30088448, 6.06406789 ], [ -61.30143821, 6.0632196 ], [ -61.30185779, 6.06190071 ], [ -61.30179902, 6.06047191 ], [ -61.30148551, 6.05963902 ], [ -61.30113479, 6.05912252 ], [ -61.30057595, 6.05875903 ], [ -61.30008087, 6.05820591 ], [ -61.29999258, 6.05754559 ], [ -61.30105365, 6.05620167 ], [ -61.30225636, 6.05574427 ], [ -61.30336734, 6.05574773 ], [ -61.30433396, 6.05571457 ], [ -61.30539098, 6.05563651 ], [ -61.3062946, 6.05553076 ], [ -61.30697209, 6.05550573 ], [ -61.30793871, 6.05548164 ], [ -61.30869901, 6.05495955 ], [ -61.30917047, 6.05439136 ], [ -61.30985264, 6.05287436 ], [ -61.30997392, 6.05163596 ], [ -61.30959696, 6.05083904 ], [ -61.30912982, 6.0500148 ], [ -61.30944962, 6.04885837 ], [ -61.30950735, 6.0477011 ], [ -61.30997968, 6.04685262 ], [ -61.31080344, 6.04627647 ], [ -61.31162622, 6.04600774 ], [ -61.31241303, 6.04567565 ], [ -61.31323621, 6.0452984 ], [ -61.31377091, 6.04469424 ], [ -61.31438994, 6.04315895 ], [ -61.31512921, 6.04065651 ], [ -61.31530875, 6.03809809 ], [ -61.31578419, 6.03622781 ], [ -61.31667544, 6.03424124 ], [ -61.31711596, 6.03198206 ], [ -61.31758894, 6.03091651 ], [ -61.31829556, 6.0302314 ], [ -61.31920831, 6.0300715 ], [ -61.31994002, 6.03004663 ], [ -61.32055429, 6.03001236 ], [ -61.32128657, 6.02979764 ], [ -61.32181149, 6.02944657 ], [ -61.32254406, 6.02914135 ], [ -61.32345713, 6.02887293 ], [ -61.32428127, 6.02813393 ], [ -61.32475571, 6.02658912 ], [ -61.32542911, 6.02494549 ], [ -61.32701646, 6.02275307 ], [ -61.3294015, 6.01960458 ], [ -61.32982762, 6.01908142 ], [ -61.33018809, 6.01933574 ], [ -61.3303938, 6.01999645 ], [ -61.33016604, 6.02065584 ], [ -61.32973982, 6.0212061 ], [ -61.32925959, 6.02171102 ], [ -61.3287704, 6.02219782 ], [ -61.32829913, 6.02271179 ], [ -61.32789994, 6.02328929 ], [ -61.32766314, 6.0239396 ], [ -61.32759781, 6.02462666 ], [ -61.3276408, 6.02532305 ], [ -61.32772001, 6.02601952 ], [ -61.32779015, 6.02670701 ], [ -61.32779703, 6.02740326 ], [ -61.32764145, 6.02808095 ], [ -61.3273144, 6.02869482 ], [ -61.32691523, 6.02926324 ], [ -61.32647103, 6.02979537 ], [ -61.32599976, 6.03030934 ], [ -61.32550156, 6.03079613 ], [ -61.32498524, 6.03126476 ], [ -61.324469, 6.03172434 ], [ -61.32395276, 6.03219297 ], [ -61.32343648, 6.0326616 ], [ -61.32257578, 6.03350897 ], [ -61.32255562, 6.03420511 ], [ -61.32249029, 6.03489213 ], [ -61.32243391, 6.03558817 ], [ -61.32243179, 6.03628449 ], [ -61.32257421, 6.03696308 ], [ -61.32295182, 6.03754296 ], [ -61.32341994, 6.03805981 ], [ -61.32391517, 6.03854057 ], [ -61.32444673, 6.03899435 ], [ -61.32499635, 6.03942105 ], [ -61.32558234, 6.03980256 ], [ -61.32619551, 6.04013001 ], [ -61.32683601, 6.04039425 ], [ -61.32751297, 6.04054096 ], [ -61.32820859, 6.04051598 ], [ -61.32885962, 6.04028282 ], [ -61.32945687, 6.03992303 ], [ -61.33000016, 6.03949065 ], [ -61.3305164, 6.03902202 ], [ -61.33100561, 6.03853522 ], [ -61.33149492, 6.03803938 ], [ -61.33198412, 6.03754353 ], [ -61.33250958, 6.03704779 ], [ -61.33301671, 6.03661531 ], [ -61.33358699, 6.03621021 ], [ -61.33419309, 6.03587747 ], [ -61.33482626, 6.03559 ], [ -61.33547732, 6.03534791 ], [ -61.33613739, 6.03512387 ], [ -61.33679742, 6.03491788 ], [ -61.33745737, 6.03470288 ], [ -61.33812651, 6.03446979 ], [ -61.33880429, 6.03434529 ], [ -61.33949099, 6.03425696 ], [ -61.34018674, 6.03418677 ], [ -61.34088241, 6.03411654 ], [ -61.34156919, 6.03401909 ], [ -61.34224707, 6.03387649 ], [ -61.34290702, 6.03366152 ], [ -61.3432653, 6.0334913 ], [ -61.34353122, 6.03336496 ], [ -61.34411045, 6.03296886 ], [ -61.34466272, 6.03254559 ], [ -61.34519698, 6.03210411 ], [ -61.34571316, 6.03164451 ], [ -61.34622042, 6.03116681 ], [ -61.34671872, 6.03068 ], [ -61.34719893, 6.03017509 ], [ -61.34767915, 6.02967015 ], [ -61.34814137, 6.02915613 ], [ -61.34861262, 6.02864214 ], [ -61.34907487, 6.02811907 ], [ -61.34953701, 6.02760505 ], [ -61.34999929, 6.02708198 ], [ -61.35046143, 6.02656795 ], [ -61.35093264, 6.02605396 ], [ -61.35140385, 6.02554898 ], [ -61.35197466, 6.02496294 ], [ -61.35246098, 6.02545273 ], [ -61.35293812, 6.02596958 ], [ -61.35340626, 6.02647739 ], [ -61.35390154, 6.02696717 ], [ -61.35445125, 6.02739385 ], [ -61.35510082, 6.02763992 ], [ -61.35569804, 6.0272891 ], [ -61.35625025, 6.02687479 ], [ -61.35664597, 6.02744567 ], [ -61.35661675, 6.02814181 ], [ -61.35654245, 6.0288288 ], [ -61.35646809, 6.02952492 ], [ -61.35640227, 6.03038371 ], [ -61.35610232, 6.03100679 ], [ -61.3557753, 6.03162067 ], [ -61.35546631, 6.03224368 ], [ -61.3551844, 6.0328848 ], [ -61.35500178, 6.03355339 ], [ -61.35527082, 6.03419629 ], [ -61.35596628, 6.0341984 ], [ -61.35636538, 6.03363896 ], [ -61.35672851, 6.03304317 ], [ -61.35709153, 6.03244747 ], [ -61.3574817, 6.03186995 ], [ -61.35796191, 6.03137404 ], [ -61.35863985, 6.03119527 ], [ -61.35927132, 6.03146841 ], [ -61.35984822, 6.03185896 ], [ -61.36042512, 6.03224955 ], [ -61.36104748, 6.03254978 ], [ -61.36169856, 6.03228956 ], [ -61.36203461, 6.03167567 ], [ -61.36237963, 6.03107991 ], [ -61.36289303, 6.0315517 ], [ -61.36299936, 6.03223922 ], [ -61.3631328, 6.03292681 ], [ -61.36344714, 6.03354263 ], [ -61.36412414, 6.03368039 ], [ -61.36469439, 6.03328419 ], [ -61.36495818, 6.03264299 ], [ -61.36498739, 6.03194673 ], [ -61.36495516, 6.03064455 ], [ -61.36565086, 6.03057432 ], [ -61.36634642, 6.03054928 ], [ -61.36704195, 6.0305423 ], [ -61.36773754, 6.03052631 ], [ -61.36843306, 6.03049222 ], [ -61.3691198, 6.03039474 ], [ -61.36977981, 6.03019779 ], [ -61.37029604, 6.02972912 ], [ -61.3703071, 6.0290329 ], [ -61.37012847, 6.02836323 ], [ -61.3698956, 6.02770239 ], [ -61.36968083, 6.02704166 ], [ -61.36952928, 6.02636305 ], [ -61.36967588, 6.02567615 ], [ -61.37018303, 6.02520755 ], [ -61.37081617, 6.02492004 ], [ -61.37124812, 6.02545482 ], [ -61.37120995, 6.02615097 ], [ -61.37126208, 6.02684747 ], [ -61.37173927, 6.02735529 ], [ -61.37242597, 6.02727586 ], [ -61.37269882, 6.02663469 ], [ -61.37284534, 6.02595695 ], [ -61.37296483, 6.02527009 ], [ -61.37307524, 6.02458313 ], [ -61.3732481, 6.02416776 ], [ -61.37521739, 6.03016881 ], [ -61.37535088, 6.03084738 ], [ -61.3754663, 6.03153494 ], [ -61.37557261, 6.03222256 ], [ -61.3757151, 6.03290114 ], [ -61.37590284, 6.03357085 ], [ -61.37617187, 6.03421373 ], [ -61.3765043, 6.03482057 ], [ -61.3768819, 6.03540945 ], [ -61.37730475, 6.03596229 ], [ -61.37778203, 6.03647011 ], [ -61.37832267, 6.03690577 ], [ -61.37892687, 6.03724209 ], [ -61.37955821, 6.03753337 ], [ -61.38019873, 6.03780651 ], [ -61.3808484, 6.03805262 ], [ -61.38149802, 6.03828961 ], [ -61.38215676, 6.03849961 ], [ -61.3828246, 6.03870052 ], [ -61.38350151, 6.0388743 ], [ -61.38417845, 6.03903913 ], [ -61.38485554, 6.03916771 ], [ -61.38554173, 6.03927823 ], [ -61.38622788, 6.03937974 ], [ -61.38691476, 6.03923711 ], [ -61.38713352, 6.03857766 ], [ -61.38730714, 6.03789991 ], [ -61.38800278, 6.03784771 ], [ -61.38849818, 6.03832845 ], [ -61.38910239, 6.03866487 ], [ -61.38971753, 6.03834112 ], [ -61.3904064, 6.03754743 ], [ -61.39103772, 6.03785671 ], [ -61.391651, 6.03816599 ], [ -61.39205591, 6.03872783 ], [ -61.39207188, 6.03942411 ], [ -61.39195245, 6.04011108 ], [ -61.39182395, 6.04079791 ], [ -61.39179482, 6.04149409 ], [ -61.3920639, 6.04212785 ], [ -61.39251396, 6.04266269 ], [ -61.39301836, 6.04314346 ], [ -61.39355906, 6.0435791 ], [ -61.39411789, 6.04399673 ], [ -61.39468579, 6.04438728 ], [ -61.39527177, 6.04476871 ], [ -61.39585786, 6.04514124 ], [ -61.39643483, 6.04552275 ], [ -61.3975165, 6.04628547 ], [ -61.3979847, 6.04680228 ], [ -61.3984438, 6.0473191 ], [ -61.39874915, 6.04794391 ], [ -61.39869288, 6.0486401 ], [ -61.39851031, 6.0493087 ], [ -61.39838182, 6.04999553 ], [ -61.3986871, 6.05062045 ], [ -61.39924591, 6.05103799 ], [ -61.399841, 6.05139242 ], [ -61.40047248, 6.05168367 ], [ -61.40112206, 6.05193877 ], [ -61.40178996, 6.05213057 ], [ -61.402467, 6.05227733 ], [ -61.40315383, 6.05216171 ], [ -61.40340865, 6.05152045 ], [ -61.40366344, 6.05087014 ], [ -61.4041887, 6.05041952 ], [ -61.40479492, 6.05007766 ], [ -61.40540113, 6.04973587 ], [ -61.40601627, 6.04942113 ], [ -61.40664041, 6.04910655 ], [ -61.40726463, 6.04880086 ], [ -61.40789781, 6.04850429 ], [ -61.40853089, 6.0482168 ], [ -61.40915507, 6.04792924 ], [ -61.40978814, 6.04764175 ], [ -61.41042132, 6.04734517 ], [ -61.4110545, 6.04705768 ], [ -61.41168768, 6.04676107 ], [ -61.41253792, 6.04635662 ], [ -61.4124677, 6.04566017 ], [ -61.41237034, 6.04497265 ], [ -61.41225487, 6.044285 ], [ -61.41213947, 6.04359745 ], [ -61.41201497, 6.04291888 ], [ -61.4119086, 6.04223137 ], [ -61.41182028, 6.04153477 ], [ -61.41176813, 6.0408474 ], [ -61.41175206, 6.04015108 ], [ -61.41179921, 6.03945485 ], [ -61.41193672, 6.03876805 ], [ -61.41226368, 6.03816314 ], [ -61.41276191, 6.03767626 ], [ -61.4133411, 6.03728909 ], [ -61.41394729, 6.03694729 ], [ -61.41457141, 6.03664163 ], [ -61.41519561, 6.03633597 ], [ -61.41582863, 6.03605751 ], [ -61.4164887, 6.03583329 ], [ -61.4171577, 6.0356454 ], [ -61.41734622, 6.03559495 ], [ -61.41782659, 6.03546652 ], [ -61.41850463, 6.03528756 ], [ -61.41917352, 6.03509963 ], [ -61.41982459, 6.03487548 ], [ -61.42046671, 6.03459698 ], [ -61.42106382, 6.03424602 ], [ -61.42155308, 6.03375005 ], [ -61.4219341, 6.03317244 ], [ -61.42227008, 6.0325585 ], [ -61.42279655, 6.03165575 ], [ -61.42346443, 6.03184764 ], [ -61.42413225, 6.0320575 ], [ -61.42479099, 6.03226745 ], [ -61.42547711, 6.03241409 ], [ -61.42616347, 6.03245223 ], [ -61.4268591, 6.03241806 ], [ -61.42755476, 6.03235679 ], [ -61.42824159, 6.03225026 ], [ -61.42891941, 6.03211651 ], [ -61.42958841, 6.03192857 ], [ -61.43023942, 6.03168624 ], [ -61.43086356, 6.03137159 ], [ -61.43138878, 6.03092094 ], [ -61.43183295, 6.03037964 ], [ -61.43225003, 6.02982021 ], [ -61.43267612, 6.02927887 ], [ -61.43319233, 6.0288101 ], [ -61.43382544, 6.02853155 ], [ -61.43452096, 6.02850642 ], [ -61.43520715, 6.02862603 ], [ -61.43587503, 6.02879973 ], [ -61.43655205, 6.02897343 ], [ -61.43723821, 6.02908399 ], [ -61.43793369, 6.02907684 ], [ -61.43862942, 6.02901556 ], [ -61.43931613, 6.02891805 ], [ -61.43999395, 6.02879341 ], [ -61.44067194, 6.02863263 ], [ -61.44134082, 6.02844455 ], [ -61.44200087, 6.02822946 ], [ -61.44258902, 6.02786034 ], [ -61.44332348, 6.02687675 ], [ -61.44401019, 6.02678829 ], [ -61.44470595, 6.02671795 ], [ -61.44539256, 6.02665662 ], [ -61.44608825, 6.02660434 ], [ -61.4467749, 6.02654301 ], [ -61.44747062, 6.02648172 ], [ -61.4481573, 6.02640218 ], [ -61.44885312, 6.0263047 ], [ -61.44953097, 6.026171 ], [ -61.45020884, 6.0260102 ], [ -61.45085981, 6.0257859 ], [ -61.45113263, 6.02513564 ], [ -61.4511888, 6.02444857 ], [ -61.45154277, 6.02384369 ], [ -61.45214892, 6.02350174 ], [ -61.45279095, 6.0232503 ], [ -61.45345999, 6.02304427 ], [ -61.45411992, 6.02282912 ], [ -61.45476201, 6.02255962 ], [ -61.4552962, 6.02210895 ], [ -61.4551265, 6.02143934 ], [ -61.45539028, 6.02079806 ], [ -61.45607633, 6.02093562 ], [ -61.45674424, 6.02111834 ], [ -61.45743042, 6.02121971 ], [ -61.45775735, 6.02060573 ], [ -61.45769607, 6.01990928 ], [ -61.45860985, 6.01937835 ], [ -61.45926863, 6.01960622 ], [ -61.45991824, 6.01986132 ], [ -61.46056785, 6.0201163 ], [ -61.46120846, 6.02037136 ], [ -61.46185807, 6.02062634 ], [ -61.46251689, 6.02084528 ], [ -61.46318484, 6.02101895 ], [ -61.46387096, 6.0211384 ], [ -61.46453995, 6.02094137 ], [ -61.46483072, 6.02030919 ], [ -61.46512157, 6.01967704 ], [ -61.46566471, 6.01924448 ], [ -61.46627985, 6.01892059 ], [ -61.46691293, 6.01864212 ], [ -61.46755498, 6.01838162 ], [ -61.46820603, 6.01812122 ], [ -61.46883911, 6.01784263 ], [ -61.46945424, 6.01751878 ], [ -61.47002443, 6.01711349 ], [ -61.47032426, 6.01649031 ], [ -61.47030811, 6.01579395 ], [ -61.47024681, 6.01509751 ], [ -61.47045646, 6.01443799 ], [ -61.47115167, 6.01453034 ], [ -61.47181045, 6.01474919 ], [ -61.47249714, 6.01466973 ], [ -61.47311227, 6.01433683 ], [ -61.47367348, 6.01392246 ], [ -61.47420765, 6.01348085 ], [ -61.47474174, 6.0130392 ], [ -61.47542977, 6.01248949 ], [ -61.47556719, 6.01180264 ], [ -61.47565035, 6.01111556 ], [ -61.47570652, 6.01041943 ], [ -61.47574457, 6.00972325 ], [ -61.47579162, 6.00902701 ], [ -61.47585679, 6.00833993 ], [ -61.47594906, 6.00764391 ], [ -61.47609544, 6.00696603 ], [ -61.47632308, 6.00631559 ], [ -61.47669509, 6.00571977 ], [ -61.47723821, 6.0052872 ], [ -61.47785332, 6.00496341 ], [ -61.47850431, 6.00471198 ], [ -61.47916432, 6.00449684 ], [ -61.47983315, 6.00432681 ], [ -61.48052003, 6.00419306 ], [ -61.48120677, 6.00407745 ], [ -61.48189345, 6.00399798 ], [ -61.48258918, 6.00392755 ], [ -61.48327576, 6.00387522 ], [ -61.48397141, 6.00383186 ], [ -61.48466704, 6.00379761 ], [ -61.48536259, 6.00376337 ], [ -61.48605821, 6.00372912 ], [ -61.48674473, 6.00370389 ], [ -61.48744035, 6.00366964 ], [ -61.4881359, 6.00363539 ], [ -61.48883156, 6.00359209 ], [ -61.48951817, 6.0035307 ], [ -61.49076504, 6.00338948 ], [ -61.49143288, 6.00359926 ], [ -61.49208255, 6.00383615 ], [ -61.49274136, 6.00405505 ], [ -61.49341833, 6.00421966 ], [ -61.49411372, 6.00424869 ], [ -61.49479149, 6.00412398 ], [ -61.49545159, 6.00388156 ], [ -61.49603964, 6.0035215 ], [ -61.49648371, 6.00298014 ], [ -61.49664817, 6.00230229 ], [ -61.49665006, 6.001606 ], [ -61.4966068, 6.00091863 ], [ -61.49657258, 6.00022225 ], [ -61.49662864, 5.99952602 ], [ -61.49685628, 5.99886652 ], [ -61.49720111, 5.99827063 ], [ -61.49761821, 5.99771111 ], [ -61.49806224, 5.9971788 ], [ -61.49852427, 5.99665556 ], [ -61.49899538, 5.99614139 ], [ -61.49944844, 5.99561812 ], [ -61.49987443, 5.99506764 ], [ -61.50021929, 5.99446271 ], [ -61.50031153, 5.99377565 ], [ -61.49976176, 5.99334005 ], [ -61.49911203, 5.99310317 ], [ -61.49845333, 5.9928663 ], [ -61.49759616, 5.99255644 ], [ -61.49720027, 5.99198568 ], [ -61.49676822, 5.99143287 ], [ -61.49633613, 5.99088908 ], [ -61.49592219, 5.99033634 ], [ -61.49554444, 5.98974751 ], [ -61.49527525, 5.98910465 ], [ -61.49522289, 5.98841725 ], [ -61.49556775, 5.98781231 ], [ -61.49604786, 5.9873072 ], [ -61.49653696, 5.98681116 ], [ -61.49697202, 5.98626977 ], [ -61.49726273, 5.98563757 ], [ -61.49749936, 5.98497811 ], [ -61.49769989, 5.98431844 ], [ -61.49788233, 5.98364072 ], [ -61.49803779, 5.98296294 ], [ -61.49815699, 5.98228503 ], [ -61.49824926, 5.98158893 ], [ -61.49832335, 5.98090188 ], [ -61.49837948, 5.98020573 ], [ -61.4984175, 5.97950946 ], [ -61.49843742, 5.97881321 ], [ -61.4984213, 5.97811689 ], [ -61.49838705, 5.97742945 ], [ -61.49831668, 5.97673297 ], [ -61.49821011, 5.97604541 ], [ -61.4980223, 5.97537565 ], [ -61.49773497, 5.97474188 ], [ -61.49740244, 5.97413509 ], [ -61.49706991, 5.97351926 ], [ -61.4966745, 5.97281284 ], [ -61.49654989, 5.97212517 ], [ -61.49637109, 5.97145551 ], [ -61.49619224, 5.97077681 ], [ -61.4960496, 5.97009812 ], [ -61.49598825, 5.96941073 ], [ -61.49611659, 5.96872381 ], [ -61.49649751, 5.96813706 ], [ -61.49702264, 5.96767726 ], [ -61.49760172, 5.96729901 ], [ -61.49820777, 5.96695711 ], [ -61.49881386, 5.96661506 ], [ -61.49953767, 5.96613775 ], [ -61.49982493, 5.96677151 ], [ -61.50007608, 5.9674233 ], [ -61.50033631, 5.96806612 ], [ -61.50063267, 5.96869091 ], [ -61.50099226, 5.96928871 ], [ -61.50167015, 5.96910971 ], [ -61.5021772, 5.96864084 ], [ -61.50282687, 5.96889577 ], [ -61.50344011, 5.96923208 ], [ -61.50402615, 5.96960438 ], [ -61.50459413, 5.9699948 ], [ -61.50516208, 5.97039424 ], [ -61.50573906, 5.97079375 ], [ -61.50631604, 5.97117505 ], [ -61.50692028, 5.97151133 ], [ -61.50755176, 5.97180244 ], [ -61.50821961, 5.97201223 ], [ -61.50890586, 5.97206831 ], [ -61.50960146, 5.97199788 ], [ -61.51027936, 5.97184601 ], [ -61.51094813, 5.9716669 ], [ -61.51213203, 5.97141691 ], [ -61.5116233, 5.97250071 ], [ -61.51196496, 5.97310752 ], [ -61.5123246, 5.97369627 ], [ -61.51259381, 5.97433908 ], [ -61.51261905, 5.9750355 ], [ -61.51242755, 5.97570418 ], [ -61.51215486, 5.97634549 ], [ -61.51189125, 5.97698681 ], [ -61.51171785, 5.97765559 ], [ -61.51169789, 5.97835185 ], [ -61.51169599, 5.97904813 ], [ -61.51170312, 5.97974456 ], [ -61.51171033, 5.98044088 ], [ -61.5117355, 5.98113722 ], [ -61.51178785, 5.98182469 ], [ -61.51186723, 5.98252124 ], [ -61.51200996, 5.98319981 ], [ -61.51223393, 5.98386054 ], [ -61.51260269, 5.98444944 ], [ -61.51315256, 5.98486686 ], [ -61.51382035, 5.98507672 ], [ -61.51450669, 5.98513278 ], [ -61.51520222, 5.98510754 ], [ -61.51589791, 5.98503711 ], [ -61.51658462, 5.98493038 ], [ -61.51726236, 5.9848056 ], [ -61.51794921, 5.98468089 ], [ -61.51863599, 5.98455614 ], [ -61.51932263, 5.98446758 ], [ -61.52035268, 5.98435271 ], [ -61.52098415, 5.98465289 ], [ -61.52140715, 5.98520564 ], [ -61.52121573, 5.98587433 ], [ -61.52090694, 5.98649743 ], [ -61.52063419, 5.98713886 ], [ -61.52053306, 5.98782582 ], [ -61.5207209, 5.9884955 ], [ -61.5210173, 5.98912028 ], [ -61.52128656, 5.98976315 ], [ -61.52131178, 5.9904595 ], [ -61.52090382, 5.99101907 ], [ -61.52038773, 5.99148793 ], [ -61.51988064, 5.99196587 ], [ -61.51994196, 5.9926533 ], [ -61.5206007, 5.99289026 ], [ -61.52127773, 5.99304579 ], [ -61.52195476, 5.99319228 ], [ -61.52262267, 5.99338396 ], [ -61.52324504, 5.9936841 ], [ -61.5237496, 5.99416474 ], [ -61.52419075, 5.99469946 ], [ -61.52460477, 5.99526126 ], [ -61.52498259, 5.99584103 ], [ -61.5253423, 5.99643885 ], [ -61.52568388, 5.99704566 ], [ -61.52601649, 5.99765251 ], [ -61.52634904, 5.99826832 ], [ -61.52667251, 5.99888411 ], [ -61.52699606, 5.99949993 ], [ -61.52733768, 6.0001067 ], [ -61.52778724, 6.00086761 ], [ -61.52828274, 6.00135729 ], [ -61.52875107, 6.00186486 ], [ -61.52920123, 6.00239961 ], [ -61.52964247, 6.00293437 ], [ -61.53009267, 6.00346912 ], [ -61.53054286, 6.00399482 ], [ -61.53101117, 6.00451155 ], [ -61.53149767, 6.0050012 ], [ -61.53202934, 6.00545479 ], [ -61.53260645, 6.00584522 ], [ -61.53323791, 6.00612729 ], [ -61.53391494, 6.00629185 ], [ -61.53461032, 6.00635701 ], [ -61.53530582, 6.00637697 ], [ -61.53599234, 6.00635167 ], [ -61.53668798, 6.00629025 ], [ -61.53737476, 6.00619262 ], [ -61.53806156, 6.00606777 ], [ -61.53873939, 6.00592491 ], [ -61.53941732, 6.00575494 ], [ -61.54008623, 6.00556674 ], [ -61.54074622, 6.00536053 ], [ -61.54140612, 6.0051453 ], [ -61.54205712, 6.00490283 ], [ -61.54270819, 6.00465139 ], [ -61.54335021, 6.00438174 ], [ -61.54398319, 6.00410313 ], [ -61.54459834, 6.00377915 ], [ -61.54474608, 6.00255875 ], [ -61.54449599, 6.00147287 ], [ -61.54438178, 6.00026977 ], [ -61.54413235, 5.99894881 ], [ -61.54389115, 5.99794435 ], [ -61.54389378, 5.99694958 ], [ -61.54428069, 5.9975294 ], [ -61.54492128, 5.9977934 ], [ -61.54561658, 5.99786755 ], [ -61.54630288, 5.9979417 ], [ -61.54690719, 5.99828698 ], [ -61.54698658, 5.99898352 ], [ -61.54693963, 5.99967968 ], [ -61.54718175, 6.00033142 ], [ -61.5476139, 6.00087518 ], [ -61.54810031, 6.00137386 ], [ -61.5486049, 6.00184546 ], [ -61.54911855, 6.00230802 ], [ -61.5496412, 6.00277969 ], [ -61.55013676, 6.00326027 ], [ -61.55060504, 6.00377701 ], [ -61.5510101, 6.00433876 ], [ -61.55136075, 6.00494558 ], [ -61.55164816, 6.00557935 ], [ -61.55190836, 6.00622218 ], [ -61.55215049, 6.00687392 ], [ -61.5525992, 6.00801455 ], [ -61.55285948, 6.00865728 ], [ -61.55309261, 6.00930902 ], [ -61.55331665, 6.00996981 ], [ -61.55353172, 6.01063054 ], [ -61.55375575, 6.01129126 ], [ -61.55398889, 6.01194297 ], [ -61.55425817, 6.01258583 ], [ -61.55455463, 6.01321963 ], [ -61.55491439, 6.01381744 ], [ -61.55532842, 6.01437017 ], [ -61.55582396, 6.01485983 ], [ -61.55639199, 6.01525925 ], [ -61.55699629, 6.01560444 ], [ -61.55763692, 6.01587747 ], [ -61.55829571, 6.01610526 ], [ -61.55897275, 6.01626085 ], [ -61.55965905, 6.01635308 ], [ -61.56034577, 6.0162735 ], [ -61.56100574, 6.01604005 ], [ -61.56162089, 6.01571616 ], [ -61.56219998, 6.01533782 ], [ -61.5627341, 6.01489612 ], [ -61.56270883, 6.01419974 ], [ -61.56278287, 6.01350352 ], [ -61.56315475, 6.01292574 ], [ -61.56359876, 6.01238428 ], [ -61.5640428, 6.01184286 ], [ -61.56449578, 6.01131952 ], [ -61.56496683, 6.0108053 ], [ -61.56543789, 6.01030008 ], [ -61.56590894, 6.00978586 ], [ -61.56638, 6.00928064 ], [ -61.56685104, 6.00876642 ], [ -61.56753048, 6.00800857 ], [ -61.56795651, 6.00745804 ], [ -61.56840951, 6.00692569 ], [ -61.56886248, 6.00640235 ], [ -61.56931555, 6.00586997 ], [ -61.56976855, 6.00533758 ], [ -61.57019455, 6.0047961 ], [ -61.57059349, 6.00422741 ], [ -61.57094731, 6.00362245 ], [ -61.57122894, 6.00299007 ], [ -61.57133912, 6.00230306 ], [ -61.57130479, 6.00160668 ], [ -61.57120722, 6.00091906 ], [ -61.57108258, 6.00023145 ], [ -61.57095788, 5.99955292 ], [ -61.57115813, 5.99896563 ], [ -61.57149065, 5.99962665 ], [ -61.57179611, 6.00025142 ], [ -61.57213778, 6.0008582 ], [ -61.57254279, 6.00141993 ], [ -61.57312889, 6.0018013 ], [ -61.57381521, 6.0018935 ], [ -61.57451075, 6.00186818 ], [ -61.57519761, 6.0017434 ], [ -61.57584853, 6.00151905 ], [ -61.57636455, 6.00106818 ], [ -61.57626701, 6.00037151 ], [ -61.57598867, 5.99972874 ], [ -61.57575551, 5.99907704 ], [ -61.57571218, 5.9983806 ], [ -61.5758855, 5.99771176 ], [ -61.57614915, 5.99706136 ], [ -61.57648552, 5.99621221 ], [ -61.57673113, 5.99556164 ], [ -61.57694059, 5.994893 ], [ -61.57714105, 5.99422433 ], [ -61.5773234, 5.99355552 ], [ -61.57750575, 5.99288678 ], [ -61.57770621, 5.99221811 ], [ -61.57791567, 5.99155851 ], [ -61.57817028, 5.99090797 ], [ -61.57850608, 5.99030295 ], [ -61.57913913, 5.99000621 ], [ -61.57974341, 5.99034233 ], [ -61.58024798, 5.99082295 ], [ -61.58068923, 5.99136667 ], [ -61.58108516, 5.99192839 ], [ -61.58147211, 5.99250814 ], [ -61.58184093, 5.99310607 ], [ -61.58219167, 5.99369478 ], [ -61.58254242, 5.99430158 ], [ -61.58289313, 5.99489933 ], [ -61.58323477, 5.99550614 ], [ -61.58358556, 5.99610389 ], [ -61.58394527, 5.99671072 ], [ -61.58430509, 5.99729953 ], [ -61.58497093, 5.99830501 ], [ -61.58520407, 5.99896586 ], [ -61.58541914, 5.99962654 ], [ -61.58562518, 6.00028725 ], [ -61.58584032, 6.00094793 ], [ -61.58609153, 6.00159979 ], [ -61.58639702, 6.00222456 ], [ -61.58678398, 6.00280434 ], [ -61.58744279, 6.00302305 ], [ -61.58813829, 6.0030429 ], [ -61.58879718, 6.00326171 ], [ -61.58936516, 6.00366109 ], [ -61.58989694, 6.0041055 ], [ -61.5904106, 6.0045771 ], [ -61.59089714, 6.00507577 ], [ -61.59133837, 6.00561044 ], [ -61.59172534, 6.00619022 ], [ -61.59174158, 6.00688668 ], [ -61.59162243, 6.00757366 ], [ -61.59180134, 6.00824329 ], [ -61.59222452, 6.00879602 ], [ -61.59270195, 6.00930371 ], [ -61.59319748, 6.00978429 ], [ -61.59372022, 6.01025591 ], [ -61.59423389, 6.01071846 ], [ -61.59474756, 6.01119005 ], [ -61.59524316, 6.01167063 ], [ -61.59570254, 6.01219634 ], [ -61.59610755, 6.0127671 ], [ -61.59638591, 6.01340085 ], [ -61.59658294, 6.01407054 ], [ -61.59690534, 6.01518371 ], [ -61.59725605, 6.01578149 ], [ -61.59757969, 6.01639734 ], [ -61.59788523, 6.0170221 ], [ -61.59819974, 6.0176469 ], [ -61.59853245, 6.01825366 ], [ -61.59891033, 6.01883341 ], [ -61.59935155, 6.01937715 ], [ -61.59988337, 6.01983067 ], [ -61.60055144, 6.01999515 ], [ -61.60124705, 6.01997883 ], [ -61.60194274, 6.01991733 ], [ -61.60262936, 6.01985579 ], [ -61.60332481, 6.01992085 ], [ -61.60368463, 6.02051866 ], [ -61.60370997, 6.02121511 ], [ -61.60369912, 6.02191141 ], [ -61.60363412, 6.02259854 ], [ -61.60354206, 6.0232947 ], [ -61.60343193, 6.02398172 ], [ -61.60329471, 6.02465959 ], [ -61.60314838, 6.02533755 ], [ -61.60298402, 6.02601537 ], [ -61.60281977, 6.02669319 ], [ -61.60265541, 6.027371 ], [ -61.60248208, 6.02803986 ], [ -61.60230872, 6.02871764 ], [ -61.60214439, 6.02939546 ], [ -61.60198002, 6.03007336 ], [ -61.60183381, 6.03075124 ], [ -61.60161419, 6.03183587 ], [ -61.60148604, 6.03251378 ], [ -61.60133968, 6.0332007 ], [ -61.60169954, 6.03378954 ], [ -61.60237665, 6.03393592 ], [ -61.60307199, 6.03404621 ], [ -61.60375831, 6.03412032 ], [ -61.60445377, 6.03418539 ], [ -61.60514018, 6.03422331 ], [ -61.6058357, 6.03425222 ], [ -61.6065312, 6.03427209 ], [ -61.60722675, 6.03429195 ], [ -61.60792222, 6.03431188 ], [ -61.6086178, 6.03433175 ], [ -61.60931331, 6.03436065 ], [ -61.61000879, 6.03438956 ], [ -61.61069514, 6.03444553 ], [ -61.6113906, 6.03451062 ], [ -61.6120769, 6.03460278 ], [ -61.61276317, 6.03472207 ], [ -61.61344029, 6.03487759 ], [ -61.61407191, 6.03516854 ], [ -61.61454939, 6.03567621 ], [ -61.6149092, 6.03626492 ], [ -61.61519668, 6.03690774 ], [ -61.61540273, 6.03756849 ], [ -61.61501289, 6.03814629 ], [ -61.61433494, 6.03830735 ], [ -61.61383026, 6.03783577 ], [ -61.61346138, 6.03724702 ], [ -61.61302963, 6.03651342 ], [ -61.61279309, 6.03717298 ], [ -61.61253846, 6.03781442 ], [ -61.61232903, 6.03848308 ], [ -61.6122189, 6.03917017 ], [ -61.61244309, 6.03982186 ], [ -61.61280287, 6.04041962 ], [ -61.61289147, 6.04111618 ], [ -61.61251059, 6.04169398 ], [ -61.61201247, 6.0421901 ], [ -61.6114874, 6.04264097 ], [ -61.61097126, 6.04310088 ], [ -61.61049121, 6.04360611 ], [ -61.61014641, 6.04421113 ], [ -61.60990986, 6.04486171 ], [ -61.6097275, 6.04553951 ], [ -61.60959929, 6.04621742 ], [ -61.60949815, 6.04690443 ], [ -61.60942413, 6.04760066 ], [ -61.60935911, 6.04829684 ], [ -61.60929412, 6.04898394 ], [ -61.60923809, 6.04968023 ], [ -61.60919118, 6.0503764 ], [ -61.60924367, 6.05106383 ], [ -61.60946776, 6.05172464 ], [ -61.60982761, 6.05232244 ], [ -61.61024173, 6.05287513 ], [ -61.61068306, 6.05341887 ], [ -61.61114242, 6.05393552 ], [ -61.61159282, 6.0544612 ], [ -61.61208811, 6.05505031 ], [ -61.61205023, 6.05573747 ], [ -61.61195818, 6.05643356 ], [ -61.61189319, 6.05712077 ], [ -61.61191846, 6.05781715 ], [ -61.61215167, 6.05847792 ], [ -61.61256587, 6.05903064 ], [ -61.61305237, 6.05952926 ], [ -61.61358427, 6.05997376 ], [ -61.61413424, 6.06040023 ], [ -61.6146933, 6.06080864 ], [ -61.6152523, 6.06122601 ], [ -61.61578418, 6.06167956 ], [ -61.61627982, 6.06216916 ], [ -61.61666678, 6.06273991 ], [ -61.61659277, 6.06343614 ], [ -61.61640141, 6.06410483 ], [ -61.61651708, 6.06478336 ], [ -61.61691313, 6.06536315 ], [ -61.61738157, 6.06587984 ], [ -61.61786815, 6.06636944 ], [ -61.6183366, 6.06688613 ], [ -61.61871454, 6.06747491 ], [ -61.61861341, 6.06816203 ], [ -61.61805226, 6.06857653 ], [ -61.61745513, 6.06891868 ], [ -61.61687596, 6.06931514 ], [ -61.6166214, 6.06995658 ], [ -61.61689079, 6.07059934 ], [ -61.61731393, 6.07115205 ], [ -61.61773718, 6.0717048 ], [ -61.61824146, 6.07234825 ], [ -61.61797782, 6.07298967 ], [ -61.61768706, 6.07362194 ], [ -61.61740542, 6.07425424 ], [ -61.61717786, 6.07491384 ], [ -61.6170768, 6.07560096 ], [ -61.61740044, 6.07621673 ], [ -61.61787789, 6.07673341 ], [ -61.61812022, 6.07738516 ], [ -61.61817264, 6.07807259 ], [ -61.61822511, 6.07876914 ], [ -61.61825947, 6.07946552 ], [ -61.61829386, 6.08015289 ], [ -61.61831918, 6.08084939 ], [ -61.61832643, 6.08154575 ], [ -61.61832464, 6.08224204 ], [ -61.61830477, 6.08293842 ], [ -61.61825787, 6.08363463 ], [ -61.61820193, 6.08433081 ], [ -61.61808216, 6.08522586 ], [ -61.61799967, 6.08570495 ], [ -61.6178533, 6.0863828 ], [ -61.61758974, 6.08703326 ], [ -61.61724484, 6.08762924 ], [ -61.61684591, 6.08819804 ], [ -61.61641087, 6.08874859 ], [ -61.61598481, 6.08929012 ], [ -61.61557681, 6.08985878 ], [ -61.61531568, 6.0902708 ], [ -61.6152049, 6.09044566 ], [ -61.61501353, 6.09111438 ], [ -61.61515632, 6.09179297 ], [ -61.61575169, 6.09215627 ], [ -61.61661011, 6.09208614 ], [ -61.61723269, 6.09238613 ], [ -61.61785532, 6.09269525 ], [ -61.61847782, 6.09302241 ], [ -61.61865039, 6.09311185 ], [ -61.61909142, 6.09334047 ], [ -61.61970492, 6.09366764 ], [ -61.62031842, 6.09399481 ], [ -61.62094098, 6.09430381 ], [ -61.62156362, 6.09461292 ], [ -61.62219535, 6.09489485 ], [ -61.6228361, 6.09515879 ], [ -61.62349496, 6.09540462 ], [ -61.62415397, 6.09561434 ], [ -61.62483118, 6.09576977 ], [ -61.62551758, 6.09584386 ], [ -61.62621325, 6.09586373 ], [ -61.62690895, 6.09582933 ], [ -61.62724331, 6.09579399 ], [ -61.62760482, 6.09575874 ], [ -61.62829169, 6.09565201 ], [ -61.62897854, 6.09555417 ], [ -61.62948566, 6.09507623 ], [ -61.63000188, 6.0946163 ], [ -61.63039785, 6.09519608 ], [ -61.63104778, 6.09544188 ], [ -61.63160893, 6.09503634 ], [ -61.63214308, 6.09459463 ], [ -61.63265024, 6.09411657 ], [ -61.63314839, 6.09362947 ], [ -61.63363744, 6.09314234 ], [ -61.63413559, 6.09265525 ], [ -61.63470612, 6.09212312 ], [ -61.6352493, 6.09168133 ], [ -61.6355851, 6.09107627 ], [ -61.63501692, 6.0906769 ], [ -61.63438522, 6.09038594 ], [ -61.63373539, 6.09013103 ], [ -61.63308557, 6.08987623 ], [ -61.63246293, 6.08956714 ], [ -61.6319039, 6.08915875 ], [ -61.63155299, 6.08856099 ], [ -61.63150961, 6.08786454 ], [ -61.63162876, 6.08717755 ], [ -61.63182923, 6.08650877 ], [ -61.63207477, 6.08585828 ], [ -61.6323384, 6.08521686 ], [ -61.63262915, 6.08458454 ], [ -61.63300103, 6.08399766 ], [ -61.63346304, 6.08347432 ], [ -61.63404229, 6.08308686 ], [ -61.63471032, 6.08326939 ], [ -61.63527849, 6.08366876 ], [ -61.63595562, 6.08384227 ], [ -61.63662468, 6.08365408 ], [ -61.63723979, 6.08333907 ], [ -61.63782801, 6.08296079 ], [ -61.63837115, 6.08252805 ], [ -61.63884223, 6.08201375 ], [ -61.63888911, 6.08132647 ], [ -61.63871959, 6.08048505 ], [ -61.63941515, 6.08049582 ], [ -61.64011088, 6.08047949 ], [ -61.64080649, 6.08049934 ], [ -61.64142908, 6.08079927 ], [ -61.64129186, 6.08147727 ], [ -61.64094703, 6.08208231 ], [ -61.64062025, 6.08269646 ], [ -61.64042891, 6.08336519 ], [ -61.6406983, 6.08400801 ], [ -61.64123857, 6.08473283 ], [ -61.64129096, 6.08542931 ], [ -61.6412802, 6.08612568 ], [ -61.64125137, 6.08682195 ], [ -61.64124961, 6.08751828 ], [ -61.6413021, 6.08820571 ], [ -61.64153536, 6.08886654 ], [ -61.64211258, 6.08925681 ], [ -61.64278069, 6.0894394 ], [ -61.64345795, 6.08957676 ], [ -61.64415329, 6.08967795 ], [ -61.6448398, 6.08974296 ], [ -61.64553532, 6.0897809 ], [ -61.64623095, 6.08980071 ], [ -61.64692664, 6.08981151 ], [ -61.64762227, 6.08980418 ], [ -61.64831798, 6.08978783 ], [ -61.64901368, 6.08976245 ], [ -61.64970042, 6.08973706 ], [ -61.65039608, 6.08971167 ], [ -61.65109182, 6.08969529 ], [ -61.65178746, 6.08967895 ], [ -61.6524832, 6.0896626 ], [ -61.65317888, 6.08966435 ], [ -61.65387447, 6.08968414 ], [ -61.65457006, 6.08971303 ], [ -61.65525655, 6.08975993 ], [ -61.65595207, 6.089834 ], [ -61.6566293, 6.08998046 ], [ -61.65723376, 6.09032557 ], [ -61.65774753, 6.0907971 ], [ -61.65824324, 6.0912867 ], [ -61.65882005, 6.09184883 ], [ -61.65949729, 6.09199528 ], [ -61.66018359, 6.0921236 ], [ -61.66086999, 6.09223378 ], [ -61.66155626, 6.09237114 ], [ -61.66222435, 6.09256275 ], [ -61.66274722, 6.09301614 ], [ -61.66223108, 6.09348515 ], [ -61.66168798, 6.09390888 ], [ -61.66146952, 6.09457757 ], [ -61.66195613, 6.09506713 ], [ -61.66206284, 6.09575478 ], [ -61.66181733, 6.09640529 ], [ -61.6615086, 6.09702855 ], [ -61.6611728, 6.09764265 ], [ -61.66083699, 6.09825678 ], [ -61.66053726, 6.09888015 ], [ -61.66030983, 6.09953972 ], [ -61.66025387, 6.10023595 ], [ -61.66046905, 6.10089663 ], [ -61.66076564, 6.10152148 ], [ -61.66098989, 6.10218219 ], [ -61.6608707, 6.1028692 ], [ -61.66038165, 6.1033654 ], [ -61.65991053, 6.10387972 ], [ -61.65971013, 6.10453938 ], [ -61.65962713, 6.10523559 ], [ -61.65958021, 6.10592276 ], [ -61.65956943, 6.1066191 ], [ -61.65956774, 6.1073155 ], [ -61.659566, 6.10801183 ], [ -61.65954498, 6.10921457 ], [ -61.65972398, 6.10988422 ], [ -61.65990302, 6.11055398 ], [ -61.65963037, 6.11119539 ], [ -61.65894388, 6.11113941 ], [ -61.65837367, 6.11154498 ], [ -61.65811002, 6.11218642 ], [ -61.65789155, 6.11285507 ], [ -61.65764602, 6.11350561 ], [ -61.65721999, 6.11404714 ], [ -61.6565242, 6.11409968 ], [ -61.65583777, 6.11398945 ], [ -61.65516051, 6.11385212 ], [ -61.65448328, 6.11369673 ], [ -61.6538061, 6.11351409 ], [ -61.65313801, 6.11331349 ], [ -61.65247903, 6.11310388 ], [ -61.65182001, 6.1128761 ], [ -61.65117009, 6.11263938 ], [ -61.6505202, 6.11240255 ], [ -61.64987024, 6.11215678 ], [ -61.64922038, 6.11190189 ], [ -61.64857052, 6.11164708 ], [ -61.6479297, 6.11139222 ], [ -61.64727984, 6.1111374 ], [ -61.64662991, 6.11088247 ], [ -61.64598003, 6.11063673 ], [ -61.64533014, 6.11039085 ], [ -61.64468026, 6.11015412 ], [ -61.64360601, 6.10978964 ], [ -61.64299076, 6.11011371 ], [ -61.64239361, 6.11047399 ], [ -61.64179641, 6.11081606 ], [ -61.64116325, 6.11110391 ], [ -61.64047632, 6.11121974 ], [ -61.63987182, 6.11088354 ], [ -61.63943048, 6.11033983 ], [ -61.63898014, 6.1098051 ], [ -61.63838471, 6.10945098 ], [ -61.63771654, 6.1092774 ], [ -61.63702108, 6.1092033 ], [ -61.63632549, 6.10916538 ], [ -61.63534089, 6.10908148 ], [ -61.63489687, 6.10961396 ], [ -61.63448884, 6.11018267 ], [ -61.63409889, 6.1107514 ], [ -61.63369089, 6.11132012 ], [ -61.6332468, 6.1118616 ], [ -61.63273969, 6.11233058 ], [ -61.63211556, 6.1126275 ], [ -61.63141967, 6.11269806 ], [ -61.63072401, 6.11266914 ], [ -61.63003764, 6.11256797 ], [ -61.62936045, 6.11241243 ], [ -61.6285479, 6.11217527 ], [ -61.62803337, 6.11200216 ], [ -61.62737439, 6.11177432 ], [ -61.62672452, 6.11152855 ], [ -61.62607464, 6.11128264 ], [ -61.62542472, 6.11103688 ], [ -61.62477485, 6.11079097 ], [ -61.62410681, 6.11058129 ], [ -61.62341173, 6.11036251 ], [ -61.62287752, 6.11080421 ], [ -61.62231628, 6.11121882 ], [ -61.62183615, 6.11172403 ], [ -61.62174413, 6.11241108 ], [ -61.62197729, 6.11306287 ], [ -61.62230999, 6.11367867 ], [ -61.62264276, 6.11428542 ], [ -61.62291215, 6.11492818 ], [ -61.62302788, 6.11561576 ], [ -61.62305324, 6.11630321 ], [ -61.62303338, 6.11699948 ], [ -61.62297737, 6.11769566 ], [ -61.62292144, 6.11839195 ], [ -61.62286542, 6.11907909 ], [ -61.62283652, 6.11977533 ], [ -61.62286185, 6.12047183 ], [ -61.62295951, 6.12115934 ], [ -61.62313531, 6.12169905 ], [ -61.62317468, 6.12182004 ], [ -61.62350743, 6.12243584 ], [ -61.62390345, 6.12300663 ], [ -61.62432671, 6.12355934 ], [ -61.62478612, 6.12408503 ], [ -61.62527276, 6.12458368 ], [ -61.62576851, 6.12506427 ], [ -61.62628228, 6.12552682 ], [ -61.6268142, 6.1259894 ], [ -61.62734608, 6.12643393 ], [ -61.62787803, 6.12687845 ], [ -61.62841901, 6.12731392 ], [ -61.62895096, 6.12775833 ], [ -61.62948291, 6.12820285 ], [ -61.63000573, 6.12866543 ], [ -61.630817, 6.12941814 ], [ -61.63099604, 6.1300878 ], [ -61.63115694, 6.13076649 ], [ -61.63129976, 6.13144507 ], [ -61.63144258, 6.13212376 ], [ -61.6316216, 6.13280247 ], [ -61.63183675, 6.13346317 ], [ -61.63210618, 6.13409691 ], [ -61.63245698, 6.1347038 ], [ -61.63285309, 6.13527454 ], [ -61.63327638, 6.13582728 ], [ -61.63370873, 6.13636196 ], [ -61.63416815, 6.13688764 ], [ -61.63463668, 6.13740435 ], [ -61.63511424, 6.13791201 ], [ -61.63560091, 6.13841065 ], [ -61.63608754, 6.13890928 ], [ -61.63656514, 6.13940782 ], [ -61.63705181, 6.13990645 ], [ -61.63752034, 6.14042312 ], [ -61.63773657, 6.14065887 ], [ -61.63797977, 6.1409398 ], [ -61.63843024, 6.1414745 ], [ -61.63886257, 6.14201822 ], [ -61.63926772, 6.14257994 ], [ -61.63963671, 6.14316878 ], [ -61.63996038, 6.14378454 ], [ -61.64010326, 6.14447221 ], [ -61.64008341, 6.14515943 ], [ -61.63995515, 6.14584651 ], [ -61.63977275, 6.14651524 ], [ -61.63955427, 6.14717484 ], [ -61.63929059, 6.14782532 ], [ -61.63883742, 6.14834868 ], [ -61.63830326, 6.14879952 ], [ -61.63767852, 6.14928627 ], [ -61.63743294, 6.14992772 ], [ -61.63716025, 6.15056923 ], [ -61.63692364, 6.15122877 ], [ -61.6367954, 6.15190669 ], [ -61.63713722, 6.15251346 ], [ -61.63783322, 6.15242481 ], [ -61.63802469, 6.15175611 ], [ -61.63864889, 6.15144112 ], [ -61.63934454, 6.15148812 ], [ -61.64003097, 6.15158939 ], [ -61.64072656, 6.15165448 ], [ -61.6414134, 6.15159292 ], [ -61.64203763, 6.15127793 ], [ -61.6425448, 6.1507999 ], [ -61.64300698, 6.1502856 ], [ -61.64350518, 6.14979849 ], [ -61.64412937, 6.1494835 ], [ -61.64480665, 6.14963902 ], [ -61.64536584, 6.15004743 ], [ -61.64587063, 6.15052792 ], [ -61.64635725, 6.15102658 ], [ -61.64686207, 6.15149813 ], [ -61.64743029, 6.15189749 ], [ -61.64810752, 6.15207102 ], [ -61.64879444, 6.15198232 ], [ -61.64945463, 6.15175794 ], [ -61.6500788, 6.15146103 ], [ -61.65068507, 6.15110994 ], [ -61.65127336, 6.15074058 ], [ -61.65185257, 6.15036217 ], [ -61.65243178, 6.14998377 ], [ -61.65354479, 6.14933548 ], [ -61.6540339, 6.14884832 ], [ -61.65452312, 6.14835216 ], [ -61.65511136, 6.14797386 ], [ -61.65576126, 6.14821962 ], [ -61.65645692, 6.1482756 ], [ -61.65677465, 6.14766145 ], [ -61.65700222, 6.14700188 ], [ -61.65731995, 6.14638772 ], [ -61.65794424, 6.14607271 ], [ -61.65864, 6.14607445 ], [ -61.6593264, 6.14618467 ], [ -61.66000374, 6.146322 ], [ -61.66069007, 6.14645039 ], [ -61.66138569, 6.1465064 ], [ -61.6620726, 6.14641768 ], [ -61.66273276, 6.14621127 ], [ -61.66337493, 6.14594162 ], [ -61.66401715, 6.14567185 ], [ -61.66468627, 6.14547459 ], [ -61.66537318, 6.1453859 ], [ -61.66606895, 6.14535144 ], [ -61.66676462, 6.14538935 ], [ -61.66743281, 6.14557187 ], [ -61.66795568, 6.14603442 ], [ -61.66821614, 6.14667712 ], [ -61.6684133, 6.14733778 ], [ -61.66873705, 6.14796268 ], [ -61.66929619, 6.14837095 ], [ -61.66996433, 6.14858069 ], [ -61.6706417, 6.14869991 ], [ -61.67190619, 6.14892007 ], [ -61.67245627, 6.14934652 ], [ -61.67297011, 6.14981807 ], [ -61.6734931, 6.15027156 ], [ -61.6740885, 6.15063483 ], [ -61.67477529, 6.15061843 ], [ -61.67527342, 6.15013129 ], [ -61.67563634, 6.14953521 ], [ -61.67595408, 6.14892105 ], [ -61.67629899, 6.14831598 ], [ -61.67669789, 6.14774724 ], [ -61.67724113, 6.14730541 ], [ -61.67787433, 6.14702666 ], [ -61.67855243, 6.14684739 ], [ -61.67923038, 6.14672246 ], [ -61.67991742, 6.14660662 ], [ -61.68059546, 6.14645459 ], [ -61.68124659, 6.14622098 ], [ -61.68185283, 6.14586974 ], [ -61.68239601, 6.1454461 ], [ -61.68291218, 6.14497707 ], [ -61.68339228, 6.1444718 ], [ -61.68381837, 6.14391216 ], [ -61.6841361, 6.14329795 ], [ -61.68409262, 6.14261048 ], [ -61.68352437, 6.14220219 ], [ -61.68288349, 6.14193829 ], [ -61.68222449, 6.14171963 ], [ -61.68093357, 6.14122809 ], [ -61.68024669, 6.14129875 ], [ -61.67955974, 6.14142364 ], [ -61.67887273, 6.14152144 ], [ -61.67817702, 6.14152874 ], [ -61.67749977, 6.14136433 ], [ -61.67686798, 6.14107331 ], [ -61.67623623, 6.14077336 ], [ -61.67562264, 6.14044626 ], [ -61.67502714, 6.14009211 ], [ -61.67444981, 6.13971084 ], [ -61.6738997, 6.1392844 ], [ -61.67338587, 6.13882189 ], [ -61.67293537, 6.13828719 ], [ -61.67259352, 6.13768044 ], [ -61.67250486, 6.13699293 ], [ -61.67263304, 6.13630584 ], [ -61.6728786, 6.13565532 ], [ -61.67316032, 6.13502299 ], [ -61.67345997, 6.13439067 ], [ -61.67373261, 6.13374926 ], [ -61.67396016, 6.13308956 ], [ -61.67407023, 6.13241157 ], [ -61.67391835, 6.13173293 ], [ -61.67358554, 6.13111717 ], [ -61.6732437, 6.13051031 ], [ -61.6730556, 6.12984063 ], [ -61.67302116, 6.12914422 ], [ -61.673059, 6.12845701 ], [ -61.67312398, 6.12776074 ], [ -61.67321604, 6.12707365 ], [ -61.67331714, 6.12637757 ], [ -61.67348306, 6.12502137 ], [ -61.67366551, 6.12434359 ], [ -61.67382981, 6.12366563 ], [ -61.67403923, 6.12300599 ], [ -61.67438405, 6.12240092 ], [ -61.67498127, 6.12204966 ], [ -61.67564133, 6.12182521 ], [ -61.67611239, 6.12132897 ], [ -61.67548982, 6.12099278 ], [ -61.6751117, 6.12041305 ], [ -61.67514056, 6.11971678 ], [ -61.67517839, 6.11902053 ], [ -61.67524334, 6.1183333 ], [ -61.67533543, 6.1176372 ], [ -61.6754545, 6.11695924 ], [ -61.67563694, 6.11628134 ], [ -61.67588245, 6.11563083 ], [ -61.67631746, 6.11508927 ], [ -61.67700394, 6.11516329 ], [ -61.67765384, 6.11540909 ], [ -61.678322, 6.1155916 ], [ -61.67901792, 6.11552098 ], [ -61.67967792, 6.11532366 ], [ -61.68032906, 6.11506292 ], [ -61.68096221, 6.11478417 ], [ -61.68159542, 6.11447821 ], [ -61.68221952, 6.11418123 ], [ -61.68317835, 6.11374954 ], [ -61.68375566, 6.11413076 ], [ -61.68431478, 6.11454814 ], [ -61.68486494, 6.11497457 ], [ -61.68542408, 6.11538293 ], [ -61.6860105, 6.1157551 ], [ -61.68665132, 6.116028 ], [ -61.68734705, 6.1160026 ], [ -61.68782717, 6.11550634 ], [ -61.68817196, 6.11490126 ], [ -61.68850775, 6.11428712 ], [ -61.68889764, 6.11370925 ], [ -61.68953977, 6.11344851 ], [ -61.69013524, 6.11380271 ], [ -61.69066724, 6.11425618 ], [ -61.6912083, 6.1146825 ], [ -61.69190403, 6.11465705 ], [ -61.69224882, 6.11405197 ], [ -61.69261169, 6.11345597 ], [ -61.69317287, 6.11305036 ], [ -61.69380597, 6.11276251 ], [ -61.69445714, 6.11251083 ], [ -61.69510822, 6.11227732 ], [ -61.69576827, 6.11206182 ], [ -61.69642842, 6.11183734 ], [ -61.69707949, 6.11160383 ], [ -61.6977216, 6.11133402 ], [ -61.69834583, 6.11101893 ], [ -61.69892499, 6.11064058 ], [ -61.69939604, 6.11012619 ], [ -61.69965956, 6.10948466 ], [ -61.69979673, 6.10879767 ], [ -61.6998978, 6.10811064 ], [ -61.70008985, 6.10714336 ], [ -61.70474088, 6.10423345 ], [ -61.70490183, 6.10491211 ], [ -61.70504482, 6.10559071 ], [ -61.7051787, 6.10627832 ], [ -61.70530347, 6.10696602 ], [ -61.70541935, 6.10764457 ], [ -61.70553512, 6.10833216 ], [ -61.70564193, 6.1090198 ], [ -61.7057577, 6.10970739 ], [ -61.70588259, 6.11039501 ], [ -61.70600747, 6.11107355 ], [ -61.70615038, 6.11175226 ], [ -61.70632041, 6.11243095 ], [ -61.70650851, 6.11310061 ], [ -61.70674186, 6.1137524 ], [ -61.7070747, 6.11436818 ], [ -61.70761574, 6.1148036 ], [ -61.70825789, 6.11454283 ], [ -61.70873801, 6.11403751 ], [ -61.70915491, 6.11348682 ], [ -61.70954477, 6.11290898 ], [ -61.70992571, 6.11232203 ], [ -61.71028845, 6.11173505 ], [ -61.71065133, 6.11113903 ], [ -61.71100507, 6.11054291 ], [ -61.71136792, 6.10994689 ], [ -61.71173977, 6.10935994 ], [ -61.71245597, 6.10833971 ], [ -61.71312408, 6.10854934 ], [ -61.71377405, 6.10877698 ], [ -61.7144331, 6.10900467 ], [ -61.71509211, 6.10922329 ], [ -61.71576024, 6.10941475 ], [ -61.71644659, 6.10955211 ], [ -61.71713319, 6.10959897 ], [ -61.71779322, 6.10937439 ], [ -61.7183994, 6.10903222 ], [ -61.71904154, 6.10876239 ], [ -61.71973717, 6.10880019 ], [ -61.7203962, 6.10900975 ], [ -61.72103704, 6.10929166 ], [ -61.72165073, 6.1096097 ], [ -61.72225529, 6.10995474 ], [ -61.72285977, 6.11029084 ], [ -61.72387045, 6.11082682 ], [ -61.72410382, 6.11147849 ], [ -61.7243553, 6.11213026 ], [ -61.72460673, 6.11277302 ], [ -61.72485822, 6.11342478 ], [ -61.72510962, 6.11407651 ], [ -61.72536113, 6.1147192 ], [ -61.72559448, 6.11538002 ], [ -61.72581877, 6.1160317 ], [ -61.72602508, 6.11670141 ], [ -61.72621317, 6.11737111 ], [ -61.72636519, 6.1180498 ], [ -61.72641774, 6.11874631 ], [ -61.72639806, 6.11944258 ], [ -61.72633318, 6.12012985 ], [ -61.72627727, 6.12082608 ], [ -61.72625763, 6.12152239 ], [ -61.72632825, 6.12220987 ], [ -61.72655259, 6.12287067 ], [ -61.72696687, 6.12343235 ], [ -61.72746271, 6.12392192 ], [ -61.7279947, 6.12435729 ], [ -61.72853585, 6.12480166 ], [ -61.72905876, 6.12526414 ], [ -61.72948218, 6.12581684 ], [ -61.72960699, 6.12650453 ], [ -61.72928932, 6.12711873 ], [ -61.72886332, 6.1276694 ], [ -61.72842839, 6.128211 ], [ -61.72809264, 6.12881617 ], [ -61.72819041, 6.1295037 ], [ -61.72865907, 6.13002032 ], [ -61.72920014, 6.13045572 ], [ -61.72991252, 6.13105428 ], [ -61.72943248, 6.13155962 ], [ -61.72891629, 6.1320287 ], [ -61.72844524, 6.13253404 ], [ -61.72826294, 6.13321188 ], [ -61.72878595, 6.13366532 ], [ -61.7294177, 6.13396532 ], [ -61.73003134, 6.13428324 ], [ -61.7305362, 6.13476379 ], [ -61.73086908, 6.13537955 ], [ -61.73110247, 6.13603133 ], [ -61.73130871, 6.136692 ], [ -61.73154207, 6.13735275 ], [ -61.73183882, 6.13797745 ], [ -61.73229842, 6.13850308 ], [ -61.7329302, 6.13880307 ], [ -61.73358023, 6.13903068 ], [ -61.73417576, 6.13938483 ], [ -61.73432773, 6.14006345 ], [ -61.73409126, 6.14072307 ], [ -61.73381869, 6.14136463 ], [ -61.73367254, 6.14204256 ], [ -61.73399632, 6.14265829 ], [ -61.73455558, 6.14307565 ], [ -61.73513299, 6.14344784 ], [ -61.73559257, 6.14398252 ], [ -61.73556383, 6.1446788 ], [ -61.73530026, 6.14532028 ], [ -61.73494649, 6.14591635 ], [ -61.73456563, 6.14649427 ], [ -61.73419378, 6.14708131 ], [ -61.73374023, 6.14781275 ], [ -61.73429043, 6.14823917 ], [ -61.73482243, 6.14869262 ], [ -61.73534546, 6.14914598 ], [ -61.73591379, 6.14954527 ], [ -61.73654559, 6.14983622 ], [ -61.73724122, 6.14989212 ], [ -61.73791931, 6.14973094 ], [ -61.73856146, 6.14947013 ], [ -61.73920364, 6.14920038 ], [ -61.73986379, 6.14898482 ], [ -61.74055965, 6.14892316 ], [ -61.74122791, 6.14910558 ], [ -61.74185061, 6.14941458 ], [ -61.74243711, 6.14978679 ], [ -61.74299631, 6.15020406 ], [ -61.74354656, 6.15063043 ], [ -61.74410576, 6.15104778 ], [ -61.74468316, 6.151429 ], [ -61.74529691, 6.15174694 ], [ -61.74596507, 6.15193848 ], [ -61.74666085, 6.15194914 ], [ -61.74734783, 6.15182408 ], [ -61.74800801, 6.15159954 ], [ -61.74864121, 6.15132063 ], [ -61.74925641, 6.15099655 ], [ -61.74985353, 6.15064519 ], [ -61.75044178, 6.15026667 ], [ -61.75101201, 6.14987014 ], [ -61.75160018, 6.14949166 ], [ -61.75191784, 6.14887741 ], [ -61.75193827, 6.14787356 ], [ -61.75199414, 6.14717733 ], [ -61.75200479, 6.14648091 ], [ -61.75203348, 6.14579364 ], [ -61.75219772, 6.14511576 ], [ -61.75261466, 6.14455599 ], [ -61.75314883, 6.14411408 ], [ -61.75373697, 6.1437446 ], [ -61.75436116, 6.14342959 ], [ -61.75500329, 6.14316875 ], [ -61.75566343, 6.14295325 ], [ -61.7563415, 6.14278292 ], [ -61.75702845, 6.14267601 ], [ -61.75771534, 6.14263239 ], [ -61.758411, 6.14264303 ], [ -61.75910669, 6.14268986 ], [ -61.75980227, 6.14274574 ], [ -61.7604889, 6.14281063 ], [ -61.76184405, 6.14290417 ], [ -61.76243048, 6.14327636 ], [ -61.76302602, 6.14364857 ], [ -61.76361248, 6.1440117 ], [ -61.76420808, 6.14436575 ], [ -61.76480365, 6.14471986 ], [ -61.76540822, 6.14508305 ], [ -61.76600372, 6.1454371 ], [ -61.76659932, 6.14579121 ], [ -61.76719489, 6.14614533 ], [ -61.76779039, 6.14649936 ], [ -61.76838597, 6.14686252 ], [ -61.76898151, 6.14722568 ], [ -61.76956799, 6.14759775 ], [ -61.77015443, 6.14796996 ], [ -61.77074095, 6.14835118 ], [ -61.77131834, 6.14874142 ], [ -61.77188669, 6.1491406 ], [ -61.77244595, 6.14954887 ], [ -61.77300525, 6.14996619 ], [ -61.77355544, 6.15039256 ], [ -61.77408759, 6.15083685 ], [ -61.7745835, 6.15131733 ], [ -61.77505218, 6.15183391 ], [ -61.77548459, 6.15237755 ], [ -61.77589902, 6.15293923 ], [ -61.77630434, 6.15351003 ], [ -61.77669156, 6.15408067 ], [ -61.77707881, 6.15466036 ], [ -61.77747514, 6.15523106 ], [ -61.77817768, 6.15619133 ], [ -61.77880955, 6.15649119 ], [ -61.77942326, 6.15680917 ], [ -61.78003704, 6.15713611 ], [ -61.78065073, 6.15747217 ], [ -61.78125538, 6.1578082 ], [ -61.78186907, 6.15814419 ], [ -61.78247372, 6.15848022 ], [ -61.78309647, 6.15879822 ], [ -61.78371928, 6.15910709 ], [ -61.78435115, 6.15938893 ], [ -61.78499211, 6.15965263 ], [ -61.78565125, 6.15988027 ], [ -61.78631951, 6.16007168 ], [ -61.78700598, 6.16019986 ], [ -61.78770191, 6.16013813 ], [ -61.78836205, 6.15991357 ], [ -61.78898626, 6.15961646 ], [ -61.78960144, 6.15929225 ], [ -61.7902256, 6.1589862 ], [ -61.79086773, 6.15872532 ], [ -61.79154574, 6.15859124 ], [ -61.79224158, 6.15858375 ], [ -61.79293724, 6.15865767 ], [ -61.79362372, 6.15876775 ], [ -61.79431022, 6.15885981 ], [ -61.79500599, 6.1588885 ], [ -61.79569295, 6.15878143 ], [ -61.79636208, 6.15858402 ], [ -61.79700424, 6.15832321 ], [ -61.79763748, 6.15802615 ], [ -61.79825262, 6.15771094 ], [ -61.79886779, 6.1573868 ], [ -61.7999081, 6.15688266 ], [ -61.80056726, 6.15708307 ], [ -61.80124461, 6.15724735 ], [ -61.80192203, 6.15741174 ], [ -61.80259017, 6.15762118 ], [ -61.80322211, 6.15790304 ], [ -61.80378148, 6.1583112 ], [ -61.80425925, 6.15880969 ], [ -61.80469179, 6.15936235 ], [ -61.80508803, 6.1599331 ], [ -61.8054482, 6.16053081 ], [ -61.80579932, 6.16112849 ], [ -61.8061322, 6.16174425 ], [ -61.80646519, 6.16235092 ], [ -61.80680728, 6.16295766 ], [ -61.80723942, 6.16365509 ], [ -61.80769914, 6.16417161 ], [ -61.80818597, 6.16467016 ], [ -61.80862764, 6.16520476 ], [ -61.80894246, 6.16582946 ], [ -61.80904035, 6.16651702 ], [ -61.80903882, 6.16721339 ], [ -61.80909144, 6.16790095 ], [ -61.8093702, 6.16854368 ], [ -61.80979366, 6.16908726 ], [ -61.81030774, 6.16956776 ], [ -61.81091242, 6.16990369 ], [ -61.8116082, 6.1698962 ], [ -61.81227735, 6.16970779 ], [ -61.81293739, 6.16950129 ], [ -61.8135886, 6.16926751 ], [ -61.81424876, 6.16903387 ], [ -61.81489091, 6.16878201 ], [ -61.81554208, 6.16852124 ], [ -61.81617524, 6.16825126 ], [ -61.81681746, 6.16797237 ], [ -61.81745067, 6.16768429 ], [ -61.81808384, 6.16739636 ], [ -61.81871698, 6.16710828 ], [ -61.81934122, 6.16681128 ], [ -61.81997442, 6.16651415 ], [ -61.82059858, 6.16621704 ], [ -61.82123177, 6.16592002 ], [ -61.82185592, 6.16561386 ], [ -61.82248015, 6.16531685 ], [ -61.82311327, 6.16501972 ], [ -61.82374648, 6.16473174 ], [ -61.82437968, 6.1644437 ], [ -61.82563696, 6.16388574 ], [ -61.82633283, 6.16386915 ], [ -61.82702868, 6.16382546 ], [ -61.82771563, 6.16377274 ], [ -61.82841144, 6.16373809 ], [ -61.82910732, 6.16372151 ], [ -61.829803, 6.16375923 ], [ -61.83048951, 6.16388731 ], [ -61.83093116, 6.16441284 ], [ -61.8313275, 6.1650016 ], [ -61.83192306, 6.16535563 ], [ -61.83252774, 6.16570962 ], [ -61.83313244, 6.16605468 ], [ -61.83373717, 6.16639065 ], [ -61.83434184, 6.16673559 ], [ -61.83494657, 6.1670716 ], [ -61.83556031, 6.1674076 ], [ -61.83616504, 6.16774349 ], [ -61.83676971, 6.16808854 ], [ -61.83738345, 6.16842453 ], [ -61.83798816, 6.16876947 ], [ -61.83858384, 6.16911449 ], [ -61.83918855, 6.16945943 ], [ -61.83978413, 6.16982254 ], [ -61.84037982, 6.17017657 ], [ -61.84096633, 6.1705487 ], [ -61.84155297, 6.17092072 ], [ -61.84213947, 6.17131094 ], [ -61.84270793, 6.17170107 ], [ -61.84327637, 6.17210021 ], [ -61.84383572, 6.17251749 ], [ -61.84436788, 6.17297087 ], [ -61.84487295, 6.17344226 ], [ -61.84535985, 6.17394077 ], [ -61.84582859, 6.17445728 ], [ -61.84628837, 6.17497381 ], [ -61.84673002, 6.17550841 ], [ -61.84718074, 6.176043 ], [ -61.84762235, 6.17657756 ], [ -61.84807301, 6.17711214 ], [ -61.84883027, 6.17797301 ], [ -61.84928092, 6.1785076 ], [ -61.84970452, 6.17906023 ], [ -61.85020046, 6.17954064 ], [ -61.85081422, 6.17987654 ], [ -61.8514371, 6.18018544 ], [ -61.85205997, 6.18048519 ], [ -61.85269192, 6.18078507 ], [ -61.85332392, 6.18106675 ], [ -61.85396494, 6.18133043 ], [ -61.85462409, 6.18156699 ], [ -61.85529241, 6.18176743 ], [ -61.85596988, 6.18189549 ], [ -61.8566656, 6.18195123 ], [ -61.85728979, 6.18164503 ], [ -61.85755326, 6.18100348 ], [ -61.85772637, 6.18032556 ], [ -61.85789051, 6.17964762 ], [ -61.85813589, 6.17899686 ], [ -61.85879606, 6.17877221 ], [ -61.8594189, 6.17908107 ], [ -61.85997834, 6.17948921 ], [ -61.86051051, 6.17993353 ], [ -61.86103373, 6.1803869 ], [ -61.86157498, 6.18083124 ], [ -61.8621525, 6.18122138 ], [ -61.86282082, 6.18141272 ], [ -61.86331892, 6.18092536 ], [ -61.86350103, 6.18025651 ], [ -61.86362, 6.17956942 ], [ -61.86374794, 6.17888224 ], [ -61.86392148, 6.17801443 ], [ -61.86409462, 6.17733639 ], [ -61.86428581, 6.17666753 ], [ -61.86410656, 6.17599792 ], [ -61.86358334, 6.17554455 ], [ -61.86300582, 6.17515441 ], [ -61.86240112, 6.17480947 ], [ -61.8617873, 6.1744916 ], [ -61.86116439, 6.17418271 ], [ -61.86053254, 6.1738739 ], [ -61.8599187, 6.17356504 ], [ -61.85930487, 6.17322915 ], [ -61.85870924, 6.1728751 ], [ -61.85814982, 6.17246689 ], [ -61.85762674, 6.17199546 ], [ -61.85718512, 6.1714609 ], [ -61.85685203, 6.17085423 ], [ -61.85661849, 6.17019353 ], [ -61.85646626, 6.16952392 ], [ -61.8563503, 6.16883625 ], [ -61.85627042, 6.16813971 ], [ -61.85619962, 6.16745221 ], [ -61.8561107, 6.16675553 ], [ -61.85600375, 6.16606796 ], [ -61.85592575, 6.16574405 ], [ -61.85584251, 6.16539836 ], [ -61.85559994, 6.16473753 ], [ -61.8552669, 6.16413085 ], [ -61.85484342, 6.16357826 ], [ -61.85435647, 6.16307975 ], [ -61.85384238, 6.16261739 ], [ -61.85331922, 6.16216412 ], [ -61.85231822, 6.16123039 ], [ -61.85213888, 6.16056074 ], [ -61.85171541, 6.16000814 ], [ -61.85104714, 6.15979865 ], [ -61.8503788, 6.15962538 ], [ -61.84969235, 6.15948828 ], [ -61.84901486, 6.15937819 ], [ -61.84831924, 6.15928629 ], [ -61.84763261, 6.15922152 ], [ -61.84693689, 6.15917477 ], [ -61.84624122, 6.15913711 ], [ -61.84554538, 6.15914468 ], [ -61.84484956, 6.1591703 ], [ -61.84415362, 6.15922302 ], [ -61.84346673, 6.15928485 ], [ -61.84277077, 6.1593557 ], [ -61.84208385, 6.15942654 ], [ -61.84138789, 6.15949746 ], [ -61.84070103, 6.15955024 ], [ -61.84000514, 6.1595849 ], [ -61.83930935, 6.15960147 ], [ -61.83861355, 6.15958188 ], [ -61.83791785, 6.15951707 ], [ -61.83723136, 6.15940698 ], [ -61.83657213, 6.15919757 ], [ -61.83598562, 6.15881639 ], [ -61.83548061, 6.15834499 ], [ -61.83502089, 6.15781941 ], [ -61.83458837, 6.15727582 ], [ -61.83415582, 6.15673223 ], [ -61.83341659, 6.15591666 ], [ -61.83303834, 6.15533701 ], [ -61.83263295, 6.15476636 ], [ -61.8322366, 6.1541957 ], [ -61.83188545, 6.15359793 ], [ -61.83165193, 6.15294627 ], [ -61.83181606, 6.15226833 ], [ -61.83212465, 6.15164496 ], [ -61.83209003, 6.15094841 ], [ -61.83167561, 6.15038678 ], [ -61.83117964, 6.14989731 ], [ -61.83065659, 6.14944402 ], [ -61.83013346, 6.1489816 ], [ -61.82963752, 6.14849213 ], [ -61.82924119, 6.14793052 ], [ -61.82913428, 6.14724287 ], [ -61.82924039, 6.14694675 ], [ -61.82937059, 6.14658317 ], [ -61.82977844, 6.1460233 ], [ -61.83024943, 6.14550883 ], [ -61.83074752, 6.1450215 ], [ -61.83124558, 6.14454325 ], [ -61.83173457, 6.14403783 ], [ -61.83217846, 6.14351423 ], [ -61.83255026, 6.14291811 ], [ -61.8327686, 6.14225839 ], [ -61.83286949, 6.14157125 ], [ -61.83288003, 6.1408748 ], [ -61.83282727, 6.14018735 ], [ -61.83272938, 6.13949076 ], [ -61.8326044, 6.1388121 ], [ -61.83247034, 6.13812448 ], [ -61.83232721, 6.13744588 ], [ -61.83222026, 6.1367583 ], [ -61.83209561, 6.13590784 ], [ -61.83189833, 6.13523816 ], [ -61.83165571, 6.13458637 ], [ -61.83143129, 6.13392565 ], [ -61.83130627, 6.13323806 ], [ -61.83147041, 6.13256917 ], [ -61.83204952, 6.13218148 ], [ -61.83270958, 6.1319658 ], [ -61.83337868, 6.13175926 ], [ -61.83400283, 6.1314622 ], [ -61.83438357, 6.13088413 ], [ -61.83449352, 6.13018797 ], [ -61.83449498, 6.12950065 ], [ -61.83445825, 6.12901577 ], [ -61.83444225, 6.12880408 ], [ -61.83434441, 6.1281165 ], [ -61.83423742, 6.12742896 ], [ -61.83412147, 6.12674136 ], [ -61.83401456, 6.12605367 ], [ -61.83393471, 6.12535713 ], [ -61.83390907, 6.12466973 ], [ -61.83394671, 6.12397336 ], [ -61.83418308, 6.12331366 ], [ -61.83477122, 6.12295313 ], [ -61.83544028, 6.12275564 ], [ -61.8361003, 6.12254907 ], [ -61.83667941, 6.12217046 ], [ -61.83700606, 6.12155615 ], [ -61.83717017, 6.12087814 ], [ -61.83726194, 6.12019097 ], [ -61.83730869, 6.1194947 ], [ -61.83732822, 6.11879835 ], [ -61.83735683, 6.11810195 ], [ -61.8374404, 6.11704394 ], [ -61.83728831, 6.11636532 ], [ -61.8371181, 6.11568664 ], [ -61.83692976, 6.11501692 ], [ -61.83673241, 6.1143472 ], [ -61.83653504, 6.11368657 ], [ -61.8363287, 6.11301687 ], [ -61.83614043, 6.11234714 ], [ -61.83595208, 6.11167745 ], [ -61.83578189, 6.11100786 ], [ -61.83563879, 6.1103201 ], [ -61.83554088, 6.10963256 ], [ -61.83549716, 6.10894514 ], [ -61.83554387, 6.10824883 ], [ -61.83574411, 6.10757994 ], [ -61.83630514, 6.10717421 ], [ -61.83698312, 6.10702186 ], [ -61.83767899, 6.10696911 ], [ -61.83837476, 6.10696156 ], [ -61.83907041, 6.10698114 ], [ -61.83976617, 6.10699167 ], [ -61.8410855, 6.10692217 ], [ -61.84175452, 6.10674277 ], [ -61.84242348, 6.10654515 ], [ -61.84308357, 6.10632957 ], [ -61.84374354, 6.10613204 ], [ -61.84442162, 6.1059435 ], [ -61.84509962, 6.10580931 ], [ -61.84579544, 6.1057475 ], [ -61.84648199, 6.10581224 ], [ -61.84707761, 6.1061663 ], [ -61.84756449, 6.10666477 ], [ -61.84803317, 6.10718121 ], [ -61.8485653, 6.10763458 ], [ -61.84923358, 6.10781697 ], [ -61.84990261, 6.10763744 ], [ -61.85051768, 6.1073132 ], [ -61.85112381, 6.1069708 ], [ -61.8517569, 6.1066918 ], [ -61.85244379, 6.1065937 ], [ -61.85313953, 6.10659517 ], [ -61.85383514, 6.10664187 ], [ -61.85452172, 6.1067248 ], [ -61.85521716, 6.10682578 ], [ -61.85590373, 6.10692669 ], [ -61.8565902, 6.10701859 ], [ -61.85728576, 6.10708334 ], [ -61.85797242, 6.10711191 ], [ -61.85866817, 6.10708627 ], [ -61.85935513, 6.10698824 ], [ -61.86003316, 6.10681788 ], [ -61.86067526, 6.10654787 ], [ -61.86122728, 6.10612392 ], [ -61.86159899, 6.10553682 ], [ -61.86204346, 6.10470574 ], [ -61.86193652, 6.10401806 ], [ -61.86181142, 6.10333047 ], [ -61.86173159, 6.10264295 ], [ -61.86179631, 6.1019467 ], [ -61.86223119, 6.10140487 ], [ -61.86289113, 6.10120732 ], [ -61.86358669, 6.10130824 ], [ -61.86425491, 6.10147252 ], [ -61.86492311, 6.10168188 ], [ -61.86558231, 6.10189126 ], [ -61.86625957, 6.10206461 ], [ -61.866946, 6.10218359 ], [ -61.86764179, 6.10216699 ], [ -61.8682479, 6.10182453 ], [ -61.86876387, 6.10136432 ], [ -61.86932497, 6.10094954 ], [ -61.86999392, 6.10076094 ], [ -61.87068989, 6.10067196 ], [ -61.87137667, 6.10061914 ], [ -61.87207248, 6.10059348 ], [ -61.87276817, 6.10058588 ], [ -61.87346394, 6.10058732 ], [ -61.87415965, 6.10059785 ], [ -61.87485535, 6.10059929 ], [ -61.87555112, 6.10060073 ], [ -61.87632818, 6.10059332 ], [ -61.88187872, 6.1036076 ], [ -61.88171474, 6.10428559 ], [ -61.88203871, 6.10490127 ], [ -61.88251653, 6.10540876 ], [ -61.88298534, 6.10591619 ], [ -61.88346316, 6.10642368 ], [ -61.88394105, 6.10693118 ], [ -61.88443696, 6.10742059 ], [ -61.88493295, 6.10791005 ], [ -61.88543795, 6.1083814 ], [ -61.88597015, 6.10883466 ], [ -61.8865114, 6.10926088 ], [ -61.88708884, 6.10966003 ], [ -61.8876845, 6.11002308 ], [ -61.88830731, 6.11032278 ], [ -61.88899374, 6.11043269 ], [ -61.88968967, 6.11037083 ], [ -61.89035865, 6.1102004 ], [ -61.89100074, 6.10993043 ], [ -61.89158881, 6.10956079 ], [ -61.89207779, 6.10906436 ], [ -61.89240429, 6.10845001 ], [ -61.89263154, 6.10779015 ], [ -61.89278657, 6.10711217 ], [ -61.89289641, 6.10642505 ], [ -61.8929791, 6.10573785 ], [ -61.89306189, 6.10504153 ], [ -61.89317169, 6.10435441 ], [ -61.89330877, 6.103595 ], [ -61.89346376, 6.10290786 ], [ -61.89358265, 6.10222982 ], [ -61.89371056, 6.10154271 ], [ -61.89385652, 6.10086463 ], [ -61.89407469, 6.10020485 ], [ -61.89439224, 6.09958143 ], [ -61.89504332, 6.09932041 ], [ -61.89573019, 6.09922236 ], [ -61.89630921, 6.0988528 ], [ -61.89676213, 6.09832009 ], [ -61.89712471, 6.09772382 ], [ -61.89736096, 6.0970731 ], [ -61.89736237, 6.09637673 ], [ -61.89726438, 6.09568916 ], [ -61.89714835, 6.09500147 ], [ -61.89702324, 6.09431386 ], [ -61.89688008, 6.09363528 ], [ -61.89673691, 6.09295658 ], [ -61.89657563, 6.09227792 ], [ -61.89641435, 6.09159928 ], [ -61.89623505, 6.09092965 ], [ -61.89606477, 6.09025091 ], [ -61.89587636, 6.08958125 ], [ -61.89569706, 6.08891161 ], [ -61.89550865, 6.08824187 ], [ -61.89532023, 6.08757221 ], [ -61.8951319, 6.08690258 ], [ -61.89494348, 6.08623292 ], [ -61.89476419, 6.08556321 ], [ -61.8945848, 6.08488452 ], [ -61.8944055, 6.08421488 ], [ -61.89419044, 6.08334613 ], [ -61.89419186, 6.08264976 ], [ -61.89415716, 6.08195329 ], [ -61.89411335, 6.08125668 ], [ -61.89405147, 6.08056921 ], [ -61.89399874, 6.07987269 ], [ -61.89395493, 6.07917612 ], [ -61.89394731, 6.07848877 ], [ -61.89397587, 6.07779241 ], [ -61.89406766, 6.07709612 ], [ -61.89423158, 6.07642718 ], [ -61.89448594, 6.07577651 ], [ -61.89478539, 6.07514403 ], [ -61.89512094, 6.07453868 ], [ -61.89548347, 6.07394249 ], [ -61.89586421, 6.07336441 ], [ -61.89627192, 6.07279546 ], [ -61.89668865, 6.07224458 ], [ -61.89713246, 6.07170283 ], [ -61.89758522, 6.07117916 ], [ -61.8980561, 6.07066458 ], [ -61.89853603, 6.07015904 ], [ -61.89902491, 6.06967162 ], [ -61.89953183, 6.0691933 ], [ -61.90003875, 6.06871497 ], [ -61.90056369, 6.06825483 ], [ -61.90110674, 6.06782177 ], [ -61.9017037, 6.06747023 ], [ -61.90233672, 6.06720022 ], [ -61.90299669, 6.06697536 ], [ -61.90366567, 6.06678683 ], [ -61.90434365, 6.06660726 ], [ -61.9050126, 6.06642773 ], [ -61.90594383, 6.0661312 ], [ -61.90653187, 6.06575246 ], [ -61.90712887, 6.06540997 ], [ -61.90773491, 6.06506747 ], [ -61.90834095, 6.06472504 ], [ -61.90893793, 6.06436441 ], [ -61.90950794, 6.0639676 ], [ -61.91003294, 6.06350745 ], [ -61.91048572, 6.06298376 ], [ -61.91079411, 6.06236024 ], [ -61.91096715, 6.06168227 ], [ -61.91105888, 6.06099509 ], [ -61.91113254, 6.0603078 ], [ -61.91120618, 6.05961156 ], [ -61.91135207, 6.05893352 ], [ -61.9116154, 6.05829191 ], [ -61.91211329, 6.05780451 ], [ -61.91272833, 6.05747103 ], [ -61.91336136, 6.05719196 ], [ -61.91401233, 6.05694901 ], [ -61.91467233, 6.05674234 ], [ -61.9153503, 6.05656275 ], [ -61.91602819, 6.05641038 ], [ -61.91670609, 6.05626704 ], [ -61.91739295, 6.05615084 ], [ -61.91807981, 6.05603456 ], [ -61.91876672, 6.05592739 ], [ -61.91945352, 6.05582931 ], [ -61.92014036, 6.05572215 ], [ -61.92082727, 6.05562403 ], [ -61.92151411, 6.05551679 ], [ -61.92220099, 6.05539153 ], [ -61.92287886, 6.05525724 ], [ -61.92358389, 6.05510489 ], [ -61.92427046, 6.05516956 ], [ -61.92496594, 6.05525235 ], [ -61.92565246, 6.05533507 ], [ -61.92634799, 6.05539976 ], [ -61.92704365, 6.05541922 ], [ -61.92773938, 6.05537536 ], [ -61.92842627, 6.05528628 ], [ -61.92911307, 6.05518815 ], [ -61.9297999, 6.0550809 ], [ -61.93048683, 6.05496471 ], [ -61.93116474, 6.05483041 ], [ -61.93185161, 6.05469609 ], [ -61.93252953, 6.05454361 ], [ -61.93320744, 6.05439121 ], [ -61.93388533, 6.05423878 ], [ -61.93455427, 6.05407734 ], [ -61.9352322, 6.05390673 ], [ -61.93591013, 6.05373624 ], [ -61.93658807, 6.05357482 ], [ -61.93725698, 6.05341323 ], [ -61.93793492, 6.05325178 ], [ -61.93860383, 6.05307225 ], [ -61.93927281, 6.05288356 ], [ -61.93993272, 6.05266781 ], [ -61.9405838, 6.05241578 ], [ -61.94121672, 6.05212763 ], [ -61.94181377, 6.05176696 ], [ -61.94216723, 6.05117072 ], [ -61.94234927, 6.05050181 ], [ -61.94258547, 6.04984203 ], [ -61.94307427, 6.04934552 ], [ -61.94373426, 6.0491387 ], [ -61.94460194, 6.04894144 ], [ -61.9452976, 6.04896087 ], [ -61.94598416, 6.04899837 ], [ -61.94667989, 6.04899067 ], [ -61.94734887, 6.04878387 ], [ -61.94787372, 6.04833273 ], [ -61.9482904, 6.0477728 ], [ -61.94894273, 6.04685146 ], [ -61.94961097, 6.04703361 ], [ -61.95018844, 6.04741463 ], [ -61.95048537, 6.04804831 ], [ -61.95070997, 6.04869993 ], [ -61.95089844, 6.04936968 ], [ -61.95107781, 6.05004834 ], [ -61.95124817, 6.05071797 ], [ -61.95144564, 6.05138763 ], [ -61.95167931, 6.05203934 ], [ -61.95198529, 6.05267305 ], [ -61.95236359, 6.05325265 ], [ -61.95286865, 6.05373297 ], [ -61.95343711, 6.05412301 ], [ -61.95405995, 6.05444072 ], [ -61.95470998, 6.05468624 ], [ -61.95537821, 6.05487743 ], [ -61.95606463, 6.0549963 ], [ -61.95675108, 6.05507901 ], [ -61.95744675, 6.05510748 ], [ -61.95814246, 6.05510881 ], [ -61.95883822, 6.0550649 ], [ -61.95952508, 6.05498482 ], [ -61.96021195, 6.05485955 ], [ -61.96088088, 6.05468899 ], [ -61.96154083, 6.05445505 ], [ -61.96216484, 6.0541578 ], [ -61.96275282, 6.05377903 ], [ -61.96330471, 6.05336402 ], [ -61.96383863, 6.05291277 ], [ -61.96435448, 6.05244342 ], [ -61.96487045, 6.05197406 ], [ -61.96539529, 6.0515229 ], [ -61.96601063, 6.05100855 ], [ -61.96793367, 6.05173573 ], [ -61.97546224, 6.05042947 ], [ -61.97715529, 6.05126533 ], [ -61.97792653, 6.05164607 ], [ -61.98485699, 6.05128818 ], [ -61.98689634, 6.05267587 ], [ -61.9874786, 6.05537227 ], [ -61.99098708, 6.05869818 ], [ -61.99170385, 6.06197371 ], [ -62.00351039, 6.06329799 ], [ -62.00645265, 6.06508518 ], [ -62.01127889, 6.07424731 ], [ -62.01460846, 6.07674976 ], [ -62.01678592, 6.07677183 ], [ -62.01998224, 6.0780349 ], [ -62.02258467, 6.08291475 ], [ -62.03121927, 6.08990383 ], [ -62.0327774, 6.09277391 ], [ -62.033192, 6.09334446 ], [ -62.03358859, 6.09390595 ], [ -62.0339851, 6.09448553 ], [ -62.0343636, 6.09506507 ], [ -62.03475107, 6.09564462 ], [ -62.03512052, 6.09623318 ], [ -62.03549896, 6.09681271 ], [ -62.03587748, 6.0974013 ], [ -62.03624689, 6.09798989 ], [ -62.03662537, 6.09856942 ], [ -62.03701284, 6.09914905 ], [ -62.03739135, 6.09972858 ], [ -62.03778787, 6.10030816 ], [ -62.03819347, 6.10086967 ], [ -62.03859911, 6.10143118 ], [ -62.03902285, 6.10198366 ], [ -62.03946465, 6.10252713 ], [ -62.03991546, 6.10305254 ], [ -62.04038444, 6.10356894 ], [ -62.04088057, 6.10405824 ], [ -62.04138575, 6.10452947 ], [ -62.04192711, 6.10497366 ], [ -62.04256821, 6.10523706 ], [ -62.04326385, 6.10531969 ], [ -62.04395963, 6.10529379 ], [ -62.0446466, 6.10520455 ], [ -62.04533349, 6.1051063 ], [ -62.04602038, 6.10500805 ], [ -62.04671626, 6.10495502 ], [ -62.04741195, 6.10497431 ], [ -62.04806222, 6.10520155 ], [ -62.04851306, 6.10573599 ], [ -62.04917976, 6.10685874 ], [ -62.04977554, 6.1072216 ], [ -62.05038032, 6.10756632 ], [ -62.05044949, 6.107613 ], [ -62.05095794, 6.10795631 ], [ -62.05143599, 6.1084546 ], [ -62.05169691, 6.10909726 ], [ -62.05180412, 6.10978489 ], [ -62.05194747, 6.11047255 ], [ -62.05228978, 6.11107011 ], [ -62.05278593, 6.1115594 ], [ -62.05330016, 6.11203064 ], [ -62.05382348, 6.11248385 ], [ -62.05436491, 6.11292798 ], [ -62.05491536, 6.11334497 ], [ -62.05547491, 6.113753 ], [ -62.05605253, 6.11415199 ], [ -62.05663015, 6.11453293 ], [ -62.05721684, 6.11490474 ], [ -62.05781265, 6.11525854 ], [ -62.05841748, 6.11560333 ], [ -62.05903134, 6.11593902 ], [ -62.05964525, 6.11625672 ], [ -62.06027725, 6.11656528 ], [ -62.06090023, 6.11685583 ], [ -62.06154128, 6.11714642 ], [ -62.06217338, 6.11741883 ], [ -62.06281448, 6.11769137 ], [ -62.06345558, 6.11796376 ], [ -62.06409671, 6.11822722 ], [ -62.06474683, 6.11849062 ], [ -62.06538796, 6.11875407 ], [ -62.06602908, 6.11901745 ], [ -62.06667021, 6.1192809 ], [ -62.06731132, 6.11955332 ], [ -62.06796151, 6.11983489 ], [ -62.068648, 6.11997173 ], [ -62.06933455, 6.12007239 ], [ -62.07002123, 6.120164 ], [ -62.0707078, 6.12025565 ], [ -62.07139434, 6.12037447 ], [ -62.07207178, 6.12052938 ], [ -62.07274011, 6.12074759 ], [ -62.07336317, 6.12103812 ], [ -62.0739589, 6.12140096 ], [ -62.07452752, 6.12180892 ], [ -62.07505989, 6.12225305 ], [ -62.07556513, 6.12273329 ], [ -62.07604316, 6.12324064 ], [ -62.07648504, 6.12377507 ], [ -62.0768907, 6.12433655 ], [ -62.07725118, 6.12492506 ], [ -62.07756634, 6.12554971 ], [ -62.07781828, 6.12620145 ], [ -62.07803401, 6.12686207 ], [ -62.07819551, 6.12754068 ], [ -62.07833893, 6.12821928 ], [ -62.07844624, 6.12890695 ], [ -62.07853538, 6.1295945 ], [ -62.07860648, 6.13029106 ], [ -62.07865952, 6.13098767 ], [ -62.07867638, 6.13167508 ], [ -62.0786843, 6.13237155 ], [ -62.07867399, 6.13306804 ], [ -62.07864575, 6.13376442 ], [ -62.07860844, 6.13446081 ], [ -62.07857109, 6.13515727 ], [ -62.07853367, 6.13585362 ], [ -62.07849638, 6.13654097 ], [ -62.07845835, 6.13762631 ], [ -62.07856567, 6.13831394 ], [ -62.07864578, 6.13901051 ], [ -62.07872592, 6.13969804 ], [ -62.07883324, 6.14038571 ], [ -62.07897666, 6.14106432 ], [ -62.07918334, 6.14173396 ], [ -62.07950761, 6.14234959 ], [ -62.07993135, 6.14290203 ], [ -62.08037326, 6.14343646 ], [ -62.0808061, 6.14397988 ], [ -62.08115755, 6.14458649 ], [ -62.081319, 6.14525616 ], [ -62.08135393, 6.14595266 ], [ -62.08133473, 6.14664906 ], [ -62.08128838, 6.1473455 ], [ -62.08121483, 6.14803276 ], [ -62.0811143, 6.14872903 ], [ -62.08099561, 6.14940727 ], [ -62.0808589, 6.15009444 ], [ -62.08070407, 6.15077251 ], [ -62.0805403, 6.15145057 ], [ -62.08036749, 6.15211967 ], [ -62.08018553, 6.15279771 ], [ -62.08000368, 6.15346671 ], [ -62.07980369, 6.15412673 ], [ -62.07956763, 6.15478658 ], [ -62.07931353, 6.1554283 ], [ -62.07904132, 6.15607001 ], [ -62.07875101, 6.15670266 ], [ -62.07846071, 6.15733535 ], [ -62.07816144, 6.15796798 ], [ -62.07787113, 6.1586006 ], [ -62.07758083, 6.15923325 ], [ -62.07725426, 6.15998345 ], [ -62.0773525, 6.16067102 ], [ -62.07745976, 6.16135858 ], [ -62.07758508, 6.1620463 ], [ -62.07770136, 6.16272484 ], [ -62.07781772, 6.16341242 ], [ -62.07792497, 6.16410002 ], [ -62.07800507, 6.16478762 ], [ -62.07806715, 6.16548416 ], [ -62.07808406, 6.16618065 ], [ -62.07806475, 6.16687712 ], [ -62.07800031, 6.1675644 ], [ -62.07789065, 6.16826064 ], [ -62.07774491, 6.16893882 ], [ -62.07755397, 6.16960779 ], [ -62.07729075, 6.17024952 ], [ -62.0769734, 6.17086402 ], [ -62.07657479, 6.17143314 ], [ -62.07610395, 6.17194789 ], [ -62.07558804, 6.17241736 ], [ -62.07504505, 6.17285963 ], [ -62.07448399, 6.1732657 ], [ -62.07391402, 6.17366273 ], [ -62.07333492, 6.17404155 ], [ -62.07275586, 6.17442948 ], [ -62.07218589, 6.17482651 ], [ -62.07162485, 6.17524163 ], [ -62.07109085, 6.1756838 ], [ -62.07058394, 6.17616234 ], [ -62.07013117, 6.17669517 ], [ -62.06983183, 6.17731875 ], [ -62.06965899, 6.17798785 ], [ -62.06954026, 6.17867502 ], [ -62.06927593, 6.17999518 ], [ -62.07036287, 6.18376881 ], [ -62.07091299, 6.18441193 ], [ -62.07265548, 6.18541895 ], [ -62.07457822, 6.18671569 ], [ -62.07576906, 6.18791176 ], [ -62.07714992, 6.18901762 ], [ -62.07889275, 6.18984367 ], [ -62.0800833, 6.19122062 ], [ -62.08118276, 6.19305858 ], [ -62.08301418, 6.19490699 ], [ -62.08374406, 6.19619257 ], [ -62.0850244, 6.19794044 ], [ -62.08649419, 6.19986957 ], [ -62.08887656, 6.2019902 ], [ -62.09061822, 6.20354891 ], [ -62.09227041, 6.2045648 ], [ -62.09456413, 6.20567219 ], [ -62.09593626, 6.20659713 ], [ -62.09805021, 6.20715245 ], [ -62.10162692, 6.20853341 ], [ -62.10345849, 6.21037259 ], [ -62.1048304, 6.21147839 ], [ -62.10740451, 6.21249577 ], [ -62.10932808, 6.21341258 ], [ -62.11024854, 6.21424624 ], [ -62.11171166, 6.21489093 ], [ -62.11318436, 6.2151647 ], [ -62.11455709, 6.2158092 ], [ -62.11675961, 6.21746809 ], [ -62.11813344, 6.21747037 ], [ -62.11924029, 6.21490349 ], [ -62.12234654, 6.21117295 ], [ -62.12297967, 6.2108846 ], [ -62.12360376, 6.21057806 ], [ -62.12424592, 6.21030783 ], [ -62.12493303, 6.21020042 ], [ -62.12561064, 6.21034625 ], [ -62.12622468, 6.21067281 ], [ -62.126721, 6.21116207 ], [ -62.12707244, 6.21176876 ], [ -62.12733351, 6.21241138 ], [ -62.1275493, 6.21307198 ], [ -62.12776517, 6.21373262 ], [ -62.12800811, 6.21438424 ], [ -62.12832339, 6.21500894 ], [ -62.12875634, 6.21555235 ], [ -62.12925269, 6.21603256 ], [ -62.12978519, 6.2164856 ], [ -62.1303358, 6.21691166 ], [ -62.13090459, 6.21731059 ], [ -62.13148238, 6.21769145 ], [ -62.13206921, 6.2180632 ], [ -62.13266515, 6.21843506 ], [ -62.13326113, 6.21878882 ], [ -62.13384796, 6.21916064 ], [ -62.13444392, 6.21952337 ], [ -62.13535577, 6.2201399 ], [ -62.13580679, 6.22066526 ], [ -62.13624879, 6.22120869 ], [ -62.13668176, 6.2217521 ], [ -62.1371147, 6.22229551 ], [ -62.13754767, 6.22283891 ], [ -62.13798064, 6.22338239 ], [ -62.13841353, 6.2239258 ], [ -62.13886464, 6.22446021 ], [ -62.13931567, 6.22498556 ], [ -62.1397758, 6.2255109 ], [ -62.14024495, 6.2260181 ], [ -62.1407412, 6.22651639 ], [ -62.14123757, 6.22699662 ], [ -62.14177914, 6.22743166 ], [ -62.14234795, 6.22783061 ], [ -62.14294391, 6.22818436 ], [ -62.14357607, 6.22849285 ], [ -62.14421736, 6.22874719 ], [ -62.14488592, 6.2289382 ], [ -62.14558177, 6.22901168 ], [ -62.14627771, 6.22900374 ], [ -62.14697376, 6.22895965 ], [ -62.14766075, 6.22889744 ], [ -62.14835678, 6.22888049 ], [ -62.14905265, 6.22894491 ], [ -62.14972112, 6.22912687 ], [ -62.15036241, 6.2293993 ], [ -62.15096747, 6.22973486 ], [ -62.15156345, 6.23009764 ], [ -62.15214126, 6.23048756 ], [ -62.15271005, 6.23088646 ], [ -62.15327885, 6.23129433 ], [ -62.15423588, 6.23192005 ], [ -62.15472325, 6.23240926 ], [ -62.15523766, 6.23288037 ], [ -62.15571587, 6.23338768 ], [ -62.15602216, 6.23401234 ], [ -62.15595779, 6.23470867 ], [ -62.1556676, 6.23533232 ], [ -62.15515162, 6.23580184 ], [ -62.1545185, 6.2360813 ], [ -62.15384932, 6.23628822 ], [ -62.15317116, 6.23644993 ], [ -62.15249307, 6.23658449 ], [ -62.15180589, 6.23671007 ], [ -62.15112776, 6.23686272 ], [ -62.15045867, 6.23704254 ], [ -62.14980747, 6.23727671 ], [ -62.14918337, 6.23759222 ], [ -62.14862228, 6.23800742 ], [ -62.14813344, 6.23849509 ], [ -62.14768059, 6.239028 ], [ -62.14724593, 6.23957 ], [ -62.14682023, 6.24012106 ], [ -62.14637648, 6.240654 ], [ -62.1458966, 6.24115977 ], [ -62.14535361, 6.24159307 ], [ -62.1447294, 6.24190868 ], [ -62.14406025, 6.24207941 ], [ -62.14336423, 6.24213254 ], [ -62.14266827, 6.24209525 ], [ -62.14198153, 6.2420037 ], [ -62.14129478, 6.24189405 ], [ -62.14060801, 6.24176624 ], [ -62.13992131, 6.2416566 ], [ -62.13889107, 6.24153734 ], [ -62.13819506, 6.24157241 ], [ -62.13749905, 6.24158935 ], [ -62.1368031, 6.24159724 ], [ -62.13610709, 6.24159613 ], [ -62.13541113, 6.24159497 ], [ -62.13471518, 6.2416029 ], [ -62.13402815, 6.2416289 ], [ -62.1333321, 6.24169107 ], [ -62.132645, 6.24178035 ], [ -62.13195786, 6.24191498 ], [ -62.13128868, 6.24211283 ], [ -62.13068255, 6.24243748 ], [ -62.13013955, 6.24287068 ], [ -62.12965067, 6.24336738 ], [ -62.12917979, 6.24388217 ], [ -62.12869094, 6.24437883 ], [ -62.1281659, 6.24483024 ], [ -62.12757781, 6.24520012 ], [ -62.12693562, 6.24547941 ], [ -62.12627542, 6.24568643 ], [ -62.12558829, 6.24581189 ], [ -62.12489224, 6.24585595 ], [ -62.12420543, 6.24579152 ], [ -62.12351875, 6.24565471 ], [ -62.12285017, 6.24548169 ], [ -62.1221816, 6.24529069 ], [ -62.12152213, 6.24507253 ], [ -62.12086272, 6.24484525 ], [ -62.12021236, 6.24460001 ], [ -62.11956192, 6.24435466 ], [ -62.1189116, 6.24410938 ], [ -62.11826124, 6.24386402 ], [ -62.11761088, 6.24361878 ], [ -62.11680691, 6.24334602 ], [ -62.11628187, 6.24380647 ], [ -62.11573882, 6.24423973 ], [ -62.11524087, 6.24472735 ], [ -62.1148874, 6.24532372 ], [ -62.11462419, 6.24596543 ], [ -62.11437003, 6.24661633 ], [ -62.11412492, 6.24726713 ], [ -62.11388884, 6.24791796 ], [ -62.11366174, 6.24857786 ], [ -62.11343464, 6.24923782 ], [ -62.11321662, 6.2498977 ], [ -62.11300764, 6.25055764 ], [ -62.11279863, 6.25122659 ], [ -62.11258957, 6.25188661 ], [ -62.1123806, 6.25255555 ], [ -62.11218062, 6.25321548 ], [ -62.11198062, 6.25388445 ], [ -62.11177163, 6.25454446 ], [ -62.11157166, 6.25521343 ], [ -62.11136265, 6.25588238 ], [ -62.11115366, 6.25654228 ], [ -62.11094467, 6.25720229 ], [ -62.11070845, 6.25792545 ], [ -62.11023756, 6.25843118 ], [ -62.10978475, 6.2589641 ], [ -62.10933186, 6.25948793 ], [ -62.10886098, 6.2600027 ], [ -62.10834499, 6.26046313 ], [ -62.10776586, 6.2608511 ], [ -62.10713263, 6.26113943 ], [ -62.10646349, 6.26133724 ], [ -62.1057763, 6.26146279 ], [ -62.10508927, 6.26150685 ], [ -62.10439335, 6.26146042 ], [ -62.10370659, 6.26136882 ], [ -62.10301073, 6.26126807 ], [ -62.10232395, 6.26116742 ], [ -62.10163722, 6.26105773 ], [ -62.10095953, 6.260939 ], [ -62.10027274, 6.26081125 ], [ -62.09958603, 6.26068335 ], [ -62.09890836, 6.26055557 ], [ -62.09822167, 6.26041877 ], [ -62.09754393, 6.26027283 ], [ -62.09685724, 6.26013599 ], [ -62.09617958, 6.25999012 ], [ -62.09550191, 6.25984429 ], [ -62.09482425, 6.25969831 ], [ -62.09413759, 6.25955246 ], [ -62.09345996, 6.25940659 ], [ -62.09278223, 6.25926071 ], [ -62.09210457, 6.25911477 ], [ -62.0914179, 6.25896891 ], [ -62.09074024, 6.25882303 ], [ -62.09006256, 6.25868621 ], [ -62.08898733, 6.25847627 ], [ -62.08830067, 6.25833037 ], [ -62.08762303, 6.25817548 ], [ -62.08695444, 6.25800238 ], [ -62.0862859, 6.25781133 ], [ -62.0856083, 6.2576293 ], [ -62.08493976, 6.25743813 ], [ -62.0842712, 6.25725609 ], [ -62.08360269, 6.25708309 ], [ -62.08292508, 6.25691904 ], [ -62.08254552, 6.256837 ], [ -62.08224742, 6.25677319 ], [ -62.08156064, 6.25666346 ], [ -62.08086482, 6.25658085 ], [ -62.08016886, 6.25655252 ], [ -62.07947281, 6.25657843 ], [ -62.07879469, 6.25672194 ], [ -62.07829676, 6.25720948 ], [ -62.07796123, 6.25781492 ], [ -62.07768896, 6.2584566 ], [ -62.0774257, 6.25909833 ], [ -62.07712629, 6.259731 ], [ -62.07671858, 6.26029106 ], [ -62.07613042, 6.26066985 ], [ -62.07546126, 6.2608406 ], [ -62.07476514, 6.26090269 ], [ -62.07406911, 6.26094668 ], [ -62.07331879, 6.26100866 ], [ -62.07266749, 6.26126976 ], [ -62.0720163, 6.26151288 ], [ -62.0713651, 6.26174688 ], [ -62.07071386, 6.26198095 ], [ -62.07006265, 6.26223301 ], [ -62.06942041, 6.26251229 ], [ -62.0688052, 6.26282772 ], [ -62.06820801, 6.26317946 ], [ -62.06767396, 6.26363078 ], [ -62.06722106, 6.26415458 ], [ -62.06685845, 6.26475089 ], [ -62.06662231, 6.26541071 ], [ -62.06644032, 6.26607978 ], [ -62.06628551, 6.26675786 ], [ -62.06613062, 6.26743593 ], [ -62.06599381, 6.26811402 ], [ -62.06586605, 6.26880129 ], [ -62.06575637, 6.26948845 ], [ -62.06566474, 6.27017569 ], [ -62.0655912, 6.27087207 ], [ -62.0655358, 6.27155937 ], [ -62.06549839, 6.27225573 ], [ -62.06547906, 6.27295221 ], [ -62.06549593, 6.27364866 ], [ -62.065567, 6.27434522 ], [ -62.06568325, 6.27502384 ], [ -62.06584477, 6.2757025 ], [ -62.06604245, 6.27637213 ], [ -62.06624915, 6.27703277 ], [ -62.06646496, 6.27769348 ], [ -62.0666807, 6.27835415 ], [ -62.0670221, 6.2795215 ], [ -62.06715645, 6.28020914 ], [ -62.06706482, 6.28089646 ], [ -62.06653081, 6.28133863 ], [ -62.06592456, 6.28169034 ], [ -62.06530024, 6.28200581 ], [ -62.06468504, 6.28232124 ], [ -62.06409684, 6.28270009 ], [ -62.06358985, 6.28316954 ], [ -62.06321816, 6.28375678 ], [ -62.06293678, 6.28439846 ], [ -62.06270966, 6.28504936 ], [ -62.06249152, 6.28570922 ], [ -62.06224632, 6.28636 ], [ -62.06191076, 6.28697444 ], [ -62.06134964, 6.28738046 ], [ -62.06065372, 6.28730687 ], [ -62.06002149, 6.28701626 ], [ -62.05942559, 6.28666249 ], [ -62.05885682, 6.28626348 ], [ -62.05829713, 6.2858464 ], [ -62.05781897, 6.28533903 ], [ -62.0574132, 6.28477753 ], [ -62.05702552, 6.28419795 ], [ -62.05660173, 6.28364545 ], [ -62.0560602, 6.28320127 ], [ -62.05540068, 6.28299207 ], [ -62.05471387, 6.28290945 ], [ -62.05402716, 6.28279057 ], [ -62.05344022, 6.28242777 ], [ -62.05309784, 6.28181204 ], [ -62.0529183, 6.28114241 ], [ -62.05278395, 6.28046382 ], [ -62.05256872, 6.27949561 ], [ -62.05204532, 6.27903339 ], [ -62.05154902, 6.2785531 ], [ -62.05106185, 6.27805475 ], [ -62.05056557, 6.27756542 ], [ -62.05006024, 6.27708511 ], [ -62.04952772, 6.27664103 ], [ -62.04893186, 6.27627812 ], [ -62.04824491, 6.27624072 ], [ -62.04780107, 6.27677357 ], [ -62.04751971, 6.2774152 ], [ -62.04731963, 6.2780751 ], [ -62.04714667, 6.2787532 ], [ -62.04702789, 6.27944037 ], [ -62.0470086, 6.28013677 ], [ -62.04706152, 6.28082435 ], [ -62.04716883, 6.28151193 ], [ -62.0473652, 6.28287797 ], [ -62.04738197, 6.28357454 ], [ -62.04741686, 6.28427101 ], [ -62.04715354, 6.28491273 ], [ -62.04645762, 6.28488431 ], [ -62.0458072, 6.28465707 ], [ -62.04513875, 6.28443871 ], [ -62.04445178, 6.28440127 ], [ -62.04375565, 6.28449957 ], [ -62.04307749, 6.28462495 ], [ -62.0423902, 6.28476839 ], [ -62.04171203, 6.28491186 ], [ -62.04103382, 6.28507349 ], [ -62.04036458, 6.28524408 ], [ -62.03968634, 6.28541464 ], [ -62.03901721, 6.28558534 ], [ -62.03833894, 6.28576495 ], [ -62.03766974, 6.28593557 ], [ -62.0370005, 6.28610623 ], [ -62.03632226, 6.28627682 ], [ -62.03564404, 6.28643834 ], [ -62.03496586, 6.28658187 ], [ -62.03428765, 6.28672532 ], [ -62.03360043, 6.28684162 ], [ -62.03291327, 6.28694886 ], [ -62.03221719, 6.28698375 ], [ -62.03152128, 6.28693726 ], [ -62.03085273, 6.28675518 ], [ -62.0302568, 6.28639225 ], [ -62.02976962, 6.28590292 ], [ -62.0293458, 6.28534135 ], [ -62.02897627, 6.28476183 ], [ -62.02861587, 6.28416421 ], [ -62.0282644, 6.2835666 ], [ -62.02779567, 6.28285113 ], [ -62.02714441, 6.28310324 ], [ -62.02664636, 6.28358168 ], [ -62.02638309, 6.28422335 ], [ -62.02611976, 6.28487407 ], [ -62.02587451, 6.2855249 ], [ -62.02564728, 6.28618476 ], [ -62.0254743, 6.28685373 ], [ -62.02535549, 6.28754086 ], [ -62.02534518, 6.28823736 ], [ -62.0254795, 6.28891596 ], [ -62.02582181, 6.2895316 ], [ -62.02627287, 6.29004801 ], [ -62.02679623, 6.29051931 ], [ -62.02732876, 6.29095448 ], [ -62.02787027, 6.29139868 ], [ -62.02839373, 6.29186097 ], [ -62.02886276, 6.29236834 ], [ -62.02925041, 6.29294791 ], [ -62.02960178, 6.29354551 ], [ -62.02992609, 6.29416114 ], [ -62.03022323, 6.29479482 ], [ -62.03051125, 6.29542848 ], [ -62.03079035, 6.29606219 ], [ -62.03106035, 6.29670485 ], [ -62.03132123, 6.29734748 ], [ -62.0315822, 6.2979992 ], [ -62.03184316, 6.29864183 ], [ -62.03211318, 6.29927555 ], [ -62.03243724, 6.30001779 ], [ -62.03223714, 6.30067764 ], [ -62.03203705, 6.30134666 ], [ -62.03145781, 6.30173447 ], [ -62.03090716, 6.3013083 ], [ -62.03037471, 6.3008642 ], [ -62.02968791, 6.30072719 ], [ -62.02901864, 6.30091593 ], [ -62.02839444, 6.30121323 ], [ -62.0278152, 6.30160108 ], [ -62.0272991, 6.30206142 ], [ -62.02681, 6.30256702 ], [ -62.02637512, 6.30309987 ], [ -62.02599441, 6.30368707 ], [ -62.02571303, 6.30431965 ], [ -62.02559418, 6.30500681 ], [ -62.02555674, 6.30570324 ], [ -62.02555544, 6.30639965 ], [ -62.02558129, 6.30709614 ], [ -62.02562516, 6.30779271 ], [ -62.02569624, 6.30848022 ], [ -62.02577629, 6.30916777 ], [ -62.02586543, 6.30986442 ], [ -62.02595449, 6.31055198 ], [ -62.02605262, 6.31123953 ], [ -62.02613272, 6.3119362 ], [ -62.02626589, 6.31325693 ], [ -62.02607479, 6.31392586 ], [ -62.02607348, 6.31462238 ], [ -62.02642493, 6.31521999 ], [ -62.02682155, 6.31579053 ], [ -62.02707407, 6.31613473 ], [ -62.02766921, 6.31689558 ], [ -62.02811121, 6.31743003 ], [ -62.02854407, 6.31797353 ], [ -62.02896791, 6.31852605 ], [ -62.02937367, 6.31908758 ], [ -62.02973417, 6.31968517 ], [ -62.02999507, 6.32032784 ], [ -62.02941581, 6.32071569 ], [ -62.02872865, 6.32080487 ], [ -62.0280326, 6.32079452 ], [ -62.02733676, 6.32070279 ], [ -62.02665903, 6.32057492 ], [ -62.02598133, 6.32041992 ], [ -62.02531274, 6.32023772 ], [ -62.02463509, 6.32006462 ], [ -62.02396647, 6.31988249 ], [ -62.02328879, 6.31971836 ], [ -62.02260208, 6.31958145 ], [ -62.02191518, 6.3194897 ], [ -62.02121926, 6.3194432 ], [ -62.02053212, 6.31949615 ], [ -62.01987182, 6.31973006 ], [ -62.01928351, 6.32009077 ], [ -62.01874031, 6.32053294 ], [ -62.01825128, 6.32102949 ], [ -62.01783444, 6.32158044 ], [ -62.01758005, 6.32223117 ], [ -62.01746129, 6.3229183 ], [ -62.0172784, 6.32399429 ], [ -62.01734942, 6.32469093 ], [ -62.01743854, 6.32537846 ], [ -62.01752766, 6.32606603 ], [ -62.01761671, 6.32675363 ], [ -62.01771485, 6.32745027 ], [ -62.01781301, 6.32813782 ], [ -62.01791113, 6.32882545 ], [ -62.01800026, 6.32951302 ], [ -62.01808939, 6.3302096 ], [ -62.0181694, 6.33089721 ], [ -62.01824044, 6.33158473 ], [ -62.01830242, 6.33228124 ], [ -62.01835535, 6.33297776 ], [ -62.0183902, 6.33367434 ], [ -62.01840693, 6.3343708 ], [ -62.01837851, 6.33505813 ], [ -62.01808807, 6.33569075 ], [ -62.01770732, 6.33627794 ], [ -62.01738969, 6.33689236 ], [ -62.01736132, 6.33758874 ], [ -62.01764033, 6.33823143 ], [ -62.01797368, 6.33883811 ], [ -62.01823454, 6.33948984 ], [ -62.01814291, 6.34017704 ], [ -62.01787048, 6.34081868 ], [ -62.01752588, 6.34141498 ], [ -62.01709988, 6.34197494 ], [ -62.01658377, 6.34243524 ], [ -62.01589646, 6.34254253 ], [ -62.01530054, 6.34217959 ], [ -62.01478618, 6.34170831 ], [ -62.01429892, 6.34121896 ], [ -62.01358604, 6.34055736 ], [ -62.01309693, 6.34106292 ], [ -62.01260783, 6.34155042 ], [ -62.01210967, 6.34202885 ], [ -62.0116116, 6.34251633 ], [ -62.01113149, 6.34302194 ], [ -62.01067849, 6.34354558 ], [ -62.0102526, 6.34410561 ], [ -62.00988084, 6.34469282 ], [ -62.00955419, 6.34530721 ], [ -62.00925467, 6.34593072 ], [ -62.00897323, 6.34657234 ], [ -62.00870983, 6.347214 ], [ -62.00844643, 6.34785573 ], [ -62.00817399, 6.34849737 ], [ -62.00788356, 6.34912991 ], [ -62.0075569, 6.34974434 ], [ -62.00720324, 6.3503406 ], [ -62.00678627, 6.35090055 ], [ -62.00626111, 6.3513518 ], [ -62.00564578, 6.35168532 ], [ -62.00500343, 6.35193731 ], [ -62.00436109, 6.35219839 ], [ -62.00366442, 6.35248646 ], [ -62.00298605, 6.35266609 ], [ -62.0023078, 6.35280046 ], [ -62.00162051, 6.35293476 ], [ -62.00094225, 6.35306016 ], [ -62.00026386, 6.35322162 ], [ -61.99959455, 6.35341929 ], [ -61.9989612, 6.35369848 ], [ -61.99840897, 6.3541135 ], [ -61.99810033, 6.35474603 ], [ -61.99802668, 6.35543324 ], [ -61.99807962, 6.35612976 ], [ -61.99823201, 6.35680849 ], [ -61.99847484, 6.35746014 ], [ -61.99879905, 6.35807578 ], [ -61.99913236, 6.35869145 ], [ -61.99948382, 6.35928908 ], [ -61.9998352, 6.3598867 ], [ -62.00020472, 6.3604754 ], [ -62.00057425, 6.36106399 ], [ -62.00095278, 6.36165264 ], [ -62.00134042, 6.36223223 ], [ -62.00172804, 6.36280277 ], [ -62.00212471, 6.36337334 ], [ -62.00252141, 6.36394394 ], [ -62.00292712, 6.36451453 ], [ -62.00332383, 6.3650851 ], [ -62.00372954, 6.36565569 ], [ -62.00413528, 6.36621723 ], [ -62.00453199, 6.36678787 ], [ -62.00493771, 6.36735846 ], [ -62.00533434, 6.36792906 ], [ -62.00572201, 6.3684996 ], [ -62.0061187, 6.36907922 ], [ -62.00651529, 6.36966787 ], [ -62.00602617, 6.37016441 ], [ -62.00550999, 6.37063374 ], [ -62.0050028, 6.37111214 ], [ -62.00457682, 6.37166305 ], [ -62.00436761, 6.37232291 ], [ -62.00449289, 6.3730105 ], [ -62.00476286, 6.37365329 ], [ -62.00504189, 6.37428694 ], [ -62.00523949, 6.37495659 ], [ -62.0051026, 6.37563466 ], [ -62.00458638, 6.37610399 ], [ -62.00400704, 6.37649181 ], [ -62.00347281, 6.37693398 ], [ -62.00345335, 6.37763039 ], [ -62.00391341, 6.37815585 ], [ -62.00441877, 6.37863621 ], [ -62.00480637, 6.37920675 ], [ -62.00440754, 6.37977579 ], [ -62.00374712, 6.38000975 ], [ -62.0030868, 6.38021646 ], [ -62.00244436, 6.38048651 ], [ -62.00192812, 6.38094682 ], [ -62.00165565, 6.38158853 ], [ -62.00150969, 6.38227562 ], [ -62.00142703, 6.38296281 ], [ -62.00138044, 6.38365914 ], [ -62.00136105, 6.38435561 ], [ -62.00135972, 6.38505202 ], [ -62.00134926, 6.38574841 ], [ -62.00128365, 6.38698747 ], [ -62.00161691, 6.38759409 ], [ -62.00198646, 6.38818271 ], [ -62.00233791, 6.38878938 ], [ -62.00265313, 6.389405 ], [ -62.00285977, 6.39007479 ], [ -62.00286751, 6.39077119 ], [ -62.0027215, 6.39144923 ], [ -62.00254843, 6.39211827 ], [ -62.00246574, 6.39281454 ], [ -62.00271761, 6.39346621 ], [ -62.00327739, 6.39387434 ], [ -62.00390968, 6.39416495 ], [ -62.00456014, 6.39441046 ], [ -62.00520155, 6.39467395 ], [ -62.00579759, 6.39503691 ], [ -62.00592277, 6.39572453 ], [ -62.00563227, 6.39635715 ], [ -62.00525143, 6.39694433 ], [ -62.00482546, 6.3974862 ], [ -62.00436333, 6.39800987 ], [ -62.0038832, 6.39851544 ], [ -62.00339404, 6.39901198 ], [ -62.00290484, 6.39949936 ], [ -62.0024067, 6.39998683 ], [ -62.00191747, 6.40048333 ], [ -62.00143736, 6.40097985 ], [ -62.00078503, 6.40171127 ], [ -62.00127223, 6.40220967 ], [ -62.00174138, 6.40272615 ], [ -62.00220149, 6.40324257 ], [ -62.00266156, 6.40375903 ], [ -62.00313067, 6.40427548 ], [ -62.00361799, 6.4047738 ], [ -62.00412336, 6.40524511 ], [ -62.00466496, 6.40569842 ], [ -62.00522468, 6.40610652 ], [ -62.00579351, 6.40650562 ], [ -62.00636234, 6.40690469 ], [ -62.0069402, 6.40729466 ], [ -62.00751808, 6.4076757 ], [ -62.00811414, 6.40803865 ], [ -62.00872827, 6.40836539 ], [ -62.0093606, 6.40866512 ], [ -62.01001115, 6.4088834 ], [ -62.01069801, 6.40899326 ], [ -62.01138543, 6.40886799 ], [ -62.01192875, 6.40843483 ], [ -62.01235471, 6.40788395 ], [ -62.0127085, 6.40727864 ], [ -62.01299897, 6.40665514 ], [ -62.01324437, 6.40600438 ], [ -62.01343548, 6.40533547 ], [ -62.01355438, 6.40464826 ], [ -62.01352857, 6.40395178 ], [ -62.013159, 6.40336316 ], [ -62.01258114, 6.40297312 ], [ -62.01195785, 6.40266438 ], [ -62.01131645, 6.40239185 ], [ -62.01068418, 6.40210117 ], [ -62.01004294, 6.40175627 ], [ -62.01025216, 6.40109637 ], [ -62.01048848, 6.40044559 ], [ -62.01074281, 6.3997949 ], [ -62.01099725, 6.3991442 ], [ -62.01124258, 6.39849344 ], [ -62.0114608, 6.39783353 ], [ -62.01162488, 6.39715553 ], [ -62.01172565, 6.39646836 ], [ -62.01172698, 6.39577187 ], [ -62.01164693, 6.39508433 ], [ -62.01152167, 6.3943967 ], [ -62.01136923, 6.39371808 ], [ -62.01118073, 6.39304834 ], [ -62.01097406, 6.39238771 ], [ -62.01074926, 6.39172703 ], [ -62.01050642, 6.39107539 ], [ -62.01026352, 6.39042364 ], [ -62.01001168, 6.38977193 ], [ -62.00975971, 6.38912931 ], [ -62.00951688, 6.38847763 ], [ -62.00928308, 6.38781685 ], [ -62.0090584, 6.38715617 ], [ -62.00885165, 6.38649554 ], [ -62.00867213, 6.38582594 ], [ -62.00852881, 6.38514723 ], [ -62.00841256, 6.38445963 ], [ -62.00838684, 6.38376318 ], [ -62.00871344, 6.38314875 ], [ -62.00922065, 6.38267035 ], [ -62.0097729, 6.38225535 ], [ -62.01069659, 6.38147923 ], [ -62.01067979, 6.38078277 ], [ -62.01066307, 6.38008635 ], [ -62.01063727, 6.37938979 ], [ -62.01060244, 6.37870233 ], [ -62.0105676, 6.37800586 ], [ -62.01052368, 6.37730925 ], [ -62.01048887, 6.37661278 ], [ -62.01044502, 6.37591628 ], [ -62.01040115, 6.37522883 ], [ -62.01036635, 6.37453225 ], [ -62.01034051, 6.3738358 ], [ -62.01031471, 6.37313932 ], [ -62.01030703, 6.37244281 ], [ -62.01029928, 6.37174637 ], [ -62.01031873, 6.37105001 ], [ -62.01033814, 6.37035353 ], [ -62.01038466, 6.36966625 ], [ -62.01045828, 6.36896999 ], [ -62.01054093, 6.36828266 ], [ -62.01070497, 6.36760466 ], [ -62.01124823, 6.3671625 ], [ -62.01189966, 6.36691956 ], [ -62.01255998, 6.36670368 ], [ -62.01318441, 6.36639743 ], [ -62.01361033, 6.36584651 ], [ -62.01378337, 6.36516842 ], [ -62.01383896, 6.36448116 ], [ -62.01388545, 6.36378483 ], [ -62.01393211, 6.36299797 ], [ -62.01412325, 6.36232905 ], [ -62.01434152, 6.36166921 ], [ -62.01455972, 6.36100941 ], [ -62.01476888, 6.36034947 ], [ -62.01495096, 6.35967148 ], [ -62.01508786, 6.35899341 ], [ -62.01512539, 6.35829698 ], [ -62.01481916, 6.35767231 ], [ -62.01450397, 6.35704765 ], [ -62.01455952, 6.35636039 ], [ -62.0147687, 6.35569141 ], [ -62.01502301, 6.35504972 ], [ -62.01531355, 6.35441718 ], [ -62.01562209, 6.35378464 ], [ -62.01593062, 6.3531702 ], [ -62.01623016, 6.35253764 ], [ -62.01653877, 6.35187789 ], [ -62.02671865, 6.36600694 ], [ -62.02693434, 6.36666759 ], [ -62.02712295, 6.36733725 ], [ -62.02730247, 6.368016 ], [ -62.027473, 6.36868561 ], [ -62.02767062, 6.36935526 ], [ -62.02790446, 6.37000702 ], [ -62.02821067, 6.37063165 ], [ -62.02870699, 6.37113005 ], [ -62.02934035, 6.37085082 ], [ -62.02985654, 6.37038143 ], [ -62.03038179, 6.36992115 ], [ -62.03099712, 6.36960576 ], [ -62.03167487, 6.36975172 ], [ -62.03228898, 6.37008755 ], [ -62.03285777, 6.37049556 ], [ -62.03339037, 6.37093977 ], [ -62.03389577, 6.37141105 ], [ -62.03438298, 6.37190946 ], [ -62.0348703, 6.37240783 ], [ -62.03533946, 6.37292425 ], [ -62.03580856, 6.37343165 ], [ -62.03627772, 6.37394807 ], [ -62.0367197, 6.37448254 ], [ -62.03715263, 6.37503508 ], [ -62.03754939, 6.37560562 ], [ -62.03791893, 6.37619422 ], [ -62.03823419, 6.37680981 ], [ -62.03846802, 6.37747062 ], [ -62.03846673, 6.37816703 ], [ -62.03831184, 6.37884506 ], [ -62.0380661, 6.37973103 ], [ -62.03803765, 6.38042741 ], [ -62.03797306, 6.38112377 ], [ -62.03789949, 6.38181102 ], [ -62.03781678, 6.3825073 ], [ -62.03774318, 6.38319455 ], [ -62.03768767, 6.38389093 ], [ -62.03765925, 6.38458731 ], [ -62.037676, 6.38527472 ], [ -62.03775613, 6.38597139 ], [ -62.03790853, 6.38664999 ], [ -62.03816951, 6.38729262 ], [ -62.03851192, 6.38789928 ], [ -62.0389177, 6.38846984 ], [ -62.03935069, 6.38900429 ], [ -62.03981083, 6.38952972 ], [ -62.04027087, 6.39005519 ], [ -62.04071291, 6.39058966 ], [ -62.04113681, 6.39114225 ], [ -62.04151544, 6.39172182 ], [ -62.04181262, 6.3923555 ], [ -62.04200126, 6.39302516 ], [ -62.04209035, 6.39371268 ], [ -62.04209815, 6.39440919 ], [ -62.04205161, 6.39510556 ], [ -62.04195996, 6.39579277 ], [ -62.04185015, 6.39648 ], [ -62.04173137, 6.39716717 ], [ -62.0416126, 6.39785435 ], [ -62.04152091, 6.39854163 ], [ -62.0414291, 6.39927406 ], [ -62.04138264, 6.3999704 ], [ -62.04131804, 6.40065775 ], [ -62.04124445, 6.40135401 ], [ -62.04117085, 6.40204126 ], [ -62.04109722, 6.40273752 ], [ -62.04105969, 6.40343399 ], [ -62.04104036, 6.40413035 ], [ -62.0410752, 6.40482686 ], [ -62.04117341, 6.40551448 ], [ -62.04137109, 6.40617512 ], [ -62.04165917, 6.40681781 ], [ -62.04202874, 6.40740641 ], [ -62.04256139, 6.40785061 ], [ -62.04325758, 6.4078519 ], [ -62.04392701, 6.4076542 ], [ -62.0445784, 6.40741115 ], [ -62.04521186, 6.40712294 ], [ -62.04583624, 6.40681653 ], [ -62.04645165, 6.40648308 ], [ -62.04704902, 6.4061314 ], [ -62.04763737, 6.40577066 ], [ -62.04821671, 6.4053828 ], [ -62.04878703, 6.40498593 ], [ -62.04935741, 6.40457995 ], [ -62.04990965, 6.40416491 ], [ -62.05046199, 6.40374078 ], [ -62.05094208, 6.40323517 ], [ -62.05125062, 6.40261166 ], [ -62.05141465, 6.40193361 ], [ -62.0514611, 6.40123727 ], [ -62.05127251, 6.40056755 ], [ -62.05083952, 6.40002407 ], [ -62.05010853, 6.3992901 ], [ -62.04959408, 6.39881882 ], [ -62.04922447, 6.39823026 ], [ -62.04953301, 6.39760675 ], [ -62.04995892, 6.3970558 ], [ -62.05010487, 6.39637764 ], [ -62.05002473, 6.3956901 ], [ -62.04989038, 6.39500249 ], [ -62.04973795, 6.39432385 ], [ -62.04955834, 6.39365415 ], [ -62.04937877, 6.39298452 ], [ -62.04919011, 6.39231491 ], [ -62.04900153, 6.39164514 ], [ -62.04882191, 6.39096651 ], [ -62.04866048, 6.39028784 ], [ -62.04853515, 6.38960931 ], [ -62.04846412, 6.38891263 ], [ -62.04850154, 6.38822532 ], [ -62.04918883, 6.38811809 ], [ -62.04983928, 6.38837251 ], [ -62.05048068, 6.38864507 ], [ -62.0514655, 6.38902669 ], [ -62.05187131, 6.38958831 ], [ -62.05226801, 6.39015884 ], [ -62.05266476, 6.3907294 ], [ -62.05305251, 6.39130895 ], [ -62.05344016, 6.39188854 ], [ -62.05382792, 6.39246813 ], [ -62.05421558, 6.39303863 ], [ -62.05462138, 6.39360921 ], [ -62.05502719, 6.39417072 ], [ -62.05545116, 6.39472322 ], [ -62.05589318, 6.39525768 ], [ -62.05636238, 6.39577411 ], [ -62.05684963, 6.39627246 ], [ -62.05749108, 6.39654501 ], [ -62.05816937, 6.39641053 ], [ -62.05880283, 6.39611325 ], [ -62.05933707, 6.39567101 ], [ -62.05972685, 6.39510191 ], [ -62.05993606, 6.39443298 ], [ -62.05980167, 6.39375432 ], [ -62.05946829, 6.39313869 ], [ -62.05906247, 6.39257715 ], [ -62.05864753, 6.39201563 ], [ -62.05825078, 6.3914451 ], [ -62.05796266, 6.39081142 ], [ -62.05814467, 6.39014246 ], [ -62.05875101, 6.3898089 ], [ -62.05942041, 6.38961114 ], [ -62.06009878, 6.38945857 ], [ -62.06077709, 6.38932416 ], [ -62.0617721, 6.38905465 ], [ -62.06244996, 6.38917346 ], [ -62.06313677, 6.38932844 ], [ -62.06380552, 6.38950147 ], [ -62.06448328, 6.38967463 ], [ -62.06515197, 6.3898567 ], [ -62.06582973, 6.39002975 ], [ -62.06650753, 6.39018481 ], [ -62.06718537, 6.39031263 ], [ -62.06788133, 6.39039529 ], [ -62.06857748, 6.39040559 ], [ -62.06926475, 6.39030734 ], [ -62.0698531, 6.38994657 ], [ -62.07009838, 6.38929582 ], [ -62.07017193, 6.38859952 ], [ -62.07017321, 6.387903 ], [ -62.07016542, 6.38720656 ], [ -62.07018475, 6.38651016 ], [ -62.07024927, 6.3858228 ], [ -62.07046748, 6.38516294 ], [ -62.0711278, 6.3849471 ], [ -62.07182381, 6.3850388 ], [ -62.07251078, 6.38511235 ], [ -62.07285543, 6.38449797 ], [ -62.07256728, 6.38387334 ], [ -62.07229718, 6.38323059 ], [ -62.07221704, 6.38253405 ], [ -62.07251653, 6.38190146 ], [ -62.07298757, 6.3813958 ], [ -62.07399283, 6.38044785 ], [ -62.0746797, 6.38055762 ], [ -62.07535749, 6.38070359 ], [ -62.07603535, 6.38083143 ], [ -62.07673141, 6.38088691 ], [ -62.07741864, 6.38079773 ], [ -62.07806106, 6.38051843 ], [ -62.07864032, 6.38013965 ], [ -62.07920163, 6.37972457 ], [ -62.0797719, 6.37932759 ], [ -62.08037825, 6.37899396 ], [ -62.08107444, 6.37895 ], [ -62.08152556, 6.37948442 ], [ -62.08177752, 6.3801362 ], [ -62.08200239, 6.3807878 ], [ -62.08229964, 6.38142145 ], [ -62.08277791, 6.38191979 ], [ -62.08340114, 6.38222844 ], [ -62.0840698, 6.38243763 ], [ -62.08473855, 6.38261063 ], [ -62.08540725, 6.38280183 ], [ -62.08604868, 6.38308332 ], [ -62.08641828, 6.38367188 ], [ -62.08620009, 6.38433175 ], [ -62.0858826, 6.38495533 ], [ -62.08561924, 6.38559703 ], [ -62.08623347, 6.38592368 ], [ -62.08691176, 6.38578019 ], [ -62.08759014, 6.38560052 ], [ -62.08825057, 6.38538458 ], [ -62.08891088, 6.38516871 ], [ -62.09012301, 6.38481804 ], [ -62.09062848, 6.3852893 ], [ -62.09111584, 6.38578762 ], [ -62.09159412, 6.38629499 ], [ -62.0920996, 6.38676621 ], [ -62.09266846, 6.38718331 ], [ -62.09332803, 6.38740151 ], [ -62.09394334, 6.38708605 ], [ -62.09442345, 6.38658039 ], [ -62.09488542, 6.38606564 ], [ -62.09542862, 6.38562336 ], [ -62.09612476, 6.38565171 ], [ -62.09670272, 6.38603264 ], [ -62.09719915, 6.38652193 ], [ -62.0976593, 6.3870383 ], [ -62.09811046, 6.38756369 ], [ -62.09858874, 6.38808011 ], [ -62.09911227, 6.3885332 ], [ -62.09972652, 6.38886895 ], [ -62.10041348, 6.38895155 ], [ -62.10110979, 6.38889851 ], [ -62.10178809, 6.38876402 ], [ -62.1024574, 6.38856613 ], [ -62.10310881, 6.38832312 ], [ -62.10374211, 6.38804377 ], [ -62.10436654, 6.38772832 ], [ -62.10496388, 6.38737658 ], [ -62.10554319, 6.38698865 ], [ -62.10609539, 6.38656453 ], [ -62.10653032, 6.38602261 ], [ -62.10673036, 6.38536261 ], [ -62.10678578, 6.38466626 ], [ -62.10678697, 6.38396984 ], [ -62.10684342, 6.38270358 ], [ -62.10680848, 6.38200708 ], [ -62.10680067, 6.38131064 ], [ -62.10679275, 6.38061409 ], [ -62.10674878, 6.37992662 ], [ -62.10664148, 6.37923906 ], [ -62.10643471, 6.37856931 ], [ -62.10615547, 6.37793568 ], [ -62.10583113, 6.3773201 ], [ -62.10546147, 6.37673155 ], [ -62.10506463, 6.37616103 ], [ -62.10464977, 6.37559951 ], [ -62.10420768, 6.3750651 ], [ -62.10374748, 6.37453972 ], [ -62.10319674, 6.37412268 ], [ -62.10256438, 6.37383219 ], [ -62.10187754, 6.37369524 ], [ -62.10119051, 6.37363074 ], [ -62.10049445, 6.37359335 ], [ -62.09979832, 6.37357405 ], [ -62.09910217, 6.37357285 ], [ -62.09840607, 6.37358069 ], [ -62.09770987, 6.37358853 ], [ -62.09701379, 6.37358728 ], [ -62.09631763, 6.37357703 ], [ -62.09562151, 6.37354868 ], [ -62.09493457, 6.3734842 ], [ -62.09424765, 6.37339255 ], [ -62.09357895, 6.3732014 ], [ -62.09296478, 6.37285667 ], [ -62.09240495, 6.37244863 ], [ -62.09137564, 6.37170516 ], [ -62.09076137, 6.37138749 ], [ -62.09012912, 6.37108787 ], [ -62.08949673, 6.37079737 ], [ -62.08886439, 6.37050675 ], [ -62.08823214, 6.3702072 ], [ -62.08762697, 6.36988051 ], [ -62.08703995, 6.36949954 ], [ -62.08648925, 6.36907354 ], [ -62.08616483, 6.36845784 ], [ -62.08613892, 6.36776136 ], [ -62.08615827, 6.36706496 ], [ -62.08587914, 6.36643135 ], [ -62.0852188, 6.36663817 ], [ -62.08463051, 6.36701705 ], [ -62.08406022, 6.36741395 ], [ -62.0834629, 6.36777471 ], [ -62.08280257, 6.36799069 ], [ -62.08211524, 6.368098 ], [ -62.08141915, 6.36810581 ], [ -62.08075042, 6.3679327 ], [ -62.08024502, 6.36746154 ], [ -62.0799116, 6.36684581 ], [ -62.07967771, 6.36618514 ], [ -62.07952526, 6.36550655 ], [ -62.07945417, 6.36481904 ], [ -62.07953672, 6.36413169 ], [ -62.07984522, 6.36349911 ], [ -62.08026203, 6.36294812 ], [ -62.08086922, 6.36210797 ], [ -62.08126806, 6.36153887 ], [ -62.08169394, 6.36098789 ], [ -62.08213789, 6.36044597 ], [ -62.0825728, 6.35991311 ], [ -62.08299861, 6.35936213 ], [ -62.08340644, 6.35879302 ], [ -62.08376014, 6.3581967 ], [ -62.08403245, 6.35755499 ], [ -62.08420543, 6.35687688 ], [ -62.08417046, 6.35618942 ], [ -62.08399992, 6.35551078 ], [ -62.0837479, 6.35485911 ], [ -62.08347782, 6.35422542 ], [ -62.08319872, 6.35358277 ], [ -62.08296481, 6.35293114 ], [ -62.08282129, 6.35225253 ], [ -62.0828768, 6.35155611 ], [ -62.08326658, 6.35097794 ], [ -62.08382777, 6.35056296 ], [ -62.08443408, 6.35022932 ], [ -62.08505847, 6.34991382 ], [ -62.08566475, 6.34958026 ], [ -62.08623493, 6.34918328 ], [ -62.0866157, 6.34860508 ], [ -62.08652648, 6.34791753 ], [ -62.08621117, 6.3472928 ], [ -62.08573288, 6.34678546 ], [ -62.08507333, 6.34658531 ], [ -62.08408813, 6.34648411 ], [ -62.08341877, 6.34669094 ], [ -62.08272264, 6.34669876 ], [ -62.08242538, 6.34607415 ], [ -62.0822458, 6.34539549 ], [ -62.08175854, 6.34490617 ], [ -62.08106256, 6.34482356 ], [ -62.08036639, 6.34484947 ], [ -62.07967919, 6.34492964 ], [ -62.078992, 6.34503695 ], [ -62.07785268, 6.34516151 ], [ -62.07741778, 6.34570345 ], [ -62.07701897, 6.34628159 ], [ -62.07662923, 6.34685986 ], [ -62.07623043, 6.34742896 ], [ -62.07578652, 6.34796183 ], [ -62.07527045, 6.34842222 ], [ -62.07461907, 6.34868333 ], [ -62.07394129, 6.34855549 ], [ -62.0733271, 6.3482197 ], [ -62.07274922, 6.34782973 ], [ -62.0721895, 6.34742179 ], [ -62.0716025, 6.34704985 ], [ -62.07096117, 6.34676827 ], [ -62.07026509, 6.34676703 ], [ -62.06964972, 6.34709158 ], [ -62.06913361, 6.34755196 ], [ -62.06867169, 6.34806669 ], [ -62.06823678, 6.34860859 ], [ -62.06780188, 6.34915052 ], [ -62.06734884, 6.34968336 ], [ -62.06685081, 6.35017089 ], [ -62.0661815, 6.35034151 ], [ -62.06563086, 6.34990633 ], [ -62.06531551, 6.34929072 ], [ -62.06509978, 6.34863009 ], [ -62.06489307, 6.34796043 ], [ -62.06470438, 6.34729071 ], [ -62.06453384, 6.34662111 ], [ -62.06436329, 6.34594247 ], [ -62.06420178, 6.34526381 ], [ -62.06404025, 6.34459416 ], [ -62.0638697, 6.34391551 ], [ -62.06363633, 6.34299249 ], [ -62.06333912, 6.34235883 ], [ -62.06307817, 6.34171617 ], [ -62.06270859, 6.34112759 ], [ -62.06203033, 6.34128013 ], [ -62.06147807, 6.34170423 ], [ -62.06096193, 6.34217365 ], [ -62.06046383, 6.34266118 ], [ -62.05998381, 6.34316684 ], [ -62.05951279, 6.34367249 ], [ -62.05905084, 6.34419625 ], [ -62.05857983, 6.34471098 ], [ -62.05811782, 6.3452257 ], [ -62.05763779, 6.34573125 ], [ -62.05714867, 6.34622784 ], [ -62.05664157, 6.34669724 ], [ -62.05608036, 6.3471123 ], [ -62.05542903, 6.34736445 ], [ -62.05481483, 6.34703769 ], [ -62.05457196, 6.34638603 ], [ -62.0544557, 6.34569833 ], [ -62.05439365, 6.34501083 ], [ -62.05435879, 6.34431437 ], [ -62.05433293, 6.34361781 ], [ -62.05431607, 6.34292135 ], [ -62.0543083, 6.34222492 ], [ -62.05429152, 6.34152846 ], [ -62.05426564, 6.34084091 ], [ -62.05422173, 6.34014442 ], [ -62.05415971, 6.33944788 ], [ -62.05405242, 6.33876024 ], [ -62.05382766, 6.33809954 ], [ -62.05343996, 6.33752904 ], [ -62.05280866, 6.33672285 ], [ -62.05221133, 6.33709262 ], [ -62.05164108, 6.33748055 ], [ -62.05107084, 6.33787749 ], [ -62.05049158, 6.33826529 ], [ -62.04988525, 6.33861698 ], [ -62.04926097, 6.33891434 ], [ -62.04860065, 6.33912115 ], [ -62.04791337, 6.33926457 ], [ -62.04723516, 6.3393809 ], [ -62.04653884, 6.33947917 ], [ -62.04585171, 6.33955028 ], [ -62.0451555, 6.33960324 ], [ -62.04445941, 6.3396291 ], [ -62.04376333, 6.33961877 ], [ -62.04307642, 6.33954518 ], [ -62.04246227, 6.33920936 ], [ -62.04274374, 6.33856769 ], [ -62.04323277, 6.33808016 ], [ -62.04375797, 6.33761983 ], [ -62.04428308, 6.33716858 ], [ -62.0448173, 6.33671727 ], [ -62.04533338, 6.33625702 ], [ -62.0458405, 6.33577858 ], [ -62.04631152, 6.33526386 ], [ -62.04671034, 6.33469479 ], [ -62.04705496, 6.33408932 ], [ -62.04734544, 6.33345676 ], [ -62.04760871, 6.33281508 ], [ -62.04784494, 6.33215523 ], [ -62.04806316, 6.33149542 ], [ -62.0482903, 6.33083547 ], [ -62.04872636, 6.32966047 ], [ -62.04822104, 6.32917111 ], [ -62.04770664, 6.32870887 ], [ -62.04717407, 6.32826467 ], [ -62.0466416, 6.32781154 ], [ -62.0461181, 6.32735832 ], [ -62.04560369, 6.32688707 ], [ -62.04511642, 6.32639772 ], [ -62.04467445, 6.32585424 ], [ -62.0442959, 6.32526563 ], [ -62.04404391, 6.32462302 ], [ -62.04395483, 6.32393539 ], [ -62.04400128, 6.32323905 ], [ -62.04412908, 6.3225519 ], [ -62.0443292, 6.32188288 ], [ -62.04457442, 6.32124116 ], [ -62.0448649, 6.32060856 ], [ -62.04525462, 6.32003042 ], [ -62.04580679, 6.3196063 ], [ -62.0464491, 6.3193362 ], [ -62.04713635, 6.31923787 ], [ -62.04782321, 6.3193205 ], [ -62.04849177, 6.31952981 ], [ -62.04914215, 6.31977518 ], [ -62.04976539, 6.32007483 ], [ -62.05037947, 6.32040159 ], [ -62.05097541, 6.32075538 ], [ -62.05156234, 6.32113635 ], [ -62.05212205, 6.32154442 ], [ -62.05255497, 6.32208787 ], [ -62.05279783, 6.32273953 ], [ -62.05302241, 6.32353585 ], [ -62.05325626, 6.32418756 ], [ -62.05346297, 6.32484821 ], [ -62.05367876, 6.32551789 ], [ -62.05394877, 6.32616053 ], [ -62.0543636, 6.32671301 ], [ -62.05505079, 6.32659669 ], [ -62.05563003, 6.32620889 ], [ -62.0562814, 6.32597484 ], [ -62.05697741, 6.3259761 ], [ -62.05766437, 6.32604971 ], [ -62.05835113, 6.32617756 ], [ -62.05901975, 6.32636876 ], [ -62.05965197, 6.32665026 ], [ -62.05989495, 6.32730199 ], [ -62.05993886, 6.32799848 ], [ -62.06063493, 6.32801783 ], [ -62.06103366, 6.32744871 ], [ -62.06156783, 6.32700647 ], [ -62.06222816, 6.32677255 ], [ -62.06289749, 6.32658373 ], [ -62.06356671, 6.32639505 ], [ -62.06423599, 6.32622443 ], [ -62.06491428, 6.32605372 ], [ -62.06559252, 6.32590118 ], [ -62.0662708, 6.32574867 ], [ -62.06694904, 6.32559605 ], [ -62.06762729, 6.32545259 ], [ -62.06830559, 6.32530909 ], [ -62.06898386, 6.32515647 ], [ -62.06967112, 6.32501303 ], [ -62.07034936, 6.32486048 ], [ -62.07138029, 6.32461806 ], [ -62.07205809, 6.32477312 ], [ -62.07272666, 6.32495515 ], [ -62.07339531, 6.32513721 ], [ -62.07407301, 6.32528322 ], [ -62.07476899, 6.32535679 ], [ -62.07546509, 6.32530375 ], [ -62.07614334, 6.32517826 ], [ -62.07683064, 6.32504385 ], [ -62.07750888, 6.32489129 ], [ -62.07817818, 6.32471161 ], [ -62.07883842, 6.32449564 ], [ -62.07948972, 6.32425262 ], [ -62.08012301, 6.32396425 ], [ -62.0807293, 6.32361264 ], [ -62.08129052, 6.3232066 ], [ -62.08178854, 6.32271905 ], [ -62.08224149, 6.32219525 ], [ -62.08265826, 6.32164421 ], [ -62.08306606, 6.32107513 ], [ -62.08344676, 6.32048789 ], [ -62.08380039, 6.31989147 ], [ -62.08414496, 6.31928604 ], [ -62.08448049, 6.31868064 ], [ -62.08479794, 6.31805713 ], [ -62.08510639, 6.3174336 ], [ -62.0854148, 6.31681003 ], [ -62.08570522, 6.31617733 ], [ -62.08600463, 6.31555377 ], [ -62.08629497, 6.31492115 ], [ -62.0865944, 6.31428855 ], [ -62.0868938, 6.31366499 ], [ -62.08719323, 6.31303228 ], [ -62.08751069, 6.31241782 ], [ -62.0880458, 6.31140571 ], [ -62.08822774, 6.3107367 ], [ -62.08839165, 6.31005864 ], [ -62.08857363, 6.30938967 ], [ -62.08880075, 6.30872971 ], [ -62.08912725, 6.30811523 ], [ -62.08953502, 6.30755516 ], [ -62.08999698, 6.30703137 ], [ -62.09047692, 6.30653473 ], [ -62.09097488, 6.30604717 ], [ -62.09146393, 6.30555051 ], [ -62.09192579, 6.30503577 ], [ -62.09235165, 6.30448478 ], [ -62.09269616, 6.30387935 ], [ -62.09285109, 6.30319226 ], [ -62.09291557, 6.30250487 ], [ -62.09296191, 6.30180853 ], [ -62.0930806, 6.30112134 ], [ -62.09364178, 6.30071525 ], [ -62.09431043, 6.30088824 ], [ -62.09493357, 6.30119688 ], [ -62.09552052, 6.30157784 ], [ -62.09608024, 6.30198575 ], [ -62.09661279, 6.30243891 ], [ -62.0971182, 6.30291921 ], [ -62.0975964, 6.30341749 ], [ -62.09805653, 6.30394291 ], [ -62.09850758, 6.30446827 ], [ -62.09894959, 6.30501173 ], [ -62.09938255, 6.30555518 ], [ -62.09982458, 6.30608959 ], [ -62.10069064, 6.30712224 ], [ -62.1009969, 6.30774682 ], [ -62.10129414, 6.30838057 ], [ -62.10159137, 6.30900516 ], [ -62.10187953, 6.30963878 ], [ -62.10216773, 6.3102724 ], [ -62.10245585, 6.31090605 ], [ -62.10275311, 6.31153072 ], [ -62.10305036, 6.31216436 ], [ -62.10336563, 6.312789 ], [ -62.10368104, 6.31340459 ], [ -62.10400538, 6.31402017 ], [ -62.1043479, 6.31462678 ], [ -62.10471751, 6.31521541 ], [ -62.1052954, 6.31559622 ], [ -62.10599136, 6.31562455 ], [ -62.10666962, 6.31547196 ], [ -62.10734785, 6.31532844 ], [ -62.10803518, 6.31517579 ], [ -62.10870441, 6.31501416 ], [ -62.10938266, 6.31484346 ], [ -62.11004289, 6.3146365 ], [ -62.11069413, 6.31439344 ], [ -62.11131843, 6.31408696 ], [ -62.11188866, 6.31368094 ], [ -62.11228731, 6.31311182 ], [ -62.11238793, 6.31242451 ], [ -62.1122716, 6.31173689 ], [ -62.11205582, 6.31107628 ], [ -62.11179472, 6.31043358 ], [ -62.11149746, 6.30979994 ], [ -62.11120023, 6.30917532 ], [ -62.11089395, 6.30855071 ], [ -62.11062385, 6.30790809 ], [ -62.1103268, 6.30714773 ], [ -62.10994818, 6.3065592 ], [ -62.10983177, 6.30587159 ], [ -62.1101854, 6.30527525 ], [ -62.11060214, 6.30471518 ], [ -62.11103694, 6.30418226 ], [ -62.11149888, 6.30365841 ], [ -62.11196074, 6.3031346 ], [ -62.1124046, 6.30259265 ], [ -62.11282139, 6.30204163 ], [ -62.11318394, 6.30144517 ], [ -62.11347432, 6.30081253 ], [ -62.11367431, 6.30014356 ], [ -62.11380202, 6.29946544 ], [ -62.11388454, 6.29876904 ], [ -62.11392186, 6.29808172 ], [ -62.11395918, 6.29738536 ], [ -62.11398748, 6.29668887 ], [ -62.11403384, 6.29599249 ], [ -62.11412541, 6.29530528 ], [ -62.11426218, 6.29461802 ], [ -62.11448019, 6.29395814 ], [ -62.11491503, 6.29341617 ], [ -62.11547619, 6.29301005 ], [ -62.11606433, 6.29263121 ], [ -62.11660744, 6.29219798 ], [ -62.116961, 6.29160161 ], [ -62.1171158, 6.29092344 ], [ -62.11716222, 6.29022706 ], [ -62.11714528, 6.28953061 ], [ -62.11709218, 6.28883406 ], [ -62.11703013, 6.28814647 ], [ -62.11696802, 6.28744994 ], [ -62.11692433, 6.28652726 ], [ -62.11662714, 6.28590264 ], [ -62.1163389, 6.28526903 ], [ -62.11605979, 6.28462639 ], [ -62.11578967, 6.28399272 ], [ -62.11550146, 6.28335006 ], [ -62.11520423, 6.28272544 ], [ -62.1148799, 6.28210987 ], [ -62.11451929, 6.2815123 ], [ -62.11412252, 6.28094179 ], [ -62.1136805, 6.28040738 ], [ -62.11318416, 6.27991811 ], [ -62.11266071, 6.27945591 ], [ -62.11212812, 6.27902083 ], [ -62.11158649, 6.27858576 ], [ -62.11104489, 6.27815066 ], [ -62.11051234, 6.27769748 ], [ -62.10999792, 6.27722637 ], [ -62.10952875, 6.27670999 ], [ -62.10913197, 6.27614855 ], [ -62.10883474, 6.2755148 ], [ -62.1087546, 6.27481823 ], [ -62.10885518, 6.27413103 ], [ -62.10906422, 6.27347102 ], [ -62.10932745, 6.27282931 ], [ -62.10964484, 6.27220575 ], [ -62.10998931, 6.27160031 ], [ -62.11037001, 6.27101305 ], [ -62.11084091, 6.27050732 ], [ -62.11139298, 6.27008313 ], [ -62.11198111, 6.26971323 ], [ -62.11256932, 6.26934344 ], [ -62.11323883, 6.26891946 ], [ -62.11391661, 6.26905622 ], [ -62.11459427, 6.26921111 ], [ -62.1152719, 6.26937512 ], [ -62.11594954, 6.26953906 ], [ -62.11662724, 6.26969394 ], [ -62.1173049, 6.26983081 ], [ -62.11799165, 6.26994953 ], [ -62.11867844, 6.27004112 ], [ -62.1193744, 6.27008749 ], [ -62.12006153, 6.26996203 ], [ -62.12066772, 6.26962835 ], [ -62.12115671, 6.2691317 ], [ -62.12156437, 6.2685716 ], [ -62.12195402, 6.26798432 ], [ -62.12228947, 6.26737889 ], [ -62.12257978, 6.26674621 ], [ -62.1227978, 6.26608625 ], [ -62.1229074, 6.26539904 ], [ -62.12285437, 6.26470249 ], [ -62.12269278, 6.2640329 ], [ -62.12247698, 6.26337218 ], [ -62.12224305, 6.26271153 ], [ -62.12202717, 6.26205093 ], [ -62.12187468, 6.26137231 ], [ -62.12183058, 6.26067571 ], [ -62.12187697, 6.25998838 ], [ -62.12197759, 6.2592921 ], [ -62.12211429, 6.25861389 ], [ -62.12227807, 6.25793582 ], [ -62.12245998, 6.2572668 ], [ -62.12264188, 6.25658866 ], [ -62.12295138, 6.25526866 ], [ -62.12555973, 6.2521253 ], [ -62.12623739, 6.25227113 ], [ -62.12692426, 6.2523627 ], [ -62.12762006, 6.25243627 ], [ -62.12830695, 6.25249169 ], [ -62.12900281, 6.25255615 ], [ -62.12968965, 6.25264771 ], [ -62.13037636, 6.25277547 ], [ -62.13104489, 6.25297562 ], [ -62.131659, 6.25329312 ], [ -62.13215537, 6.25378238 ], [ -62.13250683, 6.25437994 ], [ -62.13279507, 6.25501354 ], [ -62.13302903, 6.25566525 ], [ -62.13321771, 6.25633487 ], [ -62.13337028, 6.25701349 ], [ -62.13349563, 6.25770116 ], [ -62.13360302, 6.25838875 ], [ -62.1336832, 6.25907627 ], [ -62.13375437, 6.25977282 ], [ -62.13381649, 6.26046946 ], [ -62.13386964, 6.26115695 ], [ -62.13392268, 6.2618535 ], [ -62.1339668, 6.26255009 ], [ -62.13401984, 6.26323759 ], [ -62.13407296, 6.26393409 ], [ -62.13413512, 6.26463073 ], [ -62.13421531, 6.26531825 ], [ -62.13438515, 6.26647629 ], [ -62.13461005, 6.26713695 ], [ -62.13481684, 6.26779764 ], [ -62.13502364, 6.2684673 ], [ -62.13522142, 6.26912786 ], [ -62.13542819, 6.26979752 ], [ -62.13563501, 6.27045821 ], [ -62.13585088, 6.27111885 ], [ -62.13609385, 6.27177047 ], [ -62.13635495, 6.27242213 ], [ -62.13664315, 6.27304679 ], [ -62.13697658, 6.27366237 ], [ -62.1374096, 6.27420578 ], [ -62.13795121, 6.27464086 ], [ -62.13858348, 6.27494034 ], [ -62.13927941, 6.27497764 ], [ -62.13994858, 6.27479788 ], [ -62.14059984, 6.27456372 ], [ -62.14124207, 6.27429346 ], [ -62.14187526, 6.27399597 ], [ -62.1424904, 6.27368045 ], [ -62.1430966, 6.27333769 ], [ -62.14368479, 6.27296776 ], [ -62.14426388, 6.2725889 ], [ -62.14483403, 6.27218277 ], [ -62.14537709, 6.27174948 ], [ -62.14591111, 6.27129807 ], [ -62.146391, 6.27080137 ], [ -62.14681668, 6.27024126 ], [ -62.14718826, 6.26965395 ], [ -62.14752368, 6.26904847 ], [ -62.14785012, 6.26843395 ], [ -62.14815846, 6.26781034 ], [ -62.14849388, 6.26720482 ], [ -62.14889272, 6.26650902 ], [ -62.14893902, 6.26581264 ], [ -62.1489763, 6.26512529 ], [ -62.14927561, 6.26449254 ], [ -62.14996239, 6.26460228 ], [ -62.15058561, 6.2649017 ], [ -62.15115436, 6.26530064 ], [ -62.15155117, 6.26588017 ], [ -62.15170377, 6.26655875 ], [ -62.15174784, 6.26725538 ], [ -62.15172868, 6.26794274 ], [ -62.15166427, 6.26863907 ], [ -62.15159085, 6.26933542 ], [ -62.15150833, 6.27002278 ], [ -62.15143422, 6.27115328 ], [ -62.15109878, 6.27176777 ], [ -62.15076336, 6.27237326 ], [ -62.15042792, 6.27298776 ], [ -62.15008346, 6.2735933 ], [ -62.149739, 6.27419877 ], [ -62.14939456, 6.27479515 ], [ -62.1490501, 6.27540062 ], [ -62.14871467, 6.27600607 ], [ -62.14837021, 6.27661153 ], [ -62.14802567, 6.277217 ], [ -62.1476903, 6.27783157 ], [ -62.14735487, 6.27843705 ], [ -62.14702843, 6.27905157 ], [ -62.14670198, 6.27966609 ], [ -62.14638463, 6.28028967 ], [ -62.1460673, 6.28090421 ], [ -62.14575894, 6.28152789 ], [ -62.14546861, 6.28216055 ], [ -62.14517828, 6.2827932 ], [ -62.14491514, 6.28344402 ], [ -62.14471519, 6.28410395 ], [ -62.1445604, 6.28478217 ], [ -62.14445983, 6.28546937 ], [ -62.14442256, 6.28616577 ], [ -62.14443046, 6.28686231 ], [ -62.14451972, 6.2875589 ], [ -62.14467232, 6.28823752 ], [ -62.14487012, 6.28889818 ], [ -62.14509498, 6.28955884 ], [ -62.14532897, 6.29021043 ], [ -62.14557192, 6.29086205 ], [ -62.14585979, 6.29174897 ], [ -62.14596712, 6.29243656 ], [ -62.14605645, 6.29312418 ], [ -62.14613664, 6.29382075 ], [ -62.14624403, 6.29449929 ], [ -62.14641467, 6.29517791 ], [ -62.14668482, 6.29582065 ], [ -62.14719929, 6.29629184 ], [ -62.1478407, 6.2965461 ], [ -62.14853669, 6.29655625 ], [ -62.14919695, 6.29634935 ], [ -62.14983021, 6.2960428 ], [ -62.15042734, 6.29569097 ], [ -62.15102455, 6.29533925 ], [ -62.15163977, 6.29501457 ], [ -62.15228198, 6.29474433 ], [ -62.15296019, 6.2945916 ], [ -62.15365622, 6.29462888 ], [ -62.15433392, 6.29478379 ], [ -62.15499344, 6.2950019 ], [ -62.15565298, 6.29522002 ], [ -62.15633068, 6.29539302 ], [ -62.15702667, 6.29544842 ], [ -62.15771365, 6.29544048 ], [ -62.15840984, 6.29537828 ], [ -62.15909696, 6.29527991 ], [ -62.15977515, 6.29513622 ], [ -62.16044445, 6.29492928 ], [ -62.16108666, 6.29465893 ], [ -62.16168379, 6.2943162 ], [ -62.16225392, 6.29391009 ], [ -62.16278797, 6.29346771 ], [ -62.16330396, 6.29299819 ], [ -62.16382002, 6.29252862 ], [ -62.16464373, 6.29182447 ], [ -62.1651687, 6.29136397 ], [ -62.16566668, 6.29087634 ], [ -62.16616463, 6.29038868 ], [ -62.16671671, 6.2899645 ], [ -62.16739491, 6.28981175 ], [ -62.16800001, 6.29014743 ], [ -62.16847828, 6.2906547 ], [ -62.16888416, 6.29122519 ], [ -62.1692358, 6.2918227 ], [ -62.16954214, 6.29244731 ], [ -62.16968569, 6.29312589 ], [ -62.16966654, 6.29382238 ], [ -62.1696106, 6.29488058 ], [ -62.16987173, 6.29552318 ], [ -62.17015997, 6.2961568 ], [ -62.17044825, 6.29679038 ], [ -62.17065513, 6.29745109 ], [ -62.17066303, 6.29814753 ], [ -62.17021923, 6.29868952 ], [ -62.16962211, 6.29904138 ], [ -62.16901593, 6.29938409 ], [ -62.16849987, 6.29985362 ], [ -62.16810125, 6.30042283 ], [ -62.16778383, 6.30104642 ], [ -62.16755688, 6.30169737 ], [ -62.16749248, 6.30239371 ], [ -62.16757272, 6.30308123 ], [ -62.16772535, 6.30375995 ], [ -62.16795024, 6.30442056 ], [ -62.16822042, 6.30506318 ], [ -62.16854486, 6.30567875 ], [ -62.16892361, 6.30625823 ], [ -62.16942909, 6.30673845 ], [ -62.17001612, 6.30711024 ], [ -62.17064841, 6.30739171 ], [ -62.17131705, 6.30760074 ], [ -62.17199482, 6.30771941 ], [ -62.17269087, 6.30775666 ], [ -62.17338696, 6.30769448 ], [ -62.17404723, 6.30748751 ], [ -62.17466245, 6.30716283 ], [ -62.17524158, 6.30677478 ], [ -62.17578466, 6.30635057 ], [ -62.17631873, 6.30589913 ], [ -62.17684378, 6.30543866 ], [ -62.17785754, 6.30460805 ], [ -62.17803725, 6.30527767 ], [ -62.17827129, 6.30592936 ], [ -62.17852334, 6.30658098 ], [ -62.17877548, 6.30722355 ], [ -62.17901851, 6.3078842 ], [ -62.1792073, 6.30855391 ], [ -62.17933275, 6.30923249 ], [ -62.17930461, 6.30992888 ], [ -62.17905943, 6.31057982 ], [ -62.17866085, 6.31114904 ], [ -62.17818097, 6.31165481 ], [ -62.17764689, 6.3120971 ], [ -62.17707675, 6.31250326 ], [ -62.1764976, 6.31288227 ], [ -62.17590037, 6.31324318 ], [ -62.17529412, 6.3135949 ], [ -62.17469699, 6.31394676 ], [ -62.17409978, 6.31429859 ], [ -62.17352064, 6.31468656 ], [ -62.17289617, 6.31511072 ], [ -62.17284086, 6.31580708 ], [ -62.17276748, 6.31649443 ], [ -62.17274826, 6.31719087 ], [ -62.17291894, 6.31786948 ], [ -62.17323433, 6.31848514 ], [ -62.17360404, 6.31908269 ], [ -62.17401903, 6.31963511 ], [ -62.17447921, 6.32016046 ], [ -62.17499379, 6.32062257 ], [ -62.17556264, 6.32103042 ], [ -62.17616776, 6.32137514 ], [ -62.17678206, 6.32169274 ], [ -62.17741435, 6.32197409 ], [ -62.17805577, 6.32224649 ], [ -62.17870631, 6.32250074 ], [ -62.1793568, 6.32274601 ], [ -62.18000727, 6.32298217 ], [ -62.18066686, 6.32321835 ], [ -62.18131735, 6.32346362 ], [ -62.18196785, 6.32370882 ], [ -62.18260929, 6.3239722 ], [ -62.18324166, 6.32425354 ], [ -62.183874, 6.32456209 ], [ -62.18447921, 6.32488871 ], [ -62.18506617, 6.32526945 ], [ -62.18556262, 6.32575869 ], [ -62.18595947, 6.32632915 ], [ -62.18628399, 6.32694471 ], [ -62.18655416, 6.3275874 ], [ -62.18677918, 6.32823899 ], [ -62.18691371, 6.32892659 ], [ -62.18696683, 6.32962321 ], [ -62.18698389, 6.33031065 ], [ -62.18703664, 6.33123338 ], [ -62.18714412, 6.33192092 ], [ -62.18721533, 6.3326175 ], [ -62.18727756, 6.33330509 ], [ -62.1873126, 6.33400159 ], [ -62.18734768, 6.33469812 ], [ -62.18738277, 6.33539461 ], [ -62.18740881, 6.3360912 ], [ -62.18745292, 6.33677867 ], [ -62.187497, 6.33747519 ], [ -62.18756829, 6.33817184 ], [ -62.18766661, 6.3388594 ], [ -62.18780116, 6.33953796 ], [ -62.18799902, 6.34020769 ], [ -62.1882692, 6.3408503 ], [ -62.18864807, 6.34142976 ], [ -62.18916262, 6.34190091 ], [ -62.18978587, 6.3422094 ], [ -62.19046367, 6.34237331 ], [ -62.19115068, 6.34244673 ], [ -62.19184674, 6.34244781 ], [ -62.19254297, 6.34239461 ], [ -62.19323015, 6.34231429 ], [ -62.19392646, 6.34220677 ], [ -62.19460464, 6.34209024 ], [ -62.19523404, 6.34197528 ], [ -62.19529188, 6.34196469 ], [ -62.19597014, 6.3418301 ], [ -62.19632508, 6.34176527 ], [ -62.19665745, 6.34170447 ], [ -62.19734469, 6.34157891 ], [ -62.19803191, 6.34146239 ], [ -62.19871916, 6.34138206 ], [ -62.19967757, 6.34129312 ], [ -62.20007448, 6.34186356 ], [ -62.20049848, 6.34241595 ], [ -62.20093162, 6.34295934 ], [ -62.20138287, 6.34349369 ], [ -62.20182502, 6.34401901 ], [ -62.20227623, 6.34455336 ], [ -62.20271836, 6.34508768 ], [ -62.20314244, 6.3456401 ], [ -62.20355743, 6.34620154 ], [ -62.20393624, 6.34678099 ], [ -62.20428795, 6.34738756 ], [ -62.20457622, 6.34802115 ], [ -62.20481028, 6.34867283 ], [ -62.20494483, 6.34936043 ], [ -62.20493478, 6.35004782 ], [ -62.20479812, 6.35073502 ], [ -62.20458017, 6.35139506 ], [ -62.20431698, 6.35203685 ], [ -62.20402668, 6.35266955 ], [ -62.20371836, 6.35329319 ], [ -62.20341902, 6.35392597 ], [ -62.20312879, 6.35455866 ], [ -62.2028837, 6.35520951 ], [ -62.20269282, 6.35587854 ], [ -62.2026104, 6.35656591 ], [ -62.20270874, 6.35725346 ], [ -62.2030785, 6.35784197 ], [ -62.20359316, 6.35831311 ], [ -62.20416213, 6.35871199 ], [ -62.20475822, 6.35906563 ], [ -62.20536344, 6.35941031 ], [ -62.20595958, 6.35977304 ], [ -62.20671819, 6.36028075 ], [ -62.20700659, 6.36091431 ], [ -62.20728587, 6.36154789 ], [ -62.20756513, 6.36219051 ], [ -62.20783537, 6.36282406 ], [ -62.20810563, 6.36346677 ], [ -62.20838496, 6.3641094 ], [ -62.20868235, 6.36473393 ], [ -62.20897968, 6.36536754 ], [ -62.20930426, 6.36598309 ], [ -62.20964688, 6.36658058 ], [ -62.21002566, 6.36716919 ], [ -62.21043167, 6.3677306 ], [ -62.21088295, 6.36826495 ], [ -62.21136134, 6.36877221 ], [ -62.21184878, 6.3692614 ], [ -62.2123453, 6.36975054 ], [ -62.21285084, 6.37023072 ], [ -62.2133474, 6.37071989 ], [ -62.21382578, 6.37121811 ], [ -62.21428613, 6.37174346 ], [ -62.21471017, 6.37229583 ], [ -62.21507996, 6.37288433 ], [ -62.21524168, 6.37356302 ], [ -62.21524063, 6.37425947 ], [ -62.21509495, 6.37493765 ], [ -62.21468724, 6.37550687 ], [ -62.21399112, 6.37547868 ], [ -62.21334052, 6.37524253 ], [ -62.21269902, 6.37497018 ], [ -62.21204844, 6.37472499 ], [ -62.21136119, 6.37478724 ], [ -62.21129685, 6.37548362 ], [ -62.21144051, 6.37616227 ], [ -62.21170978, 6.37744708 ], [ -62.21167347, 6.37756341 ], [ -62.21150085, 6.37811607 ], [ -62.21126476, 6.37876705 ], [ -62.21101059, 6.37941789 ], [ -62.21074739, 6.38005969 ], [ -62.21047519, 6.38070143 ], [ -62.21022111, 6.38134326 ], [ -62.20998503, 6.38200325 ], [ -62.20978509, 6.38266322 ], [ -62.20963941, 6.3833504 ], [ -62.20962924, 6.38404694 ], [ -62.20988147, 6.3846895 ], [ -62.21041423, 6.38513357 ], [ -62.21104661, 6.38543296 ], [ -62.21169728, 6.38566014 ], [ -62.2123751, 6.38582395 ], [ -62.21306205, 6.38595163 ], [ -62.213749, 6.38604312 ], [ -62.21444516, 6.38608035 ], [ -62.2151414, 6.3860633 ], [ -62.21582862, 6.3859739 ], [ -62.21648893, 6.38574882 ], [ -62.21695085, 6.38523396 ], [ -62.21711466, 6.38455575 ], [ -62.21713375, 6.3838593 ], [ -62.21707157, 6.38316278 ], [ -62.21697316, 6.38247519 ], [ -62.21684757, 6.38179655 ], [ -62.21670399, 6.38110893 ], [ -62.21655127, 6.38043034 ], [ -62.21643733, 6.37989178 ], [ -62.21640767, 6.37975166 ], [ -62.21626407, 6.37907309 ], [ -62.2161385, 6.37838548 ], [ -62.21601333, 6.37745361 ], [ -62.21670963, 6.37737328 ], [ -62.2173969, 6.37726578 ], [ -62.21807516, 6.37714915 ], [ -62.21876244, 6.3770236 ], [ -62.2194498, 6.37689801 ], [ -62.22013708, 6.37679051 ], [ -62.2208243, 6.37671018 ], [ -62.22152053, 6.37667504 ], [ -62.22221669, 6.37670321 ], [ -62.22290364, 6.37679469 ], [ -62.2235542, 6.37704888 ], [ -62.22410508, 6.3774658 ], [ -62.22458353, 6.37797308 ], [ -62.22501673, 6.37851642 ], [ -62.22544079, 6.37906882 ], [ -62.22618091, 6.37991118 ], [ -62.22667746, 6.38040037 ], [ -62.2271649, 6.38089859 ], [ -62.22764332, 6.38140573 ], [ -62.2281127, 6.38191299 ], [ -62.2285821, 6.38242927 ], [ -62.22905146, 6.38294554 ], [ -62.22952088, 6.38345277 ], [ -62.22999927, 6.38396005 ], [ -62.23047772, 6.38445825 ], [ -62.23097427, 6.38494744 ], [ -62.23148891, 6.38541854 ], [ -62.23202168, 6.38587163 ], [ -62.23257257, 6.38628853 ], [ -62.2331507, 6.38667828 ], [ -62.23377406, 6.38698679 ], [ -62.23445235, 6.38686116 ], [ -62.23504962, 6.38650022 ], [ -62.23562886, 6.38610306 ], [ -62.23622611, 6.38575124 ], [ -62.23689536, 6.38557127 ], [ -62.23759152, 6.38560847 ], [ -62.23826943, 6.38573617 ], [ -62.23895634, 6.38586381 ], [ -62.23965262, 6.38582863 ], [ -62.2401235, 6.38532282 ], [ -62.24027816, 6.38464465 ], [ -62.24031534, 6.38394817 ], [ -62.24032547, 6.38325174 ], [ -62.24034453, 6.38255529 ], [ -62.24043598, 6.38186794 ], [ -62.24069916, 6.38121708 ], [ -62.24113395, 6.38067499 ], [ -62.24138753, 6.38040913 ], [ -62.24139641, 6.38039973 ], [ -62.24143493, 6.38035935 ], [ -62.24184018, 6.37993438 ], [ -62.24226221, 6.37973926 ], [ -62.24246449, 6.37964579 ], [ -62.24297834, 6.37942226 ], [ -62.24310682, 6.37936639 ], [ -62.24379405, 6.37927684 ], [ -62.24449014, 6.37934125 ], [ -62.24516807, 6.37945981 ], [ -62.24584589, 6.3796417 ], [ -62.24649653, 6.3798688 ], [ -62.24711995, 6.38018626 ], [ -62.24758023, 6.38071155 ], [ -62.24808547, 6.38143587 ], [ -62.24845534, 6.38202443 ], [ -62.24884327, 6.3826039 ], [ -62.24924023, 6.38317431 ], [ -62.24963723, 6.38374472 ], [ -62.25003423, 6.38431517 ], [ -62.25043123, 6.38488558 ], [ -62.25081913, 6.38546505 ], [ -62.25118897, 6.38605349 ], [ -62.25154075, 6.38666003 ], [ -62.25186532, 6.38727566 ], [ -62.25215377, 6.38790018 ], [ -62.25240595, 6.3885518 ], [ -62.252613, 6.38922142 ], [ -62.2527838, 6.38989099 ], [ -62.25291843, 6.39057869 ], [ -62.25302593, 6.39126625 ], [ -62.25310626, 6.3919538 ], [ -62.25317757, 6.39265044 ], [ -62.2532399, 6.39333794 ], [ -62.25330216, 6.3940345 ], [ -62.25336449, 6.39472207 ], [ -62.2534358, 6.39541864 ], [ -62.25351621, 6.39610619 ], [ -62.25363272, 6.39679385 ], [ -62.25376735, 6.39748147 ], [ -62.25393815, 6.39815104 ], [ -62.25415427, 6.39881163 ], [ -62.25446077, 6.39943627 ], [ -62.25485772, 6.40000671 ], [ -62.25530909, 6.40053197 ], [ -62.25579658, 6.4010302 ], [ -62.25629318, 6.40151936 ], [ -62.25678067, 6.40201745 ], [ -62.25732232, 6.4026153 ], [ -62.25767411, 6.40321278 ], [ -62.25804396, 6.40380126 ], [ -62.25843189, 6.40438073 ], [ -62.25880173, 6.40497821 ], [ -62.25913541, 6.40558473 ], [ -62.25940576, 6.40622731 ], [ -62.25957657, 6.40689695 ], [ -62.25958467, 6.40759342 ], [ -62.25947511, 6.4082807 ], [ -62.25932047, 6.40895895 ], [ -62.25916576, 6.40963709 ], [ -62.25906532, 6.41032435 ], [ -62.25910047, 6.41102088 ], [ -62.25928941, 6.41169056 ], [ -62.25955976, 6.41233313 ], [ -62.25991148, 6.41293061 ], [ -62.26053497, 6.41323909 ], [ -62.26105099, 6.41276946 ], [ -62.26143158, 6.41218209 ], [ -62.26158628, 6.41151289 ], [ -62.26161442, 6.41081646 ], [ -62.26159732, 6.41011997 ], [ -62.26154408, 6.40942337 ], [ -62.26147278, 6.40873585 ], [ -62.26140138, 6.40803928 ], [ -62.26133906, 6.40734273 ], [ -62.26130389, 6.40665517 ], [ -62.26130487, 6.40595872 ], [ -62.26136015, 6.40526235 ], [ -62.26156005, 6.40459321 ], [ -62.2619496, 6.40402391 ], [ -62.26244762, 6.40352714 ], [ -62.26338931, 6.40259689 ], [ -62.26407657, 6.40250735 ], [ -62.26476391, 6.40241788 ], [ -62.2654055, 6.40268116 ], [ -62.26588396, 6.40319741 ], [ -62.26629908, 6.40374976 ], [ -62.26668705, 6.40432922 ], [ -62.26704782, 6.40492671 ], [ -62.26739966, 6.40552419 ], [ -62.26775139, 6.40612166 ], [ -62.26811223, 6.40671916 ], [ -62.26849116, 6.4072986 ], [ -62.26890627, 6.40785999 ], [ -62.2693757, 6.40837622 ], [ -62.26990854, 6.40882022 ], [ -62.27052289, 6.4091558 ], [ -62.27119176, 6.40931955 ], [ -62.27188799, 6.40933861 ], [ -62.27258429, 6.4092582 ], [ -62.27326262, 6.4091235 ], [ -62.27394098, 6.40895263 ], [ -62.27460132, 6.4087545 ], [ -62.27527073, 6.4085565 ], [ -62.27594013, 6.40834934 ], [ -62.27660942, 6.40816035 ], [ -62.27726082, 6.40792612 ], [ -62.27788509, 6.40762848 ], [ -62.27850038, 6.40729462 ], [ -62.27910663, 6.40696083 ], [ -62.27981242, 6.4065819 ], [ -62.28049937, 6.40672758 ], [ -62.28109566, 6.40707215 ], [ -62.28127553, 6.40775078 ], [ -62.28132885, 6.40843838 ], [ -62.28134602, 6.40913483 ], [ -62.28140825, 6.40983141 ], [ -62.28161536, 6.41049197 ], [ -62.28219349, 6.41089078 ], [ -62.28281774, 6.41060225 ], [ -62.28307184, 6.40995127 ], [ -62.28325359, 6.40928219 ], [ -62.28343533, 6.40860407 ], [ -62.28368944, 6.40796225 ], [ -62.28406096, 6.4073748 ], [ -62.28453187, 6.4068599 ], [ -62.28504786, 6.40639025 ], [ -62.28558196, 6.40594774 ], [ -62.28632429, 6.40529753 ], [ -62.29825229, 6.4105149 ], [ -62.29873982, 6.41102214 ], [ -62.29920027, 6.41153833 ], [ -62.29965163, 6.41206358 ], [ -62.30009394, 6.4126069 ], [ -62.30052721, 6.41315021 ], [ -62.30095148, 6.4136935 ], [ -62.30138477, 6.41424585 ], [ -62.30180896, 6.41478925 ], [ -62.30225128, 6.41533257 ], [ -62.30269358, 6.41586685 ], [ -62.30314501, 6.4163921 ], [ -62.30361452, 6.4169083 ], [ -62.3041111, 6.41739735 ], [ -62.30462592, 6.41786841 ], [ -62.30516786, 6.41830335 ], [ -62.305737, 6.41869307 ], [ -62.30635139, 6.41902865 ], [ -62.30700204, 6.41928273 ], [ -62.30768, 6.41941931 ], [ -62.30837627, 6.41941122 ], [ -62.30906358, 6.4193036 ], [ -62.30973296, 6.41912361 ], [ -62.3103933, 6.41888928 ], [ -62.31102662, 6.41861879 ], [ -62.31165999, 6.41832112 ], [ -62.31228426, 6.41801446 ], [ -62.31290863, 6.41769868 ], [ -62.31352388, 6.41738288 ], [ -62.31414817, 6.41706717 ], [ -62.31477249, 6.41676945 ], [ -62.31541485, 6.41649901 ], [ -62.31614764, 6.41621047 ], [ -62.31683467, 6.41632896 ], [ -62.3175217, 6.41642947 ], [ -62.31820881, 6.41652986 ], [ -62.31890487, 6.41662119 ], [ -62.31959191, 6.41672158 ], [ -62.32027901, 6.41682198 ], [ -62.32096603, 6.41693153 ], [ -62.32165305, 6.41705902 ], [ -62.32233106, 6.41720462 ], [ -62.3229999, 6.41737734 ], [ -62.32366874, 6.41758632 ], [ -62.3243194, 6.41784042 ], [ -62.32494294, 6.41814882 ], [ -62.32554832, 6.41849325 ], [ -62.32613553, 6.41885588 ], [ -62.32672283, 6.41923657 ], [ -62.32731003, 6.41960825 ], [ -62.32809605, 6.42007955 ], [ -62.32874674, 6.42034276 ], [ -62.3293884, 6.42059684 ], [ -62.32995752, 6.42100462 ], [ -62.33039987, 6.42154792 ], [ -62.33081515, 6.42210025 ], [ -62.33123034, 6.42266159 ], [ -62.33162747, 6.42323197 ], [ -62.33201551, 6.42380241 ], [ -62.33240357, 6.42438182 ], [ -62.33278257, 6.42497026 ], [ -62.33316159, 6.42554965 ], [ -62.33354063, 6.42613809 ], [ -62.33392866, 6.42671749 ], [ -62.33430768, 6.42729688 ], [ -62.33470481, 6.42786723 ], [ -62.33511097, 6.42842858 ], [ -62.33554431, 6.4289809 ], [ -62.33603193, 6.42947001 ], [ -62.33668333, 6.42923571 ], [ -62.33662995, 6.42853908 ], [ -62.33656751, 6.42785155 ], [ -62.33648707, 6.42715497 ], [ -62.33637945, 6.42646742 ], [ -62.33627179, 6.42577976 ], [ -62.33614614, 6.42510123 ], [ -62.33601139, 6.42441362 ], [ -62.33586754, 6.42373498 ], [ -62.33572377, 6.4230564 ], [ -62.33557088, 6.42237781 ], [ -62.33534572, 6.42171724 ], [ -62.33496676, 6.42112869 ], [ -62.3340457, 6.42010546 ], [ -62.33351279, 6.41966153 ], [ -62.33298898, 6.41920857 ], [ -62.33246511, 6.41874656 ], [ -62.3319413, 6.4182936 ], [ -62.33141743, 6.41783159 ], [ -62.3308936, 6.41736958 ], [ -62.33036972, 6.41691662 ], [ -62.32983689, 6.41647275 ], [ -62.32928584, 6.41603786 ], [ -62.32873483, 6.41562103 ], [ -62.32816572, 6.41521324 ], [ -62.32758755, 6.41483261 ], [ -62.3269912, 6.41447904 ], [ -62.32636776, 6.4141616 ], [ -62.32573516, 6.4138804 ], [ -62.32509355, 6.41360815 ], [ -62.32444289, 6.41335409 ], [ -62.32379219, 6.41309992 ], [ -62.32315056, 6.41285488 ], [ -62.32249981, 6.41259166 ], [ -62.3218673, 6.41231046 ], [ -62.32124377, 6.41200206 ], [ -62.32063842, 6.41166663 ], [ -62.32005122, 6.41128594 ], [ -62.3195093, 6.41085102 ], [ -62.31903076, 6.41034386 ], [ -62.31863363, 6.40977346 ], [ -62.31829086, 6.409167 ], [ -62.31798427, 6.40854247 ], [ -62.31771389, 6.40789982 ], [ -62.31745251, 6.40725726 ], [ -62.31718209, 6.40661468 ], [ -62.31667711, 6.40557381 ], [ -62.31625284, 6.40503053 ], [ -62.31581055, 6.40448722 ], [ -62.31536821, 6.40395295 ], [ -62.31491687, 6.40341867 ], [ -62.31446543, 6.40289343 ], [ -62.31401408, 6.40235914 ], [ -62.31356265, 6.4018339 ], [ -62.31312033, 6.40129059 ], [ -62.31268708, 6.40075634 ], [ -62.31225382, 6.400204 ], [ -62.31183858, 6.39965169 ], [ -62.31143246, 6.39908131 ], [ -62.31104449, 6.39851093 ], [ -62.31067456, 6.39791345 ], [ -62.31034082, 6.39730688 ], [ -62.3101609, 6.39663731 ], [ -62.31013468, 6.39594081 ], [ -62.31015369, 6.39524428 ], [ -62.31016372, 6.39454781 ], [ -62.31006514, 6.39386028 ], [ -62.30978568, 6.39322672 ], [ -62.30935247, 6.39267438 ], [ -62.3088558, 6.39218526 ], [ -62.30832292, 6.39175035 ], [ -62.30776289, 6.39132446 ], [ -62.30721193, 6.3909076 ], [ -62.30641721, 6.39026434 ], [ -62.30579289, 6.39057107 ], [ -62.30517762, 6.39089583 ], [ -62.3045533, 6.39120256 ], [ -62.303875, 6.39133733 ], [ -62.30388504, 6.39064086 ], [ -62.30407577, 6.38997179 ], [ -62.30347958, 6.38961816 ], [ -62.30282819, 6.38986147 ], [ -62.30220478, 6.38955316 ], [ -62.3018439, 6.38895569 ], [ -62.30176352, 6.38825903 ], [ -62.30189101, 6.38758082 ], [ -62.30201847, 6.38689357 ], [ -62.30196522, 6.38619694 ], [ -62.30164956, 6.38558143 ], [ -62.30125254, 6.38501106 ], [ -62.30081929, 6.38446775 ], [ -62.30036789, 6.3839425 ], [ -62.29990751, 6.38341723 ], [ -62.29945611, 6.38289198 ], [ -62.29902289, 6.38233962 ], [ -62.29863493, 6.38176023 ], [ -62.29832838, 6.38113569 ], [ -62.29816654, 6.38045711 ], [ -62.29813129, 6.37976951 ], [ -62.29824071, 6.37908226 ], [ -62.29863029, 6.37850389 ], [ -62.29928162, 6.37825147 ], [ -62.29996886, 6.37813482 ], [ -62.30114449, 6.37795552 ], [ -62.30154309, 6.37738621 ], [ -62.3019417, 6.3768169 ], [ -62.30198784, 6.3761204 ], [ -62.30165412, 6.37551394 ], [ -62.30121184, 6.37497061 ], [ -62.30073335, 6.37446343 ], [ -62.30027289, 6.37394721 ], [ -62.29985778, 6.37338585 ], [ -62.29956027, 6.37276133 ], [ -62.29947986, 6.37206475 ], [ -62.29950788, 6.37136821 ], [ -62.29956308, 6.37068088 ], [ -62.299555, 6.36998441 ], [ -62.29935698, 6.36931472 ], [ -62.2990323, 6.3686992 ], [ -62.29864435, 6.36811976 ], [ -62.29822915, 6.36756744 ], [ -62.297796, 6.36702413 ], [ -62.29737176, 6.3664718 ], [ -62.29696571, 6.36590141 ], [ -62.29660486, 6.36530393 ], [ -62.29657867, 6.36460743 ], [ -62.29685984, 6.3639655 ], [ -62.29717542, 6.36457197 ], [ -62.29739157, 6.36523265 ], [ -62.29794248, 6.36565845 ], [ -62.298575, 6.36593976 ], [ -62.29927102, 6.36599497 ], [ -62.29985016, 6.36560678 ], [ -62.30025778, 6.3650465 ], [ -62.30089194, 6.36410671 ], [ -62.30117132, 6.36474931 ], [ -62.30141459, 6.36540085 ], [ -62.30165782, 6.36605243 ], [ -62.30197338, 6.36667698 ], [ -62.30245188, 6.36717511 ], [ -62.30313893, 6.36728469 ], [ -62.30381723, 6.36711366 ], [ -62.30446846, 6.3668794 ], [ -62.30512879, 6.36667218 ], [ -62.30582498, 6.36660982 ], [ -62.30648474, 6.3668188 ], [ -62.30708093, 6.36718133 ], [ -62.30765901, 6.3675711 ], [ -62.30825529, 6.3679247 ], [ -62.30894222, 6.36804316 ], [ -62.30953942, 6.36770022 ], [ -62.30998316, 6.36715807 ], [ -62.31035462, 6.36657064 ], [ -62.31072608, 6.36598317 ], [ -62.31114271, 6.36543199 ], [ -62.31168575, 6.36498946 ], [ -62.3123371, 6.36474615 ], [ -62.3130243, 6.36465662 ], [ -62.31372049, 6.36464848 ], [ -62.31441661, 6.36464034 ], [ -62.3152665, 6.36462329 ], [ -62.31588993, 6.36494979 ], [ -62.31652245, 6.36523108 ], [ -62.31711865, 6.36559363 ], [ -62.31738904, 6.36623628 ], [ -62.31738814, 6.36693273 ], [ -62.31730587, 6.36762004 ], [ -62.31717839, 6.3683073 ], [ -62.31701473, 6.36898558 ], [ -62.31683307, 6.36965467 ], [ -62.31664229, 6.37032374 ], [ -62.31645159, 6.37099293 ], [ -62.31628792, 6.3716711 ], [ -62.31610617, 6.37240351 ], [ -62.31592442, 6.37308165 ], [ -62.31574272, 6.37375081 ], [ -62.31569664, 6.37444724 ], [ -62.31597606, 6.37508076 ], [ -62.31658136, 6.37543436 ], [ -62.31725963, 6.37529961 ], [ -62.31791989, 6.37507428 ], [ -62.31856219, 6.3748038 ], [ -62.31919543, 6.37452421 ], [ -62.31982872, 6.37423562 ], [ -62.320471, 6.3739741 ], [ -62.32113126, 6.37374889 ], [ -62.32180958, 6.37358688 ], [ -62.32250575, 6.37361492 ], [ -62.32302948, 6.37407694 ], [ -62.32342658, 6.37463828 ], [ -62.32387802, 6.37517252 ], [ -62.32447423, 6.37553517 ], [ -62.32510677, 6.37581645 ], [ -62.3257665, 6.37605244 ], [ -62.32643528, 6.37622515 ], [ -62.32713136, 6.37631658 ], [ -62.32782757, 6.37630843 ], [ -62.32851479, 6.37623689 ], [ -62.32920206, 6.37610211 ], [ -62.32987137, 6.37592209 ], [ -62.33052266, 6.37567868 ], [ -62.33114694, 6.37537199 ], [ -62.33168096, 6.37492943 ], [ -62.33205233, 6.37434199 ], [ -62.33230638, 6.37369106 ], [ -62.33254228, 6.37304002 ], [ -62.33279625, 6.37237099 ], [ -62.33289658, 6.37168372 ], [ -62.33296988, 6.37098723 ], [ -62.33305213, 6.37029991 ], [ -62.33319763, 6.36961269 ], [ -62.33342452, 6.3689617 ], [ -62.33375984, 6.36834697 ], [ -62.33414932, 6.36777762 ], [ -62.334575, 6.36722639 ], [ -62.33500968, 6.36668423 ], [ -62.33543525, 6.36613301 ], [ -62.33582482, 6.36555461 ], [ -62.33615101, 6.36493997 ], [ -62.33635988, 6.36427089 ], [ -62.33639693, 6.36357436 ], [ -62.33631641, 6.36288683 ], [ -62.33617266, 6.36220826 ], [ -62.33600174, 6.36152967 ], [ -62.33582179, 6.36085999 ], [ -62.33566892, 6.36018144 ], [ -62.33557936, 6.35949389 ], [ -62.33563453, 6.3587974 ], [ -62.33596983, 6.35819179 ], [ -62.33648576, 6.35772208 ], [ -62.33708296, 6.35736106 ], [ -62.33771611, 6.35707241 ], [ -62.33836743, 6.35683806 ], [ -62.33903668, 6.35663987 ], [ -62.33970592, 6.35645984 ], [ -62.34038423, 6.35628887 ], [ -62.34105348, 6.35612686 ], [ -62.34173174, 6.3559649 ], [ -62.34241004, 6.35579393 ], [ -62.34362202, 6.35539746 ], [ -62.34405671, 6.35485526 ], [ -62.34449136, 6.35431309 ], [ -62.34494404, 6.35378 ], [ -62.34537873, 6.35323779 ], [ -62.34579527, 6.35268657 ], [ -62.34619381, 6.35211719 ], [ -62.34653809, 6.35151159 ], [ -62.34662939, 6.35082418 ], [ -62.34637703, 6.35017261 ], [ -62.34588044, 6.34968353 ], [ -62.34531137, 6.34928481 ], [ -62.34473326, 6.34890423 ], [ -62.34415513, 6.34851453 ], [ -62.34362226, 6.34806156 ], [ -62.34322519, 6.34749119 ], [ -62.34323508, 6.34680377 ], [ -62.34345292, 6.34614368 ], [ -62.34367973, 6.34548364 ], [ -62.34372584, 6.34478724 ], [ -62.34354582, 6.34411768 ], [ -62.34322117, 6.34350211 ], [ -62.34275173, 6.34298591 ], [ -62.34220077, 6.34256015 ], [ -62.34164073, 6.34215236 ], [ -62.34106265, 6.34176266 ], [ -62.34047544, 6.34138198 ], [ -62.33988826, 6.34101948 ], [ -62.33929201, 6.34065688 ], [ -62.33869582, 6.34030332 ], [ -62.33809956, 6.33994079 ], [ -62.33695233, 6.33922469 ], [ -62.33641044, 6.3387899 ], [ -62.33587757, 6.33834597 ], [ -62.33534483, 6.33789299 ], [ -62.33482099, 6.33744007 ], [ -62.33428818, 6.33698709 ], [ -62.33376442, 6.33653413 ], [ -62.33324062, 6.33608117 ], [ -62.33271691, 6.33561927 ], [ -62.33219307, 6.33516631 ], [ -62.33166025, 6.33470428 ], [ -62.33113652, 6.33425132 ], [ -62.33061273, 6.33379839 ], [ -62.33007994, 6.33335446 ], [ -62.32954713, 6.33291052 ], [ -62.32900527, 6.33246668 ], [ -62.32846339, 6.33203177 ], [ -62.32792151, 6.33159689 ], [ -62.32736154, 6.33117099 ], [ -62.32681062, 6.33075419 ], [ -62.32624157, 6.33034647 ], [ -62.32567252, 6.32995677 ], [ -62.32509443, 6.32956702 ], [ -62.32450735, 6.32918633 ], [ -62.32382032, 6.32908598 ], [ -62.32314212, 6.32923883 ], [ -62.32248192, 6.32944607 ], [ -62.32179462, 6.3295718 ], [ -62.32119849, 6.32921822 ], [ -62.3210185, 6.32854865 ], [ -62.32096519, 6.32785209 ], [ -62.32085777, 6.32697453 ], [ -62.32027069, 6.32660288 ], [ -62.31970162, 6.3262042 ], [ -62.31909636, 6.32585966 ], [ -62.31841857, 6.32570504 ], [ -62.31775834, 6.32593025 ], [ -62.31716121, 6.32628228 ], [ -62.31654602, 6.32660706 ], [ -62.31586821, 6.32646145 ], [ -62.31546212, 6.32590012 ], [ -62.31515558, 6.32527559 ], [ -62.31491228, 6.32462402 ], [ -62.31468719, 6.32396333 ], [ -62.314462, 6.3233118 ], [ -62.31421879, 6.32265118 ], [ -62.31393032, 6.32201764 ], [ -62.31357856, 6.3214202 ], [ -62.31311814, 6.32090399 ], [ -62.31257629, 6.3204691 ], [ -62.31198008, 6.32010647 ], [ -62.31135677, 6.31978912 ], [ -62.3107243, 6.31950783 ], [ -62.31008279, 6.31924468 ], [ -62.30944129, 6.3189815 ], [ -62.30879978, 6.31870026 ], [ -62.30818547, 6.31838286 ], [ -62.30757121, 6.31804732 ], [ -62.30743652, 6.31735971 ], [ -62.30753707, 6.31652763 ], [ -62.30710383, 6.31598432 ], [ -62.30645331, 6.31573024 ], [ -62.30604574, 6.31629049 ], [ -62.30536777, 6.31626247 ], [ -62.30543192, 6.31555706 ], [ -62.30572207, 6.31492416 ], [ -62.3061116, 6.31434579 ], [ -62.30649207, 6.31375834 ], [ -62.3068815, 6.31318901 ], [ -62.30729816, 6.31261974 ], [ -62.30771472, 6.31206851 ], [ -62.30815839, 6.3115354 ], [ -62.30862916, 6.31102044 ], [ -62.30911796, 6.31052357 ], [ -62.30965192, 6.31009008 ], [ -62.31032115, 6.309892 ], [ -62.31100798, 6.31001954 ], [ -62.31157704, 6.31040926 ], [ -62.31172917, 6.31160342 ], [ -62.3124161, 6.31166764 ], [ -62.3131122, 6.31168664 ], [ -62.31379909, 6.31178704 ], [ -62.31440433, 6.3121316 ], [ -62.31481945, 6.31269295 ], [ -62.31513508, 6.31330845 ], [ -62.31539637, 6.31395108 ], [ -62.31563965, 6.31461166 ], [ -62.3158919, 6.3152542 ], [ -62.31618037, 6.31588774 ], [ -62.31664974, 6.31639492 ], [ -62.31734597, 6.31631445 ], [ -62.31772487, 6.31690286 ], [ -62.31784153, 6.31759047 ], [ -62.31791297, 6.31827805 ], [ -62.31802955, 6.31896562 ], [ -62.31826374, 6.31961721 ], [ -62.31866982, 6.32017854 ], [ -62.31915739, 6.32068572 ], [ -62.31970829, 6.32110257 ], [ -62.32037702, 6.32130239 ], [ -62.32097416, 6.32095948 ], [ -62.32141781, 6.32041735 ], [ -62.32178014, 6.31982986 ], [ -62.32211544, 6.31921514 ], [ -62.3224327, 6.31860049 ], [ -62.32274085, 6.31797678 ], [ -62.32332982, 6.31692824 ], [ -62.32362736, 6.31755274 ], [ -62.32388868, 6.31820442 ], [ -62.32414094, 6.31884695 ], [ -62.32438418, 6.31949852 ], [ -62.32464554, 6.32015012 ], [ -62.32493402, 6.32078365 ], [ -62.32528579, 6.3213812 ], [ -62.32572805, 6.3219245 ], [ -62.32631527, 6.32228699 ], [ -62.32701135, 6.32228792 ], [ -62.32768055, 6.3221079 ], [ -62.32832278, 6.3218373 ], [ -62.32893792, 6.32151251 ], [ -62.32953509, 6.32115142 ], [ -62.33005996, 6.32069983 ], [ -62.33037722, 6.3200761 ], [ -62.33057697, 6.31940704 ], [ -62.33078588, 6.31862029 ], [ -62.3313368, 6.31904617 ], [ -62.33189678, 6.31946298 ], [ -62.33245671, 6.31987075 ], [ -62.33302574, 6.32026941 ], [ -62.33358576, 6.32068626 ], [ -62.33413667, 6.32110305 ], [ -62.33467854, 6.32153796 ], [ -62.33520229, 6.32200897 ], [ -62.33568984, 6.32249808 ], [ -62.33614121, 6.32303231 ], [ -62.33653823, 6.32360269 ], [ -62.33690812, 6.32419111 ], [ -62.33723282, 6.32480661 ], [ -62.33753939, 6.32543112 ], [ -62.33783693, 6.32606466 ], [ -62.33811639, 6.32669827 ], [ -62.33839582, 6.32733178 ], [ -62.33869336, 6.32796531 ], [ -62.33903603, 6.32864414 ], [ -62.33945122, 6.32920547 ], [ -62.33984824, 6.32977584 ], [ -62.3402453, 6.33034629 ], [ -62.34063336, 6.33091665 ], [ -62.34103044, 6.33149604 ], [ -62.34142746, 6.33206641 ], [ -62.34184268, 6.3326187 ], [ -62.34227583, 6.33317101 ], [ -62.3427363, 6.3336872 ], [ -62.34321479, 6.33419434 ], [ -62.34374764, 6.33464731 ], [ -62.34433479, 6.33501885 ], [ -62.34496728, 6.33530915 ], [ -62.34562702, 6.33551797 ], [ -62.34632302, 6.33558216 ], [ -62.3469743, 6.33534785 ], [ -62.34740886, 6.33480564 ], [ -62.34774414, 6.33419101 ], [ -62.34806137, 6.33357631 ], [ -62.34846893, 6.33300694 ], [ -62.34906597, 6.33265491 ], [ -62.34976215, 6.33262864 ], [ -62.35044913, 6.33271994 ], [ -62.35113613, 6.33282026 ], [ -62.35183226, 6.33278497 ], [ -62.35236624, 6.33233334 ], [ -62.35262919, 6.33169146 ], [ -62.35276565, 6.33100418 ], [ -62.35285687, 6.33031677 ], [ -62.35293012, 6.32962943 ], [ -62.35309405, 6.32859844 ], [ -62.35378118, 6.32860837 ], [ -62.35447718, 6.32865445 ], [ -62.35517332, 6.32868245 ], [ -62.35586047, 6.32861091 ], [ -62.35648467, 6.32829515 ], [ -62.35698246, 6.3278073 ], [ -62.35738995, 6.32724701 ], [ -62.35774334, 6.32665035 ], [ -62.3580786, 6.32603568 ], [ -62.35843187, 6.32543914 ], [ -62.35882134, 6.32486068 ], [ -62.3592921, 6.32434567 ], [ -62.35984404, 6.32393026 ], [ -62.36044119, 6.32356921 ], [ -62.36106531, 6.32326238 ], [ -62.36170751, 6.32298283 ], [ -62.36235873, 6.32273029 ], [ -62.36300998, 6.32249595 ], [ -62.36366116, 6.3222615 ], [ -62.36431234, 6.32202717 ], [ -62.36522586, 6.32164834 ], [ -62.36577678, 6.32207414 ], [ -62.36635495, 6.32247286 ], [ -62.36688777, 6.32290764 ], [ -62.36722151, 6.32352321 ], [ -62.3671665, 6.32421963 ], [ -62.36694867, 6.32487966 ], [ -62.36667669, 6.32552153 ], [ -62.36638665, 6.32615446 ], [ -62.36610557, 6.32678726 ], [ -62.36662061, 6.32705016 ], [ -62.36711843, 6.32652615 ], [ -62.36779652, 6.32648172 ], [ -62.368429, 6.32679913 ], [ -62.36908907, 6.32671855 ], [ -62.36959595, 6.32622166 ], [ -62.37011182, 6.32575188 ], [ -62.37061867, 6.32527308 ], [ -62.3711435, 6.32482142 ], [ -62.37172263, 6.32444219 ], [ -62.37239177, 6.32427116 ], [ -62.37306959, 6.3244438 ], [ -62.37362963, 6.32485156 ], [ -62.37471361, 6.32557647 ], [ -62.37519338, 6.32507047 ], [ -62.3756551, 6.32454638 ], [ -62.37609868, 6.32401321 ], [ -62.37654229, 6.32348008 ], [ -62.37713071, 6.32287474 ], [ -62.37661399, 6.32402288 ], [ -62.37551757, 6.32614727 ], [ -62.3747128, 6.32626398 ], [ -62.37310372, 6.32614438 ], [ -62.37241549, 6.32712049 ], [ -62.37195314, 6.32816017 ], [ -62.37091299, 6.32862025 ], [ -62.36878748, 6.32942276 ], [ -62.36757547, 6.32988265 ], [ -62.3644721, 6.33189596 ], [ -62.3622836, 6.33241792 ], [ -62.36124563, 6.33109606 ], [ -62.3599819, 6.32943919 ], [ -62.35870845, 6.32846069 ], [ -62.35709816, 6.32932711 ], [ -62.355721, 6.33173145 ], [ -62.3546875, 6.33409112 ], [ -62.35457661, 6.3360357 ], [ -62.35492011, 6.33608135 ], [ -62.35561564, 6.33649829 ], [ -62.35636504, 6.33735857 ], [ -62.35716783, 6.33878872 ], [ -62.35717501, 6.3403355 ], [ -62.35654063, 6.3415469 ], [ -62.35614078, 6.34321074 ], [ -62.35591204, 6.3453904 ], [ -62.35585509, 6.34762457 ], [ -62.35534657, 6.34940594 ], [ -62.35390628, 6.35163838 ], [ -62.35217745, 6.35325536 ], [ -62.35022354, 6.35411219 ], [ -62.3487307, 6.35497871 ], [ -62.34850307, 6.35629912 ], [ -62.34844605, 6.35847901 ], [ -62.34747462, 6.36168892 ], [ -62.34632248, 6.36479009 ], [ -62.34477247, 6.36799925 ], [ -62.34448895, 6.37052259 ], [ -62.3433933, 6.37185084 ], [ -62.34166687, 6.3715049 ], [ -62.33965892, 6.37208136 ], [ -62.33752346, 6.37346253 ], [ -62.33602958, 6.3750707 ], [ -62.33562823, 6.37781996 ], [ -62.3363284, 6.38178282 ], [ -62.33806079, 6.38458912 ], [ -62.33840406, 6.38481574 ], [ -62.33874733, 6.38504229 ], [ -62.34077096, 6.38636554 ], [ -62.34273043, 6.38836701 ], [ -62.344002, 6.39094659 ], [ -62.34572533, 6.39381624 ], [ -62.34694137, 6.39742694 ], [ -62.34717387, 6.39948951 ], [ -62.34643674, 6.40321533 ], [ -62.34447943, 6.40655065 ], [ -62.3429224, 6.40798694 ], [ -62.34114019, 6.40878965 ], [ -62.34044863, 6.4051163 ], [ -62.33917695, 6.40260004 ], [ -62.33802916, 6.40220063 ], [ -62.33681611, 6.40334781 ], [ -62.33643258, 6.4062599 ], [ -62.33635959, 6.40678444 ], [ -62.33711579, 6.40937245 ], [ -62.33647917, 6.41223906 ], [ -62.33689036, 6.415903 ], [ -62.33879397, 6.41923414 ], [ -62.34167699, 6.42031426 ], [ -62.34282006, 6.41739401 ], [ -62.34408767, 6.41601172 ], [ -62.34548856, 6.4168696 ], [ -62.34633741, 6.41738945 ], [ -62.34749324, 6.41859401 ], [ -62.34800751, 6.41948305 ], [ -62.34800732, 6.41962586 ], [ -62.34870046, 6.42208704 ], [ -62.34928348, 6.42581448 ], [ -62.34904455, 6.42707999 ], [ -62.34870995, 6.42885308 ], [ -62.34929354, 6.43218252 ], [ -62.34947187, 6.43413657 ], [ -62.34820295, 6.4365411 ], [ -62.34653578, 6.43912591 ], [ -62.34469762, 6.44113167 ], [ -62.34314855, 6.44331867 ], [ -62.34297482, 6.44481096 ], [ -62.34441211, 6.44521082 ], [ -62.34401913, 6.44842143 ], [ -62.34200808, 6.45123195 ], [ -62.33924027, 6.45181642 ], [ -62.33636408, 6.45232829 ], [ -62.3345809, 6.45365562 ], [ -62.33319082, 6.45176327 ], [ -62.33216163, 6.45050465 ], [ -62.33008144, 6.45079142 ], [ -62.32898896, 6.44953263 ], [ -62.32938993, 6.44718137 ], [ -62.32754817, 6.44588137 ], [ -62.3271946, 6.44563172 ], [ -62.32731459, 6.44374137 ], [ -62.32880736, 6.44316443 ], [ -62.3270749, 6.4403581 ], [ -62.32482619, 6.4381752 ], [ -62.32332774, 6.43622843 ], [ -62.32217444, 6.4330791 ], [ -62.3197529, 6.43176438 ], [ -62.31849139, 6.43526323 ], [ -62.31935484, 6.43870164 ], [ -62.31947688, 6.44213903 ], [ -62.319537, 6.44455425 ], [ -62.31930862, 6.44627257 ], [ -62.31839175, 6.44896686 ], [ -62.31695293, 6.44977003 ], [ -62.31637553, 6.44880138 ], [ -62.31718333, 6.44650495 ], [ -62.31677894, 6.4446139 ], [ -62.31631206, 6.44208959 ], [ -62.31354461, 6.44249296 ], [ -62.31314494, 6.443813 ], [ -62.31182452, 6.44398313 ], [ -62.3106136, 6.44341165 ], [ -62.30997952, 6.4442158 ], [ -62.31067274, 6.44651431 ], [ -62.30900686, 6.44805875 ], [ -62.30618428, 6.44898665 ], [ -62.3036511, 6.44990583 ], [ -62.30031409, 6.45013644 ], [ -62.29766493, 6.44991574 ], [ -62.29645198, 6.4508277 ], [ -62.29760665, 6.45283738 ], [ -62.2987079, 6.45426798 ], [ -62.29940179, 6.45605091 ], [ -62.29738399, 6.45697072 ], [ -62.29571272, 6.45581966 ], [ -62.29386775, 6.4559981 ], [ -62.29375606, 6.45828638 ], [ -62.2951999, 6.46046829 ], [ -62.29618271, 6.462532 ], [ -62.29601576, 6.46557101 ], [ -62.29503683, 6.467234 ], [ -62.29319269, 6.46677916 ], [ -62.29284801, 6.46752943 ], [ -62.29193153, 6.46982574 ], [ -62.28962521, 6.4701119 ], [ -62.28841488, 6.46907905 ], [ -62.28737669, 6.46782036 ], [ -62.28564861, 6.46845107 ], [ -62.28369517, 6.46862932 ], [ -62.28236671, 6.4679942 ], [ -62.28144614, 6.46673564 ], [ -62.28058502, 6.46817265 ], [ -62.281339, 6.47218979 ], [ -62.28174227, 6.47476827 ], [ -62.28168427, 6.47740943 ], [ -62.28013581, 6.47895399 ], [ -62.28042987, 6.48199367 ], [ -62.28250544, 6.4850901 ], [ -62.28394043, 6.48715446 ], [ -62.28486805, 6.48985128 ], [ -62.28441207, 6.49260038 ], [ -62.28250989, 6.49478666 ], [ -62.27923549, 6.49530663 ], [ -62.27554597, 6.49519287 ], [ -62.27450557, 6.4954808 ], [ -62.27468364, 6.49743488 ], [ -62.27590064, 6.50012306 ], [ -62.27572553, 6.50242036 ], [ -62.2759028, 6.50494419 ], [ -62.27509477, 6.50717727 ], [ -62.27181938, 6.50833035 ], [ -62.26899792, 6.50821777 ], [ -62.26576997, 6.50782415 ], [ -62.26406819, 6.50894331 ], [ -62.26422128, 6.50937771 ], [ -62.26548425, 6.51155037 ], [ -62.26681166, 6.51292714 ], [ -62.26692645, 6.51481779 ], [ -62.26601077, 6.51637226 ], [ -62.26509503, 6.51798101 ], [ -62.26255479, 6.51728988 ], [ -62.261343, 6.51723385 ], [ -62.26042756, 6.51861639 ], [ -62.258816, 6.51987138 ], [ -62.25599247, 6.52114257 ], [ -62.25386575, 6.52211636 ], [ -62.25375351, 6.52463983 ], [ -62.25335226, 6.52688242 ], [ -62.25254428, 6.52899782 ], [ -62.25116924, 6.52923092 ], [ -62.24880027, 6.52889279 ], [ -62.24719265, 6.52739792 ], [ -62.24569372, 6.525858 ], [ -62.24431019, 6.52573837 ], [ -62.24390294, 6.52590958 ], [ -62.24344986, 6.52648781 ], [ -62.24247183, 6.52740897 ], [ -62.24200942, 6.52814994 ], [ -62.24224285, 6.5292991 ], [ -62.24338957, 6.53055808 ], [ -62.24471622, 6.53239618 ], [ -62.24535586, 6.53406157 ], [ -62.24599463, 6.53629665 ], [ -62.24558491, 6.53813218 ], [ -62.24472451, 6.53899024 ], [ -62.24311343, 6.53979279 ], [ -62.24288549, 6.54100456 ], [ -62.24317371, 6.54180093 ], [ -62.24426805, 6.54180259 ], [ -62.24565035, 6.54277248 ], [ -62.2458841, 6.54369549 ], [ -62.24490588, 6.54467093 ], [ -62.24271758, 6.54444147 ], [ -62.24162244, 6.5449554 ], [ -62.24144793, 6.54673709 ], [ -62.24070412, 6.5481741 ], [ -62.24018632, 6.54972006 ], [ -62.24041748, 6.55236158 ], [ -62.24030603, 6.55430617 ], [ -62.23979614, 6.55654858 ], [ -62.23916032, 6.55832959 ], [ -62.23761008, 6.56073321 ], [ -62.2365133, 6.56234162 ], [ -62.23231588, 6.56286889 ], [ -62.22931578, 6.56114572 ], [ -62.22683205, 6.55885351 ], [ -62.22418569, 6.55650668 ], [ -62.22343602, 6.5558724 ], [ -62.22147633, 6.55398793 ], [ -62.21888389, 6.55186735 ], [ -62.21675169, 6.55043497 ], [ -62.21519646, 6.55020636 ], [ -62.2135845, 6.55152448 ], [ -62.21300398, 6.55261803 ], [ -62.21226138, 6.55325004 ], [ -62.21069819, 6.55233399 ], [ -62.20943229, 6.55210591 ], [ -62.20966521, 6.55353544 ], [ -62.21070226, 6.55549077 ], [ -62.21139699, 6.55657725 ], [ -62.21243405, 6.55846936 ], [ -62.21307334, 6.56030648 ], [ -62.21371192, 6.56259595 ], [ -62.21284163, 6.56391514 ], [ -62.21099868, 6.56254649 ], [ -62.20996146, 6.56070866 ], [ -62.20863368, 6.55962115 ], [ -62.20753962, 6.55944761 ], [ -62.20627328, 6.55950892 ], [ -62.20460272, 6.557842 ], [ -62.20339241, 6.55681796 ], [ -62.20097008, 6.55583724 ], [ -62.1975151, 6.55590411 ], [ -62.19566931, 6.55636247 ], [ -62.19550427, 6.55780041 ], [ -62.19584628, 6.55883209 ], [ -62.19625108, 6.56020752 ], [ -62.19653836, 6.56151958 ], [ -62.19688773, 6.56364573 ], [ -62.19580067, 6.56473847 ], [ -62.19476146, 6.56416696 ], [ -62.19291704, 6.563766 ], [ -62.1914769, 6.56508422 ], [ -62.19044312, 6.56674691 ], [ -62.19021494, 6.5680671 ], [ -62.1899312, 6.57012895 ], [ -62.18854439, 6.57197186 ], [ -62.18762251, 6.57157244 ], [ -62.186928, 6.57042261 ], [ -62.18675767, 6.56944544 ], [ -62.18560938, 6.56921742 ], [ -62.18399839, 6.56991134 ], [ -62.1832464, 6.57071508 ], [ -62.18169126, 6.57042316 ], [ -62.18157473, 6.56973545 ], [ -62.18203848, 6.56824379 ], [ -62.18261071, 6.56675233 ], [ -62.18237834, 6.56503331 ], [ -62.18076267, 6.5630318 ], [ -62.17914449, 6.56256784 ], [ -62.17747843, 6.5637229 ], [ -62.1768441, 6.56446351 ], [ -62.17659148, 6.56406519 ], [ -62.17583137, 6.56430811 ], [ -62.17442883, 6.56475809 ], [ -62.17131607, 6.56562131 ], [ -62.16861777, 6.56751627 ], [ -62.16596516, 6.5690676 ], [ -62.16245226, 6.57130493 ], [ -62.16044166, 6.57291157 ], [ -62.15859366, 6.5746904 ], [ -62.15629402, 6.57607037 ], [ -62.15473718, 6.57676429 ], [ -62.1538756, 6.57813761 ], [ -62.15485825, 6.5800297 ], [ -62.15710761, 6.58168874 ], [ -62.15872427, 6.58306632 ], [ -62.15981491, 6.58530227 ], [ -62.15976404, 6.58868495 ], [ -62.15780938, 6.58926056 ], [ -62.15585271, 6.59103919 ], [ -62.1552789, 6.59338988 ], [ -62.15446806, 6.59688896 ], [ -62.15400996, 6.60033429 ], [ -62.15425053, 6.60251452 ], [ -62.15407395, 6.60526399 ], [ -62.15281342, 6.60721551 ], [ -62.1511954, 6.60658867 ], [ -62.1496409, 6.60584437 ], [ -62.14831975, 6.60618577 ], [ -62.14606945, 6.60510558 ], [ -62.14387484, 6.60315722 ], [ -62.14197629, 6.60263839 ], [ -62.1400775, 6.60223711 ], [ -62.13742925, 6.60114718 ], [ -62.13628947, 6.59989756 ], [ -62.13518129, 6.59868302 ], [ -62.13396451, 6.59622075 ], [ -62.12952641, 6.59455774 ], [ -62.12878225, 6.59599462 ], [ -62.12913025, 6.5986906 ], [ -62.1288448, 6.6016207 ], [ -62.12751914, 6.60453986 ], [ -62.12539375, 6.60442764 ], [ -62.12400275, 6.6033398 ], [ -62.12187417, 6.60506364 ], [ -62.12199629, 6.60764166 ], [ -62.12159241, 6.61096953 ], [ -62.11952042, 6.61137286 ], [ -62.1182488, 6.6092541 ], [ -62.1170414, 6.6066199 ], [ -62.11594183, 6.60443812 ], [ -62.11427183, 6.60254482 ], [ -62.11306264, 6.60094176 ], [ -62.11115819, 6.5987042 ], [ -62.1091421, 6.59819411 ], [ -62.10902332, 6.59888137 ], [ -62.10920346, 6.59927958 ], [ -62.10983325, 6.60117112 ], [ -62.11093282, 6.60335291 ], [ -62.11254908, 6.60490244 ], [ -62.11381157, 6.60707547 ], [ -62.11272109, 6.60994987 ], [ -62.11104873, 6.60937708 ], [ -62.10944157, 6.60777325 ], [ -62.10742243, 6.60897259 ], [ -62.10690269, 6.61132328 ], [ -62.10690173, 6.61184789 ], [ -62.10665416, 6.61369266 ], [ -62.10571173, 6.61469495 ], [ -62.10552133, 6.61493881 ], [ -62.10495912, 6.61571569 ], [ -62.10244486, 6.61557542 ], [ -62.10060004, 6.615337 ], [ -62.09860997, 6.61545093 ], [ -62.09669318, 6.61502234 ], [ -62.09484027, 6.61427736 ], [ -62.09286738, 6.61487978 ], [ -62.0922233, 6.61591875 ], [ -62.09113722, 6.61628764 ], [ -62.08991688, 6.61584219 ], [ -62.08816158, 6.61619179 ], [ -62.08703858, 6.61691327 ], [ -62.08558016, 6.6181045 ], [ -62.08508897, 6.6196141 ], [ -62.08440908, 6.62044502 ], [ -62.08234688, 6.62039599 ], [ -62.0794987, 6.61979371 ], [ -62.07736188, 6.62097468 ], [ -62.07463934, 6.62097868 ], [ -62.07131948, 6.6211534 ], [ -62.06840641, 6.62144647 ], [ -62.06650632, 6.62174132 ], [ -62.06534836, 6.62184767 ], [ -62.06406395, 6.62184525 ], [ -62.06306023, 6.62167156 ], [ -62.06232032, 6.6207295 ], [ -62.06011545, 6.61960378 ], [ -62.0577109, 6.61886667 ], [ -62.05594712, 6.61886335 ], [ -62.05472316, 6.62038957 ], [ -62.05484667, 6.62199073 ], [ -62.05504449, 6.62262421 ], [ -62.05491694, 6.62313051 ], [ -62.05270632, 6.62499851 ], [ -62.0510694, 6.62489591 ], [ -62.04917905, 6.62483807 ], [ -62.04688875, 6.62581957 ], [ -62.04550182, 6.6273907 ], [ -62.04441185, 6.62975828 ], [ -62.04447179, 6.63151314 ], [ -62.0444216, 6.6341179 ], [ -62.0447689, 6.63694955 ], [ -62.04488068, 6.63997975 ], [ -62.04500418, 6.64158996 ], [ -62.04517134, 6.64406856 ], [ -62.04478787, 6.64589482 ], [ -62.0438459, 6.64656229 ], [ -62.04113272, 6.64629482 ], [ -62.03778493, 6.64678579 ], [ -62.03575616, 6.64811138 ], [ -62.0352819, 6.6501003 ], [ -62.0352162, 6.65136641 ], [ -62.03536718, 6.65277771 ], [ -62.03423326, 6.65445779 ], [ -62.03317443, 6.65468189 ], [ -62.03204366, 6.65472492 ], [ -62.0305443, 6.65360947 ], [ -62.02870932, 6.65292747 ], [ -62.02649225, 6.65340249 ], [ -62.02509747, 6.65426808 ], [ -62.02390288, 6.65456418 ], [ -62.02208471, 6.65456059 ], [ -62.0206992, 6.65533573 ], [ -62.01957299, 6.65763987 ], [ -62.01853811, 6.65951912 ], [ -62.01753928, 6.66140744 ], [ -62.0166571, 6.66380256 ], [ -62.01618412, 6.665104 ], [ -62.01580057, 6.66693936 ], [ -62.01596119, 6.66805216 ], [ -62.01474564, 6.66976817 ], [ -62.01294427, 6.67039771 ], [ -62.01108995, 6.67033975 ], [ -62.00928845, 6.67103264 ], [ -62.00830899, 6.67227878 ], [ -62.00772862, 6.6730102 ], [ -62.00708479, 6.67377774 ], [ -62.00613216, 6.67519587 ], [ -62.00493687, 6.67577231 ], [ -62.00333512, 6.67609463 ], [ -62.00231088, 6.67710555 ], [ -62.00097878, 6.67826962 ], [ -61.99996499, 6.67860225 ], [ -61.99917875, 6.67820267 ], [ -61.99861852, 6.67791214 ], [ -61.99806683, 6.67782966 ], [ -61.99767784, 6.67784693 ], [ -61.99732515, 6.67778292 ], [ -61.99680057, 6.67776376 ], [ -61.99651096, 6.6778084 ], [ -61.99612156, 6.6780337 ], [ -61.99564136, 6.67842165 ], [ -61.9954327, 6.6787287 ], [ -61.9951784, 6.67919849 ], [ -61.99501493, 6.67950574 ], [ -61.99486958, 6.67982192 ], [ -61.99454322, 6.68015594 ], [ -61.99406327, 6.68040828 ], [ -61.99350212, 6.68058799 ], [ -61.99281427, 6.68072221 ], [ -61.99211747, 6.68087453 ], [ -61.99160164, 6.68095497 ], [ -61.99088696, 6.68097158 ], [ -61.99032627, 6.68092521 ], [ -61.98948503, 6.68088725 ], [ -61.98886098, 6.68082265 ], [ -61.98790252, 6.68062176 ], [ -61.98704353, 6.6804572 ], [ -61.98631091, 6.68039242 ], [ -61.98567792, 6.68027345 ], [ -61.98477375, 6.68004552 ], [ -61.9838066, 6.67969982 ], [ -61.9826587, 6.67925427 ], [ -61.98190851, 6.67895431 ], [ -61.98129375, 6.67874495 ], [ -61.98084172, 6.67862646 ], [ -61.98012757, 6.67840794 ], [ -61.97953986, 6.67828919 ], [ -61.97877123, 6.67814281 ], [ -61.97817441, 6.67803304 ], [ -61.97745111, 6.67786881 ], [ -61.9768998, 6.6776053 ], [ -61.97614968, 6.6772782 ], [ -61.97555327, 6.6770056 ], [ -61.97496574, 6.67676924 ], [ -61.9744321, 6.67671389 ], [ -61.97411546, 6.67675844 ], [ -61.97376268, 6.67676675 ], [ -61.97334637, 6.67683824 ], [ -61.97292112, 6.67689162 ], [ -61.97236001, 6.67701703 ], [ -61.9716448, 6.677296 ], [ -61.97100193, 6.67759306 ], [ -61.97033186, 6.67789921 ], [ -61.96969796, 6.67822344 ], [ -61.96903709, 6.67848441 ], [ -61.96835815, 6.67873619 ], [ -61.96761591, 6.67896079 ], [ -61.96690984, 6.67919443 ], [ -61.96621258, 6.67952767 ], [ -61.96537972, 6.67984253 ], [ -61.96478199, 6.68017586 ], [ -61.96422056, 6.68046413 ], [ -61.96377682, 6.68066215 ], [ -61.96314313, 6.68092316 ], [ -61.96264488, 6.68125668 ], [ -61.96214651, 6.68164459 ], [ -61.96182037, 6.68190615 ], [ -61.9615575, 6.68214986 ], [ -61.9614303, 6.68239372 ], [ -61.96129368, 6.68284568 ], [ -61.96144681, 6.68316261 ], [ -61.96169065, 6.68335303 ], [ -61.96204277, 6.68365226 ], [ -61.96262992, 6.68406955 ], [ -61.96323493, 6.68458636 ], [ -61.96375826, 6.68521153 ], [ -61.96424553, 6.68580042 ], [ -61.96469643, 6.68645254 ], [ -61.96502106, 6.68695971 ], [ -61.96521895, 6.68749376 ], [ -61.9655162, 6.68807323 ], [ -61.96569616, 6.68856203 ], [ -61.96577651, 6.68905059 ], [ -61.96584785, 6.68953917 ], [ -61.96591008, 6.69006387 ], [ -61.96601804, 6.69034441 ], [ -61.96612564, 6.690824 ], [ -61.96619724, 6.69117692 ], [ -61.9661564, 6.69340179 ], [ -61.96611706, 6.69490308 ], [ -61.96618789, 6.69564484 ], [ -61.96633117, 6.69632354 ], [ -61.96641099, 6.69707436 ], [ -61.96641009, 6.69749949 ], [ -61.96631889, 6.69787014 ], [ -61.96600103, 6.69844829 ], [ -61.96571984, 6.69880944 ], [ -61.96533932, 6.6990981 ], [ -61.96488652, 6.69929609 ], [ -61.96452467, 6.69932246 ], [ -61.96292345, 6.69931911 ], [ -61.96241659, 6.69944473 ], [ -61.96173768, 6.69966031 ], [ -61.96110415, 6.69981273 ], [ -61.96063364, 6.69986608 ], [ -61.96052141, 6.69985388 ], [ -61.96020854, 6.69981987 ], [ -61.9594762, 6.6996013 ], [ -61.9588164, 6.69935572 ], [ -61.95846392, 6.6992102 ], [ -61.95782157, 6.69925407 ], [ -61.95740492, 6.69947933 ], [ -61.95685203, 6.69998469 ], [ -61.956353, 6.70067097 ], [ -61.95589029, 6.70133925 ], [ -61.95540966, 6.70186282 ], [ -61.95501084, 6.70225089 ], [ -61.95466647, 6.7025125 ], [ -61.9542682, 6.70264732 ], [ -61.95385207, 6.70262833 ], [ -61.9535085, 6.70254623 ], [ -61.95311112, 6.70223782 ], [ -61.95256046, 6.70169398 ], [ -61.95207305, 6.7011955 ], [ -61.95167543, 6.70098667 ], [ -61.95125969, 6.70081387 ], [ -61.95087996, 6.70069551 ], [ -61.94954119, 6.70068361 ], [ -61.94865432, 6.70084447 ], [ -61.94755891, 6.70121299 ], [ -61.94669914, 6.70140105 ], [ -61.94609282, 6.70149932 ], [ -61.94549573, 6.70150708 ], [ -61.94482647, 6.70142425 ], [ -61.94383192, 6.70117786 ], [ -61.94264808, 6.70062364 ], [ -61.94193412, 6.70030552 ], [ -61.94146408, 6.70012362 ], [ -61.94107538, 6.69997814 ], [ -61.94080407, 6.69994138 ], [ -61.94046937, 6.69994063 ], [ -61.94015273, 6.69994902 ], [ -61.93987216, 6.7000298 ], [ -61.9394373, 6.70031821 ], [ -61.93864876, 6.70104014 ], [ -61.9375245, 6.70218634 ], [ -61.93691735, 6.70270054 ], [ -61.93631912, 6.70323288 ], [ -61.93569348, 6.70387367 ], [ -61.9353671, 6.70423475 ], [ -61.93524887, 6.7045058 ], [ -61.93522984, 6.70495798 ], [ -61.93547314, 6.70539265 ], [ -61.93559863, 6.70593558 ], [ -61.93573237, 6.7068313 ], [ -61.93566843, 6.70711148 ], [ -61.93549603, 6.7073644 ], [ -61.93514241, 6.70770727 ], [ -61.93487952, 6.70798712 ], [ -61.93479727, 6.70835778 ], [ -61.93473307, 6.70875552 ], [ -61.93466002, 6.70907196 ], [ -61.93448743, 6.70940626 ], [ -61.9339075, 6.70984819 ], [ -61.93328279, 6.71010003 ], [ -61.93280297, 6.71024368 ], [ -61.93239573, 6.71030612 ], [ -61.93194346, 6.71030511 ], [ -61.93138271, 6.71023158 ], [ -61.93085834, 6.71010383 ], [ -61.93041552, 6.70989486 ], [ -61.92988284, 6.70939627 ], [ -61.92941349, 6.70891588 ], [ -61.92887157, 6.70851673 ], [ -61.92835666, 6.70818996 ], [ -61.92791377, 6.70801721 ], [ -61.92762429, 6.70800753 ], [ -61.92734375, 6.70806117 ], [ -61.92696332, 6.70829556 ], [ -61.92668213, 6.70862046 ], [ -61.92637357, 6.709063 ], [ -61.9260469, 6.70955068 ], [ -61.9256478, 6.71002915 ], [ -61.92516743, 6.71044418 ], [ -61.92487741, 6.71067863 ], [ -61.92448745, 6.71109384 ], [ -61.92429692, 6.71138282 ], [ -61.92418763, 6.7117263 ], [ -61.92400586, 6.7120877 ], [ -61.92369752, 6.71243971 ], [ -61.92319012, 6.71280038 ], [ -61.92278223, 6.71317034 ], [ -61.92247379, 6.7135586 ], [ -61.9222833, 6.71377521 ], [ -61.9217397, 6.71415391 ], [ -61.9214772, 6.71425278 ], [ -61.92082587, 6.71422425 ], [ -61.92050952, 6.71411502 ], [ -61.92019318, 6.71398763 ], [ -61.91990376, 6.7139418 ], [ -61.91955092, 6.71397718 ], [ -61.91891737, 6.71411152 ], [ -61.9176953, 6.71447053 ], [ -61.91690745, 6.71484868 ], [ -61.91646341, 6.71516429 ], [ -61.91611865, 6.71561577 ], [ -61.91604563, 6.7159321 ], [ -61.91608028, 6.71661952 ], [ -61.9161518, 6.71699054 ], [ -61.91638567, 6.717597 ], [ -61.9167645, 6.71814051 ], [ -61.91715198, 6.71881068 ], [ -61.91735871, 6.7194171 ], [ -61.91745727, 6.71985148 ], [ -61.91752856, 6.72033091 ], [ -61.91745945, 6.7229536 ], [ -61.91753993, 6.72339698 ], [ -61.91767473, 6.72380429 ], [ -61.91760096, 6.72852526 ], [ -61.91741785, 6.72952878 ], [ -61.91704497, 6.73041436 ], [ -61.91672664, 6.73115524 ], [ -61.91626396, 6.7317602 ], [ -61.91577439, 6.73222038 ], [ -61.91524902, 6.73252676 ], [ -61.91493221, 6.73258936 ], [ -61.91443468, 6.73258825 ], [ -61.91375633, 6.73253249 ], [ -61.91275232, 6.73243072 ], [ -61.91235425, 6.73242981 ], [ -61.91191987, 6.73248311 ], [ -61.91154859, 6.73264514 ], [ -61.91106844, 6.73296058 ], [ -61.910887, 6.73320442 ], [ -61.91077785, 6.73346641 ], [ -61.91072287, 6.73377385 ], [ -61.91045088, 6.73403549 ], [ -61.91007968, 6.73417038 ], [ -61.90987119, 6.73435079 ], [ -61.90969874, 6.73461271 ], [ -61.90961631, 6.73503756 ], [ -61.90951603, 6.73539008 ], [ -61.90915313, 6.73587768 ], [ -61.90888109, 6.73615741 ], [ -61.9087537, 6.73648274 ], [ -61.90870649, 6.73737806 ], [ -61.90860639, 6.73764007 ], [ -61.90833444, 6.73787464 ], [ -61.9079812, 6.7380457 ], [ -61.90761915, 6.73811722 ], [ -61.90713975, 6.73808901 ], [ -61.90674211, 6.73789824 ], [ -61.90607407, 6.73728175 ], [ -61.90536998, 6.73657466 ], [ -61.90464739, 6.73603943 ], [ -61.90407824, 6.73571263 ], [ -61.90368943, 6.7356122 ], [ -61.90320991, 6.73562921 ], [ -61.902676, 6.73569138 ], [ -61.90218739, 6.73574455 ], [ -61.90178885, 6.7359607 ], [ -61.90127244, 6.73629419 ], [ -61.90085568, 6.73653742 ], [ -61.90040279, 6.73679872 ], [ -61.89975947, 6.73724951 ], [ -61.89901623, 6.73787189 ], [ -61.89790102, 6.73894562 ], [ -61.89765634, 6.739135 ], [ -61.89715773, 6.73958609 ], [ -61.89673174, 6.73995598 ], [ -61.89613324, 6.74057866 ], [ -61.89516298, 6.7415623 ], [ -61.89434716, 6.74227493 ], [ -61.89327787, 6.74306846 ], [ -61.89213637, 6.74376224 ], [ -61.89138463, 6.74414946 ], [ -61.89041527, 6.74471705 ], [ -61.88939199, 6.74516695 ], [ -61.88844146, 6.74542702 ], [ -61.8874821, 6.74558764 ], [ -61.88651385, 6.74570306 ], [ -61.88530121, 6.74584499 ], [ -61.88457732, 6.74592472 ], [ -61.88422443, 6.74594201 ], [ -61.88383524, 6.74602248 ], [ -61.88319223, 6.74631951 ], [ -61.8822499, 6.74695949 ], [ -61.88178753, 6.74737449 ], [ -61.88144267, 6.74784399 ], [ -61.88129673, 6.74836824 ], [ -61.88118721, 6.74880214 ], [ -61.88096901, 6.74924472 ], [ -61.88069664, 6.74966917 ], [ -61.88037918, 6.75003929 ], [ -61.88014301, 6.75044579 ], [ -61.88017813, 6.75090713 ], [ -61.880286, 6.75120578 ], [ -61.88054755, 6.75156816 ], [ -61.88116171, 6.75201276 ], [ -61.88168546, 6.75242992 ], [ -61.88192917, 6.75269281 ], [ -61.8818908, 6.75364239 ], [ -61.88178067, 6.75430233 ], [ -61.88146187, 6.75526032 ], [ -61.88119741, 6.75616405 ], [ -61.88110569, 6.75672468 ], [ -61.88107473, 6.75837969 ], [ -61.88095595, 6.75888588 ], [ -61.88087376, 6.75922028 ], [ -61.88085429, 6.7598081 ], [ -61.88103396, 6.76038735 ], [ -61.88112333, 6.76084881 ], [ -61.8812582, 6.7612109 ], [ -61.88131029, 6.76218784 ], [ -61.88116144, 6.7639782 ], [ -61.88082347, 6.76537932 ], [ -61.88071349, 6.76599406 ], [ -61.88071213, 6.76659095 ], [ -61.88099057, 6.76745084 ], [ -61.88160214, 6.76903497 ], [ -61.88182619, 6.76997612 ], [ -61.88189707, 6.77062742 ], [ -61.88191269, 6.77172181 ], [ -61.88179352, 6.77237271 ], [ -61.88135704, 6.77333945 ], [ -61.88085691, 6.77442359 ], [ -61.88055624, 6.77536351 ], [ -61.88040961, 6.77614998 ], [ -61.8800911, 6.77696327 ], [ -61.87995368, 6.77770454 ], [ -61.87991507, 6.77876263 ], [ -61.87965871, 6.78006444 ], [ -61.87929558, 6.78062435 ], [ -61.8786973, 6.7810933 ], [ -61.87800897, 6.78142626 ], [ -61.87737488, 6.78175045 ], [ -61.87673152, 6.78216502 ], [ -61.87605219, 6.78249801 ], [ -61.87511946, 6.7828486 ], [ -61.87406873, 6.78337076 ], [ -61.87313543, 6.78399262 ], [ -61.8725458, 6.78463335 ], [ -61.87201909, 6.78550042 ], [ -61.87170013, 6.78648551 ], [ -61.87146237, 6.78757026 ], [ -61.87119686, 6.78890823 ], [ -61.87096824, 6.78994767 ], [ -61.87040436, 6.7912307 ], [ -61.86955876, 6.79300136 ], [ -61.8687319, 6.79450077 ], [ -61.86827752, 6.79535896 ], [ -61.86814089, 6.79574746 ], [ -61.86792281, 6.79616302 ], [ -61.8676231, 6.7966507 ], [ -61.86718772, 6.79711095 ], [ -61.86667992, 6.79758004 ], [ -61.86629011, 6.79789573 ], [ -61.86575563, 6.79820192 ], [ -61.86519397, 6.79848103 ], [ -61.8647772, 6.79874229 ], [ -61.86423311, 6.79926558 ], [ -61.86376129, 6.79983424 ], [ -61.86342499, 6.80047559 ], [ -61.86320643, 6.80106302 ], [ -61.86305126, 6.80165052 ], [ -61.86300468, 6.80222921 ], [ -61.86290425, 6.8026179 ], [ -61.86269478, 6.80317814 ], [ -61.86218563, 6.80422609 ], [ -61.86166774, 6.80515634 ], [ -61.86093272, 6.80608618 ], [ -61.85995322, 6.80706067 ], [ -61.85864721, 6.80835989 ], [ -61.85795827, 6.80892805 ], [ -61.8574509, 6.80920724 ], [ -61.85711587, 6.80931499 ], [ -61.85667248, 6.80933203 ], [ -61.85620223, 6.80922239 ], [ -61.85561476, 6.80893166 ], [ -61.85498247, 6.80850507 ], [ -61.85448542, 6.80824157 ], [ -61.85406053, 6.80808682 ], [ -61.8532644, 6.80806686 ], [ -61.85283037, 6.80793922 ], [ -61.85239682, 6.80761258 ], [ -61.85214453, 6.80718689 ], [ -61.85203713, 6.80670732 ], [ -61.85186639, 6.80617328 ], [ -61.85158753, 6.80550338 ], [ -61.85116367, 6.80492359 ], [ -61.85069454, 6.80435271 ], [ -61.85021592, 6.80398073 ], [ -61.84970993, 6.80368112 ], [ -61.8492398, 6.80353521 ], [ -61.8489051, 6.80349826 ], [ -61.84851594, 6.80352446 ], [ -61.84799097, 6.80362271 ], [ -61.84747449, 6.80391995 ], [ -61.84691234, 6.80443412 ], [ -61.84642205, 6.80512932 ], [ -61.84588513, 6.80644856 ], [ -61.84550216, 6.80765951 ], [ -61.84521002, 6.80877123 ], [ -61.84515423, 6.80939512 ], [ -61.84510657, 6.810417 ], [ -61.84520506, 6.8108604 ], [ -61.84551122, 6.8114671 ], [ -61.8458722, 6.81187494 ], [ -61.84622433, 6.81216524 ], [ -61.84680284, 6.81240171 ], [ -61.84760723, 6.81277447 ], [ -61.84833005, 6.81320126 ], [ -61.84892566, 6.81386291 ], [ -61.84931329, 6.81447878 ], [ -61.84959148, 6.81543815 ], [ -61.84993279, 6.81648809 ], [ -61.85015703, 6.81732967 ], [ -61.85021915, 6.81784533 ], [ -61.8502889, 6.81894896 ], [ -61.85035956, 6.81967263 ], [ -61.85027702, 6.8201156 ], [ -61.84990385, 6.82103715 ], [ -61.84926725, 6.82241941 ], [ -61.84841331, 6.82384637 ], [ -61.84759641, 6.82492972 ], [ -61.84720594, 6.82548952 ], [ -61.84694259, 6.82587779 ], [ -61.84686004, 6.82635695 ], [ -61.84679576, 6.82675467 ], [ -61.84661414, 6.82703463 ], [ -61.84630572, 6.82735944 ], [ -61.84616922, 6.82768473 ], [ -61.84580564, 6.82837118 ], [ -61.84530625, 6.82908455 ], [ -61.84478041, 6.82952646 ], [ -61.84405498, 6.83016682 ], [ -61.84347496, 6.83055437 ], [ -61.84282276, 6.8308693 ], [ -61.84229758, 6.83100364 ], [ -61.84175467, 6.8310114 ], [ -61.84103087, 6.8309916 ], [ -61.84042522, 6.83074599 ], [ -61.83999125, 6.83059121 ], [ -61.83965674, 6.83047276 ], [ -61.83930406, 6.83039956 ], [ -61.83761188, 6.83045879 ], [ -61.83705953, 6.83061129 ], [ -61.83637971, 6.83111613 ], [ -61.83519174, 6.83220758 ], [ -61.83443885, 6.8329835 ], [ -61.83397636, 6.83339845 ], [ -61.83352319, 6.83372297 ], [ -61.83306131, 6.8338846 ], [ -61.83252705, 6.83407322 ], [ -61.83209227, 6.8342531 ], [ -61.83179316, 6.83446037 ], [ -61.83161128, 6.83484884 ], [ -61.8313474, 6.83545412 ], [ -61.8311649, 6.8360958 ], [ -61.83101855, 6.83671946 ], [ -61.8310139, 6.83863683 ], [ -61.83111235, 6.83908927 ], [ -61.83112057, 6.83941484 ], [ -61.8310927, 6.83974038 ], [ -61.83094732, 6.83996609 ], [ -61.8306661, 6.840282 ], [ -61.83047545, 6.84052567 ], [ -61.83040177, 6.84105909 ], [ -61.83005685, 6.84150142 ], [ -61.82971252, 6.84170866 ], [ -61.829178, 6.84196961 ], [ -61.82883385, 6.84210438 ], [ -61.82845312, 6.84240197 ], [ -61.82813515, 6.84289862 ], [ -61.82803445, 6.84338676 ], [ -61.82791145, 6.84560221 ], [ -61.82797157, 6.84692284 ], [ -61.82810499, 6.8478727 ], [ -61.8282661, 6.84860572 ], [ -61.82847289, 6.84914888 ], [ -61.82888775, 6.84970156 ], [ -61.82937525, 6.85019114 ], [ -61.83036852, 6.85102554 ], [ -61.83103688, 6.85154269 ], [ -61.83157851, 6.85207758 ], [ -61.83210172, 6.85273009 ], [ -61.83262465, 6.85352719 ], [ -61.83308466, 6.85414328 ], [ -61.83364334, 6.8550943 ], [ -61.8344455, 6.85641672 ], [ -61.83485968, 6.8572497 ], [ -61.83508449, 6.85784715 ], [ -61.83513788, 6.85822717 ], [ -61.83510983, 6.85858888 ], [ -61.83498223, 6.85895931 ], [ -61.8349002, 6.85922144 ], [ -61.83493538, 6.85963758 ], [ -61.83510669, 6.85988211 ], [ -61.83535049, 6.86009983 ], [ -61.8356126, 6.86023609 ], [ -61.83620927, 6.86044552 ], [ -61.83670646, 6.86066385 ], [ -61.83708602, 6.86084561 ], [ -61.83751028, 6.8612898 ], [ -61.83702173, 6.8612434 ], [ -61.83656066, 6.86107942 ], [ -61.83624424, 6.86094304 ], [ -61.83579191, 6.86090576 ], [ -61.83545659, 6.86111293 ], [ -61.83542862, 6.86144754 ], [ -61.83581623, 6.86207251 ], [ -61.83613189, 6.86249835 ], [ -61.83637523, 6.86289688 ], [ -61.83648304, 6.86324981 ], [ -61.836509, 6.86371112 ], [ -61.83644501, 6.86400948 ], [ -61.83627257, 6.86422607 ], [ -61.83588257, 6.86456883 ], [ -61.83518489, 6.86493796 ], [ -61.8345689, 6.86520775 ], [ -61.83393498, 6.86543237 ], [ -61.83289288, 6.86603577 ], [ -61.83248528, 6.86619756 ], [ -61.83186976, 6.86628647 ], [ -61.83118188, 6.86633004 ], [ -61.83044855, 6.86649111 ], [ -61.82958811, 6.86679645 ], [ -61.82870061, 6.86709278 ], [ -61.8273696, 6.8674241 ], [ -61.82641896, 6.86761176 ], [ -61.82563157, 6.86766407 ], [ -61.82457298, 6.86761628 ], [ -61.82376754, 6.86764143 ], [ -61.82253635, 6.86786449 ], [ -61.82190255, 6.86800768 ], [ -61.82042751, 6.86803122 ], [ -61.81959453, 6.86822811 ], [ -61.81919619, 6.86830851 ], [ -61.81852608, 6.86848769 ], [ -61.81791933, 6.86867619 ], [ -61.81730389, 6.86873798 ], [ -61.8167609, 6.86874568 ], [ -61.81618196, 6.86867192 ], [ -61.8154135, 6.86838961 ], [ -61.81456419, 6.86787201 ], [ -61.81400405, 6.86748181 ], [ -61.81358873, 6.86711897 ], [ -61.81320045, 6.86680145 ], [ -61.81273973, 6.8664748 ], [ -61.81197166, 6.86602973 ], [ -61.81095069, 6.86541221 ], [ -61.80959526, 6.86464006 ], [ -61.80828466, 6.86403092 ], [ -61.8071637, 6.863594 ], [ -61.8057533, 6.8631021 ], [ -61.80460476, 6.86282799 ], [ -61.80382705, 6.86262701 ], [ -61.80323908, 6.86256226 ], [ -61.80232515, 6.86255998 ], [ -61.8012389, 6.86272916 ], [ -61.79934692, 6.86303189 ], [ -61.79871303, 6.86322028 ], [ -61.79826918, 6.86339098 ], [ -61.79784305, 6.86372459 ], [ -61.79744384, 6.86415761 ], [ -61.79717128, 6.8646001 ], [ -61.79703469, 6.86495251 ], [ -61.79699757, 6.86528706 ], [ -61.79710522, 6.86568519 ], [ -61.79724006, 6.86604733 ], [ -61.79773608, 6.86669067 ], [ -61.79881949, 6.86768823 ], [ -61.79961404, 6.86838654 ], [ -61.80004697, 6.86895739 ], [ -61.80030812, 6.8694645 ], [ -61.80038862, 6.86982651 ], [ -61.80027776, 6.8707397 ], [ -61.80015821, 6.87149905 ], [ -61.80004892, 6.87177917 ], [ -61.79975742, 6.8725652 ], [ -61.79940234, 6.87342355 ], [ -61.79906641, 6.8738568 ], [ -61.79861205, 6.87463343 ], [ -61.7979942, 6.87564479 ], [ -61.79723135, 6.87671005 ], [ -61.79667742, 6.87748649 ], [ -61.79612392, 6.8781001 ], [ -61.79538974, 6.87857757 ], [ -61.79465573, 6.8789736 ], [ -61.7940489, 6.87918012 ], [ -61.79223912, 6.87917559 ], [ -61.79174155, 6.87912912 ], [ -61.79090954, 6.8789099 ], [ -61.79018639, 6.87860967 ], [ -61.78945442, 6.87820987 ], [ -61.78862312, 6.87773751 ], [ -61.78784596, 6.87731948 ], [ -61.78706896, 6.87684725 ], [ -61.78635572, 6.87620334 ], [ -61.7855161, 6.87543254 ], [ -61.78492945, 6.87480704 ], [ -61.78448756, 6.87420893 ], [ -61.78419035, 6.87364746 ], [ -61.78391251, 6.87260673 ], [ -61.78363583, 6.8711048 ], [ -61.78335841, 6.86989215 ], [ -61.78307075, 6.86912277 ], [ -61.78262922, 6.86838901 ], [ -61.78234082, 6.8679181 ], [ -61.7820345, 6.86740182 ], [ -61.78153092, 6.8661524 ], [ -61.78095546, 6.8647221 ], [ -61.78055995, 6.86367199 ], [ -61.78020072, 6.86262199 ], [ -61.78008407, 6.8622147 ], [ -61.77992243, 6.8617169 ], [ -61.77988709, 6.86139117 ], [ -61.77996019, 6.86111105 ], [ -61.7801872, 6.86080412 ], [ -61.78033264, 6.86054223 ], [ -61.78040677, 6.85988215 ], [ -61.78029008, 6.85948398 ], [ -61.78037268, 6.85902297 ], [ -61.78072704, 6.85846315 ], [ -61.78114449, 6.85797581 ], [ -61.78148015, 6.857633 ], [ -61.78162566, 6.85733497 ], [ -61.7818715, 6.85675668 ], [ -61.78197183, 6.8564495 ], [ -61.78218985, 6.85609731 ], [ -61.78250751, 6.85570921 ], [ -61.78278901, 6.85533919 ], [ -61.7829798, 6.85501406 ], [ -61.78321628, 6.85454436 ], [ -61.78347052, 6.85421045 ], [ -61.78447702, 6.85335375 ], [ -61.78544734, 6.8525332 ], [ -61.78631773, 6.85185712 ], [ -61.78724233, 6.85119925 ], [ -61.78819415, 6.85050531 ], [ -61.78871117, 6.85000015 ], [ -61.78900198, 6.84952154 ], [ -61.7892024, 6.84897944 ], [ -61.78936653, 6.84849146 ], [ -61.78946727, 6.84801237 ], [ -61.78953169, 6.84756031 ], [ -61.78954334, 6.84653837 ], [ -61.78947235, 6.84599558 ], [ -61.78922148, 6.84499107 ], [ -61.78879857, 6.84403134 ], [ -61.78832088, 6.84328857 ], [ -61.7878971, 6.84270869 ], [ -61.78751786, 6.84237308 ], [ -61.78707553, 6.84196498 ], [ -61.7866245, 6.84143028 ], [ -61.78624567, 6.84094997 ], [ -61.78590278, 6.84057835 ], [ -61.7854058, 6.84030577 ], [ -61.78461921, 6.84007771 ], [ -61.78407628, 6.84007636 ], [ -61.7835877, 6.840048 ], [ -61.78315363, 6.83995646 ], [ -61.78207801, 6.83950157 ], [ -61.78139136, 6.83910186 ], [ -61.78075962, 6.83844914 ], [ -61.78027253, 6.83786005 ], [ -61.77993896, 6.83737987 ], [ -61.77954217, 6.8368453 ], [ -61.7790558, 6.83596677 ], [ -61.77859665, 6.83505214 ], [ -61.77825529, 6.83407452 ], [ -61.77786048, 6.83276222 ], [ -61.7774027, 6.83134113 ], [ -61.7769989, 6.83001071 ], [ -61.77649566, 6.82864379 ], [ -61.77595572, 6.82748481 ], [ -61.77551435, 6.82667875 ], [ -61.77524395, 6.82626213 ], [ -61.77500125, 6.82564654 ], [ -61.77484061, 6.82475078 ], [ -61.774626, 6.82376443 ], [ -61.77434793, 6.82282315 ], [ -61.77419519, 6.82237961 ], [ -61.77398918, 6.82157421 ], [ -61.77374705, 6.82071441 ], [ -61.77361262, 6.8202076 ], [ -61.77338796, 6.81960112 ], [ -61.77312663, 6.81916631 ], [ -61.77269365, 6.81864971 ], [ -61.77189946, 6.81786094 ], [ -61.77135778, 6.81739831 ], [ -61.77076216, 6.81678184 ], [ -61.77020279, 6.81617449 ], [ -61.76958894, 6.81560315 ], [ -61.7690468, 6.81531236 ], [ -61.76825155, 6.81494855 ], [ -61.76747434, 6.81459391 ], [ -61.76648039, 6.81406684 ], [ -61.76584816, 6.81365823 ], [ -61.76515231, 6.81332179 ], [ -61.76396806, 6.81292083 ], [ -61.76235001, 6.81232888 ], [ -61.76088549, 6.81186397 ], [ -61.76001755, 6.81160847 ], [ -61.75933935, 6.81146204 ], [ -61.75845291, 6.81136935 ], [ -61.75761199, 6.81116817 ], [ -61.75698795, 6.81105806 ], [ -61.75649046, 6.81102061 ], [ -61.75597468, 6.81102832 ], [ -61.75537713, 6.81119861 ], [ -61.75455288, 6.81153116 ], [ -61.75363791, 6.81198098 ], [ -61.75247796, 6.81271053 ], [ -61.7516084, 6.81309717 ], [ -61.7509291, 6.81335765 ], [ -61.75027721, 6.81353692 ], [ -61.74927251, 6.81370613 ], [ -61.74843963, 6.81389383 ], [ -61.74762485, 6.81408173 ], [ -61.74664698, 6.81435046 ], [ -61.74598576, 6.81462912 ], [ -61.74527092, 6.81464535 ], [ -61.74452946, 6.81447165 ], [ -61.74363434, 6.81425222 ], [ -61.74244976, 6.81400499 ], [ -61.74136464, 6.81376701 ], [ -61.74049679, 6.81348441 ], [ -61.73960191, 6.81316555 ], [ -61.73922262, 6.8128752 ], [ -61.73889798, 6.81248545 ], [ -61.73877304, 6.8118159 ], [ -61.73876542, 6.81127319 ], [ -61.73877606, 6.8106492 ], [ -61.7388044, 6.81020611 ], [ -61.73881429, 6.80987158 ], [ -61.73879692, 6.80957305 ], [ -61.73857196, 6.80912025 ], [ -61.73785899, 6.80844016 ], [ -61.73729921, 6.80797747 ], [ -61.73631445, 6.80743227 ], [ -61.73515779, 6.80689568 ], [ -61.73372121, 6.80612325 ], [ -61.73255596, 6.80542376 ], [ -61.73104684, 6.80472346 ], [ -61.73056797, 6.80447809 ], [ -61.73022437, 6.80440484 ], [ -61.72969975, 6.8043401 ], [ -61.72918441, 6.80420309 ], [ -61.72847027, 6.80398422 ], [ -61.72751258, 6.80344813 ], [ -61.72650083, 6.80285764 ], [ -61.72492035, 6.80180441 ], [ -61.72434721, 6.80135063 ], [ -61.72372853, 6.80086071 ], [ -61.72303357, 6.80022585 ], [ -61.72265496, 6.79968224 ], [ -61.72238486, 6.79919314 ], [ -61.72215041, 6.79889405 ], [ -61.72174486, 6.79828707 ], [ -61.72104161, 6.79736274 ], [ -61.72060918, 6.79668334 ], [ -61.72029443, 6.79595 ], [ -61.7199618, 6.79513516 ], [ -61.7195306, 6.79399452 ], [ -61.71938784, 6.79322541 ], [ -61.71928149, 6.79239316 ], [ -61.71914848, 6.79137086 ], [ -61.71916829, 6.79073785 ], [ -61.71923279, 6.79026774 ], [ -61.7193604, 6.78991535 ], [ -61.71985955, 6.78932886 ], [ -61.72008662, 6.78900382 ], [ -61.72012368, 6.78866939 ], [ -61.7200522, 6.78832548 ], [ -61.719881, 6.78803571 ], [ -61.71980189, 6.7871763 ], [ -61.71983906, 6.78680557 ], [ -61.72003925, 6.78637201 ], [ -61.72044833, 6.78563151 ], [ -61.72063938, 6.78522506 ], [ -61.72073064, 6.78490881 ], [ -61.72081293, 6.78460151 ], [ -61.72079566, 6.78427583 ], [ -61.72072469, 6.78374207 ], [ -61.72060818, 6.78334393 ], [ -61.72050958, 6.78299093 ], [ -61.72017616, 6.78248361 ], [ -61.72001502, 6.78182302 ], [ -61.71979086, 6.78105364 ], [ -61.71961181, 6.78034781 ], [ -61.71951514, 6.7792623 ], [ -61.7194629, 6.77848436 ], [ -61.7193739, 6.77794153 ], [ -61.71919469, 6.77726279 ], [ -61.71894373, 6.77638496 ], [ -61.71878235, 6.77582373 ], [ -61.71871158, 6.77521764 ], [ -61.71865057, 6.77433126 ], [ -61.7185714, 6.77348994 ], [ -61.71842812, 6.77291984 ], [ -61.71800484, 6.77220428 ], [ -61.71769824, 6.77182361 ], [ -61.71712962, 6.77131568 ], [ -61.71610106, 6.77024581 ], [ -61.7154425, 6.76955677 ], [ -61.71509983, 6.76914889 ], [ -61.71472097, 6.76870474 ], [ -61.71436074, 6.76810694 ], [ -61.71408178, 6.76751838 ], [ -61.71386666, 6.76677616 ], [ -61.713733, 6.7659981 ], [ -61.71364564, 6.76481315 ], [ -61.71356711, 6.7637277 ], [ -61.71349725, 6.76278698 ], [ -61.71329218, 6.761656 ], [ -61.71312228, 6.7608687 ], [ -61.71280799, 6.75999058 ], [ -61.71234922, 6.75899466 ], [ -61.71188978, 6.75828798 ], [ -61.71149312, 6.75775335 ], [ -61.71111458, 6.75722782 ], [ -61.71097053, 6.7569652 ], [ -61.71083564, 6.75665735 ], [ -61.71067347, 6.75640375 ], [ -61.71016835, 6.7558417 ], [ -61.70991571, 6.75557873 ], [ -61.70975359, 6.755298 ], [ -61.70960978, 6.75496294 ], [ -61.70941195, 6.75451025 ], [ -61.70926807, 6.75418435 ], [ -61.70905199, 6.75381294 ], [ -61.70847443, 6.75324168 ], [ -61.70811324, 6.75301458 ], [ -61.70735362, 6.75289503 ], [ -61.70661215, 6.75276646 ], [ -61.70572636, 6.7524747 ], [ -61.70466923, 6.7520016 ], [ -61.70381133, 6.75141148 ], [ -61.70331498, 6.75097606 ], [ -61.70295374, 6.75074002 ], [ -61.70267361, 6.75063078 ], [ -61.70232092, 6.75057557 ], [ -61.70187797, 6.75045675 ], [ -61.70129969, 6.75019301 ], [ -61.7007849, 6.7498841 ], [ -61.7002341, 6.7494848 ], [ -61.69970136, 6.74913067 ], [ -61.69927687, 6.74885816 ], [ -61.69859974, 6.74835 ], [ -61.69812134, 6.74795982 ], [ -61.69777841, 6.74765139 ], [ -61.69730954, 6.7470804 ], [ -61.6967774, 6.74646405 ], [ -61.69656147, 6.7460384 ], [ -61.69641774, 6.74564913 ], [ -61.69636439, 6.7453144 ], [ -61.69645995, 6.74337929 ], [ -61.69648818, 6.74298143 ], [ -61.6965442, 6.74233952 ], [ -61.69661472, 6.73963567 ], [ -61.69655255, 6.73921045 ], [ -61.69643658, 6.7385771 ], [ -61.69613092, 6.73786187 ], [ -61.69565361, 6.73706469 ], [ -61.69542885, 6.73653958 ], [ -61.69524077, 6.73584275 ], [ -61.69504398, 6.73501016 ], [ -61.69484699, 6.73425001 ], [ -61.69450514, 6.73353462 ], [ -61.69424402, 6.73308179 ], [ -61.69394682, 6.73257457 ], [ -61.69368589, 6.73204029 ], [ -61.69320834, 6.73134258 ], [ -61.69247869, 6.7302102 ], [ -61.6915952, 6.72905029 ], [ -61.69122569, 6.72854287 ], [ -61.6910364, 6.72830727 ], [ -61.69019743, 6.72743679 ], [ -61.68951139, 6.72691042 ], [ -61.68862689, 6.7261393 ], [ -61.68785062, 6.72551324 ], [ -61.68711957, 6.72491442 ], [ -61.68630668, 6.72445102 ], [ -61.68552936, 6.72422287 ], [ -61.68456232, 6.72389469 ], [ -61.68367625, 6.72373858 ], [ -61.6825821, 6.72357288 ], [ -61.68192848, 6.72350431 ], [ -61.68134324, 6.72344289 ], [ -61.67994986, 6.72355678 ], [ -61.67847473, 6.72379693 ], [ -61.67747842, 6.72425547 ], [ -61.67671717, 6.72478701 ], [ -61.67591014, 6.72549924 ], [ -61.67564674, 6.72588742 ], [ -61.67529316, 6.72619397 ], [ -61.67484034, 6.72640072 ], [ -61.67452336, 6.72651741 ], [ -61.67426957, 6.72672478 ], [ -61.67398818, 6.72705856 ], [ -61.67335334, 6.72768086 ], [ -61.67264652, 6.72813111 ], [ -61.67199421, 6.72851823 ], [ -61.67145021, 6.728978 ], [ -61.67103292, 6.72939288 ], [ -61.67065204, 6.72974449 ], [ -61.67025344, 6.7299605 ], [ -61.66966509, 6.73010358 ], [ -61.66921262, 6.73014756 ], [ -61.66854317, 6.73019098 ], [ -61.66796387, 6.73033416 ], [ -61.66740242, 6.73054057 ], [ -61.66678686, 6.73070165 ], [ -61.66590935, 6.73072639 ], [ -61.66541208, 6.73062559 ], [ -61.66477969, 6.73031644 ], [ -61.6641028, 6.7297538 ], [ -61.66348965, 6.7290287 ], [ -61.66291212, 6.72852067 ], [ -61.66218042, 6.72814786 ], [ -61.66127638, 6.72796455 ], [ -61.66009179, 6.72781663 ], [ -61.65956706, 6.7278333 ], [ -61.6592953, 6.7279682 ], [ -61.65901438, 6.7281573 ], [ -61.65849849, 6.72824641 ], [ -61.65815496, 6.72817311 ], [ -61.65766707, 6.72797276 ], [ -61.65678987, 6.72787091 ], [ -61.6565096, 6.72783397 ], [ -61.65620238, 6.72771557 ], [ -61.65577758, 6.72756966 ], [ -61.65546061, 6.72771356 ], [ -61.65526981, 6.72800236 ], [ -61.65504203, 6.7285986 ], [ -61.6546335, 6.72913103 ], [ -61.65397204, 6.72955428 ], [ -61.65343768, 6.72978798 ], [ -61.65295801, 6.72986804 ], [ -61.6524876, 6.72987581 ], [ -61.65199935, 6.72978404 ], [ -61.65106858, 6.72945589 ], [ -61.65052675, 6.72911973 ], [ -61.64996697, 6.72872938 ], [ -61.6496692, 6.72845722 ], [ -61.64949802, 6.72820358 ], [ -61.64932693, 6.72792272 ], [ -61.64911968, 6.72764185 ], [ -61.6488581, 6.72736073 ], [ -61.64857885, 6.72694396 ], [ -61.64843508, 6.72659999 ], [ -61.64840996, 6.72586731 ], [ -61.64847412, 6.72556912 ], [ -61.64890041, 6.72513619 ], [ -61.64935355, 6.72483897 ], [ -61.64967985, 6.7245867 ], [ -61.64988871, 6.72432496 ], [ -61.64995346, 6.72377351 ], [ -61.6498911, 6.72344782 ], [ -61.64961248, 6.72277777 ], [ -61.64943255, 6.72243367 ], [ -61.64942503, 6.72189106 ], [ -61.64945283, 6.72161977 ], [ -61.64943618, 6.72111328 ], [ -61.64922064, 6.72054298 ], [ -61.64884218, 6.72001741 ], [ -61.64827359, 6.71953653 ], [ -61.64791254, 6.71928236 ], [ -61.64766885, 6.71906458 ], [ -61.64725374, 6.71871082 ], [ -61.64680238, 6.71839302 ], [ -61.64616107, 6.7180566 ], [ -61.64536588, 6.71773794 ], [ -61.64470624, 6.71750092 ], [ -61.64434469, 6.71740954 ], [ -61.64368424, 6.71743482 ], [ -61.64332237, 6.71747 ], [ -61.64296967, 6.7174238 ], [ -61.64267159, 6.71726927 ], [ -61.64217533, 6.71684284 ], [ -61.64142686, 6.71600881 ], [ -61.64087697, 6.71531088 ], [ -61.64038975, 6.71487546 ], [ -61.64002842, 6.71468457 ], [ -61.63964889, 6.71455693 ], [ -61.63925123, 6.71442924 ], [ -61.63878148, 6.71420179 ], [ -61.63798684, 6.71372029 ], [ -61.63731831, 6.71342006 ], [ -61.63678523, 6.71319243 ], [ -61.63627037, 6.71293784 ], [ -61.63568335, 6.71258349 ], [ -61.63503301, 6.71225607 ], [ -61.63445472, 6.71203745 ], [ -61.6338851, 6.71195451 ], [ -61.63308894, 6.71202462 ], [ -61.63247297, 6.71232139 ], [ -61.63185678, 6.71271751 ], [ -61.63138436, 6.71344875 ], [ -61.63060231, 6.71493874 ], [ -61.62982905, 6.71652823 ], [ -61.62955542, 6.71734134 ], [ -61.62919154, 6.71807288 ], [ -61.628991, 6.71861493 ], [ -61.62886281, 6.71916619 ], [ -61.62864457, 6.71959054 ], [ -61.62786449, 6.72035711 ], [ -61.62733857, 6.7207988 ], [ -61.62677643, 6.7212946 ], [ -61.62613281, 6.72179021 ], [ -61.62529001, 6.72233948 ], [ -61.62451099, 6.72272607 ], [ -61.62396749, 6.72300494 ], [ -61.6235419, 6.72314841 ], [ -61.62312576, 6.72317439 ], [ -61.62269152, 6.72319125 ], [ -61.62198601, 6.72316215 ], [ -61.62142508, 6.72321481 ], [ -61.62049278, 6.72342928 ], [ -61.61985896, 6.72363547 ], [ -61.61955136, 6.72365266 ], [ -61.61898197, 6.72347928 ], [ -61.6187565, 6.72326155 ], [ -61.61863165, 6.72261914 ], [ -61.61847025, 6.72211227 ], [ -61.61829043, 6.72173201 ], [ -61.61792019, 6.72151386 ], [ -61.61742288, 6.72144012 ], [ -61.61688019, 6.72142955 ], [ -61.61600254, 6.72150843 ], [ -61.61463606, 6.72172167 ], [ -61.61379454, 6.72181877 ], [ -61.61334223, 6.72181748 ], [ -61.61296279, 6.72166261 ], [ -61.61249335, 6.72132674 ], [ -61.61217803, 6.72089174 ], [ -61.6118625, 6.72052006 ], [ -61.61154645, 6.72032025 ], [ -61.61106754, 6.7201471 ], [ -61.61067894, 6.72002835 ], [ -61.61028173, 6.71974692 ], [ -61.61005652, 6.71941166 ], [ -61.60958723, 6.71902143 ], [ -61.60914965, 6.71876527 ], [ -61.61067602, 6.71660998 ], [ -61.60863801, 6.715184 ], [ -61.60526699, 6.71379799 ], [ -61.60251901, 6.712281 ], [ -61.59932399, 6.711651 ], [ -61.59719498, 6.710668 ], [ -61.593998, 6.71083699 ], [ -61.59053199, 6.71198101 ], [ -61.587512, 6.712061 ], [ -61.58440799, 6.71063099 ], [ -61.58148302, 6.70884699 ], [ -61.57962101, 6.707865 ], [ -61.57651099, 6.70874399 ], [ -61.57429202, 6.70829399 ], [ -61.57189901, 6.706689 ], [ -61.57075401, 6.70357799 ], [ -61.56898501, 6.701265 ], [ -61.566502, 6.70001501 ], [ -61.564995, 6.69929999 ], [ -61.561797, 6.69964601 ], [ -61.55851199, 6.69945901 ], [ -61.55531698, 6.699095 ], [ -61.553096, 6.69935401 ], [ -61.552026, 6.70094899 ], [ -61.55170103, 6.70169016 ], [ -61.551132, 6.702988 ], [ -61.54970901, 6.70369402 ], [ -61.54942067, 6.70386581 ], [ -61.54748499, 6.705019 ], [ -61.54428502, 6.70634101 ], [ -61.54233001, 6.70669101 ], [ -61.54117, 6.70855199 ], [ -61.54079723, 6.70926319 ], [ -61.54000901, 6.71076699 ], [ -61.539205, 6.71245201 ], [ -61.53751602, 6.71315701 ], [ -61.536708, 6.716084 ], [ -61.53447598, 6.72016099 ], [ -61.53340102, 6.72326501 ], [ -61.53200609, 6.72437384 ], [ -61.53162098, 6.72467999 ], [ -61.529128, 6.72662598 ], [ -61.52664001, 6.72732801 ], [ -61.52370901, 6.727586 ], [ -61.520071, 6.72659802 ], [ -61.51687399, 6.72685502 ], [ -61.514209, 6.72711299 ], [ -61.51127502, 6.72825801 ], [ -61.50789401, 6.73055599 ], [ -61.50637945, 6.73341053 ], [ -61.50610701, 6.73392399 ], [ -61.504591, 6.73622701 ], [ -61.50325747, 6.73726363 ], [ -61.50254301, 6.737819 ], [ -61.49934298, 6.73905201 ], [ -61.49569999, 6.73966199 ], [ -61.493833, 6.74054399 ], [ -61.49169599, 6.742136 ], [ -61.48938302, 6.74363799 ], [ -61.48733502, 6.74531801 ], [ -61.48377301, 6.74868 ], [ -61.48175447, 6.75100431 ], [ -61.47985199, 6.75319499 ], [ -61.476997, 6.75726999 ], [ -61.47582998, 6.76117201 ], [ -61.47483299, 6.76782699 ], [ -61.47455199, 6.77244201 ], [ -61.47631298, 6.77715301 ], [ -61.47869801, 6.781244 ], [ -61.48064499, 6.78337998 ], [ -61.482242, 6.78382901 ], [ -61.48322102, 6.78329998 ], [ -61.48447101, 6.781084 ], [ -61.48713901, 6.78002699 ], [ -61.49095602, 6.78030501 ], [ -61.49379502, 6.78129101 ], [ -61.49565499, 6.782894 ], [ -61.49627099, 6.78476099 ], [ -61.496437, 6.78848899 ], [ -61.49526702, 6.79363498 ], [ -61.49436701, 6.79718298 ], [ -61.49231599, 6.80010599 ], [ -61.49026301, 6.80329501 ], [ -61.48901301, 6.80542199 ], [ -61.48804662, 6.80574088 ], [ -61.48741298, 6.80594999 ], [ -61.48315001, 6.80602501 ], [ -61.47915199, 6.80636698 ], [ -61.47524302, 6.80671002 ], [ -61.47213501, 6.8067 ], [ -61.46982301, 6.80740299 ], [ -61.46778, 6.80757399 ], [ -61.46609599, 6.80659302 ], [ -61.46565701, 6.80490499 ], [ -61.46504, 6.80357102 ], [ -61.46397901, 6.80197 ], [ -61.46078598, 6.80071701 ], [ -61.456796, 6.79883999 ], [ -61.45369399, 6.79687702 ], [ -61.44987801, 6.79571101 ], [ -61.44534901, 6.795874 ], [ -61.44232799, 6.79630801 ], [ -61.439038, 6.79762901 ], [ -61.43699199, 6.79850999 ], [ -61.43246199, 6.79885 ], [ -61.42784302, 6.799102 ], [ -61.42331601, 6.798466 ], [ -61.417015, 6.79711401 ], [ -61.409558, 6.79637901 ], [ -61.40627299, 6.79592401 ], [ -61.403161, 6.797068 ], [ -61.40126416, 6.79944969 ], [ -61.400129, 6.800875 ], [ -61.39896801, 6.80300202 ], [ -61.39763099, 6.80432902 ], [ -61.39505199, 6.80547401 ], [ -61.39290699, 6.80646899 ], [ -61.38953701, 6.80803 ], [ -61.38844464, 6.80947638 ], [ -61.38766402, 6.81050998 ], [ -61.38642144, 6.81127963 ] ] ] } }
]
}
